2026-04-21 23:22:23,612 [INFO] Activator:176 - 


2026-04-21 23:22:23,615 [INFO] Activator:177 - !SESSION log4j initialized
2026-04-21 23:22:24,837 [INFO] ApplicationProperties:184 - Using Application install path: /opt/st/stm32cubeide_1.19.0/plugins/com.st.stm32cube.common.mx_6.15.0.202507011659
2026-04-21 23:22:24,848 [INFO] DbMcusXml:78 - Set database path to: /opt/st/stm32cubeide_1.19.0/plugins/com.st.stm32cube.common.mx_6.15.0.202507011659//db//mcu/
2026-04-21 23:22:24,848 [INFO] ApiDb:274 - Set plugin database path to: /opt/st/stm32cubeide_1.19.0/plugins/com.st.stm32cube.common.mx_6.15.0.202507011659//db//plugins/boardmanager/
2026-04-21 23:22:24,848 [WARN] ApiDb:259 - Overriding images path with different value:  => /opt/st/stm32cubeide_1.19.0/plugins/com.st.stm32cube.common.mx_6.15.0.202507011659//db//plugins/mcufinder/images/
2026-04-21 23:22:24,852 [INFO] ApiDb:250 - Set database path to: /home/kamil/.stmcufinder/plugins/mcufinder//mcu/
2026-04-21 23:22:24,853 [INFO] DbMcusAds:125 - Set database path to: /home/kamil/.stmcufinder/plugins/mcufinder//mcu/
2026-04-21 23:22:25,108 [INFO] CrossReferenceDbSqlite:203 - Set database path to: /home/kamil/.stmcufinder/plugins/mcufinder//mcu/cs/
2026-04-21 23:22:25,176 [INFO] RulesReader:64 - Compatibility file has been processed (317 Rules)
2026-04-21 23:22:25,226 [INFO] DbMcusXml:78 - Set database path to: /opt/st/stm32cubeide_1.19.0/plugins/com.st.stm32cube.common.mx_6.15.0.202507011659//db//mcu/
2026-04-21 23:22:25,227 [INFO] ApiDb:274 - Set plugin database path to: /opt/st/stm32cubeide_1.19.0/plugins/com.st.stm32cube.common.mx_6.15.0.202507011659//db//plugins/boardmanager/
2026-04-21 23:22:25,227 [INFO] ApiDb:261 - Set plugin images path to: /opt/st/stm32cubeide_1.19.0/plugins/com.st.stm32cube.common.mx_6.15.0.202507011659//db//plugins/mcufinder/images/
2026-04-21 23:22:25,227 [WARN] DbFile:41 - Overriding database path with different value: /home/kamil/.stmcufinder/plugins/mcufinder/ => /home/kamil/.stmcufinder/plugins/mcufinder
2026-04-21 23:22:25,227 [INFO] ApiDb:250 - Set database path to: /home/kamil/.stmcufinder/plugins/mcufinder//mcu/
2026-04-21 23:22:25,227 [WARN] DbFile:41 - Overriding database path with different value: /home/kamil/.stmcufinder/plugins/mcufinder/ => /home/kamil/.stmcufinder/plugins/mcufinder
2026-04-21 23:22:25,227 [INFO] DbMcusAds:125 - Set database path to: /home/kamil/.stmcufinder/plugins/mcufinder//mcu/
2026-04-21 23:22:25,227 [WARN] DbFile:41 - Overriding database path with different value: /home/kamil/.stmcufinder/plugins/mcufinder/ => /home/kamil/.stmcufinder/plugins/mcufinder
2026-04-21 23:22:25,227 [WARN] DbFile:41 - Overriding database path with different value: /home/kamil/.stmcufinder/plugins/mcufinder/ => /home/kamil/.stmcufinder/plugins/mcufinder
2026-04-21 23:22:25,227 [INFO] CrossReferenceDbSqlite:203 - Set database path to: /home/kamil/.stmcufinder/plugins/mcufinder//mcu/cs/
2026-04-21 23:22:25,271 [INFO] MainPanel:274 - HeapMemory: 268435456
2026-04-21 23:22:25,349 [INFO] DbMcusXml:78 - Set database path to: /opt/st/stm32cubeide_1.19.0/plugins/com.st.stm32cube.common.mx_6.15.0.202507011659//db//mcu/
2026-04-21 23:22:25,349 [INFO] ApiDb:274 - Set plugin database path to: /opt/st/stm32cubeide_1.19.0/plugins/com.st.stm32cube.common.mx_6.15.0.202507011659//db//plugins/boardmanager/
2026-04-21 23:22:25,349 [INFO] ApiDb:261 - Set plugin images path to: /opt/st/stm32cubeide_1.19.0/plugins/com.st.stm32cube.common.mx_6.15.0.202507011659//db//plugins/mcufinder/images/
2026-04-21 23:22:25,349 [WARN] DbFile:41 - Overriding database path with different value: /home/kamil/.stmcufinder/plugins/mcufinder/ => /home/kamil/.stmcufinder/plugins/mcufinder
2026-04-21 23:22:25,349 [INFO] ApiDb:250 - Set database path to: /home/kamil/.stmcufinder/plugins/mcufinder//mcu/
2026-04-21 23:22:25,349 [WARN] DbFile:41 - Overriding database path with different value: /home/kamil/.stmcufinder/plugins/mcufinder/ => /home/kamil/.stmcufinder/plugins/mcufinder
2026-04-21 23:22:25,349 [INFO] DbMcusAds:125 - Set database path to: /home/kamil/.stmcufinder/plugins/mcufinder//mcu/
2026-04-21 23:22:25,350 [WARN] DbFile:41 - Overriding database path with different value: /home/kamil/.stmcufinder/plugins/mcufinder/ => /home/kamil/.stmcufinder/plugins/mcufinder
2026-04-21 23:22:25,350 [WARN] DbFile:41 - Overriding database path with different value: /home/kamil/.stmcufinder/plugins/mcufinder/ => /home/kamil/.stmcufinder/plugins/mcufinder
2026-04-21 23:22:25,350 [INFO] CrossReferenceDbSqlite:203 - Set database path to: /home/kamil/.stmcufinder/plugins/mcufinder//mcu/cs/
2026-04-21 23:22:25,358 [INFO] ApplicationProperties:184 - Using Application install path: /opt/st/stm32cubeide_1.19.0/plugins/com.st.stm32cube.common.mx_6.15.0.202507011659
2026-04-21 23:22:25,359 [INFO] PluginManage:196 - Search for loadable plugins [exclusion list=, ]
2026-04-21 23:22:25,360 [INFO] PluginManage:310 - Check plugin analytics
2026-04-21 23:22:25,524 [INFO] AnalyticsPlugin:253 - Accepted Software Licenses: 
2026-04-21 23:22:25,525 [INFO] AnalyticsPlugin:255 - Accepted CMSIS Pack Licenses: 
2026-04-21 23:22:25,525 [INFO] AnalyticsPlugin:257 - Accepted Firmware Licenses: FW.F4.1.28.0
2026-04-21 23:22:25,526 [INFO] PluginManage:359 - Loaded plugin analytics (category:tool,tabindex:-1)
2026-04-21 23:22:25,526 [INFO] PluginManage:310 - Check plugin cadmodel
2026-04-21 23:22:25,530 [INFO] CADModel:105 - Init CAD model plugin
2026-04-21 23:22:25,531 [INFO] PluginManage:359 - Loaded plugin cadmodel (category:power,tabindex:5)
2026-04-21 23:22:25,531 [INFO] PluginManage:310 - Check plugin clock
2026-04-21 23:22:25,538 [INFO] PluginManage:359 - Loaded plugin clock (category:base,tabindex:2)
2026-04-21 23:22:25,538 [INFO] PluginManage:310 - Check plugin ddr
2026-04-21 23:22:25,540 [INFO] PluginManage:359 - Loaded plugin ddr (category:tool,tabindex:6)
2026-04-21 23:22:25,540 [INFO] PluginManage:310 - Check plugin filemanager
2026-04-21 23:22:25,645 [INFO] PluginManage:359 - Loaded plugin filemanager (category:base,tabindex:10)
2026-04-21 23:22:25,645 [INFO] PluginManage:310 - Check plugin ipmanager
2026-04-21 23:22:25,649 [INFO] PluginManage:359 - Loaded plugin ipmanager (category:base,tabindex:5)
2026-04-21 23:22:25,649 [INFO] PluginManage:310 - Check plugin lpbam
2026-04-21 23:22:25,656 [INFO] PluginManage:359 - Loaded plugin lpbam (category:base,tabindex:0)
2026-04-21 23:22:25,656 [INFO] PluginManage:310 - Check plugin memorymap
2026-04-21 23:22:25,663 [INFO] PluginManage:359 - Loaded plugin memorymap (category:base,tabindex:4)
2026-04-21 23:22:25,663 [INFO] PluginManage:310 - Check plugin pinoutandconfiguration
2026-04-21 23:22:25,669 [INFO] PluginManage:359 - Loaded plugin pinoutandconfiguration (category:base,tabindex:1)
2026-04-21 23:22:25,669 [INFO] PluginManage:310 - Check plugin pinoutconfig
2026-04-21 23:22:25,721 [WARN] SupportedApi:132 - Cannot load RTOS API schema: s4s-elt-must-match.1: The content of 'definitions' must match (annotation?, (simpleType | complexType)?, (unique | key | keyref)*)). A problem was found starting at: attribute.
2026-04-21 23:22:25,786 [INFO] PluginManage:359 - Loaded plugin pinoutconfig (category:base,tabindex:0)
2026-04-21 23:22:25,786 [INFO] PluginManage:310 - Check plugin power
2026-04-21 23:22:25,791 [INFO] PluginManage:359 - Loaded plugin power (category:power,tabindex:4)
2026-04-21 23:22:25,792 [INFO] PluginManage:310 - Check plugin projectmanager
2026-04-21 23:22:25,801 [INFO] PluginManage:359 - Loaded plugin projectmanager (category:projectmanager,tabindex:4)
2026-04-21 23:22:25,801 [INFO] PluginManage:310 - Check plugin rif
2026-04-21 23:22:25,806 [INFO] PluginManage:359 - Loaded plugin rif (category:base,tabindex:3)
2026-04-21 23:22:25,806 [INFO] PluginManage:310 - Check plugin thirdparty
2026-04-21 23:22:25,873 [INFO] PluginManage:359 - Loaded plugin thirdparty (category:base,tabindex:-1)
2026-04-21 23:22:25,873 [INFO] PluginManage:310 - Check plugin tools
2026-04-21 23:22:25,873 [WARN] IntegrityCheckThread:84 - waiting for thirdparty lock release [integrity check]
2026-04-21 23:22:25,873 [INFO] IntegrityCheckThread:86 - entering critical section [integrity check]
2026-04-21 23:22:25,873 [INFO] ThirdPartyUpdaterWithRetryManager:70 - Updater plugin not ready yet. [1/15]
2026-04-21 23:22:25,875 [INFO] PluginManage:359 - Loaded plugin tools (category:base,tabindex:7)
2026-04-21 23:22:25,875 [INFO] PluginManage:310 - Check plugin tutovideos
2026-04-21 23:22:25,972 [INFO] PluginManage:359 - Loaded plugin tutovideos (category:base,tabindex:-1)
2026-04-21 23:22:25,972 [INFO] PluginManage:310 - Check plugin updater
2026-04-21 23:22:25,989 [INFO] PluginManage:359 - Loaded plugin updater (category:base,tabindex:12)
2026-04-21 23:22:25,989 [INFO] PluginManage:310 - Check plugin userauth
2026-04-21 23:22:25,992 [INFO] UserAuth:118 - Init User Auth plugin
2026-04-21 23:22:25,993 [INFO] PluginManage:359 - Loaded plugin userauth (category:base,tabindex:14)
2026-04-21 23:22:25,993 [INFO] PluginManage:283 - PluginManage : Loaded plugins [18]
2026-04-21 23:22:26,130 [INFO] PinOutPanel:1589 - setPackage(No Configuration,No Configuration)
2026-04-21 23:22:26,169 [INFO] CADModel:165 - CPN selected for project level
2026-04-21 23:22:26,169 [INFO] CADModel:114 - Register for checkConnection events
2026-04-21 23:22:26,175 [INFO] IPUIPlugin:80 - create IPUIPlugin
2026-04-21 23:22:26,175 [INFO] PluginManager:220 - loadIPPluginJar : add tracer_emb
2026-04-21 23:22:26,176 [INFO] IPUIPlugin:80 - create IPUIPlugin
2026-04-21 23:22:26,177 [INFO] PluginManager:220 - loadIPPluginJar : add radio
2026-04-21 23:22:26,179 [INFO] IPUIPlugin:80 - create IPUIPlugin
2026-04-21 23:22:26,180 [INFO] PluginManager:220 - loadIPPluginJar : add ddr_ctrl_phy
2026-04-21 23:22:26,183 [INFO] IPUIPlugin:80 - create IPUIPlugin
2026-04-21 23:22:26,183 [INFO] PluginManager:220 - loadIPPluginJar : add mdma
2026-04-21 23:22:26,185 [INFO] IPUIPlugin:80 - create IPUIPlugin
2026-04-21 23:22:26,186 [INFO] PluginManager:220 - loadIPPluginJar : add touchsensing
2026-04-21 23:22:26,186 [INFO] IPUIPlugin:80 - create IPUIPlugin
2026-04-21 23:22:26,186 [INFO] PluginManager:220 - loadIPPluginJar : add ucpd
2026-04-21 23:22:26,190 [INFO] IPUIPlugin:80 - create IPUIPlugin
2026-04-21 23:22:26,192 [INFO] PluginManager:220 - loadIPPluginJar : add plateformsettings
2026-04-21 23:22:26,194 [INFO] IPUIPlugin:80 - create IPUIPlugin
2026-04-21 23:22:26,194 [INFO] PluginManager:220 - loadIPPluginJar : add ipddr
2026-04-21 23:22:26,198 [INFO] IPUIPlugin:80 - create IPUIPlugin
2026-04-21 23:22:26,198 [INFO] PluginManager:220 - loadIPPluginJar : add resmgrutility
2026-04-21 23:22:26,199 [INFO] IPUIPlugin:80 - create IPUIPlugin
2026-04-21 23:22:26,199 [INFO] PluginManager:220 - loadIPPluginJar : add ts
2026-04-21 23:22:26,201 [INFO] IPUIPlugin:80 - create IPUIPlugin
2026-04-21 23:22:26,201 [INFO] PluginManager:220 - loadIPPluginJar : add dma3
2026-04-21 23:22:26,203 [INFO] IPUIPlugin:80 - create IPUIPlugin
2026-04-21 23:22:26,203 [INFO] PluginManager:220 - loadIPPluginJar : add openamp
2026-04-21 23:22:26,205 [INFO] IPUIPlugin:80 - create IPUIPlugin
2026-04-21 23:22:26,205 [INFO] PluginManager:220 - loadIPPluginJar : add opamp
2026-04-21 23:22:26,206 [INFO] IPUIPlugin:80 - create IPUIPlugin
2026-04-21 23:22:26,206 [INFO] PluginManager:220 - loadIPPluginJar : add pdm2pcm
2026-04-21 23:22:26,208 [INFO] IPUIPlugin:80 - create IPUIPlugin
2026-04-21 23:22:26,208 [INFO] PluginManager:220 - loadIPPluginJar : add gfxmmu
2026-04-21 23:22:26,209 [INFO] IPUIPlugin:80 - create IPUIPlugin
2026-04-21 23:22:26,209 [INFO] PluginManager:220 - loadIPPluginJar : add aes
2026-04-21 23:22:26,211 [INFO] IPUIPlugin:80 - create IPUIPlugin
2026-04-21 23:22:26,211 [INFO] PluginManager:220 - loadIPPluginJar : add gtzc
2026-04-21 23:22:26,213 [INFO] IPUIPlugin:80 - create IPUIPlugin
2026-04-21 23:22:26,213 [INFO] PluginManager:220 - loadIPPluginJar : add sai
2026-04-21 23:22:26,214 [INFO] IPUIPlugin:80 - create IPUIPlugin
2026-04-21 23:22:26,214 [INFO] PluginManager:220 - loadIPPluginJar : add tsc
2026-04-21 23:22:26,215 [INFO] IPUIPlugin:80 - create IPUIPlugin
2026-04-21 23:22:26,215 [INFO] PluginManager:220 - loadIPPluginJar : add usbx
2026-04-21 23:22:26,216 [INFO] IPUIPlugin:80 - create IPUIPlugin
2026-04-21 23:22:26,216 [INFO] PluginManager:220 - loadIPPluginJar : add can
2026-04-21 23:22:26,217 [INFO] IPUIPlugin:80 - create IPUIPlugin
2026-04-21 23:22:26,217 [INFO] PluginManager:220 - loadIPPluginJar : add i2c
2026-04-21 23:22:26,218 [INFO] IPUIPlugin:80 - create IPUIPlugin
2026-04-21 23:22:26,218 [INFO] PluginManager:220 - loadIPPluginJar : add lorawan
2026-04-21 23:22:26,219 [INFO] IPUIPlugin:80 - create IPUIPlugin
2026-04-21 23:22:26,220 [INFO] PluginManager:220 - loadIPPluginJar : add spi
2026-04-21 23:22:26,223 [INFO] IPUIPlugin:80 - create IPUIPlugin
2026-04-21 23:22:26,223 [INFO] PluginManager:220 - loadIPPluginJar : add linkedlist
2026-04-21 23:22:26,226 [INFO] IPUIPlugin:80 - create IPUIPlugin
2026-04-21 23:22:26,226 [INFO] PluginManager:220 - loadIPPluginJar : add fmc
2026-04-21 23:22:26,227 [INFO] IPUIPlugin:80 - create IPUIPlugin
2026-04-21 23:22:26,227 [INFO] PluginManager:220 - loadIPPluginJar : add i3c
2026-04-21 23:22:26,227 [INFO] IPUIPlugin:80 - create IPUIPlugin
2026-04-21 23:22:26,227 [INFO] PluginManager:220 - loadIPPluginJar : add ltdc
2026-04-21 23:22:26,230 [INFO] IPUIPlugin:80 - create IPUIPlugin
2026-04-21 23:22:26,230 [INFO] PluginManager:220 - loadIPPluginJar : add dma
2026-04-21 23:22:26,234 [INFO] IPUIPlugin:80 - create IPUIPlugin
2026-04-21 23:22:26,234 [INFO] PluginManager:220 - loadIPPluginJar : add freertos
2026-04-21 23:22:26,236 [INFO] IPUIPlugin:80 - create IPUIPlugin
2026-04-21 23:22:26,236 [INFO] PluginManager:220 - loadIPPluginJar : add hash
2026-04-21 23:22:26,239 [INFO] IPUIPlugin:80 - create IPUIPlugin
2026-04-21 23:22:26,239 [INFO] PluginManager:220 - loadIPPluginJar : add adc
2026-04-21 23:22:26,240 [INFO] IPUIPlugin:80 - create IPUIPlugin
2026-04-21 23:22:26,241 [INFO] PluginManager:220 - loadIPPluginJar : add usart
2026-04-21 23:22:26,244 [INFO] IPUIPlugin:80 - create IPUIPlugin
2026-04-21 23:22:26,244 [INFO] PluginManager:220 - loadIPPluginJar : add stm32_wpan
2026-04-21 23:22:26,245 [INFO] IPUIPlugin:80 - create IPUIPlugin
2026-04-21 23:22:26,245 [INFO] PluginManager:220 - loadIPPluginJar : add genericplugin
2026-04-21 23:22:26,248 [INFO] IPUIPlugin:80 - create IPUIPlugin
2026-04-21 23:22:26,248 [INFO] PluginManager:220 - loadIPPluginJar : add gpio
2026-04-21 23:22:26,250 [INFO] IPUIPlugin:80 - create IPUIPlugin
2026-04-21 23:22:26,251 [INFO] PluginManager:220 - loadIPPluginJar : add nvic
2026-04-21 23:22:26,252 [INFO] IPUIPlugin:80 - create IPUIPlugin
2026-04-21 23:22:26,252 [INFO] PluginManager:220 - loadIPPluginJar : add dfsdm
2026-04-21 23:22:26,254 [INFO] IPUIPlugin:80 - create IPUIPlugin
2026-04-21 23:22:26,254 [INFO] PluginManager:220 - loadIPPluginJar : add fatfs
2026-04-21 23:22:26,255 [INFO] IPUIPlugin:80 - create IPUIPlugin
2026-04-21 23:22:26,255 [INFO] PluginManager:220 - loadIPPluginJar : add comp
2026-04-21 23:22:26,256 [INFO] IPUIPlugin:80 - create IPUIPlugin
2026-04-21 23:22:26,256 [INFO] PluginManager:220 - loadIPPluginJar : add i2s
2026-04-21 23:22:26,258 [INFO] IPUIPlugin:80 - create IPUIPlugin
2026-04-21 23:22:26,258 [INFO] PluginManager:220 - loadIPPluginJar : add cryp
2026-04-21 23:22:26,258 [INFO] IPUIPlugin:80 - create IPUIPlugin
2026-04-21 23:22:26,258 [INFO] PluginManager:220 - loadIPPluginJar : add quadspi
2026-04-21 23:22:26,262 [INFO] IPUIPlugin:80 - create IPUIPlugin
2026-04-21 23:22:26,262 [INFO] PluginManager:220 - loadIPPluginJar : add gic
2026-04-21 23:22:26,263 [INFO] IPUIPlugin:80 - create IPUIPlugin
2026-04-21 23:22:26,263 [INFO] PluginManager:220 - loadIPPluginJar : add tim
2026-04-21 23:22:26,265 [INFO] IPUIPlugin:80 - create IPUIPlugin
2026-04-21 23:22:26,265 [INFO] PluginManager:220 - loadIPPluginJar : add extmemmanager
2026-04-21 23:22:26,361 [FATAL] Updater:351 - Updater called before beeing initialized
2026-04-21 23:22:26,380 [INFO] RulesReader:64 - Compatibility file has been processed (317 Rules)
2026-04-21 23:22:26,389 [INFO] RulesReader:64 - Compatibility file has been processed (317 Rules)
2026-04-21 23:22:26,394 [INFO] CADModel:165 - CPN selected for project level
2026-04-21 23:22:26,394 [INFO] CADModel:114 - Register for checkConnection events
2026-04-21 23:22:26,394 [FATAL] Updater:351 - Updater called before beeing initialized
2026-04-21 23:22:26,394 [ERROR] CADModel:125 - Updater not yet initialized, retry later 
2026-04-21 23:22:26,474 [FATAL] Updater:351 - Updater called before beeing initialized
2026-04-21 23:22:26,475 [INFO] CADModel:165 - CPN selected for project level
2026-04-21 23:22:26,475 [INFO] CADModel:114 - Register for checkConnection events
2026-04-21 23:22:26,475 [FATAL] Updater:351 - Updater called before beeing initialized
2026-04-21 23:22:26,475 [ERROR] CADModel:125 - Updater not yet initialized, retry later 
2026-04-21 23:22:26,477 [FATAL] Updater:351 - Updater called before beeing initialized
2026-04-21 23:22:26,529 [FATAL] Updater:351 - Updater called before beeing initialized
2026-04-21 23:22:26,533 [INFO] DbMcusAds:53 - JSON generation date=Wed Feb 18 15:32:49 CET 2026 (1771425169371)
2026-04-21 23:22:26,533 [FATAL] Updater:351 - Updater called before beeing initialized
2026-04-21 23:22:26,554 [WARN] DetailPanel:346 - Failed to get advertising image, set to default
2026-04-21 23:22:26,604 [FATAL] Updater:351 - Updater called before beeing initialized
2026-04-21 23:22:26,606 [FATAL] Updater:351 - Updater called before beeing initialized
2026-04-21 23:22:26,606 [FATAL] Updater:351 - Updater called before beeing initialized
2026-04-21 23:22:26,606 [WARN] DetailPanel:346 - Failed to get advertising image, set to default
2026-04-21 23:22:26,606 [FATAL] Updater:351 - Updater called before beeing initialized
2026-04-21 23:22:26,625 [ERROR] Updater:1198 - MainUpdater not yet initialized. External WinMGr cannot be set.
2026-04-21 23:22:26,626 [INFO] Updater:1134 - Updater Version found : 6.15.0
2026-04-21 23:22:26,637 [INFO] ApplicationProperties:184 - Using Application install path: /opt/st/stm32cubeide_1.19.0/plugins/com.st.stm32cube.common.mx_6.15.0.202507011659
2026-04-21 23:22:26,895 [INFO] MainUpdater:2872 - connection check result : 10
2026-04-21 23:22:26,896 [INFO] MainUpdater:289 - Updater Check For Update Now.
2026-04-21 23:22:26,896 [INFO] MicroXplorer:498 - Change Database Version : DB.6.0.150
2026-04-21 23:22:27,041 [INFO] CheckServerUpdateThread:120 - End of CheckServer Thread
2026-04-21 23:22:27,107 [INFO] MainUpdater:2872 - connection check result : 10
2026-04-21 23:22:27,111 [INFO] MainUpdater:2872 - connection check result : 10
2026-04-21 23:22:28,978 [WARN] PackLoader:240 - Cannot read IP mode file for STMicroelectronics.X-CUBE-AZRTOS-H7.3.5.0
2026-04-21 23:22:28,984 [WARN] PackLoader:240 - Cannot read IP mode file for STMicroelectronics.FP-SNS-MOTENVWB1.1.4.0
2026-04-21 23:22:28,987 [WARN] PackLoader:240 - Cannot read IP mode file for STMicroelectronics.FP-ATR-ASTRA1.2.0.2
2026-04-21 23:22:28,990 [WARN] PackLoader:240 - Cannot read IP mode file for STMicroelectronics.X-CUBE-SMBUS.2.1.0
2026-04-21 23:22:28,993 [WARN] PackLoader:240 - Cannot read IP mode file for STMicroelectronics.X-CUBE-ST60.1.0.0
2026-04-21 23:22:29,008 [WARN] PackLoader:240 - Cannot read IP mode file for STMicroelectronics.X-CUBE-AZRTOS-F7.1.1.0
2026-04-21 23:22:29,013 [WARN] PackLoader:240 - Cannot read IP mode file for Cesanta.I-CUBE-Mongoose.7.19.0
2026-04-21 23:22:29,016 [WARN] PackLoader:240 - Cannot read IP mode file for STMicroelectronics.FP-SNS-MOTENV1.5.1.0
2026-04-21 23:22:29,023 [WARN] PackLoader:240 - Cannot read IP mode file for WES.I-CUBE-Cesium.1.4.0
2026-04-21 23:22:29,038 [WARN] PackLoader:240 - Cannot read IP mode file for Infineon.AIROC-Wi-Fi-Bluetooth-STM32.1.7.1
2026-04-21 23:22:29,059 [WARN] PackLoader:240 - Cannot read IP mode file for STMicroelectronics.X-CUBE-AZRTOS-H7.3.4.0
2026-04-21 23:22:29,064 [WARN] PackLoader:240 - Cannot read IP mode file for STMicroelectronics.X-CUBE-DISPLAY.3.0.0
2026-04-21 23:22:29,069 [WARN] PackLoader:240 - Cannot read IP mode file for STMicroelectronics.FP-SNS-MOTENVWB1.1.5.0
2026-04-21 23:22:29,072 [WARN] PackLoader:240 - Cannot read IP mode file for STMicroelectronics.X-CUBE-NFC10.1.0.0
2026-04-21 23:22:29,075 [WARN] PackLoader:240 - Cannot read IP mode file for STMicroelectronics.X-CUBE-ST60.1.1.0
2026-04-21 23:22:29,078 [WARN] PackLoader:240 - Cannot read IP mode file for emotas.I-CUBE-CANOPEN.1.3.0
2026-04-21 23:22:29,080 [WARN] PackLoader:240 - Cannot read IP mode file for STMicroelectronics.X-CUBE-GNSS1.7.1.0
2026-04-21 23:22:29,083 [WARN] PackLoader:240 - Cannot read IP mode file for STMicroelectronics.FP-SNS-SMARTAG2.1.2.0
2026-04-21 23:22:29,085 [WARN] PackLoader:240 - Cannot read IP mode file for STMicroelectronics.FP-SNS-FLIGHT1.5.1.0
2026-04-21 23:22:29,089 [INFO] LogOutputStream:77 - [STDOUT_REDIRECT] 1 : Invalid condition id : UX_CORESTACK_Condition cause : null
2026-04-21 23:22:29,089 [INFO] LogOutputStream:77 - [STDOUT_REDIRECT] 1 : Invalid condition id : UX_CORESTACK_Condition cause : null
2026-04-21 23:22:29,089 [INFO] LogOutputStream:77 - [STDOUT_REDIRECT] 1 : Invalid condition id : UX_CORESTACK_Condition cause : null
2026-04-21 23:22:29,089 [INFO] LogOutputStream:77 - [STDOUT_REDIRECT] 1 : Invalid condition id : UX_CORESTACK_Condition cause : null
2026-04-21 23:22:29,089 [INFO] LogOutputStream:77 - [STDOUT_REDIRECT] 1 : Invalid condition id : UX_CORESTACK_Condition cause : null
2026-04-21 23:22:29,090 [WARN] PackLoader:240 - Cannot read IP mode file for STMicroelectronics.X-CUBE-AZRTOS-WL.2.0.0
2026-04-21 23:22:29,093 [WARN] PackLoader:240 - Cannot read IP mode file for STMicroelectronics.FP-SNS-MOTENV1.5.0.0
2026-04-21 23:22:29,102 [WARN] PackLoader:240 - Cannot read IP mode file for STMicroelectronics.X-CUBE-AZRTOS-H7RS.1.2.0
2026-04-21 23:22:29,105 [WARN] PackLoader:240 - Cannot read IP mode file for STMicroelectronics.X-CUBE-BLE2.3.3.0
2026-04-21 23:22:29,114 [WARN] PackLoader:240 - Cannot read IP mode file for STMicroelectronics.X-CUBE-NFC9.1.0.0
2026-04-21 23:22:29,117 [WARN] PackLoader:240 - Cannot read IP mode file for wolfSSL.I-CUBE-wolfSSL.5.8.2
2026-04-21 23:22:29,119 [WARN] PackLoader:240 - Cannot read IP mode file for STMicroelectronics.X-CUBE-BLE1.7.1.0
2026-04-21 23:22:29,120 [WARN] PackLoader:240 - Cannot read IP mode file for wolfSSL.I-CUBE-wolfMQTT.1.19.2
2026-04-21 23:22:29,122 [WARN] PackLoader:240 - Cannot read IP mode file for STMicroelectronics.X-CUBE-FREERTOS.1.4.0
2026-04-21 23:22:29,124 [WARN] PackLoader:240 - Cannot read IP mode file for STMicroelectronics.X-CUBE-EEPRMA1.5.2.0
2026-04-21 23:22:29,127 [WARN] PackLoader:240 - Cannot read IP mode file for STMicroelectronics.X-CUBE-ST67W61.1.1.0
2026-04-21 23:22:29,143 [WARN] PackLoader:240 - Cannot read IP mode file for STMicroelectronics.X-CUBE-MEMS1.12.0.0
2026-04-21 23:22:29,193 [WARN] PackLoader:240 - Cannot read IP mode file for STMicroelectronics.X-CUBE-AZRTOS-G0.1.1.0
2026-04-21 23:22:29,196 [WARN] PackLoader:240 - Cannot read IP mode file for STMicroelectronics.X-CUBE-SAFEA1.1.2.2
2026-04-21 23:22:29,199 [WARN] PackLoader:240 - Cannot read IP mode file for STMicroelectronics.X-CUBE-NFC4.3.0.0
2026-04-21 23:22:29,202 [WARN] PackLoader:240 - Cannot read IP mode file for EmbeddedOffice.I-CUBE-FS-RTOS.1.0.1
2026-04-21 23:22:29,204 [WARN] PackLoader:240 - Cannot read IP mode file for STMicroelectronics.X-CUBE-WB05N.2.0.0
2026-04-21 23:22:29,206 [WARN] PackLoader:240 - Cannot read IP mode file for wolfSSL.I-CUBE-wolfTPM.3.8.0
2026-04-21 23:22:29,208 [WARN] PackLoader:240 - Cannot read IP mode file for STMicroelectronics.X-CUBE-TCPP.4.2.0
2026-04-21 23:22:29,210 [WARN] PackLoader:240 - Cannot read IP mode file for RealThread.X-CUBE-RT-Thread_Nano.4.1.1
2026-04-21 23:22:29,212 [WARN] PackLoader:240 - Cannot read IP mode file for STMicroelectronics.FP-ATR-SIGFOX1.3.2.0
2026-04-21 23:22:29,214 [WARN] PackLoader:240 - Cannot read IP mode file for STMicroelectronics.X-CUBE-FREERTOS.1.5.0
2026-04-21 23:22:29,216 [WARN] PackLoader:240 - Cannot read IP mode file for ITTIA_DB.I-CUBE-ITTIADB.8.9.0
2026-04-21 23:22:29,218 [WARN] PackLoader:240 - Cannot read IP mode file for STMicroelectronics.X-CUBE-NFC6.3.2.0
2026-04-21 23:22:29,230 [WARN] PackLoader:240 - Cannot read IP mode file for SEGGER.I-CUBE-embOS.1.3.1
2026-04-21 23:22:29,246 [WARN] PackLoader:240 - Cannot read IP mode file for STMicroelectronics.X-CUBE-ALGOBUILD.1.4.0
2026-04-21 23:22:29,266 [WARN] PackLoader:240 - Cannot read IP mode file for STMicroelectronics.X-CUBE-MEMS1.11.3.0
2026-04-21 23:22:29,327 [WARN] PackLoader:240 - Cannot read IP mode file for STMicroelectronics.X-CUBE-PM33A1.1.0.0
2026-04-21 23:22:29,333 [WARN] PackLoader:240 - Cannot read IP mode file for STMicroelectronics.X-CUBE-AZRTOS-F4.1.1.0
2026-04-21 23:22:29,335 [WARN] PackLoader:240 - Cannot read IP mode file for STMicroelectronics.X-CUBE-ISPU.2.1.0
2026-04-21 23:22:29,340 [WARN] PackLoader:240 - Cannot read IP mode file for STMicroelectronics.X-CUBE-IPS.3.2.0
2026-04-21 23:22:29,343 [WARN] PackLoader:240 - Cannot read IP mode file for STMicroelectronics.eDS-WB_DPC_TT-BIDIR.2.1.1
2026-04-21 23:22:29,346 [WARN] PackLoader:240 - Cannot read IP mode file for STMicroelectronics.X-CUBE-NFC12.1.0.0
2026-04-21 23:22:29,351 [WARN] PackLoader:240 - Cannot read IP mode file for STMicroelectronics.X-CUBE-AZRTOS-L5.2.0.0
2026-04-21 23:22:29,354 [WARN] PackLoader:240 - Cannot read IP mode file for STMicroelectronics.X-CUBE-NFC6.3.1.0
2026-04-21 23:22:29,356 [WARN] PackLoader:240 - Cannot read IP mode file for STMicroelectronics.eDS-WB_DPC_VIENNA.1.2.0
2026-04-21 23:22:29,357 [WARN] PackLoader:240 - Cannot read IP mode file for STMicroelectronics.eDS-WB_DPC_3PH2L-BIDIR.1.1.1
2026-04-21 23:22:29,359 [ERROR] Engine:466 - /home/kamil/.stm32cubemx/thirdparties/pdsc/STMicroelectronics.X-CUBE-ST67W61.1.3.0.pdsc: PDSC version is not supported
2026-04-21 23:22:29,361 [WARN] PackLoader:240 - Cannot read IP mode file for STMicroelectronics.X-CUBE-FREERTOS.1.3.1
2026-04-21 23:22:29,363 [WARN] PackLoader:240 - Cannot read IP mode file for STMicroelectronics.X-CUBE-TOUCHGFX.4.26.0
2026-04-21 23:22:29,364 [WARN] PackLoader:240 - Cannot read IP mode file for STMicroelectronics.X-CUBE-TOUCHGFX.4.26.1
2026-04-21 23:22:29,365 [WARN] PackLoader:240 - Cannot read IP mode file for STMicroelectronics.X-CUBE-DPower.1.3.0
2026-04-21 23:22:29,373 [WARN] ConditionMgr:438 - getConditionDescription Invalid condition id : LAN8742 Phy interface Condition cause : null
2026-04-21 23:22:29,373 [WARN] PackLoader:240 - Cannot read IP mode file for STMicroelectronics.X-CUBE-AZRTOS-L4.2.0.0
2026-04-21 23:22:29,374 [WARN] ConditionMgr:1044 - genDependencies : Invalid condition id : LAN8742 Phy interface Condition cause : null
2026-04-21 23:22:29,374 [WARN] ConditionMgr:1044 - genDependencies : Invalid condition id : LAN8742 Phy interface Condition cause : null
2026-04-21 23:22:29,374 [WARN] ConditionMgr:1044 - genDependencies : Invalid condition id : LAN8742 Phy interface Condition cause : null
2026-04-21 23:22:29,378 [WARN] PackLoader:240 - Cannot read IP mode file for STMicroelectronics.X-CUBE-SFXS2LP1.4.0.0
2026-04-21 23:22:29,381 [WARN] PackLoader:240 - Cannot read IP mode file for STMicroelectronics.X-CUBE-WB05N.2.1.0
2026-04-21 23:22:29,384 [WARN] PackLoader:240 - Cannot read IP mode file for STMicroelectronics.X-CUBE-ST67W61.1.2.0
2026-04-21 23:22:29,389 [WARN] PackLoader:240 - Cannot read IP mode file for STMicroelectronics.X-CUBE-BLEMGR.4.1.0
2026-04-21 23:22:29,396 [WARN] ConditionMgr:438 - getConditionDescription Invalid condition id : UX DEVICE CLASS RTOS Condition cause : null
2026-04-21 23:22:29,396 [WARN] ConditionMgr:438 - getConditionDescription Invalid condition id : UX DEVICE CLASS RTOS Condition cause : null
2026-04-21 23:22:29,397 [WARN] PackLoader:240 - Cannot read IP mode file for STMicroelectronics.X-CUBE-AZRTOS-WB.2.0.0
2026-04-21 23:22:29,397 [WARN] ConditionMgr:1044 - genDependencies : Invalid condition id : UX DEVICE CLASS RTOS Condition cause : null
2026-04-21 23:22:29,398 [WARN] ConditionMgr:1044 - genDependencies : Invalid condition id : UX DEVICE CLASS RTOS Condition cause : null
2026-04-21 23:22:29,398 [WARN] ConditionMgr:1044 - genDependencies : Invalid condition id : UX DEVICE CLASS RTOS Condition cause : null
2026-04-21 23:22:29,398 [WARN] ConditionMgr:1044 - genDependencies : Invalid condition id : UX DEVICE CLASS RTOS Condition cause : null
2026-04-21 23:22:29,398 [WARN] ConditionMgr:1044 - genDependencies : Invalid condition id : UX DEVICE CLASS RTOS Condition cause : null
2026-04-21 23:22:29,401 [WARN] PackLoader:240 - Cannot read IP mode file for STMicroelectronics.X-CUBE-GNSS1.7.0.1
2026-04-21 23:22:29,403 [WARN] ConditionMgr:438 - getConditionDescription Invalid condition id : Cortex-A Device cause : null
2026-04-21 23:22:29,407 [WARN] ConditionMgr:1044 - genDependencies : Invalid condition id : Cortex-A Device cause : null
2026-04-21 23:22:29,407 [WARN] ConditionMgr:1044 - genDependencies : Invalid condition id : Cortex-A Device cause : null
2026-04-21 23:22:29,407 [WARN] ConditionMgr:1044 - genDependencies : Invalid condition id : Cortex-A Device cause : null
2026-04-21 23:22:29,410 [WARN] PackLoader:240 - Cannot read IP mode file for STMicroelectronics.X-CUBE-STSE01.2.0.0
2026-04-21 23:22:29,415 [WARN] PackLoader:240 - Cannot read IP mode file for STMicroelectronics.X-CUBE-SUBG2.5.0.0
2026-04-21 23:22:29,425 [WARN] PackLoader:240 - Cannot read IP mode file for STMicroelectronics.X-CUBE-AZRTOS-H7RS.1.1.0
2026-04-21 23:22:29,433 [WARN] PackLoader:240 - Cannot read IP mode file for STMicroelectronics.X-CUBE-AZRTOS-G4.2.0.0
2026-04-21 23:22:29,436 [WARN] PackLoader:240 - Cannot read IP mode file for wolfSSL.I-CUBE-wolfSSH.1.4.20
2026-04-21 23:22:29,438 [WARN] PackLoader:240 - Cannot read IP mode file for STMicroelectronics.X-CUBE-NFC7.2.0.0
2026-04-21 23:22:29,440 [WARN] PackLoader:240 - Cannot read IP mode file for STMicroelectronics.X-CUBE-ALS.1.0.2
2026-04-21 23:22:29,443 [WARN] PackLoader:240 - Cannot read IP mode file for STMicroelectronics.X-CUBE-STSE01.1.0.0
2026-04-21 23:22:29,450 [WARN] PackLoader:240 - Cannot read IP mode file for STMicroelectronics.X-CUBE-TOF1.3.4.3
2026-04-21 23:22:29,454 [INFO] ThirdParty:978 - Integrity check success = true
2026-04-21 23:22:29,454 [INFO] IntegrityCheckThread:100 - exiting critical section [integrity check]
2026-04-21 23:22:29,454 [INFO] IntegrityCheckThread:103 - End integrity checks thread
2026-04-21 23:24:46,714 [INFO] Activator:176 - 


2026-04-21 23:24:46,715 [INFO] Activator:177 - !SESSION log4j initialized
2026-04-21 23:24:47,878 [INFO] ApplicationProperties:184 - Using Application install path: /opt/st/stm32cubeide_1.19.0/plugins/com.st.stm32cube.common.mx_6.15.0.202507011659
2026-04-21 23:24:47,888 [INFO] DbMcusXml:78 - Set database path to: /opt/st/stm32cubeide_1.19.0/plugins/com.st.stm32cube.common.mx_6.15.0.202507011659//db//mcu/
2026-04-21 23:24:47,888 [INFO] ApiDb:274 - Set plugin database path to: /opt/st/stm32cubeide_1.19.0/plugins/com.st.stm32cube.common.mx_6.15.0.202507011659//db//plugins/boardmanager/
2026-04-21 23:24:47,889 [WARN] ApiDb:259 - Overriding images path with different value:  => /opt/st/stm32cubeide_1.19.0/plugins/com.st.stm32cube.common.mx_6.15.0.202507011659//db//plugins/mcufinder/images/
2026-04-21 23:24:47,892 [INFO] ApiDb:250 - Set database path to: /home/kamil/.stmcufinder/plugins/mcufinder//mcu/
2026-04-21 23:24:47,893 [INFO] DbMcusAds:125 - Set database path to: /home/kamil/.stmcufinder/plugins/mcufinder//mcu/
2026-04-21 23:24:47,946 [INFO] CrossReferenceDbSqlite:203 - Set database path to: /home/kamil/.stmcufinder/plugins/mcufinder//mcu/cs/
2026-04-21 23:24:48,010 [INFO] RulesReader:64 - Compatibility file has been processed (317 Rules)
2026-04-21 23:24:48,046 [INFO] DbMcusXml:78 - Set database path to: /opt/st/stm32cubeide_1.19.0/plugins/com.st.stm32cube.common.mx_6.15.0.202507011659//db//mcu/
2026-04-21 23:24:48,046 [INFO] ApiDb:274 - Set plugin database path to: /opt/st/stm32cubeide_1.19.0/plugins/com.st.stm32cube.common.mx_6.15.0.202507011659//db//plugins/boardmanager/
2026-04-21 23:24:48,046 [INFO] ApiDb:261 - Set plugin images path to: /opt/st/stm32cubeide_1.19.0/plugins/com.st.stm32cube.common.mx_6.15.0.202507011659//db//plugins/mcufinder/images/
2026-04-21 23:24:48,046 [WARN] DbFile:41 - Overriding database path with different value: /home/kamil/.stmcufinder/plugins/mcufinder/ => /home/kamil/.stmcufinder/plugins/mcufinder
2026-04-21 23:24:48,047 [INFO] ApiDb:250 - Set database path to: /home/kamil/.stmcufinder/plugins/mcufinder//mcu/
2026-04-21 23:24:48,047 [WARN] DbFile:41 - Overriding database path with different value: /home/kamil/.stmcufinder/plugins/mcufinder/ => /home/kamil/.stmcufinder/plugins/mcufinder
2026-04-21 23:24:48,047 [INFO] DbMcusAds:125 - Set database path to: /home/kamil/.stmcufinder/plugins/mcufinder//mcu/
2026-04-21 23:24:48,047 [WARN] DbFile:41 - Overriding database path with different value: /home/kamil/.stmcufinder/plugins/mcufinder/ => /home/kamil/.stmcufinder/plugins/mcufinder
2026-04-21 23:24:48,047 [WARN] DbFile:41 - Overriding database path with different value: /home/kamil/.stmcufinder/plugins/mcufinder/ => /home/kamil/.stmcufinder/plugins/mcufinder
2026-04-21 23:24:48,047 [INFO] CrossReferenceDbSqlite:203 - Set database path to: /home/kamil/.stmcufinder/plugins/mcufinder//mcu/cs/
2026-04-21 23:24:48,083 [INFO] MainPanel:274 - HeapMemory: 268435456
2026-04-21 23:24:48,150 [INFO] DbMcusXml:78 - Set database path to: /opt/st/stm32cubeide_1.19.0/plugins/com.st.stm32cube.common.mx_6.15.0.202507011659//db//mcu/
2026-04-21 23:24:48,150 [INFO] ApiDb:274 - Set plugin database path to: /opt/st/stm32cubeide_1.19.0/plugins/com.st.stm32cube.common.mx_6.15.0.202507011659//db//plugins/boardmanager/
2026-04-21 23:24:48,150 [INFO] ApiDb:261 - Set plugin images path to: /opt/st/stm32cubeide_1.19.0/plugins/com.st.stm32cube.common.mx_6.15.0.202507011659//db//plugins/mcufinder/images/
2026-04-21 23:24:48,150 [WARN] DbFile:41 - Overriding database path with different value: /home/kamil/.stmcufinder/plugins/mcufinder/ => /home/kamil/.stmcufinder/plugins/mcufinder
2026-04-21 23:24:48,150 [INFO] ApiDb:250 - Set database path to: /home/kamil/.stmcufinder/plugins/mcufinder//mcu/
2026-04-21 23:24:48,150 [WARN] DbFile:41 - Overriding database path with different value: /home/kamil/.stmcufinder/plugins/mcufinder/ => /home/kamil/.stmcufinder/plugins/mcufinder
2026-04-21 23:24:48,150 [INFO] DbMcusAds:125 - Set database path to: /home/kamil/.stmcufinder/plugins/mcufinder//mcu/
2026-04-21 23:24:48,150 [WARN] DbFile:41 - Overriding database path with different value: /home/kamil/.stmcufinder/plugins/mcufinder/ => /home/kamil/.stmcufinder/plugins/mcufinder
2026-04-21 23:24:48,150 [WARN] DbFile:41 - Overriding database path with different value: /home/kamil/.stmcufinder/plugins/mcufinder/ => /home/kamil/.stmcufinder/plugins/mcufinder
2026-04-21 23:24:48,150 [INFO] CrossReferenceDbSqlite:203 - Set database path to: /home/kamil/.stmcufinder/plugins/mcufinder//mcu/cs/
2026-04-21 23:24:48,158 [INFO] ApplicationProperties:184 - Using Application install path: /opt/st/stm32cubeide_1.19.0/plugins/com.st.stm32cube.common.mx_6.15.0.202507011659
2026-04-21 23:24:48,159 [INFO] PluginManage:196 - Search for loadable plugins [exclusion list=, ]
2026-04-21 23:24:48,159 [INFO] PluginManage:310 - Check plugin analytics
2026-04-21 23:24:48,309 [INFO] AnalyticsPlugin:253 - Accepted Software Licenses: 
2026-04-21 23:24:48,310 [INFO] AnalyticsPlugin:255 - Accepted CMSIS Pack Licenses: 
2026-04-21 23:24:48,310 [INFO] AnalyticsPlugin:257 - Accepted Firmware Licenses: FW.F4.1.28.0
2026-04-21 23:24:48,312 [INFO] PluginManage:359 - Loaded plugin analytics (category:tool,tabindex:-1)
2026-04-21 23:24:48,312 [INFO] PluginManage:310 - Check plugin cadmodel
2026-04-21 23:24:48,316 [INFO] CADModel:105 - Init CAD model plugin
2026-04-21 23:24:48,316 [INFO] PluginManage:359 - Loaded plugin cadmodel (category:power,tabindex:5)
2026-04-21 23:24:48,316 [INFO] PluginManage:310 - Check plugin clock
2026-04-21 23:24:48,324 [INFO] PluginManage:359 - Loaded plugin clock (category:base,tabindex:2)
2026-04-21 23:24:48,324 [INFO] PluginManage:310 - Check plugin ddr
2026-04-21 23:24:48,327 [INFO] PluginManage:359 - Loaded plugin ddr (category:tool,tabindex:6)
2026-04-21 23:24:48,327 [INFO] PluginManage:310 - Check plugin filemanager
2026-04-21 23:24:48,430 [INFO] PluginManage:359 - Loaded plugin filemanager (category:base,tabindex:10)
2026-04-21 23:24:48,430 [INFO] PluginManage:310 - Check plugin ipmanager
2026-04-21 23:24:48,433 [INFO] PluginManage:359 - Loaded plugin ipmanager (category:base,tabindex:5)
2026-04-21 23:24:48,433 [INFO] PluginManage:310 - Check plugin lpbam
2026-04-21 23:24:48,438 [INFO] PluginManage:359 - Loaded plugin lpbam (category:base,tabindex:0)
2026-04-21 23:24:48,439 [INFO] PluginManage:310 - Check plugin memorymap
2026-04-21 23:24:48,447 [INFO] PluginManage:359 - Loaded plugin memorymap (category:base,tabindex:4)
2026-04-21 23:24:48,447 [INFO] PluginManage:310 - Check plugin pinoutandconfiguration
2026-04-21 23:24:48,454 [INFO] PluginManage:359 - Loaded plugin pinoutandconfiguration (category:base,tabindex:1)
2026-04-21 23:24:48,454 [INFO] PluginManage:310 - Check plugin pinoutconfig
2026-04-21 23:24:48,505 [WARN] SupportedApi:132 - Cannot load RTOS API schema: s4s-elt-must-match.1: The content of 'definitions' must match (annotation?, (simpleType | complexType)?, (unique | key | keyref)*)). A problem was found starting at: attribute.
2026-04-21 23:24:48,574 [INFO] PluginManage:359 - Loaded plugin pinoutconfig (category:base,tabindex:0)
2026-04-21 23:24:48,574 [INFO] PluginManage:310 - Check plugin power
2026-04-21 23:24:48,580 [INFO] PluginManage:359 - Loaded plugin power (category:power,tabindex:4)
2026-04-21 23:24:48,580 [INFO] PluginManage:310 - Check plugin projectmanager
2026-04-21 23:24:48,588 [INFO] PluginManage:359 - Loaded plugin projectmanager (category:projectmanager,tabindex:4)
2026-04-21 23:24:48,588 [INFO] PluginManage:310 - Check plugin rif
2026-04-21 23:24:48,594 [INFO] PluginManage:359 - Loaded plugin rif (category:base,tabindex:3)
2026-04-21 23:24:48,594 [INFO] PluginManage:310 - Check plugin thirdparty
2026-04-21 23:24:48,674 [INFO] PluginManage:359 - Loaded plugin thirdparty (category:base,tabindex:-1)
2026-04-21 23:24:48,674 [INFO] PluginManage:310 - Check plugin tools
2026-04-21 23:24:48,674 [WARN] IntegrityCheckThread:84 - waiting for thirdparty lock release [integrity check]
2026-04-21 23:24:48,674 [INFO] IntegrityCheckThread:86 - entering critical section [integrity check]
2026-04-21 23:24:48,674 [INFO] ThirdPartyUpdaterWithRetryManager:70 - Updater plugin not ready yet. [1/15]
2026-04-21 23:24:48,676 [INFO] PluginManage:359 - Loaded plugin tools (category:base,tabindex:7)
2026-04-21 23:24:48,676 [INFO] PluginManage:310 - Check plugin tutovideos
2026-04-21 23:24:48,818 [INFO] PluginManage:359 - Loaded plugin tutovideos (category:base,tabindex:-1)
2026-04-21 23:24:48,818 [INFO] PluginManage:310 - Check plugin updater
2026-04-21 23:24:48,837 [INFO] PluginManage:359 - Loaded plugin updater (category:base,tabindex:12)
2026-04-21 23:24:48,837 [INFO] PluginManage:310 - Check plugin userauth
2026-04-21 23:24:48,840 [INFO] UserAuth:118 - Init User Auth plugin
2026-04-21 23:24:48,840 [INFO] PluginManage:359 - Loaded plugin userauth (category:base,tabindex:14)
2026-04-21 23:24:48,840 [INFO] PluginManage:283 - PluginManage : Loaded plugins [18]
2026-04-21 23:24:48,949 [INFO] PinOutPanel:1589 - setPackage(No Configuration,No Configuration)
2026-04-21 23:24:49,001 [INFO] CADModel:165 - CPN selected for project level
2026-04-21 23:24:49,001 [INFO] CADModel:114 - Register for checkConnection events
2026-04-21 23:24:49,006 [INFO] IPUIPlugin:80 - create IPUIPlugin
2026-04-21 23:24:49,006 [INFO] PluginManager:220 - loadIPPluginJar : add tracer_emb
2026-04-21 23:24:49,007 [INFO] IPUIPlugin:80 - create IPUIPlugin
2026-04-21 23:24:49,008 [INFO] PluginManager:220 - loadIPPluginJar : add radio
2026-04-21 23:24:49,010 [INFO] IPUIPlugin:80 - create IPUIPlugin
2026-04-21 23:24:49,010 [INFO] PluginManager:220 - loadIPPluginJar : add ddr_ctrl_phy
2026-04-21 23:24:49,013 [INFO] IPUIPlugin:80 - create IPUIPlugin
2026-04-21 23:24:49,014 [INFO] PluginManager:220 - loadIPPluginJar : add mdma
2026-04-21 23:24:49,015 [INFO] IPUIPlugin:80 - create IPUIPlugin
2026-04-21 23:24:49,015 [INFO] PluginManager:220 - loadIPPluginJar : add touchsensing
2026-04-21 23:24:49,016 [INFO] IPUIPlugin:80 - create IPUIPlugin
2026-04-21 23:24:49,016 [INFO] PluginManager:220 - loadIPPluginJar : add ucpd
2026-04-21 23:24:49,019 [INFO] IPUIPlugin:80 - create IPUIPlugin
2026-04-21 23:24:49,021 [INFO] PluginManager:220 - loadIPPluginJar : add plateformsettings
2026-04-21 23:24:49,022 [INFO] IPUIPlugin:80 - create IPUIPlugin
2026-04-21 23:24:49,022 [INFO] PluginManager:220 - loadIPPluginJar : add ipddr
2026-04-21 23:24:49,025 [INFO] IPUIPlugin:80 - create IPUIPlugin
2026-04-21 23:24:49,025 [INFO] PluginManager:220 - loadIPPluginJar : add resmgrutility
2026-04-21 23:24:49,026 [INFO] IPUIPlugin:80 - create IPUIPlugin
2026-04-21 23:24:49,026 [INFO] PluginManager:220 - loadIPPluginJar : add ts
2026-04-21 23:24:49,027 [INFO] IPUIPlugin:80 - create IPUIPlugin
2026-04-21 23:24:49,027 [INFO] PluginManager:220 - loadIPPluginJar : add dma3
2026-04-21 23:24:49,028 [INFO] IPUIPlugin:80 - create IPUIPlugin
2026-04-21 23:24:49,028 [INFO] PluginManager:220 - loadIPPluginJar : add openamp
2026-04-21 23:24:49,029 [INFO] IPUIPlugin:80 - create IPUIPlugin
2026-04-21 23:24:49,029 [INFO] PluginManager:220 - loadIPPluginJar : add opamp
2026-04-21 23:24:49,030 [INFO] IPUIPlugin:80 - create IPUIPlugin
2026-04-21 23:24:49,030 [INFO] PluginManager:220 - loadIPPluginJar : add pdm2pcm
2026-04-21 23:24:49,031 [INFO] IPUIPlugin:80 - create IPUIPlugin
2026-04-21 23:24:49,031 [INFO] PluginManager:220 - loadIPPluginJar : add gfxmmu
2026-04-21 23:24:49,032 [INFO] IPUIPlugin:80 - create IPUIPlugin
2026-04-21 23:24:49,032 [INFO] PluginManager:220 - loadIPPluginJar : add aes
2026-04-21 23:24:49,034 [INFO] IPUIPlugin:80 - create IPUIPlugin
2026-04-21 23:24:49,034 [INFO] PluginManager:220 - loadIPPluginJar : add gtzc
2026-04-21 23:24:49,035 [INFO] IPUIPlugin:80 - create IPUIPlugin
2026-04-21 23:24:49,035 [INFO] PluginManager:220 - loadIPPluginJar : add sai
2026-04-21 23:24:49,036 [INFO] IPUIPlugin:80 - create IPUIPlugin
2026-04-21 23:24:49,036 [INFO] PluginManager:220 - loadIPPluginJar : add tsc
2026-04-21 23:24:49,037 [INFO] IPUIPlugin:80 - create IPUIPlugin
2026-04-21 23:24:49,037 [INFO] PluginManager:220 - loadIPPluginJar : add usbx
2026-04-21 23:24:49,038 [INFO] IPUIPlugin:80 - create IPUIPlugin
2026-04-21 23:24:49,038 [INFO] PluginManager:220 - loadIPPluginJar : add can
2026-04-21 23:24:49,039 [INFO] IPUIPlugin:80 - create IPUIPlugin
2026-04-21 23:24:49,039 [INFO] PluginManager:220 - loadIPPluginJar : add i2c
2026-04-21 23:24:49,040 [INFO] IPUIPlugin:80 - create IPUIPlugin
2026-04-21 23:24:49,040 [INFO] PluginManager:220 - loadIPPluginJar : add lorawan
2026-04-21 23:24:49,041 [INFO] IPUIPlugin:80 - create IPUIPlugin
2026-04-21 23:24:49,041 [INFO] PluginManager:220 - loadIPPluginJar : add spi
2026-04-21 23:24:49,045 [INFO] IPUIPlugin:80 - create IPUIPlugin
2026-04-21 23:24:49,045 [INFO] PluginManager:220 - loadIPPluginJar : add linkedlist
2026-04-21 23:24:49,047 [INFO] IPUIPlugin:80 - create IPUIPlugin
2026-04-21 23:24:49,047 [INFO] PluginManager:220 - loadIPPluginJar : add fmc
2026-04-21 23:24:49,049 [INFO] IPUIPlugin:80 - create IPUIPlugin
2026-04-21 23:24:49,049 [INFO] PluginManager:220 - loadIPPluginJar : add i3c
2026-04-21 23:24:49,049 [INFO] IPUIPlugin:80 - create IPUIPlugin
2026-04-21 23:24:49,049 [INFO] PluginManager:220 - loadIPPluginJar : add ltdc
2026-04-21 23:24:49,052 [INFO] IPUIPlugin:80 - create IPUIPlugin
2026-04-21 23:24:49,052 [INFO] PluginManager:220 - loadIPPluginJar : add dma
2026-04-21 23:24:49,055 [INFO] IPUIPlugin:80 - create IPUIPlugin
2026-04-21 23:24:49,055 [INFO] PluginManager:220 - loadIPPluginJar : add freertos
2026-04-21 23:24:49,056 [INFO] IPUIPlugin:80 - create IPUIPlugin
2026-04-21 23:24:49,056 [INFO] PluginManager:220 - loadIPPluginJar : add hash
2026-04-21 23:24:49,060 [INFO] IPUIPlugin:80 - create IPUIPlugin
2026-04-21 23:24:49,060 [INFO] PluginManager:220 - loadIPPluginJar : add adc
2026-04-21 23:24:49,061 [INFO] IPUIPlugin:80 - create IPUIPlugin
2026-04-21 23:24:49,061 [INFO] PluginManager:220 - loadIPPluginJar : add usart
2026-04-21 23:24:49,065 [INFO] IPUIPlugin:80 - create IPUIPlugin
2026-04-21 23:24:49,065 [INFO] PluginManager:220 - loadIPPluginJar : add stm32_wpan
2026-04-21 23:24:49,066 [INFO] IPUIPlugin:80 - create IPUIPlugin
2026-04-21 23:24:49,066 [INFO] PluginManager:220 - loadIPPluginJar : add genericplugin
2026-04-21 23:24:49,069 [INFO] IPUIPlugin:80 - create IPUIPlugin
2026-04-21 23:24:49,069 [INFO] PluginManager:220 - loadIPPluginJar : add gpio
2026-04-21 23:24:49,071 [INFO] IPUIPlugin:80 - create IPUIPlugin
2026-04-21 23:24:49,071 [INFO] PluginManager:220 - loadIPPluginJar : add nvic
2026-04-21 23:24:49,073 [INFO] IPUIPlugin:80 - create IPUIPlugin
2026-04-21 23:24:49,073 [INFO] PluginManager:220 - loadIPPluginJar : add dfsdm
2026-04-21 23:24:49,074 [INFO] IPUIPlugin:80 - create IPUIPlugin
2026-04-21 23:24:49,074 [INFO] PluginManager:220 - loadIPPluginJar : add fatfs
2026-04-21 23:24:49,075 [INFO] IPUIPlugin:80 - create IPUIPlugin
2026-04-21 23:24:49,075 [INFO] PluginManager:220 - loadIPPluginJar : add comp
2026-04-21 23:24:49,076 [INFO] IPUIPlugin:80 - create IPUIPlugin
2026-04-21 23:24:49,076 [INFO] PluginManager:220 - loadIPPluginJar : add i2s
2026-04-21 23:24:49,077 [INFO] IPUIPlugin:80 - create IPUIPlugin
2026-04-21 23:24:49,077 [INFO] PluginManager:220 - loadIPPluginJar : add cryp
2026-04-21 23:24:49,078 [INFO] IPUIPlugin:80 - create IPUIPlugin
2026-04-21 23:24:49,078 [INFO] PluginManager:220 - loadIPPluginJar : add quadspi
2026-04-21 23:24:49,081 [INFO] IPUIPlugin:80 - create IPUIPlugin
2026-04-21 23:24:49,081 [INFO] PluginManager:220 - loadIPPluginJar : add gic
2026-04-21 23:24:49,082 [INFO] IPUIPlugin:80 - create IPUIPlugin
2026-04-21 23:24:49,082 [INFO] PluginManager:220 - loadIPPluginJar : add tim
2026-04-21 23:24:49,083 [INFO] IPUIPlugin:80 - create IPUIPlugin
2026-04-21 23:24:49,083 [INFO] PluginManager:220 - loadIPPluginJar : add extmemmanager
2026-04-21 23:24:49,176 [FATAL] Updater:351 - Updater called before beeing initialized
2026-04-21 23:24:49,197 [INFO] RulesReader:64 - Compatibility file has been processed (317 Rules)
2026-04-21 23:24:49,206 [INFO] RulesReader:64 - Compatibility file has been processed (317 Rules)
2026-04-21 23:24:49,211 [INFO] CADModel:165 - CPN selected for project level
2026-04-21 23:24:49,211 [INFO] CADModel:114 - Register for checkConnection events
2026-04-21 23:24:49,212 [FATAL] Updater:351 - Updater called before beeing initialized
2026-04-21 23:24:49,212 [ERROR] CADModel:125 - Updater not yet initialized, retry later 
2026-04-21 23:24:49,285 [FATAL] Updater:351 - Updater called before beeing initialized
2026-04-21 23:24:49,286 [INFO] CADModel:165 - CPN selected for project level
2026-04-21 23:24:49,286 [INFO] CADModel:114 - Register for checkConnection events
2026-04-21 23:24:49,286 [FATAL] Updater:351 - Updater called before beeing initialized
2026-04-21 23:24:49,286 [ERROR] CADModel:125 - Updater not yet initialized, retry later 
2026-04-21 23:24:49,288 [FATAL] Updater:351 - Updater called before beeing initialized
2026-04-21 23:24:49,340 [FATAL] Updater:351 - Updater called before beeing initialized
2026-04-21 23:24:49,342 [INFO] DbMcusAds:53 - JSON generation date=Wed Feb 18 15:32:49 CET 2026 (1771425169371)
2026-04-21 23:24:49,343 [FATAL] Updater:351 - Updater called before beeing initialized
2026-04-21 23:24:49,363 [WARN] DetailPanel:346 - Failed to get advertising image, set to default
2026-04-21 23:24:49,411 [FATAL] Updater:351 - Updater called before beeing initialized
2026-04-21 23:24:49,412 [FATAL] Updater:351 - Updater called before beeing initialized
2026-04-21 23:24:49,412 [FATAL] Updater:351 - Updater called before beeing initialized
2026-04-21 23:24:49,412 [WARN] DetailPanel:346 - Failed to get advertising image, set to default
2026-04-21 23:24:49,413 [FATAL] Updater:351 - Updater called before beeing initialized
2026-04-21 23:24:49,432 [ERROR] Updater:1198 - MainUpdater not yet initialized. External WinMGr cannot be set.
2026-04-21 23:24:49,433 [INFO] Updater:1134 - Updater Version found : 6.15.0
2026-04-21 23:24:49,445 [INFO] ApplicationProperties:184 - Using Application install path: /opt/st/stm32cubeide_1.19.0/plugins/com.st.stm32cube.common.mx_6.15.0.202507011659
2026-04-21 23:24:49,806 [INFO] MainUpdater:2872 - connection check result : 10
2026-04-21 23:24:49,806 [INFO] MainUpdater:289 - Updater Check For Update Now.
2026-04-21 23:24:49,806 [INFO] MicroXplorer:498 - Change Database Version : DB.6.0.150
2026-04-21 23:24:49,961 [INFO] CheckServerUpdateThread:120 - End of CheckServer Thread
2026-04-21 23:24:50,023 [INFO] MainUpdater:2872 - connection check result : 10
2026-04-21 23:24:50,026 [INFO] MainUpdater:2872 - connection check result : 10
2026-04-21 23:24:51,780 [WARN] PackLoader:240 - Cannot read IP mode file for STMicroelectronics.X-CUBE-AZRTOS-H7.3.5.0
2026-04-21 23:24:51,786 [WARN] PackLoader:240 - Cannot read IP mode file for STMicroelectronics.FP-SNS-MOTENVWB1.1.4.0
2026-04-21 23:24:51,789 [WARN] PackLoader:240 - Cannot read IP mode file for STMicroelectronics.FP-ATR-ASTRA1.2.0.2
2026-04-21 23:24:51,792 [WARN] PackLoader:240 - Cannot read IP mode file for STMicroelectronics.X-CUBE-SMBUS.2.1.0
2026-04-21 23:24:51,794 [WARN] PackLoader:240 - Cannot read IP mode file for STMicroelectronics.X-CUBE-ST60.1.0.0
2026-04-21 23:24:51,803 [WARN] PackLoader:240 - Cannot read IP mode file for STMicroelectronics.X-CUBE-AZRTOS-F7.1.1.0
2026-04-21 23:24:51,807 [WARN] PackLoader:240 - Cannot read IP mode file for Cesanta.I-CUBE-Mongoose.7.19.0
2026-04-21 23:24:51,809 [WARN] PackLoader:240 - Cannot read IP mode file for STMicroelectronics.FP-SNS-MOTENV1.5.1.0
2026-04-21 23:24:51,813 [WARN] PackLoader:240 - Cannot read IP mode file for WES.I-CUBE-Cesium.1.4.0
2026-04-21 23:24:51,823 [WARN] PackLoader:240 - Cannot read IP mode file for Infineon.AIROC-Wi-Fi-Bluetooth-STM32.1.7.1
2026-04-21 23:24:51,834 [WARN] PackLoader:240 - Cannot read IP mode file for STMicroelectronics.X-CUBE-AZRTOS-H7.3.4.0
2026-04-21 23:24:51,844 [WARN] PackLoader:240 - Cannot read IP mode file for STMicroelectronics.X-CUBE-DISPLAY.3.0.0
2026-04-21 23:24:51,849 [WARN] PackLoader:240 - Cannot read IP mode file for STMicroelectronics.FP-SNS-MOTENVWB1.1.5.0
2026-04-21 23:24:51,854 [WARN] PackLoader:240 - Cannot read IP mode file for STMicroelectronics.X-CUBE-NFC10.1.0.0
2026-04-21 23:24:51,857 [WARN] PackLoader:240 - Cannot read IP mode file for STMicroelectronics.X-CUBE-ST60.1.1.0
2026-04-21 23:24:51,860 [WARN] PackLoader:240 - Cannot read IP mode file for emotas.I-CUBE-CANOPEN.1.3.0
2026-04-21 23:24:51,862 [WARN] PackLoader:240 - Cannot read IP mode file for STMicroelectronics.X-CUBE-GNSS1.7.1.0
2026-04-21 23:24:51,865 [WARN] PackLoader:240 - Cannot read IP mode file for STMicroelectronics.FP-SNS-SMARTAG2.1.2.0
2026-04-21 23:24:51,867 [WARN] PackLoader:240 - Cannot read IP mode file for STMicroelectronics.FP-SNS-FLIGHT1.5.1.0
2026-04-21 23:24:51,870 [INFO] LogOutputStream:77 - [STDOUT_REDIRECT] 1 : Invalid condition id : UX_CORESTACK_Condition cause : null
2026-04-21 23:24:51,871 [INFO] LogOutputStream:77 - [STDOUT_REDIRECT] 1 : Invalid condition id : UX_CORESTACK_Condition cause : null
2026-04-21 23:24:51,871 [INFO] LogOutputStream:77 - [STDOUT_REDIRECT] 1 : Invalid condition id : UX_CORESTACK_Condition cause : null
2026-04-21 23:24:51,871 [INFO] LogOutputStream:77 - [STDOUT_REDIRECT] 1 : Invalid condition id : UX_CORESTACK_Condition cause : null
2026-04-21 23:24:51,871 [INFO] LogOutputStream:77 - [STDOUT_REDIRECT] 1 : Invalid condition id : UX_CORESTACK_Condition cause : null
2026-04-21 23:24:51,872 [WARN] PackLoader:240 - Cannot read IP mode file for STMicroelectronics.X-CUBE-AZRTOS-WL.2.0.0
2026-04-21 23:24:51,875 [WARN] PackLoader:240 - Cannot read IP mode file for STMicroelectronics.FP-SNS-MOTENV1.5.0.0
2026-04-21 23:24:51,882 [WARN] PackLoader:240 - Cannot read IP mode file for STMicroelectronics.X-CUBE-AZRTOS-H7RS.1.2.0
2026-04-21 23:24:51,885 [WARN] PackLoader:240 - Cannot read IP mode file for STMicroelectronics.X-CUBE-BLE2.3.3.0
2026-04-21 23:24:51,894 [WARN] PackLoader:240 - Cannot read IP mode file for STMicroelectronics.X-CUBE-NFC9.1.0.0
2026-04-21 23:24:51,896 [WARN] PackLoader:240 - Cannot read IP mode file for wolfSSL.I-CUBE-wolfSSL.5.8.2
2026-04-21 23:24:51,898 [WARN] PackLoader:240 - Cannot read IP mode file for STMicroelectronics.X-CUBE-BLE1.7.1.0
2026-04-21 23:24:51,899 [WARN] PackLoader:240 - Cannot read IP mode file for wolfSSL.I-CUBE-wolfMQTT.1.19.2
2026-04-21 23:24:51,901 [WARN] PackLoader:240 - Cannot read IP mode file for STMicroelectronics.X-CUBE-FREERTOS.1.4.0
2026-04-21 23:24:51,904 [WARN] PackLoader:240 - Cannot read IP mode file for STMicroelectronics.X-CUBE-EEPRMA1.5.2.0
2026-04-21 23:24:51,907 [WARN] PackLoader:240 - Cannot read IP mode file for STMicroelectronics.X-CUBE-ST67W61.1.1.0
2026-04-21 23:24:51,925 [WARN] PackLoader:240 - Cannot read IP mode file for STMicroelectronics.X-CUBE-MEMS1.12.0.0
2026-04-21 23:24:51,967 [WARN] PackLoader:240 - Cannot read IP mode file for STMicroelectronics.X-CUBE-AZRTOS-G0.1.1.0
2026-04-21 23:24:51,970 [WARN] PackLoader:240 - Cannot read IP mode file for STMicroelectronics.X-CUBE-SAFEA1.1.2.2
2026-04-21 23:24:51,973 [WARN] PackLoader:240 - Cannot read IP mode file for STMicroelectronics.X-CUBE-NFC4.3.0.0
2026-04-21 23:24:51,982 [WARN] PackLoader:240 - Cannot read IP mode file for EmbeddedOffice.I-CUBE-FS-RTOS.1.0.1
2026-04-21 23:24:51,985 [WARN] PackLoader:240 - Cannot read IP mode file for STMicroelectronics.X-CUBE-WB05N.2.0.0
2026-04-21 23:24:51,987 [WARN] PackLoader:240 - Cannot read IP mode file for wolfSSL.I-CUBE-wolfTPM.3.8.0
2026-04-21 23:24:51,989 [WARN] PackLoader:240 - Cannot read IP mode file for STMicroelectronics.X-CUBE-TCPP.4.2.0
2026-04-21 23:24:51,992 [WARN] PackLoader:240 - Cannot read IP mode file for RealThread.X-CUBE-RT-Thread_Nano.4.1.1
2026-04-21 23:24:51,994 [WARN] PackLoader:240 - Cannot read IP mode file for STMicroelectronics.FP-ATR-SIGFOX1.3.2.0
2026-04-21 23:24:51,996 [WARN] PackLoader:240 - Cannot read IP mode file for STMicroelectronics.X-CUBE-FREERTOS.1.5.0
2026-04-21 23:24:51,998 [WARN] PackLoader:240 - Cannot read IP mode file for ITTIA_DB.I-CUBE-ITTIADB.8.9.0
2026-04-21 23:24:52,001 [WARN] PackLoader:240 - Cannot read IP mode file for STMicroelectronics.X-CUBE-NFC6.3.2.0
2026-04-21 23:24:52,011 [WARN] PackLoader:240 - Cannot read IP mode file for SEGGER.I-CUBE-embOS.1.3.1
2026-04-21 23:24:52,028 [WARN] PackLoader:240 - Cannot read IP mode file for STMicroelectronics.X-CUBE-ALGOBUILD.1.4.0
2026-04-21 23:24:52,044 [WARN] PackLoader:240 - Cannot read IP mode file for STMicroelectronics.X-CUBE-MEMS1.11.3.0
2026-04-21 23:24:52,101 [WARN] PackLoader:240 - Cannot read IP mode file for STMicroelectronics.X-CUBE-PM33A1.1.0.0
2026-04-21 23:24:52,111 [WARN] PackLoader:240 - Cannot read IP mode file for STMicroelectronics.X-CUBE-AZRTOS-F4.1.1.0
2026-04-21 23:24:52,115 [WARN] PackLoader:240 - Cannot read IP mode file for STMicroelectronics.X-CUBE-ISPU.2.1.0
2026-04-21 23:24:52,135 [WARN] PackLoader:240 - Cannot read IP mode file for STMicroelectronics.X-CUBE-IPS.3.2.0
2026-04-21 23:24:52,148 [WARN] PackLoader:240 - Cannot read IP mode file for STMicroelectronics.eDS-WB_DPC_TT-BIDIR.2.1.1
2026-04-21 23:24:52,152 [WARN] PackLoader:240 - Cannot read IP mode file for STMicroelectronics.X-CUBE-NFC12.1.0.0
2026-04-21 23:24:52,160 [WARN] PackLoader:240 - Cannot read IP mode file for STMicroelectronics.X-CUBE-AZRTOS-L5.2.0.0
2026-04-21 23:24:52,165 [WARN] PackLoader:240 - Cannot read IP mode file for STMicroelectronics.X-CUBE-NFC6.3.1.0
2026-04-21 23:24:52,168 [WARN] PackLoader:240 - Cannot read IP mode file for STMicroelectronics.eDS-WB_DPC_VIENNA.1.2.0
2026-04-21 23:24:52,170 [WARN] PackLoader:240 - Cannot read IP mode file for STMicroelectronics.eDS-WB_DPC_3PH2L-BIDIR.1.1.1
2026-04-21 23:24:52,172 [ERROR] Engine:466 - /home/kamil/.stm32cubemx/thirdparties/pdsc/STMicroelectronics.X-CUBE-ST67W61.1.3.0.pdsc: PDSC version is not supported
2026-04-21 23:24:52,175 [WARN] PackLoader:240 - Cannot read IP mode file for STMicroelectronics.X-CUBE-FREERTOS.1.3.1
2026-04-21 23:24:52,178 [WARN] PackLoader:240 - Cannot read IP mode file for STMicroelectronics.X-CUBE-TOUCHGFX.4.26.0
2026-04-21 23:24:52,180 [WARN] PackLoader:240 - Cannot read IP mode file for STMicroelectronics.X-CUBE-TOUCHGFX.4.26.1
2026-04-21 23:24:52,182 [WARN] PackLoader:240 - Cannot read IP mode file for STMicroelectronics.X-CUBE-DPower.1.3.0
2026-04-21 23:24:52,190 [WARN] ConditionMgr:438 - getConditionDescription Invalid condition id : LAN8742 Phy interface Condition cause : null
2026-04-21 23:24:52,190 [WARN] PackLoader:240 - Cannot read IP mode file for STMicroelectronics.X-CUBE-AZRTOS-L4.2.0.0
2026-04-21 23:24:52,191 [WARN] ConditionMgr:1044 - genDependencies : Invalid condition id : LAN8742 Phy interface Condition cause : null
2026-04-21 23:24:52,191 [WARN] ConditionMgr:1044 - genDependencies : Invalid condition id : LAN8742 Phy interface Condition cause : null
2026-04-21 23:24:52,192 [WARN] ConditionMgr:1044 - genDependencies : Invalid condition id : LAN8742 Phy interface Condition cause : null
2026-04-21 23:24:52,195 [WARN] PackLoader:240 - Cannot read IP mode file for STMicroelectronics.X-CUBE-SFXS2LP1.4.0.0
2026-04-21 23:24:52,198 [WARN] PackLoader:240 - Cannot read IP mode file for STMicroelectronics.X-CUBE-WB05N.2.1.0
2026-04-21 23:24:52,201 [WARN] PackLoader:240 - Cannot read IP mode file for STMicroelectronics.X-CUBE-ST67W61.1.2.0
2026-04-21 23:24:52,206 [WARN] PackLoader:240 - Cannot read IP mode file for STMicroelectronics.X-CUBE-BLEMGR.4.1.0
2026-04-21 23:24:52,214 [WARN] ConditionMgr:438 - getConditionDescription Invalid condition id : UX DEVICE CLASS RTOS Condition cause : null
2026-04-21 23:24:52,214 [WARN] ConditionMgr:438 - getConditionDescription Invalid condition id : UX DEVICE CLASS RTOS Condition cause : null
2026-04-21 23:24:52,215 [WARN] PackLoader:240 - Cannot read IP mode file for STMicroelectronics.X-CUBE-AZRTOS-WB.2.0.0
2026-04-21 23:24:52,215 [WARN] ConditionMgr:1044 - genDependencies : Invalid condition id : UX DEVICE CLASS RTOS Condition cause : null
2026-04-21 23:24:52,215 [WARN] ConditionMgr:1044 - genDependencies : Invalid condition id : UX DEVICE CLASS RTOS Condition cause : null
2026-04-21 23:24:52,215 [WARN] ConditionMgr:1044 - genDependencies : Invalid condition id : UX DEVICE CLASS RTOS Condition cause : null
2026-04-21 23:24:52,215 [WARN] ConditionMgr:1044 - genDependencies : Invalid condition id : UX DEVICE CLASS RTOS Condition cause : null
2026-04-21 23:24:52,215 [WARN] ConditionMgr:1044 - genDependencies : Invalid condition id : UX DEVICE CLASS RTOS Condition cause : null
2026-04-21 23:24:52,218 [WARN] PackLoader:240 - Cannot read IP mode file for STMicroelectronics.X-CUBE-GNSS1.7.0.1
2026-04-21 23:24:52,220 [WARN] ConditionMgr:438 - getConditionDescription Invalid condition id : Cortex-A Device cause : null
2026-04-21 23:24:52,224 [WARN] ConditionMgr:1044 - genDependencies : Invalid condition id : Cortex-A Device cause : null
2026-04-21 23:24:52,224 [WARN] ConditionMgr:1044 - genDependencies : Invalid condition id : Cortex-A Device cause : null
2026-04-21 23:24:52,224 [WARN] ConditionMgr:1044 - genDependencies : Invalid condition id : Cortex-A Device cause : null
2026-04-21 23:24:52,227 [WARN] PackLoader:240 - Cannot read IP mode file for STMicroelectronics.X-CUBE-STSE01.2.0.0
2026-04-21 23:24:52,236 [WARN] PackLoader:240 - Cannot read IP mode file for STMicroelectronics.X-CUBE-SUBG2.5.0.0
2026-04-21 23:24:52,245 [WARN] PackLoader:240 - Cannot read IP mode file for STMicroelectronics.X-CUBE-AZRTOS-H7RS.1.1.0
2026-04-21 23:24:52,253 [WARN] PackLoader:240 - Cannot read IP mode file for STMicroelectronics.X-CUBE-AZRTOS-G4.2.0.0
2026-04-21 23:24:52,255 [WARN] PackLoader:240 - Cannot read IP mode file for wolfSSL.I-CUBE-wolfSSH.1.4.20
2026-04-21 23:24:52,257 [WARN] PackLoader:240 - Cannot read IP mode file for STMicroelectronics.X-CUBE-NFC7.2.0.0
2026-04-21 23:24:52,260 [WARN] PackLoader:240 - Cannot read IP mode file for STMicroelectronics.X-CUBE-ALS.1.0.2
2026-04-21 23:24:52,263 [WARN] PackLoader:240 - Cannot read IP mode file for STMicroelectronics.X-CUBE-STSE01.1.0.0
2026-04-21 23:24:52,269 [WARN] PackLoader:240 - Cannot read IP mode file for STMicroelectronics.X-CUBE-TOF1.3.4.3
2026-04-21 23:24:52,274 [INFO] ThirdParty:978 - Integrity check success = true
2026-04-21 23:24:52,274 [INFO] IntegrityCheckThread:100 - exiting critical section [integrity check]
2026-04-21 23:24:52,274 [INFO] IntegrityCheckThread:103 - End integrity checks thread
2026-04-21 23:25:48,565 [INFO] Activator:176 - 


2026-04-21 23:25:48,566 [INFO] Activator:177 - !SESSION log4j initialized
2026-04-21 23:25:49,626 [INFO] ApplicationProperties:184 - Using Application install path: /opt/st/stm32cubeide_1.19.0/plugins/com.st.stm32cube.common.mx_6.15.0.202507011659
2026-04-21 23:25:49,634 [INFO] DbMcusXml:78 - Set database path to: /opt/st/stm32cubeide_1.19.0/plugins/com.st.stm32cube.common.mx_6.15.0.202507011659//db//mcu/
2026-04-21 23:25:49,634 [INFO] ApiDb:274 - Set plugin database path to: /opt/st/stm32cubeide_1.19.0/plugins/com.st.stm32cube.common.mx_6.15.0.202507011659//db//plugins/boardmanager/
2026-04-21 23:25:49,634 [WARN] ApiDb:259 - Overriding images path with different value:  => /opt/st/stm32cubeide_1.19.0/plugins/com.st.stm32cube.common.mx_6.15.0.202507011659//db//plugins/mcufinder/images/
2026-04-21 23:25:49,635 [INFO] ApiDb:250 - Set database path to: /home/kamil/.stmcufinder/plugins/mcufinder//mcu/
2026-04-21 23:25:49,636 [INFO] DbMcusAds:125 - Set database path to: /home/kamil/.stmcufinder/plugins/mcufinder//mcu/
2026-04-21 23:25:49,711 [INFO] CrossReferenceDbSqlite:203 - Set database path to: /home/kamil/.stmcufinder/plugins/mcufinder//mcu/cs/
2026-04-21 23:25:49,774 [INFO] RulesReader:64 - Compatibility file has been processed (317 Rules)
2026-04-21 23:25:49,808 [INFO] DbMcusXml:78 - Set database path to: /opt/st/stm32cubeide_1.19.0/plugins/com.st.stm32cube.common.mx_6.15.0.202507011659//db//mcu/
2026-04-21 23:25:49,808 [INFO] ApiDb:274 - Set plugin database path to: /opt/st/stm32cubeide_1.19.0/plugins/com.st.stm32cube.common.mx_6.15.0.202507011659//db//plugins/boardmanager/
2026-04-21 23:25:49,808 [INFO] ApiDb:261 - Set plugin images path to: /opt/st/stm32cubeide_1.19.0/plugins/com.st.stm32cube.common.mx_6.15.0.202507011659//db//plugins/mcufinder/images/
2026-04-21 23:25:49,808 [WARN] DbFile:41 - Overriding database path with different value: /home/kamil/.stmcufinder/plugins/mcufinder/ => /home/kamil/.stmcufinder/plugins/mcufinder
2026-04-21 23:25:49,808 [INFO] ApiDb:250 - Set database path to: /home/kamil/.stmcufinder/plugins/mcufinder//mcu/
2026-04-21 23:25:49,808 [WARN] DbFile:41 - Overriding database path with different value: /home/kamil/.stmcufinder/plugins/mcufinder/ => /home/kamil/.stmcufinder/plugins/mcufinder
2026-04-21 23:25:49,808 [INFO] DbMcusAds:125 - Set database path to: /home/kamil/.stmcufinder/plugins/mcufinder//mcu/
2026-04-21 23:25:49,808 [WARN] DbFile:41 - Overriding database path with different value: /home/kamil/.stmcufinder/plugins/mcufinder/ => /home/kamil/.stmcufinder/plugins/mcufinder
2026-04-21 23:25:49,809 [WARN] DbFile:41 - Overriding database path with different value: /home/kamil/.stmcufinder/plugins/mcufinder/ => /home/kamil/.stmcufinder/plugins/mcufinder
2026-04-21 23:25:49,809 [INFO] CrossReferenceDbSqlite:203 - Set database path to: /home/kamil/.stmcufinder/plugins/mcufinder//mcu/cs/
2026-04-21 23:25:49,837 [INFO] MainPanel:274 - HeapMemory: 268435456
2026-04-21 23:25:49,891 [INFO] DbMcusXml:78 - Set database path to: /opt/st/stm32cubeide_1.19.0/plugins/com.st.stm32cube.common.mx_6.15.0.202507011659//db//mcu/
2026-04-21 23:25:49,891 [INFO] ApiDb:274 - Set plugin database path to: /opt/st/stm32cubeide_1.19.0/plugins/com.st.stm32cube.common.mx_6.15.0.202507011659//db//plugins/boardmanager/
2026-04-21 23:25:49,891 [INFO] ApiDb:261 - Set plugin images path to: /opt/st/stm32cubeide_1.19.0/plugins/com.st.stm32cube.common.mx_6.15.0.202507011659//db//plugins/mcufinder/images/
2026-04-21 23:25:49,891 [WARN] DbFile:41 - Overriding database path with different value: /home/kamil/.stmcufinder/plugins/mcufinder/ => /home/kamil/.stmcufinder/plugins/mcufinder
2026-04-21 23:25:49,891 [INFO] ApiDb:250 - Set database path to: /home/kamil/.stmcufinder/plugins/mcufinder//mcu/
2026-04-21 23:25:49,891 [WARN] DbFile:41 - Overriding database path with different value: /home/kamil/.stmcufinder/plugins/mcufinder/ => /home/kamil/.stmcufinder/plugins/mcufinder
2026-04-21 23:25:49,891 [INFO] DbMcusAds:125 - Set database path to: /home/kamil/.stmcufinder/plugins/mcufinder//mcu/
2026-04-21 23:25:49,891 [WARN] DbFile:41 - Overriding database path with different value: /home/kamil/.stmcufinder/plugins/mcufinder/ => /home/kamil/.stmcufinder/plugins/mcufinder
2026-04-21 23:25:49,891 [WARN] DbFile:41 - Overriding database path with different value: /home/kamil/.stmcufinder/plugins/mcufinder/ => /home/kamil/.stmcufinder/plugins/mcufinder
2026-04-21 23:25:49,892 [INFO] CrossReferenceDbSqlite:203 - Set database path to: /home/kamil/.stmcufinder/plugins/mcufinder//mcu/cs/
2026-04-21 23:25:49,899 [INFO] ApplicationProperties:184 - Using Application install path: /opt/st/stm32cubeide_1.19.0/plugins/com.st.stm32cube.common.mx_6.15.0.202507011659
2026-04-21 23:25:49,900 [INFO] PluginManage:196 - Search for loadable plugins [exclusion list=, ]
2026-04-21 23:25:49,900 [INFO] PluginManage:310 - Check plugin analytics
2026-04-21 23:25:50,027 [INFO] AnalyticsPlugin:253 - Accepted Software Licenses: 
2026-04-21 23:25:50,027 [INFO] AnalyticsPlugin:255 - Accepted CMSIS Pack Licenses: 
2026-04-21 23:25:50,027 [INFO] AnalyticsPlugin:257 - Accepted Firmware Licenses: FW.F4.1.28.0
2026-04-21 23:25:50,029 [INFO] PluginManage:359 - Loaded plugin analytics (category:tool,tabindex:-1)
2026-04-21 23:25:50,029 [INFO] PluginManage:310 - Check plugin cadmodel
2026-04-21 23:25:50,032 [INFO] CADModel:105 - Init CAD model plugin
2026-04-21 23:25:50,032 [INFO] PluginManage:359 - Loaded plugin cadmodel (category:power,tabindex:5)
2026-04-21 23:25:50,032 [INFO] PluginManage:310 - Check plugin clock
2026-04-21 23:25:50,037 [INFO] PluginManage:359 - Loaded plugin clock (category:base,tabindex:2)
2026-04-21 23:25:50,038 [INFO] PluginManage:310 - Check plugin ddr
2026-04-21 23:25:50,039 [INFO] PluginManage:359 - Loaded plugin ddr (category:tool,tabindex:6)
2026-04-21 23:25:50,039 [INFO] PluginManage:310 - Check plugin filemanager
2026-04-21 23:25:50,125 [INFO] PluginManage:359 - Loaded plugin filemanager (category:base,tabindex:10)
2026-04-21 23:25:50,125 [INFO] PluginManage:310 - Check plugin ipmanager
2026-04-21 23:25:50,128 [INFO] PluginManage:359 - Loaded plugin ipmanager (category:base,tabindex:5)
2026-04-21 23:25:50,128 [INFO] PluginManage:310 - Check plugin lpbam
2026-04-21 23:25:50,134 [INFO] PluginManage:359 - Loaded plugin lpbam (category:base,tabindex:0)
2026-04-21 23:25:50,134 [INFO] PluginManage:310 - Check plugin memorymap
2026-04-21 23:25:50,140 [INFO] PluginManage:359 - Loaded plugin memorymap (category:base,tabindex:4)
2026-04-21 23:25:50,141 [INFO] PluginManage:310 - Check plugin pinoutandconfiguration
2026-04-21 23:25:50,144 [INFO] PluginManage:359 - Loaded plugin pinoutandconfiguration (category:base,tabindex:1)
2026-04-21 23:25:50,144 [INFO] PluginManage:310 - Check plugin pinoutconfig
2026-04-21 23:25:50,187 [WARN] SupportedApi:132 - Cannot load RTOS API schema: s4s-elt-must-match.1: The content of 'definitions' must match (annotation?, (simpleType | complexType)?, (unique | key | keyref)*)). A problem was found starting at: attribute.
2026-04-21 23:25:50,261 [INFO] PluginManage:359 - Loaded plugin pinoutconfig (category:base,tabindex:0)
2026-04-21 23:25:50,261 [INFO] PluginManage:310 - Check plugin power
2026-04-21 23:25:50,265 [INFO] PluginManage:359 - Loaded plugin power (category:power,tabindex:4)
2026-04-21 23:25:50,265 [INFO] PluginManage:310 - Check plugin projectmanager
2026-04-21 23:25:50,274 [INFO] PluginManage:359 - Loaded plugin projectmanager (category:projectmanager,tabindex:4)
2026-04-21 23:25:50,274 [INFO] PluginManage:310 - Check plugin rif
2026-04-21 23:25:50,279 [INFO] PluginManage:359 - Loaded plugin rif (category:base,tabindex:3)
2026-04-21 23:25:50,279 [INFO] PluginManage:310 - Check plugin thirdparty
2026-04-21 23:25:50,342 [INFO] PluginManage:359 - Loaded plugin thirdparty (category:base,tabindex:-1)
2026-04-21 23:25:50,342 [INFO] PluginManage:310 - Check plugin tools
2026-04-21 23:25:50,342 [WARN] IntegrityCheckThread:84 - waiting for thirdparty lock release [integrity check]
2026-04-21 23:25:50,342 [INFO] IntegrityCheckThread:86 - entering critical section [integrity check]
2026-04-21 23:25:50,342 [INFO] ThirdPartyUpdaterWithRetryManager:70 - Updater plugin not ready yet. [1/15]
2026-04-21 23:25:50,344 [INFO] PluginManage:359 - Loaded plugin tools (category:base,tabindex:7)
2026-04-21 23:25:50,344 [INFO] PluginManage:310 - Check plugin tutovideos
2026-04-21 23:25:50,484 [INFO] PluginManage:359 - Loaded plugin tutovideos (category:base,tabindex:-1)
2026-04-21 23:25:50,484 [INFO] PluginManage:310 - Check plugin updater
2026-04-21 23:25:50,509 [INFO] PluginManage:359 - Loaded plugin updater (category:base,tabindex:12)
2026-04-21 23:25:50,509 [INFO] PluginManage:310 - Check plugin userauth
2026-04-21 23:25:50,513 [INFO] UserAuth:118 - Init User Auth plugin
2026-04-21 23:25:50,514 [INFO] PluginManage:359 - Loaded plugin userauth (category:base,tabindex:14)
2026-04-21 23:25:50,514 [INFO] PluginManage:283 - PluginManage : Loaded plugins [18]
2026-04-21 23:25:50,633 [INFO] PinOutPanel:1589 - setPackage(No Configuration,No Configuration)
2026-04-21 23:25:50,674 [INFO] CADModel:165 - CPN selected for project level
2026-04-21 23:25:50,674 [INFO] CADModel:114 - Register for checkConnection events
2026-04-21 23:25:50,679 [INFO] IPUIPlugin:80 - create IPUIPlugin
2026-04-21 23:25:50,679 [INFO] PluginManager:220 - loadIPPluginJar : add tracer_emb
2026-04-21 23:25:50,680 [INFO] IPUIPlugin:80 - create IPUIPlugin
2026-04-21 23:25:50,681 [INFO] PluginManager:220 - loadIPPluginJar : add radio
2026-04-21 23:25:50,684 [INFO] IPUIPlugin:80 - create IPUIPlugin
2026-04-21 23:25:50,684 [INFO] PluginManager:220 - loadIPPluginJar : add ddr_ctrl_phy
2026-04-21 23:25:50,687 [INFO] IPUIPlugin:80 - create IPUIPlugin
2026-04-21 23:25:50,687 [INFO] PluginManager:220 - loadIPPluginJar : add mdma
2026-04-21 23:25:50,688 [INFO] IPUIPlugin:80 - create IPUIPlugin
2026-04-21 23:25:50,688 [INFO] PluginManager:220 - loadIPPluginJar : add touchsensing
2026-04-21 23:25:50,689 [INFO] IPUIPlugin:80 - create IPUIPlugin
2026-04-21 23:25:50,689 [INFO] PluginManager:220 - loadIPPluginJar : add ucpd
2026-04-21 23:25:50,693 [INFO] IPUIPlugin:80 - create IPUIPlugin
2026-04-21 23:25:50,695 [INFO] PluginManager:220 - loadIPPluginJar : add plateformsettings
2026-04-21 23:25:50,698 [INFO] IPUIPlugin:80 - create IPUIPlugin
2026-04-21 23:25:50,698 [INFO] PluginManager:220 - loadIPPluginJar : add ipddr
2026-04-21 23:25:50,701 [INFO] IPUIPlugin:80 - create IPUIPlugin
2026-04-21 23:25:50,701 [INFO] PluginManager:220 - loadIPPluginJar : add resmgrutility
2026-04-21 23:25:50,702 [INFO] IPUIPlugin:80 - create IPUIPlugin
2026-04-21 23:25:50,702 [INFO] PluginManager:220 - loadIPPluginJar : add ts
2026-04-21 23:25:50,703 [INFO] IPUIPlugin:80 - create IPUIPlugin
2026-04-21 23:25:50,703 [INFO] PluginManager:220 - loadIPPluginJar : add dma3
2026-04-21 23:25:50,704 [INFO] IPUIPlugin:80 - create IPUIPlugin
2026-04-21 23:25:50,704 [INFO] PluginManager:220 - loadIPPluginJar : add openamp
2026-04-21 23:25:50,705 [INFO] IPUIPlugin:80 - create IPUIPlugin
2026-04-21 23:25:50,705 [INFO] PluginManager:220 - loadIPPluginJar : add opamp
2026-04-21 23:25:50,706 [INFO] IPUIPlugin:80 - create IPUIPlugin
2026-04-21 23:25:50,706 [INFO] PluginManager:220 - loadIPPluginJar : add pdm2pcm
2026-04-21 23:25:50,707 [INFO] IPUIPlugin:80 - create IPUIPlugin
2026-04-21 23:25:50,707 [INFO] PluginManager:220 - loadIPPluginJar : add gfxmmu
2026-04-21 23:25:50,708 [INFO] IPUIPlugin:80 - create IPUIPlugin
2026-04-21 23:25:50,708 [INFO] PluginManager:220 - loadIPPluginJar : add aes
2026-04-21 23:25:50,709 [INFO] IPUIPlugin:80 - create IPUIPlugin
2026-04-21 23:25:50,709 [INFO] PluginManager:220 - loadIPPluginJar : add gtzc
2026-04-21 23:25:50,711 [INFO] IPUIPlugin:80 - create IPUIPlugin
2026-04-21 23:25:50,711 [INFO] PluginManager:220 - loadIPPluginJar : add sai
2026-04-21 23:25:50,711 [INFO] IPUIPlugin:80 - create IPUIPlugin
2026-04-21 23:25:50,711 [INFO] PluginManager:220 - loadIPPluginJar : add tsc
2026-04-21 23:25:50,713 [INFO] IPUIPlugin:80 - create IPUIPlugin
2026-04-21 23:25:50,713 [INFO] PluginManager:220 - loadIPPluginJar : add usbx
2026-04-21 23:25:50,714 [INFO] IPUIPlugin:80 - create IPUIPlugin
2026-04-21 23:25:50,714 [INFO] PluginManager:220 - loadIPPluginJar : add can
2026-04-21 23:25:50,716 [INFO] IPUIPlugin:80 - create IPUIPlugin
2026-04-21 23:25:50,716 [INFO] PluginManager:220 - loadIPPluginJar : add i2c
2026-04-21 23:25:50,718 [INFO] IPUIPlugin:80 - create IPUIPlugin
2026-04-21 23:25:50,718 [INFO] PluginManager:220 - loadIPPluginJar : add lorawan
2026-04-21 23:25:50,719 [INFO] IPUIPlugin:80 - create IPUIPlugin
2026-04-21 23:25:50,719 [INFO] PluginManager:220 - loadIPPluginJar : add spi
2026-04-21 23:25:50,724 [INFO] IPUIPlugin:80 - create IPUIPlugin
2026-04-21 23:25:50,724 [INFO] PluginManager:220 - loadIPPluginJar : add linkedlist
2026-04-21 23:25:50,727 [INFO] IPUIPlugin:80 - create IPUIPlugin
2026-04-21 23:25:50,727 [INFO] PluginManager:220 - loadIPPluginJar : add fmc
2026-04-21 23:25:50,729 [INFO] IPUIPlugin:80 - create IPUIPlugin
2026-04-21 23:25:50,729 [INFO] PluginManager:220 - loadIPPluginJar : add i3c
2026-04-21 23:25:50,730 [INFO] IPUIPlugin:80 - create IPUIPlugin
2026-04-21 23:25:50,730 [INFO] PluginManager:220 - loadIPPluginJar : add ltdc
2026-04-21 23:25:50,734 [INFO] IPUIPlugin:80 - create IPUIPlugin
2026-04-21 23:25:50,734 [INFO] PluginManager:220 - loadIPPluginJar : add dma
2026-04-21 23:25:50,737 [INFO] IPUIPlugin:80 - create IPUIPlugin
2026-04-21 23:25:50,737 [INFO] PluginManager:220 - loadIPPluginJar : add freertos
2026-04-21 23:25:50,739 [INFO] IPUIPlugin:80 - create IPUIPlugin
2026-04-21 23:25:50,739 [INFO] PluginManager:220 - loadIPPluginJar : add hash
2026-04-21 23:25:50,743 [INFO] IPUIPlugin:80 - create IPUIPlugin
2026-04-21 23:25:50,743 [INFO] PluginManager:220 - loadIPPluginJar : add adc
2026-04-21 23:25:50,744 [INFO] IPUIPlugin:80 - create IPUIPlugin
2026-04-21 23:25:50,744 [INFO] PluginManager:220 - loadIPPluginJar : add usart
2026-04-21 23:25:50,747 [INFO] IPUIPlugin:80 - create IPUIPlugin
2026-04-21 23:25:50,747 [INFO] PluginManager:220 - loadIPPluginJar : add stm32_wpan
2026-04-21 23:25:50,747 [INFO] IPUIPlugin:80 - create IPUIPlugin
2026-04-21 23:25:50,747 [INFO] PluginManager:220 - loadIPPluginJar : add genericplugin
2026-04-21 23:25:50,749 [INFO] IPUIPlugin:80 - create IPUIPlugin
2026-04-21 23:25:50,749 [INFO] PluginManager:220 - loadIPPluginJar : add gpio
2026-04-21 23:25:50,751 [INFO] IPUIPlugin:80 - create IPUIPlugin
2026-04-21 23:25:50,751 [INFO] PluginManager:220 - loadIPPluginJar : add nvic
2026-04-21 23:25:50,752 [INFO] IPUIPlugin:80 - create IPUIPlugin
2026-04-21 23:25:50,752 [INFO] PluginManager:220 - loadIPPluginJar : add dfsdm
2026-04-21 23:25:50,752 [INFO] IPUIPlugin:80 - create IPUIPlugin
2026-04-21 23:25:50,752 [INFO] PluginManager:220 - loadIPPluginJar : add fatfs
2026-04-21 23:25:50,753 [INFO] IPUIPlugin:80 - create IPUIPlugin
2026-04-21 23:25:50,753 [INFO] PluginManager:220 - loadIPPluginJar : add comp
2026-04-21 23:25:50,754 [INFO] IPUIPlugin:80 - create IPUIPlugin
2026-04-21 23:25:50,754 [INFO] PluginManager:220 - loadIPPluginJar : add i2s
2026-04-21 23:25:50,755 [INFO] IPUIPlugin:80 - create IPUIPlugin
2026-04-21 23:25:50,755 [INFO] PluginManager:220 - loadIPPluginJar : add cryp
2026-04-21 23:25:50,756 [INFO] IPUIPlugin:80 - create IPUIPlugin
2026-04-21 23:25:50,756 [INFO] PluginManager:220 - loadIPPluginJar : add quadspi
2026-04-21 23:25:50,758 [INFO] IPUIPlugin:80 - create IPUIPlugin
2026-04-21 23:25:50,758 [INFO] PluginManager:220 - loadIPPluginJar : add gic
2026-04-21 23:25:50,759 [INFO] IPUIPlugin:80 - create IPUIPlugin
2026-04-21 23:25:50,759 [INFO] PluginManager:220 - loadIPPluginJar : add tim
2026-04-21 23:25:50,760 [INFO] IPUIPlugin:80 - create IPUIPlugin
2026-04-21 23:25:50,760 [INFO] PluginManager:220 - loadIPPluginJar : add extmemmanager
2026-04-21 23:25:50,851 [FATAL] Updater:351 - Updater called before beeing initialized
2026-04-21 23:25:50,870 [INFO] RulesReader:64 - Compatibility file has been processed (317 Rules)
2026-04-21 23:25:50,878 [INFO] RulesReader:64 - Compatibility file has been processed (317 Rules)
2026-04-21 23:25:50,884 [INFO] CADModel:165 - CPN selected for project level
2026-04-21 23:25:50,884 [INFO] CADModel:114 - Register for checkConnection events
2026-04-21 23:25:50,884 [FATAL] Updater:351 - Updater called before beeing initialized
2026-04-21 23:25:50,884 [ERROR] CADModel:125 - Updater not yet initialized, retry later 
2026-04-21 23:25:50,952 [FATAL] Updater:351 - Updater called before beeing initialized
2026-04-21 23:25:50,953 [INFO] CADModel:165 - CPN selected for project level
2026-04-21 23:25:50,953 [INFO] CADModel:114 - Register for checkConnection events
2026-04-21 23:25:50,953 [FATAL] Updater:351 - Updater called before beeing initialized
2026-04-21 23:25:50,953 [ERROR] CADModel:125 - Updater not yet initialized, retry later 
2026-04-21 23:25:50,955 [FATAL] Updater:351 - Updater called before beeing initialized
2026-04-21 23:25:51,001 [FATAL] Updater:351 - Updater called before beeing initialized
2026-04-21 23:25:51,003 [INFO] DbMcusAds:53 - JSON generation date=Wed Feb 18 15:32:49 CET 2026 (1771425169371)
2026-04-21 23:25:51,003 [FATAL] Updater:351 - Updater called before beeing initialized
2026-04-21 23:25:51,021 [WARN] DetailPanel:346 - Failed to get advertising image, set to default
2026-04-21 23:25:51,070 [FATAL] Updater:351 - Updater called before beeing initialized
2026-04-21 23:25:51,071 [FATAL] Updater:351 - Updater called before beeing initialized
2026-04-21 23:25:51,071 [FATAL] Updater:351 - Updater called before beeing initialized
2026-04-21 23:25:51,071 [WARN] DetailPanel:346 - Failed to get advertising image, set to default
2026-04-21 23:25:51,072 [FATAL] Updater:351 - Updater called before beeing initialized
2026-04-21 23:25:51,089 [ERROR] Updater:1198 - MainUpdater not yet initialized. External WinMGr cannot be set.
2026-04-21 23:25:51,090 [INFO] Updater:1134 - Updater Version found : 6.15.0
2026-04-21 23:25:51,100 [INFO] ApplicationProperties:184 - Using Application install path: /opt/st/stm32cubeide_1.19.0/plugins/com.st.stm32cube.common.mx_6.15.0.202507011659
2026-04-21 23:25:51,301 [INFO] MainUpdater:2872 - connection check result : 10
2026-04-21 23:25:51,302 [INFO] MainUpdater:289 - Updater Check For Update Now.
2026-04-21 23:25:51,302 [INFO] MicroXplorer:498 - Change Database Version : DB.6.0.150
2026-04-21 23:25:51,462 [INFO] CheckServerUpdateThread:120 - End of CheckServer Thread
2026-04-21 23:25:51,513 [INFO] MainUpdater:2872 - connection check result : 10
2026-04-21 23:25:51,514 [INFO] MainUpdater:2872 - connection check result : 10
2026-04-21 23:25:53,432 [WARN] PackLoader:240 - Cannot read IP mode file for STMicroelectronics.X-CUBE-AZRTOS-H7.3.5.0
2026-04-21 23:25:53,440 [WARN] PackLoader:240 - Cannot read IP mode file for STMicroelectronics.FP-SNS-MOTENVWB1.1.4.0
2026-04-21 23:25:53,443 [WARN] PackLoader:240 - Cannot read IP mode file for STMicroelectronics.FP-ATR-ASTRA1.2.0.2
2026-04-21 23:25:53,447 [WARN] PackLoader:240 - Cannot read IP mode file for STMicroelectronics.X-CUBE-SMBUS.2.1.0
2026-04-21 23:25:53,450 [WARN] PackLoader:240 - Cannot read IP mode file for STMicroelectronics.X-CUBE-ST60.1.0.0
2026-04-21 23:25:53,463 [WARN] PackLoader:240 - Cannot read IP mode file for STMicroelectronics.X-CUBE-AZRTOS-F7.1.1.0
2026-04-21 23:25:53,468 [WARN] PackLoader:240 - Cannot read IP mode file for Cesanta.I-CUBE-Mongoose.7.19.0
2026-04-21 23:25:53,470 [WARN] PackLoader:240 - Cannot read IP mode file for STMicroelectronics.FP-SNS-MOTENV1.5.1.0
2026-04-21 23:25:53,475 [WARN] PackLoader:240 - Cannot read IP mode file for WES.I-CUBE-Cesium.1.4.0
2026-04-21 23:25:53,488 [WARN] PackLoader:240 - Cannot read IP mode file for Infineon.AIROC-Wi-Fi-Bluetooth-STM32.1.7.1
2026-04-21 23:25:53,503 [WARN] PackLoader:240 - Cannot read IP mode file for STMicroelectronics.X-CUBE-AZRTOS-H7.3.4.0
2026-04-21 23:25:53,515 [WARN] PackLoader:240 - Cannot read IP mode file for STMicroelectronics.X-CUBE-DISPLAY.3.0.0
2026-04-21 23:25:53,519 [WARN] PackLoader:240 - Cannot read IP mode file for STMicroelectronics.FP-SNS-MOTENVWB1.1.5.0
2026-04-21 23:25:53,523 [WARN] PackLoader:240 - Cannot read IP mode file for STMicroelectronics.X-CUBE-NFC10.1.0.0
2026-04-21 23:25:53,526 [WARN] PackLoader:240 - Cannot read IP mode file for STMicroelectronics.X-CUBE-ST60.1.1.0
2026-04-21 23:25:53,529 [WARN] PackLoader:240 - Cannot read IP mode file for emotas.I-CUBE-CANOPEN.1.3.0
2026-04-21 23:25:53,532 [WARN] PackLoader:240 - Cannot read IP mode file for STMicroelectronics.X-CUBE-GNSS1.7.1.0
2026-04-21 23:25:53,535 [WARN] PackLoader:240 - Cannot read IP mode file for STMicroelectronics.FP-SNS-SMARTAG2.1.2.0
2026-04-21 23:25:53,537 [WARN] PackLoader:240 - Cannot read IP mode file for STMicroelectronics.FP-SNS-FLIGHT1.5.1.0
2026-04-21 23:25:53,542 [INFO] LogOutputStream:77 - [STDOUT_REDIRECT] 1 : Invalid condition id : UX_CORESTACK_Condition cause : null
2026-04-21 23:25:53,543 [INFO] LogOutputStream:77 - [STDOUT_REDIRECT] 1 : Invalid condition id : UX_CORESTACK_Condition cause : null
2026-04-21 23:25:53,543 [INFO] LogOutputStream:77 - [STDOUT_REDIRECT] 1 : Invalid condition id : UX_CORESTACK_Condition cause : null
2026-04-21 23:25:53,543 [INFO] LogOutputStream:77 - [STDOUT_REDIRECT] 1 : Invalid condition id : UX_CORESTACK_Condition cause : null
2026-04-21 23:25:53,543 [INFO] LogOutputStream:77 - [STDOUT_REDIRECT] 1 : Invalid condition id : UX_CORESTACK_Condition cause : null
2026-04-21 23:25:53,544 [WARN] PackLoader:240 - Cannot read IP mode file for STMicroelectronics.X-CUBE-AZRTOS-WL.2.0.0
2026-04-21 23:25:53,547 [WARN] PackLoader:240 - Cannot read IP mode file for STMicroelectronics.FP-SNS-MOTENV1.5.0.0
2026-04-21 23:25:53,557 [WARN] PackLoader:240 - Cannot read IP mode file for STMicroelectronics.X-CUBE-AZRTOS-H7RS.1.2.0
2026-04-21 23:25:53,561 [WARN] PackLoader:240 - Cannot read IP mode file for STMicroelectronics.X-CUBE-BLE2.3.3.0
2026-04-21 23:25:53,572 [WARN] PackLoader:240 - Cannot read IP mode file for STMicroelectronics.X-CUBE-NFC9.1.0.0
2026-04-21 23:25:53,575 [WARN] PackLoader:240 - Cannot read IP mode file for wolfSSL.I-CUBE-wolfSSL.5.8.2
2026-04-21 23:25:53,578 [WARN] PackLoader:240 - Cannot read IP mode file for STMicroelectronics.X-CUBE-BLE1.7.1.0
2026-04-21 23:25:53,580 [WARN] PackLoader:240 - Cannot read IP mode file for wolfSSL.I-CUBE-wolfMQTT.1.19.2
2026-04-21 23:25:53,582 [WARN] PackLoader:240 - Cannot read IP mode file for STMicroelectronics.X-CUBE-FREERTOS.1.4.0
2026-04-21 23:25:53,585 [WARN] PackLoader:240 - Cannot read IP mode file for STMicroelectronics.X-CUBE-EEPRMA1.5.2.0
2026-04-21 23:25:53,589 [WARN] PackLoader:240 - Cannot read IP mode file for STMicroelectronics.X-CUBE-ST67W61.1.1.0
2026-04-21 23:25:53,615 [WARN] PackLoader:240 - Cannot read IP mode file for STMicroelectronics.X-CUBE-MEMS1.12.0.0
2026-04-21 23:25:53,676 [WARN] PackLoader:240 - Cannot read IP mode file for STMicroelectronics.X-CUBE-AZRTOS-G0.1.1.0
2026-04-21 23:25:53,684 [WARN] PackLoader:240 - Cannot read IP mode file for STMicroelectronics.X-CUBE-SAFEA1.1.2.2
2026-04-21 23:25:53,687 [WARN] PackLoader:240 - Cannot read IP mode file for STMicroelectronics.X-CUBE-NFC4.3.0.0
2026-04-21 23:25:53,691 [WARN] PackLoader:240 - Cannot read IP mode file for EmbeddedOffice.I-CUBE-FS-RTOS.1.0.1
2026-04-21 23:25:53,695 [WARN] PackLoader:240 - Cannot read IP mode file for STMicroelectronics.X-CUBE-WB05N.2.0.0
2026-04-21 23:25:53,697 [WARN] PackLoader:240 - Cannot read IP mode file for wolfSSL.I-CUBE-wolfTPM.3.8.0
2026-04-21 23:25:53,700 [WARN] PackLoader:240 - Cannot read IP mode file for STMicroelectronics.X-CUBE-TCPP.4.2.0
2026-04-21 23:25:53,703 [WARN] PackLoader:240 - Cannot read IP mode file for RealThread.X-CUBE-RT-Thread_Nano.4.1.1
2026-04-21 23:25:53,705 [WARN] PackLoader:240 - Cannot read IP mode file for STMicroelectronics.FP-ATR-SIGFOX1.3.2.0
2026-04-21 23:25:53,707 [WARN] PackLoader:240 - Cannot read IP mode file for STMicroelectronics.X-CUBE-FREERTOS.1.5.0
2026-04-21 23:25:53,710 [WARN] PackLoader:240 - Cannot read IP mode file for ITTIA_DB.I-CUBE-ITTIADB.8.9.0
2026-04-21 23:25:53,713 [WARN] PackLoader:240 - Cannot read IP mode file for STMicroelectronics.X-CUBE-NFC6.3.2.0
2026-04-21 23:25:53,728 [WARN] PackLoader:240 - Cannot read IP mode file for SEGGER.I-CUBE-embOS.1.3.1
2026-04-21 23:25:53,748 [WARN] PackLoader:240 - Cannot read IP mode file for STMicroelectronics.X-CUBE-ALGOBUILD.1.4.0
2026-04-21 23:25:53,770 [WARN] PackLoader:240 - Cannot read IP mode file for STMicroelectronics.X-CUBE-MEMS1.11.3.0
2026-04-21 23:25:53,838 [WARN] PackLoader:240 - Cannot read IP mode file for STMicroelectronics.X-CUBE-PM33A1.1.0.0
2026-04-21 23:25:53,846 [WARN] PackLoader:240 - Cannot read IP mode file for STMicroelectronics.X-CUBE-AZRTOS-F4.1.1.0
2026-04-21 23:25:53,850 [WARN] PackLoader:240 - Cannot read IP mode file for STMicroelectronics.X-CUBE-ISPU.2.1.0
2026-04-21 23:25:53,869 [WARN] PackLoader:240 - Cannot read IP mode file for STMicroelectronics.X-CUBE-IPS.3.2.0
2026-04-21 23:25:53,877 [WARN] PackLoader:240 - Cannot read IP mode file for STMicroelectronics.eDS-WB_DPC_TT-BIDIR.2.1.1
2026-04-21 23:25:53,881 [WARN] PackLoader:240 - Cannot read IP mode file for STMicroelectronics.X-CUBE-NFC12.1.0.0
2026-04-21 23:25:53,888 [WARN] PackLoader:240 - Cannot read IP mode file for STMicroelectronics.X-CUBE-AZRTOS-L5.2.0.0
2026-04-21 23:25:53,892 [WARN] PackLoader:240 - Cannot read IP mode file for STMicroelectronics.X-CUBE-NFC6.3.1.0
2026-04-21 23:25:53,894 [WARN] PackLoader:240 - Cannot read IP mode file for STMicroelectronics.eDS-WB_DPC_VIENNA.1.2.0
2026-04-21 23:25:53,895 [WARN] PackLoader:240 - Cannot read IP mode file for STMicroelectronics.eDS-WB_DPC_3PH2L-BIDIR.1.1.1
2026-04-21 23:25:53,896 [ERROR] Engine:466 - /home/kamil/.stm32cubemx/thirdparties/pdsc/STMicroelectronics.X-CUBE-ST67W61.1.3.0.pdsc: PDSC version is not supported
2026-04-21 23:25:53,898 [WARN] PackLoader:240 - Cannot read IP mode file for STMicroelectronics.X-CUBE-FREERTOS.1.3.1
2026-04-21 23:25:53,900 [WARN] PackLoader:240 - Cannot read IP mode file for STMicroelectronics.X-CUBE-TOUCHGFX.4.26.0
2026-04-21 23:25:53,901 [WARN] PackLoader:240 - Cannot read IP mode file for STMicroelectronics.X-CUBE-TOUCHGFX.4.26.1
2026-04-21 23:25:53,902 [WARN] PackLoader:240 - Cannot read IP mode file for STMicroelectronics.X-CUBE-DPower.1.3.0
2026-04-21 23:25:53,908 [WARN] ConditionMgr:438 - getConditionDescription Invalid condition id : LAN8742 Phy interface Condition cause : null
2026-04-21 23:25:53,908 [WARN] PackLoader:240 - Cannot read IP mode file for STMicroelectronics.X-CUBE-AZRTOS-L4.2.0.0
2026-04-21 23:25:53,909 [WARN] ConditionMgr:1044 - genDependencies : Invalid condition id : LAN8742 Phy interface Condition cause : null
2026-04-21 23:25:53,909 [WARN] ConditionMgr:1044 - genDependencies : Invalid condition id : LAN8742 Phy interface Condition cause : null
2026-04-21 23:25:53,909 [WARN] ConditionMgr:1044 - genDependencies : Invalid condition id : LAN8742 Phy interface Condition cause : null
2026-04-21 23:25:53,912 [WARN] PackLoader:240 - Cannot read IP mode file for STMicroelectronics.X-CUBE-SFXS2LP1.4.0.0
2026-04-21 23:25:53,914 [WARN] PackLoader:240 - Cannot read IP mode file for STMicroelectronics.X-CUBE-WB05N.2.1.0
2026-04-21 23:25:53,916 [WARN] PackLoader:240 - Cannot read IP mode file for STMicroelectronics.X-CUBE-ST67W61.1.2.0
2026-04-21 23:25:53,920 [WARN] PackLoader:240 - Cannot read IP mode file for STMicroelectronics.X-CUBE-BLEMGR.4.1.0
2026-04-21 23:25:53,925 [WARN] ConditionMgr:438 - getConditionDescription Invalid condition id : UX DEVICE CLASS RTOS Condition cause : null
2026-04-21 23:25:53,925 [WARN] ConditionMgr:438 - getConditionDescription Invalid condition id : UX DEVICE CLASS RTOS Condition cause : null
2026-04-21 23:25:53,926 [WARN] PackLoader:240 - Cannot read IP mode file for STMicroelectronics.X-CUBE-AZRTOS-WB.2.0.0
2026-04-21 23:25:53,926 [WARN] ConditionMgr:1044 - genDependencies : Invalid condition id : UX DEVICE CLASS RTOS Condition cause : null
2026-04-21 23:25:53,926 [WARN] ConditionMgr:1044 - genDependencies : Invalid condition id : UX DEVICE CLASS RTOS Condition cause : null
2026-04-21 23:25:53,926 [WARN] ConditionMgr:1044 - genDependencies : Invalid condition id : UX DEVICE CLASS RTOS Condition cause : null
2026-04-21 23:25:53,926 [WARN] ConditionMgr:1044 - genDependencies : Invalid condition id : UX DEVICE CLASS RTOS Condition cause : null
2026-04-21 23:25:53,926 [WARN] ConditionMgr:1044 - genDependencies : Invalid condition id : UX DEVICE CLASS RTOS Condition cause : null
2026-04-21 23:25:53,928 [WARN] PackLoader:240 - Cannot read IP mode file for STMicroelectronics.X-CUBE-GNSS1.7.0.1
2026-04-21 23:25:53,930 [WARN] ConditionMgr:438 - getConditionDescription Invalid condition id : Cortex-A Device cause : null
2026-04-21 23:25:53,938 [WARN] ConditionMgr:1044 - genDependencies : Invalid condition id : Cortex-A Device cause : null
2026-04-21 23:25:53,938 [WARN] ConditionMgr:1044 - genDependencies : Invalid condition id : Cortex-A Device cause : null
2026-04-21 23:25:53,938 [WARN] ConditionMgr:1044 - genDependencies : Invalid condition id : Cortex-A Device cause : null
2026-04-21 23:25:53,941 [WARN] PackLoader:240 - Cannot read IP mode file for STMicroelectronics.X-CUBE-STSE01.2.0.0
2026-04-21 23:25:53,946 [WARN] PackLoader:240 - Cannot read IP mode file for STMicroelectronics.X-CUBE-SUBG2.5.0.0
2026-04-21 23:25:53,956 [WARN] PackLoader:240 - Cannot read IP mode file for STMicroelectronics.X-CUBE-AZRTOS-H7RS.1.1.0
2026-04-21 23:25:53,964 [WARN] PackLoader:240 - Cannot read IP mode file for STMicroelectronics.X-CUBE-AZRTOS-G4.2.0.0
2026-04-21 23:25:53,966 [WARN] PackLoader:240 - Cannot read IP mode file for wolfSSL.I-CUBE-wolfSSH.1.4.20
2026-04-21 23:25:53,968 [WARN] PackLoader:240 - Cannot read IP mode file for STMicroelectronics.X-CUBE-NFC7.2.0.0
2026-04-21 23:25:53,970 [WARN] PackLoader:240 - Cannot read IP mode file for STMicroelectronics.X-CUBE-ALS.1.0.2
2026-04-21 23:25:53,972 [WARN] PackLoader:240 - Cannot read IP mode file for STMicroelectronics.X-CUBE-STSE01.1.0.0
2026-04-21 23:25:53,978 [WARN] PackLoader:240 - Cannot read IP mode file for STMicroelectronics.X-CUBE-TOF1.3.4.3
2026-04-21 23:25:53,983 [INFO] ThirdParty:978 - Integrity check success = true
2026-04-21 23:25:53,983 [INFO] IntegrityCheckThread:100 - exiting critical section [integrity check]
2026-04-21 23:25:53,983 [INFO] IntegrityCheckThread:103 - End integrity checks thread
2026-04-21 23:29:04,526 [INFO] Activator:176 - 


2026-04-21 23:29:04,527 [INFO] Activator:177 - !SESSION log4j initialized
2026-04-21 23:29:05,618 [INFO] ApplicationProperties:184 - Using Application install path: /opt/st/stm32cubeide_1.19.0/plugins/com.st.stm32cube.common.mx_6.15.0.202507011659
2026-04-21 23:29:05,626 [INFO] DbMcusXml:78 - Set database path to: /opt/st/stm32cubeide_1.19.0/plugins/com.st.stm32cube.common.mx_6.15.0.202507011659//db//mcu/
2026-04-21 23:29:05,626 [INFO] ApiDb:274 - Set plugin database path to: /opt/st/stm32cubeide_1.19.0/plugins/com.st.stm32cube.common.mx_6.15.0.202507011659//db//plugins/boardmanager/
2026-04-21 23:29:05,626 [WARN] ApiDb:259 - Overriding images path with different value:  => /opt/st/stm32cubeide_1.19.0/plugins/com.st.stm32cube.common.mx_6.15.0.202507011659//db//plugins/mcufinder/images/
2026-04-21 23:29:05,628 [INFO] ApiDb:250 - Set database path to: /home/kamil/.stmcufinder/plugins/mcufinder//mcu/
2026-04-21 23:29:05,628 [INFO] DbMcusAds:125 - Set database path to: /home/kamil/.stmcufinder/plugins/mcufinder//mcu/
2026-04-21 23:29:05,735 [INFO] CrossReferenceDbSqlite:203 - Set database path to: /home/kamil/.stmcufinder/plugins/mcufinder//mcu/cs/
2026-04-21 23:29:05,800 [INFO] RulesReader:64 - Compatibility file has been processed (317 Rules)
2026-04-21 23:29:05,832 [INFO] DbMcusXml:78 - Set database path to: /opt/st/stm32cubeide_1.19.0/plugins/com.st.stm32cube.common.mx_6.15.0.202507011659//db//mcu/
2026-04-21 23:29:05,833 [INFO] ApiDb:274 - Set plugin database path to: /opt/st/stm32cubeide_1.19.0/plugins/com.st.stm32cube.common.mx_6.15.0.202507011659//db//plugins/boardmanager/
2026-04-21 23:29:05,833 [INFO] ApiDb:261 - Set plugin images path to: /opt/st/stm32cubeide_1.19.0/plugins/com.st.stm32cube.common.mx_6.15.0.202507011659//db//plugins/mcufinder/images/
2026-04-21 23:29:05,833 [WARN] DbFile:41 - Overriding database path with different value: /home/kamil/.stmcufinder/plugins/mcufinder/ => /home/kamil/.stmcufinder/plugins/mcufinder
2026-04-21 23:29:05,833 [INFO] ApiDb:250 - Set database path to: /home/kamil/.stmcufinder/plugins/mcufinder//mcu/
2026-04-21 23:29:05,833 [WARN] DbFile:41 - Overriding database path with different value: /home/kamil/.stmcufinder/plugins/mcufinder/ => /home/kamil/.stmcufinder/plugins/mcufinder
2026-04-21 23:29:05,833 [INFO] DbMcusAds:125 - Set database path to: /home/kamil/.stmcufinder/plugins/mcufinder//mcu/
2026-04-21 23:29:05,833 [WARN] DbFile:41 - Overriding database path with different value: /home/kamil/.stmcufinder/plugins/mcufinder/ => /home/kamil/.stmcufinder/plugins/mcufinder
2026-04-21 23:29:05,833 [WARN] DbFile:41 - Overriding database path with different value: /home/kamil/.stmcufinder/plugins/mcufinder/ => /home/kamil/.stmcufinder/plugins/mcufinder
2026-04-21 23:29:05,833 [INFO] CrossReferenceDbSqlite:203 - Set database path to: /home/kamil/.stmcufinder/plugins/mcufinder//mcu/cs/
2026-04-21 23:29:05,863 [INFO] MainPanel:274 - HeapMemory: 268435456
2026-04-21 23:29:05,917 [INFO] DbMcusXml:78 - Set database path to: /opt/st/stm32cubeide_1.19.0/plugins/com.st.stm32cube.common.mx_6.15.0.202507011659//db//mcu/
2026-04-21 23:29:05,917 [INFO] ApiDb:274 - Set plugin database path to: /opt/st/stm32cubeide_1.19.0/plugins/com.st.stm32cube.common.mx_6.15.0.202507011659//db//plugins/boardmanager/
2026-04-21 23:29:05,917 [INFO] ApiDb:261 - Set plugin images path to: /opt/st/stm32cubeide_1.19.0/plugins/com.st.stm32cube.common.mx_6.15.0.202507011659//db//plugins/mcufinder/images/
2026-04-21 23:29:05,917 [WARN] DbFile:41 - Overriding database path with different value: /home/kamil/.stmcufinder/plugins/mcufinder/ => /home/kamil/.stmcufinder/plugins/mcufinder
2026-04-21 23:29:05,917 [INFO] ApiDb:250 - Set database path to: /home/kamil/.stmcufinder/plugins/mcufinder//mcu/
2026-04-21 23:29:05,917 [WARN] DbFile:41 - Overriding database path with different value: /home/kamil/.stmcufinder/plugins/mcufinder/ => /home/kamil/.stmcufinder/plugins/mcufinder
2026-04-21 23:29:05,917 [INFO] DbMcusAds:125 - Set database path to: /home/kamil/.stmcufinder/plugins/mcufinder//mcu/
2026-04-21 23:29:05,917 [WARN] DbFile:41 - Overriding database path with different value: /home/kamil/.stmcufinder/plugins/mcufinder/ => /home/kamil/.stmcufinder/plugins/mcufinder
2026-04-21 23:29:05,917 [WARN] DbFile:41 - Overriding database path with different value: /home/kamil/.stmcufinder/plugins/mcufinder/ => /home/kamil/.stmcufinder/plugins/mcufinder
2026-04-21 23:29:05,917 [INFO] CrossReferenceDbSqlite:203 - Set database path to: /home/kamil/.stmcufinder/plugins/mcufinder//mcu/cs/
2026-04-21 23:29:05,925 [INFO] ApplicationProperties:184 - Using Application install path: /opt/st/stm32cubeide_1.19.0/plugins/com.st.stm32cube.common.mx_6.15.0.202507011659
2026-04-21 23:29:05,926 [INFO] PluginManage:196 - Search for loadable plugins [exclusion list=, ]
2026-04-21 23:29:05,926 [INFO] PluginManage:310 - Check plugin analytics
2026-04-21 23:29:06,052 [INFO] AnalyticsPlugin:253 - Accepted Software Licenses: 
2026-04-21 23:29:06,052 [INFO] AnalyticsPlugin:255 - Accepted CMSIS Pack Licenses: 
2026-04-21 23:29:06,052 [INFO] AnalyticsPlugin:257 - Accepted Firmware Licenses: FW.F4.1.28.0
2026-04-21 23:29:06,053 [INFO] PluginManage:359 - Loaded plugin analytics (category:tool,tabindex:-1)
2026-04-21 23:29:06,053 [INFO] PluginManage:310 - Check plugin cadmodel
2026-04-21 23:29:06,056 [INFO] CADModel:105 - Init CAD model plugin
2026-04-21 23:29:06,056 [INFO] PluginManage:359 - Loaded plugin cadmodel (category:power,tabindex:5)
2026-04-21 23:29:06,056 [INFO] PluginManage:310 - Check plugin clock
2026-04-21 23:29:06,061 [INFO] PluginManage:359 - Loaded plugin clock (category:base,tabindex:2)
2026-04-21 23:29:06,061 [INFO] PluginManage:310 - Check plugin ddr
2026-04-21 23:29:06,063 [INFO] PluginManage:359 - Loaded plugin ddr (category:tool,tabindex:6)
2026-04-21 23:29:06,063 [INFO] PluginManage:310 - Check plugin filemanager
2026-04-21 23:29:06,148 [INFO] PluginManage:359 - Loaded plugin filemanager (category:base,tabindex:10)
2026-04-21 23:29:06,148 [INFO] PluginManage:310 - Check plugin ipmanager
2026-04-21 23:29:06,152 [INFO] PluginManage:359 - Loaded plugin ipmanager (category:base,tabindex:5)
2026-04-21 23:29:06,152 [INFO] PluginManage:310 - Check plugin lpbam
2026-04-21 23:29:06,158 [INFO] PluginManage:359 - Loaded plugin lpbam (category:base,tabindex:0)
2026-04-21 23:29:06,159 [INFO] PluginManage:310 - Check plugin memorymap
2026-04-21 23:29:06,168 [INFO] PluginManage:359 - Loaded plugin memorymap (category:base,tabindex:4)
2026-04-21 23:29:06,169 [INFO] PluginManage:310 - Check plugin pinoutandconfiguration
2026-04-21 23:29:06,173 [INFO] PluginManage:359 - Loaded plugin pinoutandconfiguration (category:base,tabindex:1)
2026-04-21 23:29:06,174 [INFO] PluginManage:310 - Check plugin pinoutconfig
2026-04-21 23:29:06,223 [WARN] SupportedApi:132 - Cannot load RTOS API schema: s4s-elt-must-match.1: The content of 'definitions' must match (annotation?, (simpleType | complexType)?, (unique | key | keyref)*)). A problem was found starting at: attribute.
2026-04-21 23:29:06,303 [INFO] PluginManage:359 - Loaded plugin pinoutconfig (category:base,tabindex:0)
2026-04-21 23:29:06,303 [INFO] PluginManage:310 - Check plugin power
2026-04-21 23:29:06,307 [INFO] PluginManage:359 - Loaded plugin power (category:power,tabindex:4)
2026-04-21 23:29:06,307 [INFO] PluginManage:310 - Check plugin projectmanager
2026-04-21 23:29:06,315 [INFO] PluginManage:359 - Loaded plugin projectmanager (category:projectmanager,tabindex:4)
2026-04-21 23:29:06,316 [INFO] PluginManage:310 - Check plugin rif
2026-04-21 23:29:06,320 [INFO] PluginManage:359 - Loaded plugin rif (category:base,tabindex:3)
2026-04-21 23:29:06,320 [INFO] PluginManage:310 - Check plugin thirdparty
2026-04-21 23:29:06,379 [INFO] PluginManage:359 - Loaded plugin thirdparty (category:base,tabindex:-1)
2026-04-21 23:29:06,379 [INFO] PluginManage:310 - Check plugin tools
2026-04-21 23:29:06,379 [WARN] IntegrityCheckThread:84 - waiting for thirdparty lock release [integrity check]
2026-04-21 23:29:06,379 [INFO] IntegrityCheckThread:86 - entering critical section [integrity check]
2026-04-21 23:29:06,380 [INFO] ThirdPartyUpdaterWithRetryManager:70 - Updater plugin not ready yet. [1/15]
2026-04-21 23:29:06,380 [INFO] PluginManage:359 - Loaded plugin tools (category:base,tabindex:7)
2026-04-21 23:29:06,380 [INFO] PluginManage:310 - Check plugin tutovideos
2026-04-21 23:29:06,472 [INFO] PluginManage:359 - Loaded plugin tutovideos (category:base,tabindex:-1)
2026-04-21 23:29:06,473 [INFO] PluginManage:310 - Check plugin updater
2026-04-21 23:29:06,485 [INFO] PluginManage:359 - Loaded plugin updater (category:base,tabindex:12)
2026-04-21 23:29:06,485 [INFO] PluginManage:310 - Check plugin userauth
2026-04-21 23:29:06,487 [INFO] UserAuth:118 - Init User Auth plugin
2026-04-21 23:29:06,488 [INFO] PluginManage:359 - Loaded plugin userauth (category:base,tabindex:14)
2026-04-21 23:29:06,488 [INFO] PluginManage:283 - PluginManage : Loaded plugins [18]
2026-04-21 23:29:06,621 [INFO] PinOutPanel:1589 - setPackage(No Configuration,No Configuration)
2026-04-21 23:29:06,656 [INFO] CADModel:165 - CPN selected for project level
2026-04-21 23:29:06,657 [INFO] CADModel:114 - Register for checkConnection events
2026-04-21 23:29:06,662 [INFO] IPUIPlugin:80 - create IPUIPlugin
2026-04-21 23:29:06,662 [INFO] PluginManager:220 - loadIPPluginJar : add tracer_emb
2026-04-21 23:29:06,663 [INFO] IPUIPlugin:80 - create IPUIPlugin
2026-04-21 23:29:06,664 [INFO] PluginManager:220 - loadIPPluginJar : add radio
2026-04-21 23:29:06,666 [INFO] IPUIPlugin:80 - create IPUIPlugin
2026-04-21 23:29:06,666 [INFO] PluginManager:220 - loadIPPluginJar : add ddr_ctrl_phy
2026-04-21 23:29:06,670 [INFO] IPUIPlugin:80 - create IPUIPlugin
2026-04-21 23:29:06,670 [INFO] PluginManager:220 - loadIPPluginJar : add mdma
2026-04-21 23:29:06,671 [INFO] IPUIPlugin:80 - create IPUIPlugin
2026-04-21 23:29:06,671 [INFO] PluginManager:220 - loadIPPluginJar : add touchsensing
2026-04-21 23:29:06,672 [INFO] IPUIPlugin:80 - create IPUIPlugin
2026-04-21 23:29:06,672 [INFO] PluginManager:220 - loadIPPluginJar : add ucpd
2026-04-21 23:29:06,675 [INFO] IPUIPlugin:80 - create IPUIPlugin
2026-04-21 23:29:06,677 [INFO] PluginManager:220 - loadIPPluginJar : add plateformsettings
2026-04-21 23:29:06,678 [INFO] IPUIPlugin:80 - create IPUIPlugin
2026-04-21 23:29:06,678 [INFO] PluginManager:220 - loadIPPluginJar : add ipddr
2026-04-21 23:29:06,681 [INFO] IPUIPlugin:80 - create IPUIPlugin
2026-04-21 23:29:06,681 [INFO] PluginManager:220 - loadIPPluginJar : add resmgrutility
2026-04-21 23:29:06,682 [INFO] IPUIPlugin:80 - create IPUIPlugin
2026-04-21 23:29:06,682 [INFO] PluginManager:220 - loadIPPluginJar : add ts
2026-04-21 23:29:06,683 [INFO] IPUIPlugin:80 - create IPUIPlugin
2026-04-21 23:29:06,683 [INFO] PluginManager:220 - loadIPPluginJar : add dma3
2026-04-21 23:29:06,684 [INFO] IPUIPlugin:80 - create IPUIPlugin
2026-04-21 23:29:06,684 [INFO] PluginManager:220 - loadIPPluginJar : add openamp
2026-04-21 23:29:06,685 [INFO] IPUIPlugin:80 - create IPUIPlugin
2026-04-21 23:29:06,685 [INFO] PluginManager:220 - loadIPPluginJar : add opamp
2026-04-21 23:29:06,686 [INFO] IPUIPlugin:80 - create IPUIPlugin
2026-04-21 23:29:06,686 [INFO] PluginManager:220 - loadIPPluginJar : add pdm2pcm
2026-04-21 23:29:06,687 [INFO] IPUIPlugin:80 - create IPUIPlugin
2026-04-21 23:29:06,687 [INFO] PluginManager:220 - loadIPPluginJar : add gfxmmu
2026-04-21 23:29:06,688 [INFO] IPUIPlugin:80 - create IPUIPlugin
2026-04-21 23:29:06,688 [INFO] PluginManager:220 - loadIPPluginJar : add aes
2026-04-21 23:29:06,690 [INFO] IPUIPlugin:80 - create IPUIPlugin
2026-04-21 23:29:06,690 [INFO] PluginManager:220 - loadIPPluginJar : add gtzc
2026-04-21 23:29:06,691 [INFO] IPUIPlugin:80 - create IPUIPlugin
2026-04-21 23:29:06,691 [INFO] PluginManager:220 - loadIPPluginJar : add sai
2026-04-21 23:29:06,692 [INFO] IPUIPlugin:80 - create IPUIPlugin
2026-04-21 23:29:06,692 [INFO] PluginManager:220 - loadIPPluginJar : add tsc
2026-04-21 23:29:06,693 [INFO] IPUIPlugin:80 - create IPUIPlugin
2026-04-21 23:29:06,693 [INFO] PluginManager:220 - loadIPPluginJar : add usbx
2026-04-21 23:29:06,694 [INFO] IPUIPlugin:80 - create IPUIPlugin
2026-04-21 23:29:06,694 [INFO] PluginManager:220 - loadIPPluginJar : add can
2026-04-21 23:29:06,696 [INFO] IPUIPlugin:80 - create IPUIPlugin
2026-04-21 23:29:06,696 [INFO] PluginManager:220 - loadIPPluginJar : add i2c
2026-04-21 23:29:06,697 [INFO] IPUIPlugin:80 - create IPUIPlugin
2026-04-21 23:29:06,697 [INFO] PluginManager:220 - loadIPPluginJar : add lorawan
2026-04-21 23:29:06,698 [INFO] IPUIPlugin:80 - create IPUIPlugin
2026-04-21 23:29:06,698 [INFO] PluginManager:220 - loadIPPluginJar : add spi
2026-04-21 23:29:06,702 [INFO] IPUIPlugin:80 - create IPUIPlugin
2026-04-21 23:29:06,702 [INFO] PluginManager:220 - loadIPPluginJar : add linkedlist
2026-04-21 23:29:06,705 [INFO] IPUIPlugin:80 - create IPUIPlugin
2026-04-21 23:29:06,705 [INFO] PluginManager:220 - loadIPPluginJar : add fmc
2026-04-21 23:29:06,706 [INFO] IPUIPlugin:80 - create IPUIPlugin
2026-04-21 23:29:06,706 [INFO] PluginManager:220 - loadIPPluginJar : add i3c
2026-04-21 23:29:06,706 [INFO] IPUIPlugin:80 - create IPUIPlugin
2026-04-21 23:29:06,706 [INFO] PluginManager:220 - loadIPPluginJar : add ltdc
2026-04-21 23:29:06,709 [INFO] IPUIPlugin:80 - create IPUIPlugin
2026-04-21 23:29:06,710 [INFO] PluginManager:220 - loadIPPluginJar : add dma
2026-04-21 23:29:06,712 [INFO] IPUIPlugin:80 - create IPUIPlugin
2026-04-21 23:29:06,712 [INFO] PluginManager:220 - loadIPPluginJar : add freertos
2026-04-21 23:29:06,713 [INFO] IPUIPlugin:80 - create IPUIPlugin
2026-04-21 23:29:06,714 [INFO] PluginManager:220 - loadIPPluginJar : add hash
2026-04-21 23:29:06,717 [INFO] IPUIPlugin:80 - create IPUIPlugin
2026-04-21 23:29:06,717 [INFO] PluginManager:220 - loadIPPluginJar : add adc
2026-04-21 23:29:06,719 [INFO] IPUIPlugin:80 - create IPUIPlugin
2026-04-21 23:29:06,719 [INFO] PluginManager:220 - loadIPPluginJar : add usart
2026-04-21 23:29:06,722 [INFO] IPUIPlugin:80 - create IPUIPlugin
2026-04-21 23:29:06,722 [INFO] PluginManager:220 - loadIPPluginJar : add stm32_wpan
2026-04-21 23:29:06,722 [INFO] IPUIPlugin:80 - create IPUIPlugin
2026-04-21 23:29:06,723 [INFO] PluginManager:220 - loadIPPluginJar : add genericplugin
2026-04-21 23:29:06,725 [INFO] IPUIPlugin:80 - create IPUIPlugin
2026-04-21 23:29:06,725 [INFO] PluginManager:220 - loadIPPluginJar : add gpio
2026-04-21 23:29:06,726 [INFO] IPUIPlugin:80 - create IPUIPlugin
2026-04-21 23:29:06,726 [INFO] PluginManager:220 - loadIPPluginJar : add nvic
2026-04-21 23:29:06,727 [INFO] IPUIPlugin:80 - create IPUIPlugin
2026-04-21 23:29:06,727 [INFO] PluginManager:220 - loadIPPluginJar : add dfsdm
2026-04-21 23:29:06,728 [INFO] IPUIPlugin:80 - create IPUIPlugin
2026-04-21 23:29:06,728 [INFO] PluginManager:220 - loadIPPluginJar : add fatfs
2026-04-21 23:29:06,729 [INFO] IPUIPlugin:80 - create IPUIPlugin
2026-04-21 23:29:06,729 [INFO] PluginManager:220 - loadIPPluginJar : add comp
2026-04-21 23:29:06,730 [INFO] IPUIPlugin:80 - create IPUIPlugin
2026-04-21 23:29:06,731 [INFO] PluginManager:220 - loadIPPluginJar : add i2s
2026-04-21 23:29:06,732 [INFO] IPUIPlugin:80 - create IPUIPlugin
2026-04-21 23:29:06,732 [INFO] PluginManager:220 - loadIPPluginJar : add cryp
2026-04-21 23:29:06,733 [INFO] IPUIPlugin:80 - create IPUIPlugin
2026-04-21 23:29:06,733 [INFO] PluginManager:220 - loadIPPluginJar : add quadspi
2026-04-21 23:29:06,735 [INFO] IPUIPlugin:80 - create IPUIPlugin
2026-04-21 23:29:06,735 [INFO] PluginManager:220 - loadIPPluginJar : add gic
2026-04-21 23:29:06,736 [INFO] IPUIPlugin:80 - create IPUIPlugin
2026-04-21 23:29:06,736 [INFO] PluginManager:220 - loadIPPluginJar : add tim
2026-04-21 23:29:06,738 [INFO] IPUIPlugin:80 - create IPUIPlugin
2026-04-21 23:29:06,738 [INFO] PluginManager:220 - loadIPPluginJar : add extmemmanager
2026-04-21 23:29:06,829 [FATAL] Updater:351 - Updater called before beeing initialized
2026-04-21 23:29:06,843 [INFO] RulesReader:64 - Compatibility file has been processed (317 Rules)
2026-04-21 23:29:06,850 [INFO] RulesReader:64 - Compatibility file has been processed (317 Rules)
2026-04-21 23:29:06,854 [INFO] CADModel:165 - CPN selected for project level
2026-04-21 23:29:06,854 [INFO] CADModel:114 - Register for checkConnection events
2026-04-21 23:29:06,855 [FATAL] Updater:351 - Updater called before beeing initialized
2026-04-21 23:29:06,855 [ERROR] CADModel:125 - Updater not yet initialized, retry later 
2026-04-21 23:29:06,929 [FATAL] Updater:351 - Updater called before beeing initialized
2026-04-21 23:29:06,930 [INFO] CADModel:165 - CPN selected for project level
2026-04-21 23:29:06,930 [INFO] CADModel:114 - Register for checkConnection events
2026-04-21 23:29:06,930 [FATAL] Updater:351 - Updater called before beeing initialized
2026-04-21 23:29:06,930 [ERROR] CADModel:125 - Updater not yet initialized, retry later 
2026-04-21 23:29:06,932 [FATAL] Updater:351 - Updater called before beeing initialized
2026-04-21 23:29:06,975 [FATAL] Updater:351 - Updater called before beeing initialized
2026-04-21 23:29:06,977 [INFO] DbMcusAds:53 - JSON generation date=Wed Feb 18 15:32:49 CET 2026 (1771425169371)
2026-04-21 23:29:06,977 [FATAL] Updater:351 - Updater called before beeing initialized
2026-04-21 23:29:06,995 [WARN] DetailPanel:346 - Failed to get advertising image, set to default
2026-04-21 23:29:07,044 [FATAL] Updater:351 - Updater called before beeing initialized
2026-04-21 23:29:07,045 [FATAL] Updater:351 - Updater called before beeing initialized
2026-04-21 23:29:07,045 [FATAL] Updater:351 - Updater called before beeing initialized
2026-04-21 23:29:07,045 [WARN] DetailPanel:346 - Failed to get advertising image, set to default
2026-04-21 23:29:07,046 [FATAL] Updater:351 - Updater called before beeing initialized
2026-04-21 23:29:07,069 [ERROR] Updater:1198 - MainUpdater not yet initialized. External WinMGr cannot be set.
2026-04-21 23:29:07,070 [INFO] Updater:1134 - Updater Version found : 6.15.0
2026-04-21 23:29:07,080 [INFO] ApplicationProperties:184 - Using Application install path: /opt/st/stm32cubeide_1.19.0/plugins/com.st.stm32cube.common.mx_6.15.0.202507011659
2026-04-21 23:29:09,380 [INFO] ThirdPartyUpdaterWithRetryManager:70 - Updater plugin not ready yet. [2/15]
2026-04-21 23:29:11,310 [INFO] MainUpdater:2872 - connection check result : 10
2026-04-21 23:29:11,310 [INFO] MainUpdater:289 - Updater Check For Update Now.
2026-04-21 23:29:11,311 [INFO] MicroXplorer:498 - Change Database Version : DB.6.0.150
2026-04-21 23:29:11,461 [INFO] CheckServerUpdateThread:120 - End of CheckServer Thread
2026-04-21 23:29:11,524 [INFO] MainUpdater:2872 - connection check result : 10
2026-04-21 23:29:11,524 [INFO] MainUpdater:2872 - connection check result : 10
2026-04-21 23:29:12,469 [WARN] PackLoader:240 - Cannot read IP mode file for STMicroelectronics.X-CUBE-AZRTOS-H7.3.5.0
2026-04-21 23:29:12,477 [WARN] PackLoader:240 - Cannot read IP mode file for STMicroelectronics.FP-SNS-MOTENVWB1.1.4.0
2026-04-21 23:29:12,481 [WARN] PackLoader:240 - Cannot read IP mode file for STMicroelectronics.FP-ATR-ASTRA1.2.0.2
2026-04-21 23:29:12,485 [WARN] PackLoader:240 - Cannot read IP mode file for STMicroelectronics.X-CUBE-SMBUS.2.1.0
2026-04-21 23:29:12,488 [WARN] PackLoader:240 - Cannot read IP mode file for STMicroelectronics.X-CUBE-ST60.1.0.0
2026-04-21 23:29:12,503 [WARN] PackLoader:240 - Cannot read IP mode file for STMicroelectronics.X-CUBE-AZRTOS-F7.1.1.0
2026-04-21 23:29:12,508 [WARN] PackLoader:240 - Cannot read IP mode file for Cesanta.I-CUBE-Mongoose.7.19.0
2026-04-21 23:29:12,510 [WARN] PackLoader:240 - Cannot read IP mode file for STMicroelectronics.FP-SNS-MOTENV1.5.1.0
2026-04-21 23:29:12,517 [WARN] PackLoader:240 - Cannot read IP mode file for WES.I-CUBE-Cesium.1.4.0
2026-04-21 23:29:12,531 [WARN] PackLoader:240 - Cannot read IP mode file for Infineon.AIROC-Wi-Fi-Bluetooth-STM32.1.7.1
2026-04-21 23:29:12,553 [WARN] PackLoader:240 - Cannot read IP mode file for STMicroelectronics.X-CUBE-AZRTOS-H7.3.4.0
2026-04-21 23:29:12,560 [WARN] PackLoader:240 - Cannot read IP mode file for STMicroelectronics.X-CUBE-DISPLAY.3.0.0
2026-04-21 23:29:12,566 [WARN] PackLoader:240 - Cannot read IP mode file for STMicroelectronics.FP-SNS-MOTENVWB1.1.5.0
2026-04-21 23:29:12,570 [WARN] PackLoader:240 - Cannot read IP mode file for STMicroelectronics.X-CUBE-NFC10.1.0.0
2026-04-21 23:29:12,574 [WARN] PackLoader:240 - Cannot read IP mode file for STMicroelectronics.X-CUBE-ST60.1.1.0
2026-04-21 23:29:12,577 [WARN] PackLoader:240 - Cannot read IP mode file for emotas.I-CUBE-CANOPEN.1.3.0
2026-04-21 23:29:12,581 [WARN] PackLoader:240 - Cannot read IP mode file for STMicroelectronics.X-CUBE-GNSS1.7.1.0
2026-04-21 23:29:12,585 [WARN] PackLoader:240 - Cannot read IP mode file for STMicroelectronics.FP-SNS-SMARTAG2.1.2.0
2026-04-21 23:29:12,587 [WARN] PackLoader:240 - Cannot read IP mode file for STMicroelectronics.FP-SNS-FLIGHT1.5.1.0
2026-04-21 23:29:12,593 [INFO] LogOutputStream:77 - [STDOUT_REDIRECT] 1 : Invalid condition id : UX_CORESTACK_Condition cause : null
2026-04-21 23:29:12,593 [INFO] LogOutputStream:77 - [STDOUT_REDIRECT] 1 : Invalid condition id : UX_CORESTACK_Condition cause : null
2026-04-21 23:29:12,593 [INFO] LogOutputStream:77 - [STDOUT_REDIRECT] 1 : Invalid condition id : UX_CORESTACK_Condition cause : null
2026-04-21 23:29:12,593 [INFO] LogOutputStream:77 - [STDOUT_REDIRECT] 1 : Invalid condition id : UX_CORESTACK_Condition cause : null
2026-04-21 23:29:12,593 [INFO] LogOutputStream:77 - [STDOUT_REDIRECT] 1 : Invalid condition id : UX_CORESTACK_Condition cause : null
2026-04-21 23:29:12,595 [WARN] PackLoader:240 - Cannot read IP mode file for STMicroelectronics.X-CUBE-AZRTOS-WL.2.0.0
2026-04-21 23:29:12,598 [WARN] PackLoader:240 - Cannot read IP mode file for STMicroelectronics.FP-SNS-MOTENV1.5.0.0
2026-04-21 23:29:12,609 [WARN] PackLoader:240 - Cannot read IP mode file for STMicroelectronics.X-CUBE-AZRTOS-H7RS.1.2.0
2026-04-21 23:29:12,614 [WARN] PackLoader:240 - Cannot read IP mode file for STMicroelectronics.X-CUBE-BLE2.3.3.0
2026-04-21 23:29:12,625 [WARN] PackLoader:240 - Cannot read IP mode file for STMicroelectronics.X-CUBE-NFC9.1.0.0
2026-04-21 23:29:12,629 [WARN] PackLoader:240 - Cannot read IP mode file for wolfSSL.I-CUBE-wolfSSL.5.8.2
2026-04-21 23:29:12,631 [WARN] PackLoader:240 - Cannot read IP mode file for STMicroelectronics.X-CUBE-BLE1.7.1.0
2026-04-21 23:29:12,633 [WARN] PackLoader:240 - Cannot read IP mode file for wolfSSL.I-CUBE-wolfMQTT.1.19.2
2026-04-21 23:29:12,636 [WARN] PackLoader:240 - Cannot read IP mode file for STMicroelectronics.X-CUBE-FREERTOS.1.4.0
2026-04-21 23:29:12,639 [WARN] PackLoader:240 - Cannot read IP mode file for STMicroelectronics.X-CUBE-EEPRMA1.5.2.0
2026-04-21 23:29:12,644 [WARN] PackLoader:240 - Cannot read IP mode file for STMicroelectronics.X-CUBE-ST67W61.1.1.0
2026-04-21 23:29:12,663 [WARN] PackLoader:240 - Cannot read IP mode file for STMicroelectronics.X-CUBE-MEMS1.12.0.0
2026-04-21 23:29:12,716 [WARN] PackLoader:240 - Cannot read IP mode file for STMicroelectronics.X-CUBE-AZRTOS-G0.1.1.0
2026-04-21 23:29:12,722 [WARN] PackLoader:240 - Cannot read IP mode file for STMicroelectronics.X-CUBE-SAFEA1.1.2.2
2026-04-21 23:29:12,725 [WARN] PackLoader:240 - Cannot read IP mode file for STMicroelectronics.X-CUBE-NFC4.3.0.0
2026-04-21 23:29:12,730 [WARN] PackLoader:240 - Cannot read IP mode file for EmbeddedOffice.I-CUBE-FS-RTOS.1.0.1
2026-04-21 23:29:12,733 [WARN] PackLoader:240 - Cannot read IP mode file for STMicroelectronics.X-CUBE-WB05N.2.0.0
2026-04-21 23:29:12,735 [WARN] PackLoader:240 - Cannot read IP mode file for wolfSSL.I-CUBE-wolfTPM.3.8.0
2026-04-21 23:29:12,738 [WARN] PackLoader:240 - Cannot read IP mode file for STMicroelectronics.X-CUBE-TCPP.4.2.0
2026-04-21 23:29:12,741 [WARN] PackLoader:240 - Cannot read IP mode file for RealThread.X-CUBE-RT-Thread_Nano.4.1.1
2026-04-21 23:29:12,744 [WARN] PackLoader:240 - Cannot read IP mode file for STMicroelectronics.FP-ATR-SIGFOX1.3.2.0
2026-04-21 23:29:12,747 [WARN] PackLoader:240 - Cannot read IP mode file for STMicroelectronics.X-CUBE-FREERTOS.1.5.0
2026-04-21 23:29:12,751 [WARN] PackLoader:240 - Cannot read IP mode file for ITTIA_DB.I-CUBE-ITTIADB.8.9.0
2026-04-21 23:29:12,755 [WARN] PackLoader:240 - Cannot read IP mode file for STMicroelectronics.X-CUBE-NFC6.3.2.0
2026-04-21 23:29:12,770 [WARN] PackLoader:240 - Cannot read IP mode file for SEGGER.I-CUBE-embOS.1.3.1
2026-04-21 23:29:12,798 [WARN] PackLoader:240 - Cannot read IP mode file for STMicroelectronics.X-CUBE-ALGOBUILD.1.4.0
2026-04-21 23:29:12,822 [WARN] PackLoader:240 - Cannot read IP mode file for STMicroelectronics.X-CUBE-MEMS1.11.3.0
2026-04-21 23:29:12,913 [WARN] PackLoader:240 - Cannot read IP mode file for STMicroelectronics.X-CUBE-PM33A1.1.0.0
2026-04-21 23:29:12,923 [WARN] PackLoader:240 - Cannot read IP mode file for STMicroelectronics.X-CUBE-AZRTOS-F4.1.1.0
2026-04-21 23:29:12,928 [WARN] PackLoader:240 - Cannot read IP mode file for STMicroelectronics.X-CUBE-ISPU.2.1.0
2026-04-21 23:29:12,935 [WARN] PackLoader:240 - Cannot read IP mode file for STMicroelectronics.X-CUBE-IPS.3.2.0
2026-04-21 23:29:12,940 [WARN] PackLoader:240 - Cannot read IP mode file for STMicroelectronics.eDS-WB_DPC_TT-BIDIR.2.1.1
2026-04-21 23:29:12,942 [WARN] PackLoader:240 - Cannot read IP mode file for STMicroelectronics.X-CUBE-NFC12.1.0.0
2026-04-21 23:29:12,951 [WARN] PackLoader:240 - Cannot read IP mode file for STMicroelectronics.X-CUBE-AZRTOS-L5.2.0.0
2026-04-21 23:29:12,955 [WARN] PackLoader:240 - Cannot read IP mode file for STMicroelectronics.X-CUBE-NFC6.3.1.0
2026-04-21 23:29:12,956 [WARN] PackLoader:240 - Cannot read IP mode file for STMicroelectronics.eDS-WB_DPC_VIENNA.1.2.0
2026-04-21 23:29:12,957 [WARN] PackLoader:240 - Cannot read IP mode file for STMicroelectronics.eDS-WB_DPC_3PH2L-BIDIR.1.1.1
2026-04-21 23:29:12,959 [ERROR] Engine:466 - /home/kamil/.stm32cubemx/thirdparties/pdsc/STMicroelectronics.X-CUBE-ST67W61.1.3.0.pdsc: PDSC version is not supported
2026-04-21 23:29:12,960 [WARN] PackLoader:240 - Cannot read IP mode file for STMicroelectronics.X-CUBE-FREERTOS.1.3.1
2026-04-21 23:29:12,962 [WARN] PackLoader:240 - Cannot read IP mode file for STMicroelectronics.X-CUBE-TOUCHGFX.4.26.0
2026-04-21 23:29:12,963 [WARN] PackLoader:240 - Cannot read IP mode file for STMicroelectronics.X-CUBE-TOUCHGFX.4.26.1
2026-04-21 23:29:12,964 [WARN] PackLoader:240 - Cannot read IP mode file for STMicroelectronics.X-CUBE-DPower.1.3.0
2026-04-21 23:29:12,970 [WARN] ConditionMgr:438 - getConditionDescription Invalid condition id : LAN8742 Phy interface Condition cause : null
2026-04-21 23:29:12,970 [WARN] PackLoader:240 - Cannot read IP mode file for STMicroelectronics.X-CUBE-AZRTOS-L4.2.0.0
2026-04-21 23:29:12,970 [WARN] ConditionMgr:1044 - genDependencies : Invalid condition id : LAN8742 Phy interface Condition cause : null
2026-04-21 23:29:12,971 [WARN] ConditionMgr:1044 - genDependencies : Invalid condition id : LAN8742 Phy interface Condition cause : null
2026-04-21 23:29:12,971 [WARN] ConditionMgr:1044 - genDependencies : Invalid condition id : LAN8742 Phy interface Condition cause : null
2026-04-21 23:29:12,973 [WARN] PackLoader:240 - Cannot read IP mode file for STMicroelectronics.X-CUBE-SFXS2LP1.4.0.0
2026-04-21 23:29:12,978 [WARN] PackLoader:240 - Cannot read IP mode file for STMicroelectronics.X-CUBE-WB05N.2.1.0
2026-04-21 23:29:12,980 [WARN] PackLoader:240 - Cannot read IP mode file for STMicroelectronics.X-CUBE-ST67W61.1.2.0
2026-04-21 23:29:12,984 [WARN] PackLoader:240 - Cannot read IP mode file for STMicroelectronics.X-CUBE-BLEMGR.4.1.0
2026-04-21 23:29:12,989 [WARN] ConditionMgr:438 - getConditionDescription Invalid condition id : UX DEVICE CLASS RTOS Condition cause : null
2026-04-21 23:29:12,989 [WARN] ConditionMgr:438 - getConditionDescription Invalid condition id : UX DEVICE CLASS RTOS Condition cause : null
2026-04-21 23:29:12,989 [WARN] PackLoader:240 - Cannot read IP mode file for STMicroelectronics.X-CUBE-AZRTOS-WB.2.0.0
2026-04-21 23:29:12,990 [WARN] ConditionMgr:1044 - genDependencies : Invalid condition id : UX DEVICE CLASS RTOS Condition cause : null
2026-04-21 23:29:12,990 [WARN] ConditionMgr:1044 - genDependencies : Invalid condition id : UX DEVICE CLASS RTOS Condition cause : null
2026-04-21 23:29:12,990 [WARN] ConditionMgr:1044 - genDependencies : Invalid condition id : UX DEVICE CLASS RTOS Condition cause : null
2026-04-21 23:29:12,990 [WARN] ConditionMgr:1044 - genDependencies : Invalid condition id : UX DEVICE CLASS RTOS Condition cause : null
2026-04-21 23:29:12,990 [WARN] ConditionMgr:1044 - genDependencies : Invalid condition id : UX DEVICE CLASS RTOS Condition cause : null
2026-04-21 23:29:12,992 [WARN] PackLoader:240 - Cannot read IP mode file for STMicroelectronics.X-CUBE-GNSS1.7.0.1
2026-04-21 23:29:12,993 [WARN] ConditionMgr:438 - getConditionDescription Invalid condition id : Cortex-A Device cause : null
2026-04-21 23:29:12,996 [WARN] ConditionMgr:1044 - genDependencies : Invalid condition id : Cortex-A Device cause : null
2026-04-21 23:29:12,996 [WARN] ConditionMgr:1044 - genDependencies : Invalid condition id : Cortex-A Device cause : null
2026-04-21 23:29:12,996 [WARN] ConditionMgr:1044 - genDependencies : Invalid condition id : Cortex-A Device cause : null
2026-04-21 23:29:12,999 [WARN] PackLoader:240 - Cannot read IP mode file for STMicroelectronics.X-CUBE-STSE01.2.0.0
2026-04-21 23:29:13,003 [WARN] PackLoader:240 - Cannot read IP mode file for STMicroelectronics.X-CUBE-SUBG2.5.0.0
2026-04-21 23:29:13,010 [WARN] PackLoader:240 - Cannot read IP mode file for STMicroelectronics.X-CUBE-AZRTOS-H7RS.1.1.0
2026-04-21 23:29:13,015 [WARN] PackLoader:240 - Cannot read IP mode file for STMicroelectronics.X-CUBE-AZRTOS-G4.2.0.0
2026-04-21 23:29:13,018 [WARN] PackLoader:240 - Cannot read IP mode file for wolfSSL.I-CUBE-wolfSSH.1.4.20
2026-04-21 23:29:13,019 [WARN] PackLoader:240 - Cannot read IP mode file for STMicroelectronics.X-CUBE-NFC7.2.0.0
2026-04-21 23:29:13,021 [WARN] PackLoader:240 - Cannot read IP mode file for STMicroelectronics.X-CUBE-ALS.1.0.2
2026-04-21 23:29:13,023 [WARN] PackLoader:240 - Cannot read IP mode file for STMicroelectronics.X-CUBE-STSE01.1.0.0
2026-04-21 23:29:13,028 [WARN] PackLoader:240 - Cannot read IP mode file for STMicroelectronics.X-CUBE-TOF1.3.4.3
2026-04-21 23:29:13,032 [INFO] ThirdParty:978 - Integrity check success = true
2026-04-21 23:29:13,032 [INFO] IntegrityCheckThread:100 - exiting critical section [integrity check]
2026-04-21 23:29:13,032 [INFO] IntegrityCheckThread:103 - End integrity checks thread
2026-04-21 23:30:21,099 [INFO] Activator:176 - 


2026-04-21 23:30:21,101 [INFO] Activator:177 - !SESSION log4j initialized
2026-04-21 23:30:22,315 [INFO] ApplicationProperties:184 - Using Application install path: /opt/st/stm32cubeide_1.19.0/plugins/com.st.stm32cube.common.mx_6.15.0.202507011659
2026-04-21 23:30:22,323 [INFO] DbMcusXml:78 - Set database path to: /opt/st/stm32cubeide_1.19.0/plugins/com.st.stm32cube.common.mx_6.15.0.202507011659//db//mcu/
2026-04-21 23:30:22,323 [INFO] ApiDb:274 - Set plugin database path to: /opt/st/stm32cubeide_1.19.0/plugins/com.st.stm32cube.common.mx_6.15.0.202507011659//db//plugins/boardmanager/
2026-04-21 23:30:22,323 [WARN] ApiDb:259 - Overriding images path with different value:  => /opt/st/stm32cubeide_1.19.0/plugins/com.st.stm32cube.common.mx_6.15.0.202507011659//db//plugins/mcufinder/images/
2026-04-21 23:30:22,325 [INFO] ApiDb:250 - Set database path to: /home/kamil/.stmcufinder/plugins/mcufinder//mcu/
2026-04-21 23:30:22,326 [INFO] DbMcusAds:125 - Set database path to: /home/kamil/.stmcufinder/plugins/mcufinder//mcu/
2026-04-21 23:30:22,342 [INFO] CrossReferenceDbSqlite:203 - Set database path to: /home/kamil/.stmcufinder/plugins/mcufinder//mcu/cs/
2026-04-21 23:30:22,408 [INFO] RulesReader:64 - Compatibility file has been processed (317 Rules)
2026-04-21 23:30:22,443 [INFO] DbMcusXml:78 - Set database path to: /opt/st/stm32cubeide_1.19.0/plugins/com.st.stm32cube.common.mx_6.15.0.202507011659//db//mcu/
2026-04-21 23:30:22,443 [INFO] ApiDb:274 - Set plugin database path to: /opt/st/stm32cubeide_1.19.0/plugins/com.st.stm32cube.common.mx_6.15.0.202507011659//db//plugins/boardmanager/
2026-04-21 23:30:22,443 [INFO] ApiDb:261 - Set plugin images path to: /opt/st/stm32cubeide_1.19.0/plugins/com.st.stm32cube.common.mx_6.15.0.202507011659//db//plugins/mcufinder/images/
2026-04-21 23:30:22,443 [WARN] DbFile:41 - Overriding database path with different value: /home/kamil/.stmcufinder/plugins/mcufinder/ => /home/kamil/.stmcufinder/plugins/mcufinder
2026-04-21 23:30:22,443 [INFO] ApiDb:250 - Set database path to: /home/kamil/.stmcufinder/plugins/mcufinder//mcu/
2026-04-21 23:30:22,444 [WARN] DbFile:41 - Overriding database path with different value: /home/kamil/.stmcufinder/plugins/mcufinder/ => /home/kamil/.stmcufinder/plugins/mcufinder
2026-04-21 23:30:22,444 [INFO] DbMcusAds:125 - Set database path to: /home/kamil/.stmcufinder/plugins/mcufinder//mcu/
2026-04-21 23:30:22,444 [WARN] DbFile:41 - Overriding database path with different value: /home/kamil/.stmcufinder/plugins/mcufinder/ => /home/kamil/.stmcufinder/plugins/mcufinder
2026-04-21 23:30:22,444 [WARN] DbFile:41 - Overriding database path with different value: /home/kamil/.stmcufinder/plugins/mcufinder/ => /home/kamil/.stmcufinder/plugins/mcufinder
2026-04-21 23:30:22,444 [INFO] CrossReferenceDbSqlite:203 - Set database path to: /home/kamil/.stmcufinder/plugins/mcufinder//mcu/cs/
2026-04-21 23:30:22,483 [INFO] MainPanel:274 - HeapMemory: 268435456
2026-04-21 23:30:22,543 [INFO] DbMcusXml:78 - Set database path to: /opt/st/stm32cubeide_1.19.0/plugins/com.st.stm32cube.common.mx_6.15.0.202507011659//db//mcu/
2026-04-21 23:30:22,543 [INFO] ApiDb:274 - Set plugin database path to: /opt/st/stm32cubeide_1.19.0/plugins/com.st.stm32cube.common.mx_6.15.0.202507011659//db//plugins/boardmanager/
2026-04-21 23:30:22,543 [INFO] ApiDb:261 - Set plugin images path to: /opt/st/stm32cubeide_1.19.0/plugins/com.st.stm32cube.common.mx_6.15.0.202507011659//db//plugins/mcufinder/images/
2026-04-21 23:30:22,543 [WARN] DbFile:41 - Overriding database path with different value: /home/kamil/.stmcufinder/plugins/mcufinder/ => /home/kamil/.stmcufinder/plugins/mcufinder
2026-04-21 23:30:22,543 [INFO] ApiDb:250 - Set database path to: /home/kamil/.stmcufinder/plugins/mcufinder//mcu/
2026-04-21 23:30:22,543 [WARN] DbFile:41 - Overriding database path with different value: /home/kamil/.stmcufinder/plugins/mcufinder/ => /home/kamil/.stmcufinder/plugins/mcufinder
2026-04-21 23:30:22,543 [INFO] DbMcusAds:125 - Set database path to: /home/kamil/.stmcufinder/plugins/mcufinder//mcu/
2026-04-21 23:30:22,543 [WARN] DbFile:41 - Overriding database path with different value: /home/kamil/.stmcufinder/plugins/mcufinder/ => /home/kamil/.stmcufinder/plugins/mcufinder
2026-04-21 23:30:22,543 [WARN] DbFile:41 - Overriding database path with different value: /home/kamil/.stmcufinder/plugins/mcufinder/ => /home/kamil/.stmcufinder/plugins/mcufinder
2026-04-21 23:30:22,543 [INFO] CrossReferenceDbSqlite:203 - Set database path to: /home/kamil/.stmcufinder/plugins/mcufinder//mcu/cs/
2026-04-21 23:30:22,551 [INFO] ApplicationProperties:184 - Using Application install path: /opt/st/stm32cubeide_1.19.0/plugins/com.st.stm32cube.common.mx_6.15.0.202507011659
2026-04-21 23:30:22,552 [INFO] PluginManage:196 - Search for loadable plugins [exclusion list=, ]
2026-04-21 23:30:22,553 [INFO] PluginManage:310 - Check plugin analytics
2026-04-21 23:30:22,727 [INFO] AnalyticsPlugin:253 - Accepted Software Licenses: 
2026-04-21 23:30:22,728 [INFO] AnalyticsPlugin:255 - Accepted CMSIS Pack Licenses: 
2026-04-21 23:30:22,728 [INFO] AnalyticsPlugin:257 - Accepted Firmware Licenses: FW.F4.1.28.0
2026-04-21 23:30:22,731 [INFO] PluginManage:359 - Loaded plugin analytics (category:tool,tabindex:-1)
2026-04-21 23:30:22,731 [INFO] PluginManage:310 - Check plugin cadmodel
2026-04-21 23:30:22,734 [INFO] CADModel:105 - Init CAD model plugin
2026-04-21 23:30:22,734 [INFO] PluginManage:359 - Loaded plugin cadmodel (category:power,tabindex:5)
2026-04-21 23:30:22,735 [INFO] PluginManage:310 - Check plugin clock
2026-04-21 23:30:22,741 [INFO] PluginManage:359 - Loaded plugin clock (category:base,tabindex:2)
2026-04-21 23:30:22,741 [INFO] PluginManage:310 - Check plugin ddr
2026-04-21 23:30:22,743 [INFO] PluginManage:359 - Loaded plugin ddr (category:tool,tabindex:6)
2026-04-21 23:30:22,743 [INFO] PluginManage:310 - Check plugin filemanager
2026-04-21 23:30:22,849 [INFO] PluginManage:359 - Loaded plugin filemanager (category:base,tabindex:10)
2026-04-21 23:30:22,849 [INFO] PluginManage:310 - Check plugin ipmanager
2026-04-21 23:30:22,853 [INFO] PluginManage:359 - Loaded plugin ipmanager (category:base,tabindex:5)
2026-04-21 23:30:22,853 [INFO] PluginManage:310 - Check plugin lpbam
2026-04-21 23:30:22,858 [INFO] PluginManage:359 - Loaded plugin lpbam (category:base,tabindex:0)
2026-04-21 23:30:22,858 [INFO] PluginManage:310 - Check plugin memorymap
2026-04-21 23:30:22,865 [INFO] PluginManage:359 - Loaded plugin memorymap (category:base,tabindex:4)
2026-04-21 23:30:22,866 [INFO] PluginManage:310 - Check plugin pinoutandconfiguration
2026-04-21 23:30:22,870 [INFO] PluginManage:359 - Loaded plugin pinoutandconfiguration (category:base,tabindex:1)
2026-04-21 23:30:22,870 [INFO] PluginManage:310 - Check plugin pinoutconfig
2026-04-21 23:30:22,913 [WARN] SupportedApi:132 - Cannot load RTOS API schema: s4s-elt-must-match.1: The content of 'definitions' must match (annotation?, (simpleType | complexType)?, (unique | key | keyref)*)). A problem was found starting at: attribute.
2026-04-21 23:30:22,978 [INFO] PluginManage:359 - Loaded plugin pinoutconfig (category:base,tabindex:0)
2026-04-21 23:30:22,978 [INFO] PluginManage:310 - Check plugin power
2026-04-21 23:30:22,983 [INFO] PluginManage:359 - Loaded plugin power (category:power,tabindex:4)
2026-04-21 23:30:22,983 [INFO] PluginManage:310 - Check plugin projectmanager
2026-04-21 23:30:22,995 [INFO] PluginManage:359 - Loaded plugin projectmanager (category:projectmanager,tabindex:4)
2026-04-21 23:30:22,995 [INFO] PluginManage:310 - Check plugin rif
2026-04-21 23:30:23,001 [INFO] PluginManage:359 - Loaded plugin rif (category:base,tabindex:3)
2026-04-21 23:30:23,001 [INFO] PluginManage:310 - Check plugin thirdparty
2026-04-21 23:30:23,079 [INFO] PluginManage:359 - Loaded plugin thirdparty (category:base,tabindex:-1)
2026-04-21 23:30:23,079 [INFO] PluginManage:310 - Check plugin tools
2026-04-21 23:30:23,079 [WARN] IntegrityCheckThread:84 - waiting for thirdparty lock release [integrity check]
2026-04-21 23:30:23,079 [INFO] IntegrityCheckThread:86 - entering critical section [integrity check]
2026-04-21 23:30:23,080 [INFO] ThirdPartyUpdaterWithRetryManager:70 - Updater plugin not ready yet. [1/15]
2026-04-21 23:30:23,081 [INFO] PluginManage:359 - Loaded plugin tools (category:base,tabindex:7)
2026-04-21 23:30:23,081 [INFO] PluginManage:310 - Check plugin tutovideos
2026-04-21 23:30:23,232 [INFO] PluginManage:359 - Loaded plugin tutovideos (category:base,tabindex:-1)
2026-04-21 23:30:23,233 [INFO] PluginManage:310 - Check plugin updater
2026-04-21 23:30:23,252 [INFO] PluginManage:359 - Loaded plugin updater (category:base,tabindex:12)
2026-04-21 23:30:23,252 [INFO] PluginManage:310 - Check plugin userauth
2026-04-21 23:30:23,255 [INFO] UserAuth:118 - Init User Auth plugin
2026-04-21 23:30:23,256 [INFO] PluginManage:359 - Loaded plugin userauth (category:base,tabindex:14)
2026-04-21 23:30:23,257 [INFO] PluginManage:283 - PluginManage : Loaded plugins [18]
2026-04-21 23:30:23,387 [INFO] PinOutPanel:1589 - setPackage(No Configuration,No Configuration)
2026-04-21 23:30:23,431 [INFO] CADModel:165 - CPN selected for project level
2026-04-21 23:30:23,431 [INFO] CADModel:114 - Register for checkConnection events
2026-04-21 23:30:23,436 [INFO] IPUIPlugin:80 - create IPUIPlugin
2026-04-21 23:30:23,437 [INFO] PluginManager:220 - loadIPPluginJar : add tracer_emb
2026-04-21 23:30:23,437 [INFO] IPUIPlugin:80 - create IPUIPlugin
2026-04-21 23:30:23,439 [INFO] PluginManager:220 - loadIPPluginJar : add radio
2026-04-21 23:30:23,441 [INFO] IPUIPlugin:80 - create IPUIPlugin
2026-04-21 23:30:23,441 [INFO] PluginManager:220 - loadIPPluginJar : add ddr_ctrl_phy
2026-04-21 23:30:23,444 [INFO] IPUIPlugin:80 - create IPUIPlugin
2026-04-21 23:30:23,444 [INFO] PluginManager:220 - loadIPPluginJar : add mdma
2026-04-21 23:30:23,446 [INFO] IPUIPlugin:80 - create IPUIPlugin
2026-04-21 23:30:23,446 [INFO] PluginManager:220 - loadIPPluginJar : add touchsensing
2026-04-21 23:30:23,447 [INFO] IPUIPlugin:80 - create IPUIPlugin
2026-04-21 23:30:23,447 [INFO] PluginManager:220 - loadIPPluginJar : add ucpd
2026-04-21 23:30:23,449 [INFO] IPUIPlugin:80 - create IPUIPlugin
2026-04-21 23:30:23,450 [INFO] PluginManager:220 - loadIPPluginJar : add plateformsettings
2026-04-21 23:30:23,452 [INFO] IPUIPlugin:80 - create IPUIPlugin
2026-04-21 23:30:23,452 [INFO] PluginManager:220 - loadIPPluginJar : add ipddr
2026-04-21 23:30:23,454 [INFO] IPUIPlugin:80 - create IPUIPlugin
2026-04-21 23:30:23,454 [INFO] PluginManager:220 - loadIPPluginJar : add resmgrutility
2026-04-21 23:30:23,455 [INFO] IPUIPlugin:80 - create IPUIPlugin
2026-04-21 23:30:23,455 [INFO] PluginManager:220 - loadIPPluginJar : add ts
2026-04-21 23:30:23,456 [INFO] IPUIPlugin:80 - create IPUIPlugin
2026-04-21 23:30:23,456 [INFO] PluginManager:220 - loadIPPluginJar : add dma3
2026-04-21 23:30:23,457 [INFO] IPUIPlugin:80 - create IPUIPlugin
2026-04-21 23:30:23,457 [INFO] PluginManager:220 - loadIPPluginJar : add openamp
2026-04-21 23:30:23,458 [INFO] IPUIPlugin:80 - create IPUIPlugin
2026-04-21 23:30:23,458 [INFO] PluginManager:220 - loadIPPluginJar : add opamp
2026-04-21 23:30:23,459 [INFO] IPUIPlugin:80 - create IPUIPlugin
2026-04-21 23:30:23,459 [INFO] PluginManager:220 - loadIPPluginJar : add pdm2pcm
2026-04-21 23:30:23,460 [INFO] IPUIPlugin:80 - create IPUIPlugin
2026-04-21 23:30:23,460 [INFO] PluginManager:220 - loadIPPluginJar : add gfxmmu
2026-04-21 23:30:23,461 [INFO] IPUIPlugin:80 - create IPUIPlugin
2026-04-21 23:30:23,461 [INFO] PluginManager:220 - loadIPPluginJar : add aes
2026-04-21 23:30:23,462 [INFO] IPUIPlugin:80 - create IPUIPlugin
2026-04-21 23:30:23,462 [INFO] PluginManager:220 - loadIPPluginJar : add gtzc
2026-04-21 23:30:23,463 [INFO] IPUIPlugin:80 - create IPUIPlugin
2026-04-21 23:30:23,463 [INFO] PluginManager:220 - loadIPPluginJar : add sai
2026-04-21 23:30:23,464 [INFO] IPUIPlugin:80 - create IPUIPlugin
2026-04-21 23:30:23,464 [INFO] PluginManager:220 - loadIPPluginJar : add tsc
2026-04-21 23:30:23,465 [INFO] IPUIPlugin:80 - create IPUIPlugin
2026-04-21 23:30:23,465 [INFO] PluginManager:220 - loadIPPluginJar : add usbx
2026-04-21 23:30:23,466 [INFO] IPUIPlugin:80 - create IPUIPlugin
2026-04-21 23:30:23,466 [INFO] PluginManager:220 - loadIPPluginJar : add can
2026-04-21 23:30:23,467 [INFO] IPUIPlugin:80 - create IPUIPlugin
2026-04-21 23:30:23,467 [INFO] PluginManager:220 - loadIPPluginJar : add i2c
2026-04-21 23:30:23,468 [INFO] IPUIPlugin:80 - create IPUIPlugin
2026-04-21 23:30:23,468 [INFO] PluginManager:220 - loadIPPluginJar : add lorawan
2026-04-21 23:30:23,469 [INFO] IPUIPlugin:80 - create IPUIPlugin
2026-04-21 23:30:23,469 [INFO] PluginManager:220 - loadIPPluginJar : add spi
2026-04-21 23:30:23,474 [INFO] IPUIPlugin:80 - create IPUIPlugin
2026-04-21 23:30:23,474 [INFO] PluginManager:220 - loadIPPluginJar : add linkedlist
2026-04-21 23:30:23,475 [INFO] IPUIPlugin:80 - create IPUIPlugin
2026-04-21 23:30:23,476 [INFO] PluginManager:220 - loadIPPluginJar : add fmc
2026-04-21 23:30:23,476 [INFO] IPUIPlugin:80 - create IPUIPlugin
2026-04-21 23:30:23,476 [INFO] PluginManager:220 - loadIPPluginJar : add i3c
2026-04-21 23:30:23,477 [INFO] IPUIPlugin:80 - create IPUIPlugin
2026-04-21 23:30:23,477 [INFO] PluginManager:220 - loadIPPluginJar : add ltdc
2026-04-21 23:30:23,479 [INFO] IPUIPlugin:80 - create IPUIPlugin
2026-04-21 23:30:23,479 [INFO] PluginManager:220 - loadIPPluginJar : add dma
2026-04-21 23:30:23,482 [INFO] IPUIPlugin:80 - create IPUIPlugin
2026-04-21 23:30:23,482 [INFO] PluginManager:220 - loadIPPluginJar : add freertos
2026-04-21 23:30:23,484 [INFO] IPUIPlugin:80 - create IPUIPlugin
2026-04-21 23:30:23,484 [INFO] PluginManager:220 - loadIPPluginJar : add hash
2026-04-21 23:30:23,486 [INFO] IPUIPlugin:80 - create IPUIPlugin
2026-04-21 23:30:23,486 [INFO] PluginManager:220 - loadIPPluginJar : add adc
2026-04-21 23:30:23,487 [INFO] IPUIPlugin:80 - create IPUIPlugin
2026-04-21 23:30:23,487 [INFO] PluginManager:220 - loadIPPluginJar : add usart
2026-04-21 23:30:23,490 [INFO] IPUIPlugin:80 - create IPUIPlugin
2026-04-21 23:30:23,490 [INFO] PluginManager:220 - loadIPPluginJar : add stm32_wpan
2026-04-21 23:30:23,491 [INFO] IPUIPlugin:80 - create IPUIPlugin
2026-04-21 23:30:23,491 [INFO] PluginManager:220 - loadIPPluginJar : add genericplugin
2026-04-21 23:30:23,492 [INFO] IPUIPlugin:80 - create IPUIPlugin
2026-04-21 23:30:23,492 [INFO] PluginManager:220 - loadIPPluginJar : add gpio
2026-04-21 23:30:23,494 [INFO] IPUIPlugin:80 - create IPUIPlugin
2026-04-21 23:30:23,494 [INFO] PluginManager:220 - loadIPPluginJar : add nvic
2026-04-21 23:30:23,495 [INFO] IPUIPlugin:80 - create IPUIPlugin
2026-04-21 23:30:23,495 [INFO] PluginManager:220 - loadIPPluginJar : add dfsdm
2026-04-21 23:30:23,495 [INFO] IPUIPlugin:80 - create IPUIPlugin
2026-04-21 23:30:23,495 [INFO] PluginManager:220 - loadIPPluginJar : add fatfs
2026-04-21 23:30:23,496 [INFO] IPUIPlugin:80 - create IPUIPlugin
2026-04-21 23:30:23,496 [INFO] PluginManager:220 - loadIPPluginJar : add comp
2026-04-21 23:30:23,497 [INFO] IPUIPlugin:80 - create IPUIPlugin
2026-04-21 23:30:23,497 [INFO] PluginManager:220 - loadIPPluginJar : add i2s
2026-04-21 23:30:23,498 [INFO] IPUIPlugin:80 - create IPUIPlugin
2026-04-21 23:30:23,498 [INFO] PluginManager:220 - loadIPPluginJar : add cryp
2026-04-21 23:30:23,498 [INFO] IPUIPlugin:80 - create IPUIPlugin
2026-04-21 23:30:23,498 [INFO] PluginManager:220 - loadIPPluginJar : add quadspi
2026-04-21 23:30:23,501 [INFO] IPUIPlugin:80 - create IPUIPlugin
2026-04-21 23:30:23,501 [INFO] PluginManager:220 - loadIPPluginJar : add gic
2026-04-21 23:30:23,502 [INFO] IPUIPlugin:80 - create IPUIPlugin
2026-04-21 23:30:23,502 [INFO] PluginManager:220 - loadIPPluginJar : add tim
2026-04-21 23:30:23,503 [INFO] IPUIPlugin:80 - create IPUIPlugin
2026-04-21 23:30:23,503 [INFO] PluginManager:220 - loadIPPluginJar : add extmemmanager
2026-04-21 23:30:23,591 [FATAL] Updater:351 - Updater called before beeing initialized
2026-04-21 23:30:23,610 [INFO] RulesReader:64 - Compatibility file has been processed (317 Rules)
2026-04-21 23:30:23,619 [INFO] RulesReader:64 - Compatibility file has been processed (317 Rules)
2026-04-21 23:30:23,624 [INFO] CADModel:165 - CPN selected for project level
2026-04-21 23:30:23,624 [INFO] CADModel:114 - Register for checkConnection events
2026-04-21 23:30:23,624 [FATAL] Updater:351 - Updater called before beeing initialized
2026-04-21 23:30:23,624 [ERROR] CADModel:125 - Updater not yet initialized, retry later 
2026-04-21 23:30:23,691 [FATAL] Updater:351 - Updater called before beeing initialized
2026-04-21 23:30:23,692 [INFO] CADModel:165 - CPN selected for project level
2026-04-21 23:30:23,692 [INFO] CADModel:114 - Register for checkConnection events
2026-04-21 23:30:23,692 [FATAL] Updater:351 - Updater called before beeing initialized
2026-04-21 23:30:23,692 [ERROR] CADModel:125 - Updater not yet initialized, retry later 
2026-04-21 23:30:23,694 [FATAL] Updater:351 - Updater called before beeing initialized
2026-04-21 23:30:23,740 [FATAL] Updater:351 - Updater called before beeing initialized
2026-04-21 23:30:23,742 [INFO] DbMcusAds:53 - JSON generation date=Wed Feb 18 15:32:49 CET 2026 (1771425169371)
2026-04-21 23:30:23,742 [FATAL] Updater:351 - Updater called before beeing initialized
2026-04-21 23:30:23,761 [WARN] DetailPanel:346 - Failed to get advertising image, set to default
2026-04-21 23:30:23,810 [FATAL] Updater:351 - Updater called before beeing initialized
2026-04-21 23:30:23,811 [FATAL] Updater:351 - Updater called before beeing initialized
2026-04-21 23:30:23,812 [FATAL] Updater:351 - Updater called before beeing initialized
2026-04-21 23:30:23,812 [WARN] DetailPanel:346 - Failed to get advertising image, set to default
2026-04-21 23:30:23,812 [FATAL] Updater:351 - Updater called before beeing initialized
2026-04-21 23:30:23,833 [ERROR] Updater:1198 - MainUpdater not yet initialized. External WinMGr cannot be set.
2026-04-21 23:30:23,834 [INFO] Updater:1134 - Updater Version found : 6.15.0
2026-04-21 23:30:23,844 [INFO] ApplicationProperties:184 - Using Application install path: /opt/st/stm32cubeide_1.19.0/plugins/com.st.stm32cube.common.mx_6.15.0.202507011659
2026-04-21 23:30:24,113 [INFO] MainUpdater:2872 - connection check result : 10
2026-04-21 23:30:24,113 [INFO] MainUpdater:289 - Updater Check For Update Now.
2026-04-21 23:30:24,113 [INFO] MicroXplorer:498 - Change Database Version : DB.6.0.150
2026-04-21 23:30:24,261 [INFO] CheckServerUpdateThread:120 - End of CheckServer Thread
2026-04-21 23:30:24,323 [INFO] MainUpdater:2872 - connection check result : 10
2026-04-21 23:30:24,324 [INFO] MainUpdater:2872 - connection check result : 10
2026-04-21 23:30:26,172 [WARN] PackLoader:240 - Cannot read IP mode file for STMicroelectronics.X-CUBE-AZRTOS-H7.3.5.0
2026-04-21 23:30:26,179 [WARN] PackLoader:240 - Cannot read IP mode file for STMicroelectronics.FP-SNS-MOTENVWB1.1.4.0
2026-04-21 23:30:26,181 [WARN] PackLoader:240 - Cannot read IP mode file for STMicroelectronics.FP-ATR-ASTRA1.2.0.2
2026-04-21 23:30:26,185 [WARN] PackLoader:240 - Cannot read IP mode file for STMicroelectronics.X-CUBE-SMBUS.2.1.0
2026-04-21 23:30:26,187 [WARN] PackLoader:240 - Cannot read IP mode file for STMicroelectronics.X-CUBE-ST60.1.0.0
2026-04-21 23:30:26,197 [WARN] PackLoader:240 - Cannot read IP mode file for STMicroelectronics.X-CUBE-AZRTOS-F7.1.1.0
2026-04-21 23:30:26,201 [WARN] PackLoader:240 - Cannot read IP mode file for Cesanta.I-CUBE-Mongoose.7.19.0
2026-04-21 23:30:26,203 [WARN] PackLoader:240 - Cannot read IP mode file for STMicroelectronics.FP-SNS-MOTENV1.5.1.0
2026-04-21 23:30:26,209 [WARN] PackLoader:240 - Cannot read IP mode file for WES.I-CUBE-Cesium.1.4.0
2026-04-21 23:30:26,223 [WARN] PackLoader:240 - Cannot read IP mode file for Infineon.AIROC-Wi-Fi-Bluetooth-STM32.1.7.1
2026-04-21 23:30:26,245 [WARN] PackLoader:240 - Cannot read IP mode file for STMicroelectronics.X-CUBE-AZRTOS-H7.3.4.0
2026-04-21 23:30:26,252 [WARN] PackLoader:240 - Cannot read IP mode file for STMicroelectronics.X-CUBE-DISPLAY.3.0.0
2026-04-21 23:30:26,258 [WARN] PackLoader:240 - Cannot read IP mode file for STMicroelectronics.FP-SNS-MOTENVWB1.1.5.0
2026-04-21 23:30:26,262 [WARN] PackLoader:240 - Cannot read IP mode file for STMicroelectronics.X-CUBE-NFC10.1.0.0
2026-04-21 23:30:26,266 [WARN] PackLoader:240 - Cannot read IP mode file for STMicroelectronics.X-CUBE-ST60.1.1.0
2026-04-21 23:30:26,269 [WARN] PackLoader:240 - Cannot read IP mode file for emotas.I-CUBE-CANOPEN.1.3.0
2026-04-21 23:30:26,272 [WARN] PackLoader:240 - Cannot read IP mode file for STMicroelectronics.X-CUBE-GNSS1.7.1.0
2026-04-21 23:30:26,276 [WARN] PackLoader:240 - Cannot read IP mode file for STMicroelectronics.FP-SNS-SMARTAG2.1.2.0
2026-04-21 23:30:26,278 [WARN] PackLoader:240 - Cannot read IP mode file for STMicroelectronics.FP-SNS-FLIGHT1.5.1.0
2026-04-21 23:30:26,283 [INFO] LogOutputStream:77 - [STDOUT_REDIRECT] 1 : Invalid condition id : UX_CORESTACK_Condition cause : null
2026-04-21 23:30:26,284 [INFO] LogOutputStream:77 - [STDOUT_REDIRECT] 1 : Invalid condition id : UX_CORESTACK_Condition cause : null
2026-04-21 23:30:26,284 [INFO] LogOutputStream:77 - [STDOUT_REDIRECT] 1 : Invalid condition id : UX_CORESTACK_Condition cause : null
2026-04-21 23:30:26,284 [INFO] LogOutputStream:77 - [STDOUT_REDIRECT] 1 : Invalid condition id : UX_CORESTACK_Condition cause : null
2026-04-21 23:30:26,284 [INFO] LogOutputStream:77 - [STDOUT_REDIRECT] 1 : Invalid condition id : UX_CORESTACK_Condition cause : null
2026-04-21 23:30:26,286 [WARN] PackLoader:240 - Cannot read IP mode file for STMicroelectronics.X-CUBE-AZRTOS-WL.2.0.0
2026-04-21 23:30:26,289 [WARN] PackLoader:240 - Cannot read IP mode file for STMicroelectronics.FP-SNS-MOTENV1.5.0.0
2026-04-21 23:30:26,300 [WARN] PackLoader:240 - Cannot read IP mode file for STMicroelectronics.X-CUBE-AZRTOS-H7RS.1.2.0
2026-04-21 23:30:26,304 [WARN] PackLoader:240 - Cannot read IP mode file for STMicroelectronics.X-CUBE-BLE2.3.3.0
2026-04-21 23:30:26,316 [WARN] PackLoader:240 - Cannot read IP mode file for STMicroelectronics.X-CUBE-NFC9.1.0.0
2026-04-21 23:30:26,319 [WARN] PackLoader:240 - Cannot read IP mode file for wolfSSL.I-CUBE-wolfSSL.5.8.2
2026-04-21 23:30:26,322 [WARN] PackLoader:240 - Cannot read IP mode file for STMicroelectronics.X-CUBE-BLE1.7.1.0
2026-04-21 23:30:26,324 [WARN] PackLoader:240 - Cannot read IP mode file for wolfSSL.I-CUBE-wolfMQTT.1.19.2
2026-04-21 23:30:26,326 [WARN] PackLoader:240 - Cannot read IP mode file for STMicroelectronics.X-CUBE-FREERTOS.1.4.0
2026-04-21 23:30:26,330 [WARN] PackLoader:240 - Cannot read IP mode file for STMicroelectronics.X-CUBE-EEPRMA1.5.2.0
2026-04-21 23:30:26,334 [WARN] PackLoader:240 - Cannot read IP mode file for STMicroelectronics.X-CUBE-ST67W61.1.1.0
2026-04-21 23:30:26,358 [WARN] PackLoader:240 - Cannot read IP mode file for STMicroelectronics.X-CUBE-MEMS1.12.0.0
2026-04-21 23:30:26,424 [WARN] PackLoader:240 - Cannot read IP mode file for STMicroelectronics.X-CUBE-AZRTOS-G0.1.1.0
2026-04-21 23:30:26,429 [WARN] PackLoader:240 - Cannot read IP mode file for STMicroelectronics.X-CUBE-SAFEA1.1.2.2
2026-04-21 23:30:26,432 [WARN] PackLoader:240 - Cannot read IP mode file for STMicroelectronics.X-CUBE-NFC4.3.0.0
2026-04-21 23:30:26,437 [WARN] PackLoader:240 - Cannot read IP mode file for EmbeddedOffice.I-CUBE-FS-RTOS.1.0.1
2026-04-21 23:30:26,440 [WARN] PackLoader:240 - Cannot read IP mode file for STMicroelectronics.X-CUBE-WB05N.2.0.0
2026-04-21 23:30:26,442 [WARN] PackLoader:240 - Cannot read IP mode file for wolfSSL.I-CUBE-wolfTPM.3.8.0
2026-04-21 23:30:26,445 [WARN] PackLoader:240 - Cannot read IP mode file for STMicroelectronics.X-CUBE-TCPP.4.2.0
2026-04-21 23:30:26,448 [WARN] PackLoader:240 - Cannot read IP mode file for RealThread.X-CUBE-RT-Thread_Nano.4.1.1
2026-04-21 23:30:26,450 [WARN] PackLoader:240 - Cannot read IP mode file for STMicroelectronics.FP-ATR-SIGFOX1.3.2.0
2026-04-21 23:30:26,453 [WARN] PackLoader:240 - Cannot read IP mode file for STMicroelectronics.X-CUBE-FREERTOS.1.5.0
2026-04-21 23:30:26,456 [WARN] PackLoader:240 - Cannot read IP mode file for ITTIA_DB.I-CUBE-ITTIADB.8.9.0
2026-04-21 23:30:26,459 [WARN] PackLoader:240 - Cannot read IP mode file for STMicroelectronics.X-CUBE-NFC6.3.2.0
2026-04-21 23:30:26,476 [WARN] PackLoader:240 - Cannot read IP mode file for SEGGER.I-CUBE-embOS.1.3.1
2026-04-21 23:30:26,497 [WARN] PackLoader:240 - Cannot read IP mode file for STMicroelectronics.X-CUBE-ALGOBUILD.1.4.0
2026-04-21 23:30:26,520 [WARN] PackLoader:240 - Cannot read IP mode file for STMicroelectronics.X-CUBE-MEMS1.11.3.0
2026-04-21 23:30:26,580 [WARN] PackLoader:240 - Cannot read IP mode file for STMicroelectronics.X-CUBE-PM33A1.1.0.0
2026-04-21 23:30:26,590 [WARN] PackLoader:240 - Cannot read IP mode file for STMicroelectronics.X-CUBE-AZRTOS-F4.1.1.0
2026-04-21 23:30:26,603 [WARN] PackLoader:240 - Cannot read IP mode file for STMicroelectronics.X-CUBE-ISPU.2.1.0
2026-04-21 23:30:26,611 [WARN] PackLoader:240 - Cannot read IP mode file for STMicroelectronics.X-CUBE-IPS.3.2.0
2026-04-21 23:30:26,617 [WARN] PackLoader:240 - Cannot read IP mode file for STMicroelectronics.eDS-WB_DPC_TT-BIDIR.2.1.1
2026-04-21 23:30:26,620 [WARN] PackLoader:240 - Cannot read IP mode file for STMicroelectronics.X-CUBE-NFC12.1.0.0
2026-04-21 23:30:26,630 [WARN] PackLoader:240 - Cannot read IP mode file for STMicroelectronics.X-CUBE-AZRTOS-L5.2.0.0
2026-04-21 23:30:26,634 [WARN] PackLoader:240 - Cannot read IP mode file for STMicroelectronics.X-CUBE-NFC6.3.1.0
2026-04-21 23:30:26,635 [WARN] PackLoader:240 - Cannot read IP mode file for STMicroelectronics.eDS-WB_DPC_VIENNA.1.2.0
2026-04-21 23:30:26,636 [WARN] PackLoader:240 - Cannot read IP mode file for STMicroelectronics.eDS-WB_DPC_3PH2L-BIDIR.1.1.1
2026-04-21 23:30:26,638 [ERROR] Engine:466 - /home/kamil/.stm32cubemx/thirdparties/pdsc/STMicroelectronics.X-CUBE-ST67W61.1.3.0.pdsc: PDSC version is not supported
2026-04-21 23:30:26,640 [WARN] PackLoader:240 - Cannot read IP mode file for STMicroelectronics.X-CUBE-FREERTOS.1.3.1
2026-04-21 23:30:26,642 [WARN] PackLoader:240 - Cannot read IP mode file for STMicroelectronics.X-CUBE-TOUCHGFX.4.26.0
2026-04-21 23:30:26,643 [WARN] PackLoader:240 - Cannot read IP mode file for STMicroelectronics.X-CUBE-TOUCHGFX.4.26.1
2026-04-21 23:30:26,645 [WARN] PackLoader:240 - Cannot read IP mode file for STMicroelectronics.X-CUBE-DPower.1.3.0
2026-04-21 23:30:26,650 [WARN] ConditionMgr:438 - getConditionDescription Invalid condition id : LAN8742 Phy interface Condition cause : null
2026-04-21 23:30:26,651 [WARN] PackLoader:240 - Cannot read IP mode file for STMicroelectronics.X-CUBE-AZRTOS-L4.2.0.0
2026-04-21 23:30:26,651 [WARN] ConditionMgr:1044 - genDependencies : Invalid condition id : LAN8742 Phy interface Condition cause : null
2026-04-21 23:30:26,651 [WARN] ConditionMgr:1044 - genDependencies : Invalid condition id : LAN8742 Phy interface Condition cause : null
2026-04-21 23:30:26,651 [WARN] ConditionMgr:1044 - genDependencies : Invalid condition id : LAN8742 Phy interface Condition cause : null
2026-04-21 23:30:26,654 [WARN] PackLoader:240 - Cannot read IP mode file for STMicroelectronics.X-CUBE-SFXS2LP1.4.0.0
2026-04-21 23:30:26,656 [WARN] PackLoader:240 - Cannot read IP mode file for STMicroelectronics.X-CUBE-WB05N.2.1.0
2026-04-21 23:30:26,658 [WARN] PackLoader:240 - Cannot read IP mode file for STMicroelectronics.X-CUBE-ST67W61.1.2.0
2026-04-21 23:30:26,662 [WARN] PackLoader:240 - Cannot read IP mode file for STMicroelectronics.X-CUBE-BLEMGR.4.1.0
2026-04-21 23:30:26,668 [WARN] ConditionMgr:438 - getConditionDescription Invalid condition id : UX DEVICE CLASS RTOS Condition cause : null
2026-04-21 23:30:26,668 [WARN] ConditionMgr:438 - getConditionDescription Invalid condition id : UX DEVICE CLASS RTOS Condition cause : null
2026-04-21 23:30:26,671 [WARN] PackLoader:240 - Cannot read IP mode file for STMicroelectronics.X-CUBE-AZRTOS-WB.2.0.0
2026-04-21 23:30:26,672 [WARN] ConditionMgr:1044 - genDependencies : Invalid condition id : UX DEVICE CLASS RTOS Condition cause : null
2026-04-21 23:30:26,672 [WARN] ConditionMgr:1044 - genDependencies : Invalid condition id : UX DEVICE CLASS RTOS Condition cause : null
2026-04-21 23:30:26,672 [WARN] ConditionMgr:1044 - genDependencies : Invalid condition id : UX DEVICE CLASS RTOS Condition cause : null
2026-04-21 23:30:26,672 [WARN] ConditionMgr:1044 - genDependencies : Invalid condition id : UX DEVICE CLASS RTOS Condition cause : null
2026-04-21 23:30:26,672 [WARN] ConditionMgr:1044 - genDependencies : Invalid condition id : UX DEVICE CLASS RTOS Condition cause : null
2026-04-21 23:30:26,674 [WARN] PackLoader:240 - Cannot read IP mode file for STMicroelectronics.X-CUBE-GNSS1.7.0.1
2026-04-21 23:30:26,676 [WARN] ConditionMgr:438 - getConditionDescription Invalid condition id : Cortex-A Device cause : null
2026-04-21 23:30:26,679 [WARN] ConditionMgr:1044 - genDependencies : Invalid condition id : Cortex-A Device cause : null
2026-04-21 23:30:26,679 [WARN] ConditionMgr:1044 - genDependencies : Invalid condition id : Cortex-A Device cause : null
2026-04-21 23:30:26,680 [WARN] ConditionMgr:1044 - genDependencies : Invalid condition id : Cortex-A Device cause : null
2026-04-21 23:30:26,682 [WARN] PackLoader:240 - Cannot read IP mode file for STMicroelectronics.X-CUBE-STSE01.2.0.0
2026-04-21 23:30:26,686 [WARN] PackLoader:240 - Cannot read IP mode file for STMicroelectronics.X-CUBE-SUBG2.5.0.0
2026-04-21 23:30:26,693 [WARN] PackLoader:240 - Cannot read IP mode file for STMicroelectronics.X-CUBE-AZRTOS-H7RS.1.1.0
2026-04-21 23:30:26,699 [WARN] PackLoader:240 - Cannot read IP mode file for STMicroelectronics.X-CUBE-AZRTOS-G4.2.0.0
2026-04-21 23:30:26,701 [WARN] PackLoader:240 - Cannot read IP mode file for wolfSSL.I-CUBE-wolfSSH.1.4.20
2026-04-21 23:30:26,703 [WARN] PackLoader:240 - Cannot read IP mode file for STMicroelectronics.X-CUBE-NFC7.2.0.0
2026-04-21 23:30:26,705 [WARN] PackLoader:240 - Cannot read IP mode file for STMicroelectronics.X-CUBE-ALS.1.0.2
2026-04-21 23:30:26,707 [WARN] PackLoader:240 - Cannot read IP mode file for STMicroelectronics.X-CUBE-STSE01.1.0.0
2026-04-21 23:30:26,712 [WARN] PackLoader:240 - Cannot read IP mode file for STMicroelectronics.X-CUBE-TOF1.3.4.3
2026-04-21 23:30:26,718 [INFO] ThirdParty:978 - Integrity check success = true
2026-04-21 23:30:26,718 [INFO] IntegrityCheckThread:100 - exiting critical section [integrity check]
2026-04-21 23:30:26,718 [INFO] IntegrityCheckThread:103 - End integrity checks thread
2026-04-21 23:44:12,073 [INFO] Activator:176 - 


2026-04-21 23:44:12,074 [INFO] Activator:177 - !SESSION log4j initialized
2026-04-21 23:44:13,591 [INFO] LogOutputStream:77 - [STDOUT_REDIRECT] 
