2026-03-29 16:21:18,178 [INFO] Activator:176 - 


2026-03-29 16:21:18,181 [INFO] Activator:177 - !SESSION log4j initialized
2026-03-29 16:21:21,882 [INFO] LogOutputStream:77 - [STDOUT_REDIRECT] 
2026-03-29 16:21:23,335 [INFO] ApplicationProperties:184 - Using Application install path: /opt/st/stm32cubeide_1.19.0/plugins/com.st.stm32cube.common.mx_6.15.0.202507011659
2026-03-29 16:21:23,349 [INFO] DbMcusXml:78 - Set database path to: /opt/st/stm32cubeide_1.19.0/plugins/com.st.stm32cube.common.mx_6.15.0.202507011659//db//mcu/
2026-03-29 16:21:23,349 [INFO] ApiDb:274 - Set plugin database path to: /opt/st/stm32cubeide_1.19.0/plugins/com.st.stm32cube.common.mx_6.15.0.202507011659//db//plugins/boardmanager/
2026-03-29 16:21:23,349 [WARN] ApiDb:259 - Overriding images path with different value:  => /opt/st/stm32cubeide_1.19.0/plugins/com.st.stm32cube.common.mx_6.15.0.202507011659//db//plugins/mcufinder/images/
2026-03-29 16:21:23,354 [INFO] ApiDb:250 - Set database path to: /home/kamil/.stmcufinder/plugins/mcufinder//mcu/
2026-03-29 16:21:23,355 [INFO] DbMcusAds:125 - Set database path to: /home/kamil/.stmcufinder/plugins/mcufinder//mcu/
2026-03-29 16:21:23,356 [INFO] CrossReferenceDbSqlite:203 - Set database path to: /home/kamil/.stmcufinder/plugins/mcufinder//mcu/cs/
2026-03-29 16:21:23,432 [INFO] RulesReader:64 - Compatibility file has been processed (317 Rules)
2026-03-29 16:21:23,484 [INFO] DbMcusXml:78 - Set database path to: /opt/st/stm32cubeide_1.19.0/plugins/com.st.stm32cube.common.mx_6.15.0.202507011659//db//mcu/
2026-03-29 16:21:23,485 [INFO] ApiDb:274 - Set plugin database path to: /opt/st/stm32cubeide_1.19.0/plugins/com.st.stm32cube.common.mx_6.15.0.202507011659//db//plugins/boardmanager/
2026-03-29 16:21:23,485 [INFO] ApiDb:261 - Set plugin images path to: /opt/st/stm32cubeide_1.19.0/plugins/com.st.stm32cube.common.mx_6.15.0.202507011659//db//plugins/mcufinder/images/
2026-03-29 16:21:23,485 [WARN] DbFile:41 - Overriding database path with different value: /home/kamil/.stmcufinder/plugins/mcufinder/ => /home/kamil/.stmcufinder/plugins/mcufinder
2026-03-29 16:21:23,485 [INFO] ApiDb:250 - Set database path to: /home/kamil/.stmcufinder/plugins/mcufinder//mcu/
2026-03-29 16:21:23,485 [WARN] DbFile:41 - Overriding database path with different value: /home/kamil/.stmcufinder/plugins/mcufinder/ => /home/kamil/.stmcufinder/plugins/mcufinder
2026-03-29 16:21:23,485 [INFO] DbMcusAds:125 - Set database path to: /home/kamil/.stmcufinder/plugins/mcufinder//mcu/
2026-03-29 16:21:23,485 [WARN] DbFile:41 - Overriding database path with different value: /home/kamil/.stmcufinder/plugins/mcufinder/ => /home/kamil/.stmcufinder/plugins/mcufinder
2026-03-29 16:21:23,485 [WARN] DbFile:41 - Overriding database path with different value: /home/kamil/.stmcufinder/plugins/mcufinder/ => /home/kamil/.stmcufinder/plugins/mcufinder
2026-03-29 16:21:23,485 [INFO] CrossReferenceDbSqlite:203 - Set database path to: /home/kamil/.stmcufinder/plugins/mcufinder//mcu/cs/
2026-03-29 16:21:23,536 [INFO] MainPanel:274 - HeapMemory: 268435456
2026-03-29 16:21:23,617 [INFO] DbMcusXml:78 - Set database path to: /opt/st/stm32cubeide_1.19.0/plugins/com.st.stm32cube.common.mx_6.15.0.202507011659//db//mcu/
2026-03-29 16:21:23,617 [INFO] ApiDb:274 - Set plugin database path to: /opt/st/stm32cubeide_1.19.0/plugins/com.st.stm32cube.common.mx_6.15.0.202507011659//db//plugins/boardmanager/
2026-03-29 16:21:23,617 [INFO] ApiDb:261 - Set plugin images path to: /opt/st/stm32cubeide_1.19.0/plugins/com.st.stm32cube.common.mx_6.15.0.202507011659//db//plugins/mcufinder/images/
2026-03-29 16:21:23,617 [WARN] DbFile:41 - Overriding database path with different value: /home/kamil/.stmcufinder/plugins/mcufinder/ => /home/kamil/.stmcufinder/plugins/mcufinder
2026-03-29 16:21:23,617 [INFO] ApiDb:250 - Set database path to: /home/kamil/.stmcufinder/plugins/mcufinder//mcu/
2026-03-29 16:21:23,617 [WARN] DbFile:41 - Overriding database path with different value: /home/kamil/.stmcufinder/plugins/mcufinder/ => /home/kamil/.stmcufinder/plugins/mcufinder
2026-03-29 16:21:23,617 [INFO] DbMcusAds:125 - Set database path to: /home/kamil/.stmcufinder/plugins/mcufinder//mcu/
2026-03-29 16:21:23,617 [WARN] DbFile:41 - Overriding database path with different value: /home/kamil/.stmcufinder/plugins/mcufinder/ => /home/kamil/.stmcufinder/plugins/mcufinder
2026-03-29 16:21:23,617 [WARN] DbFile:41 - Overriding database path with different value: /home/kamil/.stmcufinder/plugins/mcufinder/ => /home/kamil/.stmcufinder/plugins/mcufinder
2026-03-29 16:21:23,618 [INFO] CrossReferenceDbSqlite:203 - Set database path to: /home/kamil/.stmcufinder/plugins/mcufinder//mcu/cs/
2026-03-29 16:21:23,628 [INFO] ApplicationProperties:184 - Using Application install path: /opt/st/stm32cubeide_1.19.0/plugins/com.st.stm32cube.common.mx_6.15.0.202507011659
2026-03-29 16:21:23,629 [INFO] PluginManage:196 - Search for loadable plugins [exclusion list=, ]
2026-03-29 16:21:23,630 [INFO] PluginManage:310 - Check plugin analytics
2026-03-29 16:21:23,723 [INFO] AnalyticsPlugin:253 - Accepted Software Licenses: 
2026-03-29 16:21:23,724 [INFO] AnalyticsPlugin:255 - Accepted CMSIS Pack Licenses: 
2026-03-29 16:21:23,724 [INFO] AnalyticsPlugin:257 - Accepted Firmware Licenses: FW.F4.1.28.0
2026-03-29 16:21:23,725 [INFO] PluginManage:359 - Loaded plugin analytics (category:tool,tabindex:-1)
2026-03-29 16:21:23,725 [INFO] PluginManage:310 - Check plugin cadmodel
2026-03-29 16:21:23,729 [INFO] CADModel:105 - Init CAD model plugin
2026-03-29 16:21:23,729 [INFO] PluginManage:359 - Loaded plugin cadmodel (category:power,tabindex:5)
2026-03-29 16:21:23,730 [INFO] PluginManage:310 - Check plugin clock
2026-03-29 16:21:23,736 [INFO] PluginManage:359 - Loaded plugin clock (category:base,tabindex:2)
2026-03-29 16:21:23,736 [INFO] PluginManage:310 - Check plugin ddr
2026-03-29 16:21:23,737 [INFO] PluginManage:359 - Loaded plugin ddr (category:tool,tabindex:6)
2026-03-29 16:21:23,737 [INFO] PluginManage:310 - Check plugin filemanager
2026-03-29 16:21:23,836 [INFO] PluginManage:359 - Loaded plugin filemanager (category:base,tabindex:10)
2026-03-29 16:21:23,837 [INFO] PluginManage:310 - Check plugin ipmanager
2026-03-29 16:21:23,840 [INFO] PluginManage:359 - Loaded plugin ipmanager (category:base,tabindex:5)
2026-03-29 16:21:23,840 [INFO] PluginManage:310 - Check plugin lpbam
2026-03-29 16:21:23,846 [INFO] PluginManage:359 - Loaded plugin lpbam (category:base,tabindex:0)
2026-03-29 16:21:23,846 [INFO] PluginManage:310 - Check plugin memorymap
2026-03-29 16:21:23,856 [INFO] PluginManage:359 - Loaded plugin memorymap (category:base,tabindex:4)
2026-03-29 16:21:23,856 [INFO] PluginManage:310 - Check plugin pinoutandconfiguration
2026-03-29 16:21:23,863 [INFO] PluginManage:359 - Loaded plugin pinoutandconfiguration (category:base,tabindex:1)
2026-03-29 16:21:23,863 [INFO] PluginManage:310 - Check plugin pinoutconfig
2026-03-29 16:21:23,916 [WARN] SupportedApi:132 - Cannot load RTOS API schema: s4s-elt-must-match.1: The content of 'definitions' must match (annotation?, (simpleType | complexType)?, (unique | key | keyref)*)). A problem was found starting at: attribute.
2026-03-29 16:21:24,018 [INFO] PluginManage:359 - Loaded plugin pinoutconfig (category:base,tabindex:0)
2026-03-29 16:21:24,018 [INFO] PluginManage:310 - Check plugin power
2026-03-29 16:21:24,026 [INFO] PluginManage:359 - Loaded plugin power (category:power,tabindex:4)
2026-03-29 16:21:24,027 [INFO] PluginManage:310 - Check plugin projectmanager
2026-03-29 16:21:24,039 [INFO] PluginManage:359 - Loaded plugin projectmanager (category:projectmanager,tabindex:4)
2026-03-29 16:21:24,039 [INFO] PluginManage:310 - Check plugin rif
2026-03-29 16:21:24,047 [INFO] PluginManage:359 - Loaded plugin rif (category:base,tabindex:3)
2026-03-29 16:21:24,047 [INFO] PluginManage:310 - Check plugin thirdparty
2026-03-29 16:21:24,151 [INFO] PluginManage:359 - Loaded plugin thirdparty (category:base,tabindex:-1)
2026-03-29 16:21:24,151 [WARN] IntegrityCheckThread:84 - waiting for thirdparty lock release [integrity check]
2026-03-29 16:21:24,151 [INFO] PluginManage:310 - Check plugin tools
2026-03-29 16:21:24,151 [INFO] IntegrityCheckThread:86 - entering critical section [integrity check]
2026-03-29 16:21:24,151 [INFO] ThirdPartyUpdaterWithRetryManager:70 - Updater plugin not ready yet. [1/15]
2026-03-29 16:21:24,153 [INFO] PluginManage:359 - Loaded plugin tools (category:base,tabindex:7)
2026-03-29 16:21:24,153 [INFO] PluginManage:310 - Check plugin tutovideos
2026-03-29 16:21:24,283 [INFO] PluginManage:359 - Loaded plugin tutovideos (category:base,tabindex:-1)
2026-03-29 16:21:24,284 [INFO] PluginManage:310 - Check plugin updater
2026-03-29 16:21:24,302 [INFO] PluginManage:359 - Loaded plugin updater (category:base,tabindex:12)
2026-03-29 16:21:24,302 [INFO] PluginManage:310 - Check plugin userauth
2026-03-29 16:21:24,305 [INFO] UserAuth:118 - Init User Auth plugin
2026-03-29 16:21:24,306 [INFO] PluginManage:359 - Loaded plugin userauth (category:base,tabindex:14)
2026-03-29 16:21:24,306 [INFO] PluginManage:283 - PluginManage : Loaded plugins [18]
2026-03-29 16:21:24,430 [INFO] PinOutPanel:1589 - setPackage(No Configuration,No Configuration)
2026-03-29 16:21:24,487 [INFO] CADModel:165 - CPN selected for project level
2026-03-29 16:21:24,487 [INFO] CADModel:114 - Register for checkConnection events
2026-03-29 16:21:24,494 [INFO] IPUIPlugin:80 - create IPUIPlugin
2026-03-29 16:21:24,495 [INFO] PluginManager:220 - loadIPPluginJar : add tracer_emb
2026-03-29 16:21:24,496 [INFO] IPUIPlugin:80 - create IPUIPlugin
2026-03-29 16:21:24,496 [INFO] PluginManager:220 - loadIPPluginJar : add radio
2026-03-29 16:21:24,500 [INFO] IPUIPlugin:80 - create IPUIPlugin
2026-03-29 16:21:24,500 [INFO] PluginManager:220 - loadIPPluginJar : add ddr_ctrl_phy
2026-03-29 16:21:24,505 [INFO] IPUIPlugin:80 - create IPUIPlugin
2026-03-29 16:21:24,505 [INFO] PluginManager:220 - loadIPPluginJar : add mdma
2026-03-29 16:21:24,507 [INFO] IPUIPlugin:80 - create IPUIPlugin
2026-03-29 16:21:24,508 [INFO] PluginManager:220 - loadIPPluginJar : add touchsensing
2026-03-29 16:21:24,509 [INFO] IPUIPlugin:80 - create IPUIPlugin
2026-03-29 16:21:24,509 [INFO] PluginManager:220 - loadIPPluginJar : add ucpd
2026-03-29 16:21:24,513 [INFO] IPUIPlugin:80 - create IPUIPlugin
2026-03-29 16:21:24,515 [INFO] PluginManager:220 - loadIPPluginJar : add plateformsettings
2026-03-29 16:21:24,518 [INFO] IPUIPlugin:80 - create IPUIPlugin
2026-03-29 16:21:24,518 [INFO] PluginManager:220 - loadIPPluginJar : add ipddr
2026-03-29 16:21:24,522 [INFO] IPUIPlugin:80 - create IPUIPlugin
2026-03-29 16:21:24,522 [INFO] PluginManager:220 - loadIPPluginJar : add resmgrutility
2026-03-29 16:21:24,523 [INFO] IPUIPlugin:80 - create IPUIPlugin
2026-03-29 16:21:24,524 [INFO] PluginManager:220 - loadIPPluginJar : add ts
2026-03-29 16:21:24,525 [INFO] IPUIPlugin:80 - create IPUIPlugin
2026-03-29 16:21:24,525 [INFO] PluginManager:220 - loadIPPluginJar : add dma3
2026-03-29 16:21:24,527 [INFO] IPUIPlugin:80 - create IPUIPlugin
2026-03-29 16:21:24,527 [INFO] PluginManager:220 - loadIPPluginJar : add openamp
2026-03-29 16:21:24,529 [INFO] IPUIPlugin:80 - create IPUIPlugin
2026-03-29 16:21:24,529 [INFO] PluginManager:220 - loadIPPluginJar : add opamp
2026-03-29 16:21:24,530 [INFO] IPUIPlugin:80 - create IPUIPlugin
2026-03-29 16:21:24,530 [INFO] PluginManager:220 - loadIPPluginJar : add pdm2pcm
2026-03-29 16:21:24,532 [INFO] IPUIPlugin:80 - create IPUIPlugin
2026-03-29 16:21:24,532 [INFO] PluginManager:220 - loadIPPluginJar : add gfxmmu
2026-03-29 16:21:24,534 [INFO] IPUIPlugin:80 - create IPUIPlugin
2026-03-29 16:21:24,534 [INFO] PluginManager:220 - loadIPPluginJar : add aes
2026-03-29 16:21:24,535 [INFO] IPUIPlugin:80 - create IPUIPlugin
2026-03-29 16:21:24,535 [INFO] PluginManager:220 - loadIPPluginJar : add gtzc
2026-03-29 16:21:24,538 [INFO] IPUIPlugin:80 - create IPUIPlugin
2026-03-29 16:21:24,538 [INFO] PluginManager:220 - loadIPPluginJar : add sai
2026-03-29 16:21:24,539 [INFO] IPUIPlugin:80 - create IPUIPlugin
2026-03-29 16:21:24,540 [INFO] PluginManager:220 - loadIPPluginJar : add tsc
2026-03-29 16:21:24,542 [INFO] IPUIPlugin:80 - create IPUIPlugin
2026-03-29 16:21:24,542 [INFO] PluginManager:220 - loadIPPluginJar : add usbx
2026-03-29 16:21:24,544 [INFO] IPUIPlugin:80 - create IPUIPlugin
2026-03-29 16:21:24,544 [INFO] PluginManager:220 - loadIPPluginJar : add can
2026-03-29 16:21:24,546 [INFO] IPUIPlugin:80 - create IPUIPlugin
2026-03-29 16:21:24,547 [INFO] PluginManager:220 - loadIPPluginJar : add i2c
2026-03-29 16:21:24,548 [INFO] IPUIPlugin:80 - create IPUIPlugin
2026-03-29 16:21:24,549 [INFO] PluginManager:220 - loadIPPluginJar : add lorawan
2026-03-29 16:21:24,550 [INFO] IPUIPlugin:80 - create IPUIPlugin
2026-03-29 16:21:24,550 [INFO] PluginManager:220 - loadIPPluginJar : add spi
2026-03-29 16:21:24,556 [INFO] IPUIPlugin:80 - create IPUIPlugin
2026-03-29 16:21:24,557 [INFO] PluginManager:220 - loadIPPluginJar : add linkedlist
2026-03-29 16:21:24,561 [INFO] IPUIPlugin:80 - create IPUIPlugin
2026-03-29 16:21:24,561 [INFO] PluginManager:220 - loadIPPluginJar : add fmc
2026-03-29 16:21:24,563 [INFO] IPUIPlugin:80 - create IPUIPlugin
2026-03-29 16:21:24,563 [INFO] PluginManager:220 - loadIPPluginJar : add i3c
2026-03-29 16:21:24,564 [INFO] IPUIPlugin:80 - create IPUIPlugin
2026-03-29 16:21:24,564 [INFO] PluginManager:220 - loadIPPluginJar : add ltdc
2026-03-29 16:21:24,570 [INFO] IPUIPlugin:80 - create IPUIPlugin
2026-03-29 16:21:24,570 [INFO] PluginManager:220 - loadIPPluginJar : add dma
2026-03-29 16:21:24,575 [INFO] IPUIPlugin:80 - create IPUIPlugin
2026-03-29 16:21:24,576 [INFO] PluginManager:220 - loadIPPluginJar : add freertos
2026-03-29 16:21:24,577 [INFO] IPUIPlugin:80 - create IPUIPlugin
2026-03-29 16:21:24,577 [INFO] PluginManager:220 - loadIPPluginJar : add hash
2026-03-29 16:21:24,582 [INFO] IPUIPlugin:80 - create IPUIPlugin
2026-03-29 16:21:24,582 [INFO] PluginManager:220 - loadIPPluginJar : add adc
2026-03-29 16:21:24,584 [INFO] IPUIPlugin:80 - create IPUIPlugin
2026-03-29 16:21:24,584 [INFO] PluginManager:220 - loadIPPluginJar : add usart
2026-03-29 16:21:24,590 [INFO] IPUIPlugin:80 - create IPUIPlugin
2026-03-29 16:21:24,590 [INFO] PluginManager:220 - loadIPPluginJar : add stm32_wpan
2026-03-29 16:21:24,591 [INFO] IPUIPlugin:80 - create IPUIPlugin
2026-03-29 16:21:24,591 [INFO] PluginManager:220 - loadIPPluginJar : add genericplugin
2026-03-29 16:21:24,595 [INFO] IPUIPlugin:80 - create IPUIPlugin
2026-03-29 16:21:24,595 [INFO] PluginManager:220 - loadIPPluginJar : add gpio
2026-03-29 16:21:24,598 [INFO] IPUIPlugin:80 - create IPUIPlugin
2026-03-29 16:21:24,598 [INFO] PluginManager:220 - loadIPPluginJar : add nvic
2026-03-29 16:21:24,599 [INFO] IPUIPlugin:80 - create IPUIPlugin
2026-03-29 16:21:24,599 [INFO] PluginManager:220 - loadIPPluginJar : add dfsdm
2026-03-29 16:21:24,601 [INFO] IPUIPlugin:80 - create IPUIPlugin
2026-03-29 16:21:24,601 [INFO] PluginManager:220 - loadIPPluginJar : add fatfs
2026-03-29 16:21:24,602 [INFO] IPUIPlugin:80 - create IPUIPlugin
2026-03-29 16:21:24,602 [INFO] PluginManager:220 - loadIPPluginJar : add comp
2026-03-29 16:21:24,604 [INFO] IPUIPlugin:80 - create IPUIPlugin
2026-03-29 16:21:24,604 [INFO] PluginManager:220 - loadIPPluginJar : add i2s
2026-03-29 16:21:24,606 [INFO] IPUIPlugin:80 - create IPUIPlugin
2026-03-29 16:21:24,606 [INFO] PluginManager:220 - loadIPPluginJar : add cryp
2026-03-29 16:21:24,607 [INFO] IPUIPlugin:80 - create IPUIPlugin
2026-03-29 16:21:24,607 [INFO] PluginManager:220 - loadIPPluginJar : add quadspi
2026-03-29 16:21:24,611 [INFO] IPUIPlugin:80 - create IPUIPlugin
2026-03-29 16:21:24,612 [INFO] PluginManager:220 - loadIPPluginJar : add gic
2026-03-29 16:21:24,613 [INFO] IPUIPlugin:80 - create IPUIPlugin
2026-03-29 16:21:24,613 [INFO] PluginManager:220 - loadIPPluginJar : add tim
2026-03-29 16:21:24,614 [INFO] IPUIPlugin:80 - create IPUIPlugin
2026-03-29 16:21:24,614 [INFO] PluginManager:220 - loadIPPluginJar : add extmemmanager
2026-03-29 16:21:24,706 [FATAL] Updater:351 - Updater called before beeing initialized
2026-03-29 16:21:24,725 [INFO] RulesReader:64 - Compatibility file has been processed (317 Rules)
2026-03-29 16:21:24,735 [INFO] RulesReader:64 - Compatibility file has been processed (317 Rules)
2026-03-29 16:21:24,741 [INFO] CADModel:165 - CPN selected for project level
2026-03-29 16:21:24,741 [INFO] CADModel:114 - Register for checkConnection events
2026-03-29 16:21:24,741 [FATAL] Updater:351 - Updater called before beeing initialized
2026-03-29 16:21:24,741 [ERROR] CADModel:125 - Updater not yet initialized, retry later 
2026-03-29 16:21:24,838 [FATAL] Updater:351 - Updater called before beeing initialized
2026-03-29 16:21:24,839 [INFO] CADModel:165 - CPN selected for project level
2026-03-29 16:21:24,839 [INFO] CADModel:114 - Register for checkConnection events
2026-03-29 16:21:24,839 [FATAL] Updater:351 - Updater called before beeing initialized
2026-03-29 16:21:24,839 [ERROR] CADModel:125 - Updater not yet initialized, retry later 
2026-03-29 16:21:24,842 [FATAL] Updater:351 - Updater called before beeing initialized
2026-03-29 16:21:24,927 [FATAL] Updater:351 - Updater called before beeing initialized
2026-03-29 16:21:24,930 [INFO] DbMcusAds:53 - JSON generation date=Wed Feb 18 15:32:49 CET 2026 (1771425169371)
2026-03-29 16:21:24,930 [FATAL] Updater:351 - Updater called before beeing initialized
2026-03-29 16:21:24,952 [WARN] DetailPanel:346 - Failed to get advertising image, set to default
2026-03-29 16:21:24,999 [FATAL] Updater:351 - Updater called before beeing initialized
2026-03-29 16:21:25,000 [FATAL] Updater:351 - Updater called before beeing initialized
2026-03-29 16:21:25,000 [FATAL] Updater:351 - Updater called before beeing initialized
2026-03-29 16:21:25,000 [WARN] DetailPanel:346 - Failed to get advertising image, set to default
2026-03-29 16:21:25,001 [FATAL] Updater:351 - Updater called before beeing initialized
2026-03-29 16:21:25,019 [ERROR] Updater:1198 - MainUpdater not yet initialized. External WinMGr cannot be set.
2026-03-29 16:21:25,020 [INFO] Updater:1134 - Updater Version found : 6.15.0
2026-03-29 16:21:25,029 [INFO] ApplicationProperties:184 - Using Application install path: /opt/st/stm32cubeide_1.19.0/plugins/com.st.stm32cube.common.mx_6.15.0.202507011659
2026-03-29 16:21:25,880 [INFO] MainUpdater:2872 - connection check result : 10
2026-03-29 16:21:25,880 [INFO] MainUpdater:3604 - Updater definition file requires update
2026-03-29 16:21:25,881 [INFO] MainUpdater:289 - Updater Check For Update Now.
2026-03-29 16:21:25,881 [INFO] MicroXplorer:498 - Change Database Version : DB.6.0.150
2026-03-29 16:21:25,886 [INFO] McuFinderGlobals:63 - Set McuFinder mode to 2 (CubeIDE integrated)
2026-03-29 16:21:25,887 [INFO] UserAuth:487 - Internet connection configuration mode: 1
2026-03-29 16:21:25,903 [INFO] JxBrowserEngine:152 - Initiate JxBrowser Engine with user profile folder
2026-03-29 16:21:26,077 [INFO] ServerAccessManage:452 - Complete download http(s) 200
2026-03-29 16:21:26,079 [INFO] ServerAccessManage:509 - Download File updaters.zip
2026-03-29 16:21:26,286 [INFO] FileExtend:248 - Unzip File : updaters.zip
2026-03-29 16:21:26,286 [INFO] FileExtend:263 - Standard Zip Deflate
2026-03-29 16:21:26,800 [INFO] WebApp:169 - Instantiating new browser for Auth
2026-03-29 16:21:27,053 [INFO] ServerAccessManage:452 - Complete download http(s) 200
2026-03-29 16:21:27,053 [INFO] ServerAccessManage:509 - Download File PacksControlFlags.xml
2026-03-29 16:21:27,152 [WARN] MainUpdater:1193 - Updater busy. Cannot search thirdparties
2026-03-29 16:21:27,152 [INFO] ThirdPartyUpdaterWithRetryManager:96 - Updater plugin is busy. [1/15]
2026-03-29 16:21:27,329 [INFO] WebApp:463 - Apply proxy settings
2026-03-29 16:21:27,329 [INFO] WebApp:548 - Chromium requires no authentication
2026-03-29 16:21:27,337 [INFO] WebApp:491 - Direct internet connection detected
2026-03-29 16:21:27,355 [INFO] WebApp:900 - Register for checkConnection events
2026-03-29 16:21:27,355 [INFO] WebApp:463 - Apply proxy settings
2026-03-29 16:21:27,355 [INFO] WebApp:548 - Chromium requires no authentication
2026-03-29 16:21:27,356 [INFO] WebApp:491 - Direct internet connection detected
2026-03-29 16:21:27,437 [INFO] WebApp:225 - Starting web application
2026-03-29 16:21:27,437 [INFO] WebApp:593 - Web application path used /opt/st/stm32cubeide_1.19.0/plugins/com.st.stm32cube.common.mx_6.15.0.202507011659/db/plugins/mcufinder/reactClient1/index.html
2026-03-29 16:21:27,523 [INFO] UserAuth:487 - Internet connection configuration mode: 1
2026-03-29 16:21:27,963 [INFO] WebApp:191 - Connection restablished
2026-03-29 16:21:28,333 [INFO] ServerAccessManage:452 - Complete download http(s) 200
2026-03-29 16:21:28,333 [INFO] ServerAccessManage:509 - Download File cubemx.pidx
2026-03-29 16:21:28,399 [INFO] LoadServerUpdatesThread:375 - End of LoadServerUpdate Thread
2026-03-29 16:21:28,549 [INFO] CheckServerUpdateThread:120 - End of CheckServer Thread
2026-03-29 16:21:30,330 [WARN] PackLoader:240 - Cannot read IP mode file for STMicroelectronics.X-CUBE-AZRTOS-H7.3.5.0
2026-03-29 16:21:30,342 [WARN] PackLoader:240 - Cannot read IP mode file for STMicroelectronics.FP-SNS-MOTENVWB1.1.4.0
2026-03-29 16:21:30,347 [WARN] PackLoader:240 - Cannot read IP mode file for STMicroelectronics.FP-ATR-ASTRA1.2.0.2
2026-03-29 16:21:30,353 [WARN] PackLoader:240 - Cannot read IP mode file for STMicroelectronics.X-CUBE-SMBUS.2.1.0
2026-03-29 16:21:30,357 [WARN] PackLoader:240 - Cannot read IP mode file for STMicroelectronics.X-CUBE-ST60.1.0.0
2026-03-29 16:21:30,378 [WARN] PackLoader:240 - Cannot read IP mode file for STMicroelectronics.X-CUBE-AZRTOS-F7.1.1.0
2026-03-29 16:21:30,386 [WARN] PackLoader:240 - Cannot read IP mode file for Cesanta.I-CUBE-Mongoose.7.19.0
2026-03-29 16:21:30,390 [WARN] PackLoader:240 - Cannot read IP mode file for STMicroelectronics.FP-SNS-MOTENV1.5.1.0
2026-03-29 16:21:30,399 [WARN] PackLoader:240 - Cannot read IP mode file for WES.I-CUBE-Cesium.1.4.0
2026-03-29 16:21:30,421 [WARN] PackLoader:240 - Cannot read IP mode file for Infineon.AIROC-Wi-Fi-Bluetooth-STM32.1.7.1
2026-03-29 16:21:30,448 [WARN] PackLoader:240 - Cannot read IP mode file for STMicroelectronics.X-CUBE-AZRTOS-H7.3.4.0
2026-03-29 16:21:30,458 [WARN] PackLoader:240 - Cannot read IP mode file for STMicroelectronics.X-CUBE-DISPLAY.3.0.0
2026-03-29 16:21:30,466 [WARN] PackLoader:240 - Cannot read IP mode file for STMicroelectronics.FP-SNS-MOTENVWB1.1.5.0
2026-03-29 16:21:30,472 [WARN] PackLoader:240 - Cannot read IP mode file for STMicroelectronics.X-CUBE-NFC10.1.0.0
2026-03-29 16:21:30,478 [WARN] PackLoader:240 - Cannot read IP mode file for STMicroelectronics.X-CUBE-ST60.1.1.0
2026-03-29 16:21:30,483 [WARN] PackLoader:240 - Cannot read IP mode file for emotas.I-CUBE-CANOPEN.1.3.0
2026-03-29 16:21:30,488 [WARN] PackLoader:240 - Cannot read IP mode file for STMicroelectronics.X-CUBE-GNSS1.7.1.0
2026-03-29 16:21:30,493 [WARN] PackLoader:240 - Cannot read IP mode file for STMicroelectronics.FP-SNS-SMARTAG2.1.2.0
2026-03-29 16:21:30,496 [WARN] PackLoader:240 - Cannot read IP mode file for STMicroelectronics.FP-SNS-FLIGHT1.5.1.0
2026-03-29 16:21:30,504 [INFO] LogOutputStream:77 - [STDOUT_REDIRECT] 1 : Invalid condition id : UX_CORESTACK_Condition cause : null
2026-03-29 16:21:30,505 [INFO] LogOutputStream:77 - [STDOUT_REDIRECT] 1 : Invalid condition id : UX_CORESTACK_Condition cause : null
2026-03-29 16:21:30,505 [INFO] LogOutputStream:77 - [STDOUT_REDIRECT] 1 : Invalid condition id : UX_CORESTACK_Condition cause : null
2026-03-29 16:21:30,505 [INFO] LogOutputStream:77 - [STDOUT_REDIRECT] 1 : Invalid condition id : UX_CORESTACK_Condition cause : null
2026-03-29 16:21:30,505 [INFO] LogOutputStream:77 - [STDOUT_REDIRECT] 1 : Invalid condition id : UX_CORESTACK_Condition cause : null
2026-03-29 16:21:30,510 [WARN] PackLoader:240 - Cannot read IP mode file for STMicroelectronics.X-CUBE-AZRTOS-WL.2.0.0
2026-03-29 16:21:30,515 [WARN] PackLoader:240 - Cannot read IP mode file for STMicroelectronics.FP-SNS-MOTENV1.5.0.0
2026-03-29 16:21:30,533 [WARN] PackLoader:240 - Cannot read IP mode file for STMicroelectronics.X-CUBE-AZRTOS-H7RS.1.2.0
2026-03-29 16:21:30,539 [WARN] PackLoader:240 - Cannot read IP mode file for STMicroelectronics.X-CUBE-BLE2.3.3.0
2026-03-29 16:21:30,555 [WARN] PackLoader:240 - Cannot read IP mode file for STMicroelectronics.X-CUBE-NFC9.1.0.0
2026-03-29 16:21:30,559 [WARN] PackLoader:240 - Cannot read IP mode file for wolfSSL.I-CUBE-wolfSSL.5.8.2
2026-03-29 16:21:30,574 [WARN] PackLoader:240 - Cannot read IP mode file for STMicroelectronics.X-CUBE-BLE1.7.1.0
2026-03-29 16:21:30,577 [WARN] PackLoader:240 - Cannot read IP mode file for wolfSSL.I-CUBE-wolfMQTT.1.19.2
2026-03-29 16:21:30,581 [WARN] PackLoader:240 - Cannot read IP mode file for STMicroelectronics.X-CUBE-FREERTOS.1.4.0
2026-03-29 16:21:30,586 [WARN] PackLoader:240 - Cannot read IP mode file for STMicroelectronics.X-CUBE-EEPRMA1.5.2.0
2026-03-29 16:21:30,591 [WARN] PackLoader:240 - Cannot read IP mode file for STMicroelectronics.X-CUBE-ST67W61.1.1.0
2026-03-29 16:21:30,629 [WARN] PackLoader:240 - Cannot read IP mode file for STMicroelectronics.X-CUBE-MEMS1.12.0.0
2026-03-29 16:21:30,729 [WARN] PackLoader:240 - Cannot read IP mode file for STMicroelectronics.X-CUBE-AZRTOS-G0.1.1.0
2026-03-29 16:21:30,735 [WARN] PackLoader:240 - Cannot read IP mode file for STMicroelectronics.X-CUBE-SAFEA1.1.2.2
2026-03-29 16:21:30,739 [WARN] PackLoader:240 - Cannot read IP mode file for STMicroelectronics.X-CUBE-NFC4.3.0.0
2026-03-29 16:21:30,745 [WARN] PackLoader:240 - Cannot read IP mode file for EmbeddedOffice.I-CUBE-FS-RTOS.1.0.1
2026-03-29 16:21:30,750 [WARN] PackLoader:240 - Cannot read IP mode file for STMicroelectronics.X-CUBE-WB05N.2.0.0
2026-03-29 16:21:30,753 [WARN] PackLoader:240 - Cannot read IP mode file for wolfSSL.I-CUBE-wolfTPM.3.8.0
2026-03-29 16:21:30,756 [WARN] PackLoader:240 - Cannot read IP mode file for STMicroelectronics.X-CUBE-TCPP.4.2.0
2026-03-29 16:21:30,759 [WARN] PackLoader:240 - Cannot read IP mode file for RealThread.X-CUBE-RT-Thread_Nano.4.1.1
2026-03-29 16:21:30,762 [WARN] PackLoader:240 - Cannot read IP mode file for STMicroelectronics.FP-ATR-SIGFOX1.3.2.0
2026-03-29 16:21:30,766 [WARN] PackLoader:240 - Cannot read IP mode file for STMicroelectronics.X-CUBE-FREERTOS.1.5.0
2026-03-29 16:21:30,769 [WARN] PackLoader:240 - Cannot read IP mode file for ITTIA_DB.I-CUBE-ITTIADB.8.9.0
2026-03-29 16:21:30,773 [WARN] PackLoader:240 - Cannot read IP mode file for STMicroelectronics.X-CUBE-NFC6.3.2.0
2026-03-29 16:21:30,788 [WARN] PackLoader:240 - Cannot read IP mode file for SEGGER.I-CUBE-embOS.1.3.1
2026-03-29 16:21:30,810 [WARN] PackLoader:240 - Cannot read IP mode file for STMicroelectronics.X-CUBE-ALGOBUILD.1.4.0
2026-03-29 16:21:30,829 [WARN] PackLoader:240 - Cannot read IP mode file for STMicroelectronics.X-CUBE-MEMS1.11.3.0
2026-03-29 16:21:30,881 [WARN] PackLoader:240 - Cannot read IP mode file for STMicroelectronics.X-CUBE-PM33A1.1.0.0
2026-03-29 16:21:30,887 [WARN] PackLoader:240 - Cannot read IP mode file for STMicroelectronics.X-CUBE-AZRTOS-F4.1.1.0
2026-03-29 16:21:30,890 [WARN] PackLoader:240 - Cannot read IP mode file for STMicroelectronics.X-CUBE-ISPU.2.1.0
2026-03-29 16:21:30,895 [WARN] PackLoader:240 - Cannot read IP mode file for STMicroelectronics.X-CUBE-IPS.3.2.0
2026-03-29 16:21:30,910 [WARN] PackLoader:240 - Cannot read IP mode file for STMicroelectronics.X-CUBE-NFC12.1.0.0
2026-03-29 16:21:30,919 [WARN] PackLoader:240 - Cannot read IP mode file for STMicroelectronics.X-CUBE-AZRTOS-L5.2.0.0
2026-03-29 16:21:30,924 [WARN] PackLoader:240 - Cannot read IP mode file for STMicroelectronics.X-CUBE-NFC6.3.1.0
2026-03-29 16:21:30,928 [WARN] PackLoader:240 - Cannot read IP mode file for STMicroelectronics.X-CUBE-FREERTOS.1.3.1
2026-03-29 16:21:30,931 [WARN] PackLoader:240 - Cannot read IP mode file for STMicroelectronics.X-CUBE-TOUCHGFX.4.26.0
2026-03-29 16:21:30,933 [WARN] PackLoader:240 - Cannot read IP mode file for STMicroelectronics.X-CUBE-TOUCHGFX.4.26.1
2026-03-29 16:21:30,936 [WARN] PackLoader:240 - Cannot read IP mode file for STMicroelectronics.X-CUBE-DPower.1.3.0
2026-03-29 16:21:30,944 [WARN] ConditionMgr:438 - getConditionDescription Invalid condition id : LAN8742 Phy interface Condition cause : null
2026-03-29 16:21:30,945 [WARN] PackLoader:240 - Cannot read IP mode file for STMicroelectronics.X-CUBE-AZRTOS-L4.2.0.0
2026-03-29 16:21:30,945 [WARN] ConditionMgr:1044 - genDependencies : Invalid condition id : LAN8742 Phy interface Condition cause : null
2026-03-29 16:21:30,946 [WARN] ConditionMgr:1044 - genDependencies : Invalid condition id : LAN8742 Phy interface Condition cause : null
2026-03-29 16:21:30,946 [WARN] ConditionMgr:1044 - genDependencies : Invalid condition id : LAN8742 Phy interface Condition cause : null
2026-03-29 16:21:30,950 [WARN] PackLoader:240 - Cannot read IP mode file for STMicroelectronics.X-CUBE-SFXS2LP1.4.0.0
2026-03-29 16:21:30,954 [WARN] PackLoader:240 - Cannot read IP mode file for STMicroelectronics.X-CUBE-ST67W61.1.2.0
2026-03-29 16:21:30,958 [WARN] PackLoader:240 - Cannot read IP mode file for STMicroelectronics.X-CUBE-BLEMGR.4.1.0
2026-03-29 16:21:30,965 [WARN] ConditionMgr:438 - getConditionDescription Invalid condition id : UX DEVICE CLASS RTOS Condition cause : null
2026-03-29 16:21:30,966 [WARN] ConditionMgr:438 - getConditionDescription Invalid condition id : UX DEVICE CLASS RTOS Condition cause : null
2026-03-29 16:21:30,968 [WARN] PackLoader:240 - Cannot read IP mode file for STMicroelectronics.X-CUBE-AZRTOS-WB.2.0.0
2026-03-29 16:21:30,968 [WARN] ConditionMgr:1044 - genDependencies : Invalid condition id : UX DEVICE CLASS RTOS Condition cause : null
2026-03-29 16:21:30,968 [WARN] ConditionMgr:1044 - genDependencies : Invalid condition id : UX DEVICE CLASS RTOS Condition cause : null
2026-03-29 16:21:30,968 [WARN] ConditionMgr:1044 - genDependencies : Invalid condition id : UX DEVICE CLASS RTOS Condition cause : null
2026-03-29 16:21:30,968 [WARN] ConditionMgr:1044 - genDependencies : Invalid condition id : UX DEVICE CLASS RTOS Condition cause : null
2026-03-29 16:21:30,968 [WARN] ConditionMgr:1044 - genDependencies : Invalid condition id : UX DEVICE CLASS RTOS Condition cause : null
2026-03-29 16:21:30,971 [WARN] PackLoader:240 - Cannot read IP mode file for STMicroelectronics.X-CUBE-GNSS1.7.0.1
2026-03-29 16:21:30,973 [WARN] ConditionMgr:438 - getConditionDescription Invalid condition id : Cortex-A Device cause : null
2026-03-29 16:21:30,977 [WARN] ConditionMgr:1044 - genDependencies : Invalid condition id : Cortex-A Device cause : null
2026-03-29 16:21:30,977 [WARN] ConditionMgr:1044 - genDependencies : Invalid condition id : Cortex-A Device cause : null
2026-03-29 16:21:30,977 [WARN] ConditionMgr:1044 - genDependencies : Invalid condition id : Cortex-A Device cause : null
2026-03-29 16:21:30,980 [WARN] PackLoader:240 - Cannot read IP mode file for STMicroelectronics.X-CUBE-STSE01.2.0.0
2026-03-29 16:21:30,985 [WARN] PackLoader:240 - Cannot read IP mode file for STMicroelectronics.X-CUBE-SUBG2.5.0.0
2026-03-29 16:21:30,994 [WARN] PackLoader:240 - Cannot read IP mode file for STMicroelectronics.X-CUBE-AZRTOS-H7RS.1.1.0
2026-03-29 16:21:31,002 [WARN] PackLoader:240 - Cannot read IP mode file for STMicroelectronics.X-CUBE-AZRTOS-G4.2.0.0
2026-03-29 16:21:31,004 [WARN] PackLoader:240 - Cannot read IP mode file for wolfSSL.I-CUBE-wolfSSH.1.4.20
2026-03-29 16:21:31,007 [WARN] PackLoader:240 - Cannot read IP mode file for STMicroelectronics.X-CUBE-NFC7.2.0.0
2026-03-29 16:21:31,009 [WARN] PackLoader:240 - Cannot read IP mode file for STMicroelectronics.X-CUBE-ALS.1.0.2
2026-03-29 16:21:31,012 [WARN] PackLoader:240 - Cannot read IP mode file for STMicroelectronics.X-CUBE-STSE01.1.0.0
2026-03-29 16:21:31,017 [WARN] PackLoader:240 - Cannot read IP mode file for STMicroelectronics.X-CUBE-TOF1.3.4.3
2026-03-29 16:21:31,022 [INFO] ThirdParty:978 - Integrity check success = true
2026-03-29 16:21:31,022 [INFO] IntegrityCheckThread:100 - exiting critical section [integrity check]
2026-03-29 16:21:31,022 [INFO] IntegrityCheckThread:103 - End integrity checks thread
2026-03-29 17:07:43,466 [ERROR] LogOutputStream:75 - [STDERR_REDIRECT] SWT SessionManagerDBus: Failed to UnregisterClient: GDBus.Error:org.freedesktop.DBus.Error.NoReply: Message recipient disconnected from message bus without replying
2026-03-29 17:07:43,751 [ERROR] LogOutputStream:75 - [STDERR_REDIRECT] 
2026-03-29 19:35:19,387 [INFO] Activator:176 - 


2026-03-29 19:35:19,388 [INFO] Activator:177 - !SESSION log4j initialized
2026-03-29 19:35:22,230 [INFO] LogOutputStream:77 - [STDOUT_REDIRECT] 
2026-03-29 19:35:22,898 [INFO] ApplicationProperties:184 - Using Application install path: /opt/st/stm32cubeide_1.19.0/plugins/com.st.stm32cube.common.mx_6.15.0.202507011659
2026-03-29 19:35:22,908 [INFO] DbMcusXml:78 - Set database path to: /opt/st/stm32cubeide_1.19.0/plugins/com.st.stm32cube.common.mx_6.15.0.202507011659//db//mcu/
2026-03-29 19:35:22,908 [INFO] ApiDb:274 - Set plugin database path to: /opt/st/stm32cubeide_1.19.0/plugins/com.st.stm32cube.common.mx_6.15.0.202507011659//db//plugins/boardmanager/
2026-03-29 19:35:22,908 [WARN] ApiDb:259 - Overriding images path with different value:  => /opt/st/stm32cubeide_1.19.0/plugins/com.st.stm32cube.common.mx_6.15.0.202507011659//db//plugins/mcufinder/images/
2026-03-29 19:35:22,912 [INFO] ApiDb:250 - Set database path to: /home/kamil/.stmcufinder/plugins/mcufinder//mcu/
2026-03-29 19:35:22,913 [INFO] DbMcusAds:125 - Set database path to: /home/kamil/.stmcufinder/plugins/mcufinder//mcu/
2026-03-29 19:35:22,914 [INFO] CrossReferenceDbSqlite:203 - Set database path to: /home/kamil/.stmcufinder/plugins/mcufinder//mcu/cs/
2026-03-29 19:35:22,982 [INFO] RulesReader:64 - Compatibility file has been processed (317 Rules)
2026-03-29 19:35:23,023 [INFO] DbMcusXml:78 - Set database path to: /opt/st/stm32cubeide_1.19.0/plugins/com.st.stm32cube.common.mx_6.15.0.202507011659//db//mcu/
2026-03-29 19:35:23,023 [INFO] ApiDb:274 - Set plugin database path to: /opt/st/stm32cubeide_1.19.0/plugins/com.st.stm32cube.common.mx_6.15.0.202507011659//db//plugins/boardmanager/
2026-03-29 19:35:23,023 [INFO] ApiDb:261 - Set plugin images path to: /opt/st/stm32cubeide_1.19.0/plugins/com.st.stm32cube.common.mx_6.15.0.202507011659//db//plugins/mcufinder/images/
2026-03-29 19:35:23,023 [WARN] DbFile:41 - Overriding database path with different value: /home/kamil/.stmcufinder/plugins/mcufinder/ => /home/kamil/.stmcufinder/plugins/mcufinder
2026-03-29 19:35:23,023 [INFO] ApiDb:250 - Set database path to: /home/kamil/.stmcufinder/plugins/mcufinder//mcu/
2026-03-29 19:35:23,023 [WARN] DbFile:41 - Overriding database path with different value: /home/kamil/.stmcufinder/plugins/mcufinder/ => /home/kamil/.stmcufinder/plugins/mcufinder
2026-03-29 19:35:23,023 [INFO] DbMcusAds:125 - Set database path to: /home/kamil/.stmcufinder/plugins/mcufinder//mcu/
2026-03-29 19:35:23,023 [WARN] DbFile:41 - Overriding database path with different value: /home/kamil/.stmcufinder/plugins/mcufinder/ => /home/kamil/.stmcufinder/plugins/mcufinder
2026-03-29 19:35:23,023 [WARN] DbFile:41 - Overriding database path with different value: /home/kamil/.stmcufinder/plugins/mcufinder/ => /home/kamil/.stmcufinder/plugins/mcufinder
2026-03-29 19:35:23,023 [INFO] CrossReferenceDbSqlite:203 - Set database path to: /home/kamil/.stmcufinder/plugins/mcufinder//mcu/cs/
2026-03-29 19:35:23,071 [INFO] MainPanel:274 - HeapMemory: 268435456
2026-03-29 19:35:23,179 [INFO] DbMcusXml:78 - Set database path to: /opt/st/stm32cubeide_1.19.0/plugins/com.st.stm32cube.common.mx_6.15.0.202507011659//db//mcu/
2026-03-29 19:35:23,179 [INFO] ApiDb:274 - Set plugin database path to: /opt/st/stm32cubeide_1.19.0/plugins/com.st.stm32cube.common.mx_6.15.0.202507011659//db//plugins/boardmanager/
2026-03-29 19:35:23,179 [INFO] ApiDb:261 - Set plugin images path to: /opt/st/stm32cubeide_1.19.0/plugins/com.st.stm32cube.common.mx_6.15.0.202507011659//db//plugins/mcufinder/images/
2026-03-29 19:35:23,180 [WARN] DbFile:41 - Overriding database path with different value: /home/kamil/.stmcufinder/plugins/mcufinder/ => /home/kamil/.stmcufinder/plugins/mcufinder
2026-03-29 19:35:23,180 [INFO] ApiDb:250 - Set database path to: /home/kamil/.stmcufinder/plugins/mcufinder//mcu/
2026-03-29 19:35:23,180 [WARN] DbFile:41 - Overriding database path with different value: /home/kamil/.stmcufinder/plugins/mcufinder/ => /home/kamil/.stmcufinder/plugins/mcufinder
2026-03-29 19:35:23,180 [INFO] DbMcusAds:125 - Set database path to: /home/kamil/.stmcufinder/plugins/mcufinder//mcu/
2026-03-29 19:35:23,180 [WARN] DbFile:41 - Overriding database path with different value: /home/kamil/.stmcufinder/plugins/mcufinder/ => /home/kamil/.stmcufinder/plugins/mcufinder
2026-03-29 19:35:23,180 [WARN] DbFile:41 - Overriding database path with different value: /home/kamil/.stmcufinder/plugins/mcufinder/ => /home/kamil/.stmcufinder/plugins/mcufinder
2026-03-29 19:35:23,180 [INFO] CrossReferenceDbSqlite:203 - Set database path to: /home/kamil/.stmcufinder/plugins/mcufinder//mcu/cs/
2026-03-29 19:35:23,195 [INFO] ApplicationProperties:184 - Using Application install path: /opt/st/stm32cubeide_1.19.0/plugins/com.st.stm32cube.common.mx_6.15.0.202507011659
2026-03-29 19:35:23,196 [INFO] PluginManage:196 - Search for loadable plugins [exclusion list=, ]
2026-03-29 19:35:23,198 [INFO] PluginManage:310 - Check plugin analytics
2026-03-29 19:35:23,291 [INFO] AnalyticsPlugin:253 - Accepted Software Licenses: 
2026-03-29 19:35:23,291 [INFO] AnalyticsPlugin:255 - Accepted CMSIS Pack Licenses: 
2026-03-29 19:35:23,291 [INFO] AnalyticsPlugin:257 - Accepted Firmware Licenses: FW.F4.1.28.0
2026-03-29 19:35:23,292 [INFO] PluginManage:359 - Loaded plugin analytics (category:tool,tabindex:-1)
2026-03-29 19:35:23,292 [INFO] PluginManage:310 - Check plugin cadmodel
2026-03-29 19:35:23,296 [INFO] CADModel:105 - Init CAD model plugin
2026-03-29 19:35:23,297 [INFO] PluginManage:359 - Loaded plugin cadmodel (category:power,tabindex:5)
2026-03-29 19:35:23,297 [INFO] PluginManage:310 - Check plugin clock
2026-03-29 19:35:23,303 [INFO] PluginManage:359 - Loaded plugin clock (category:base,tabindex:2)
2026-03-29 19:35:23,303 [INFO] PluginManage:310 - Check plugin ddr
2026-03-29 19:35:23,305 [INFO] PluginManage:359 - Loaded plugin ddr (category:tool,tabindex:6)
2026-03-29 19:35:23,305 [INFO] PluginManage:310 - Check plugin filemanager
2026-03-29 19:35:23,391 [INFO] PluginManage:359 - Loaded plugin filemanager (category:base,tabindex:10)
2026-03-29 19:35:23,391 [INFO] PluginManage:310 - Check plugin ipmanager
2026-03-29 19:35:23,394 [INFO] PluginManage:359 - Loaded plugin ipmanager (category:base,tabindex:5)
2026-03-29 19:35:23,394 [INFO] PluginManage:310 - Check plugin lpbam
2026-03-29 19:35:23,400 [INFO] PluginManage:359 - Loaded plugin lpbam (category:base,tabindex:0)
2026-03-29 19:35:23,400 [INFO] PluginManage:310 - Check plugin memorymap
2026-03-29 19:35:23,408 [INFO] PluginManage:359 - Loaded plugin memorymap (category:base,tabindex:4)
2026-03-29 19:35:23,408 [INFO] PluginManage:310 - Check plugin pinoutandconfiguration
2026-03-29 19:35:23,413 [INFO] PluginManage:359 - Loaded plugin pinoutandconfiguration (category:base,tabindex:1)
2026-03-29 19:35:23,414 [INFO] PluginManage:310 - Check plugin pinoutconfig
2026-03-29 19:35:23,459 [WARN] SupportedApi:132 - Cannot load RTOS API schema: s4s-elt-must-match.1: The content of 'definitions' must match (annotation?, (simpleType | complexType)?, (unique | key | keyref)*)). A problem was found starting at: attribute.
2026-03-29 19:35:23,546 [INFO] PluginManage:359 - Loaded plugin pinoutconfig (category:base,tabindex:0)
2026-03-29 19:35:23,547 [INFO] PluginManage:310 - Check plugin power
2026-03-29 19:35:23,553 [INFO] PluginManage:359 - Loaded plugin power (category:power,tabindex:4)
2026-03-29 19:35:23,553 [INFO] PluginManage:310 - Check plugin projectmanager
2026-03-29 19:35:23,562 [INFO] PluginManage:359 - Loaded plugin projectmanager (category:projectmanager,tabindex:4)
2026-03-29 19:35:23,563 [INFO] PluginManage:310 - Check plugin rif
2026-03-29 19:35:23,569 [INFO] PluginManage:359 - Loaded plugin rif (category:base,tabindex:3)
2026-03-29 19:35:23,569 [INFO] PluginManage:310 - Check plugin thirdparty
2026-03-29 19:35:23,644 [INFO] PluginManage:359 - Loaded plugin thirdparty (category:base,tabindex:-1)
2026-03-29 19:35:23,645 [INFO] PluginManage:310 - Check plugin tools
2026-03-29 19:35:23,644 [WARN] IntegrityCheckThread:84 - waiting for thirdparty lock release [integrity check]
2026-03-29 19:35:23,645 [INFO] IntegrityCheckThread:86 - entering critical section [integrity check]
2026-03-29 19:35:23,645 [INFO] ThirdPartyUpdaterWithRetryManager:70 - Updater plugin not ready yet. [1/15]
2026-03-29 19:35:23,646 [INFO] PluginManage:359 - Loaded plugin tools (category:base,tabindex:7)
2026-03-29 19:35:23,646 [INFO] PluginManage:310 - Check plugin tutovideos
2026-03-29 19:35:23,771 [INFO] PluginManage:359 - Loaded plugin tutovideos (category:base,tabindex:-1)
2026-03-29 19:35:23,771 [INFO] PluginManage:310 - Check plugin updater
2026-03-29 19:35:23,789 [INFO] PluginManage:359 - Loaded plugin updater (category:base,tabindex:12)
2026-03-29 19:35:23,789 [INFO] PluginManage:310 - Check plugin userauth
2026-03-29 19:35:23,792 [INFO] UserAuth:118 - Init User Auth plugin
2026-03-29 19:35:23,792 [INFO] PluginManage:359 - Loaded plugin userauth (category:base,tabindex:14)
2026-03-29 19:35:23,793 [INFO] PluginManage:283 - PluginManage : Loaded plugins [18]
2026-03-29 19:35:23,895 [INFO] PinOutPanel:1589 - setPackage(No Configuration,No Configuration)
2026-03-29 19:35:23,939 [INFO] CADModel:165 - CPN selected for project level
2026-03-29 19:35:23,939 [INFO] CADModel:114 - Register for checkConnection events
2026-03-29 19:35:23,946 [INFO] IPUIPlugin:80 - create IPUIPlugin
2026-03-29 19:35:23,946 [INFO] PluginManager:220 - loadIPPluginJar : add tracer_emb
2026-03-29 19:35:23,947 [INFO] IPUIPlugin:80 - create IPUIPlugin
2026-03-29 19:35:23,947 [INFO] PluginManager:220 - loadIPPluginJar : add radio
2026-03-29 19:35:23,951 [INFO] IPUIPlugin:80 - create IPUIPlugin
2026-03-29 19:35:23,951 [INFO] PluginManager:220 - loadIPPluginJar : add ddr_ctrl_phy
2026-03-29 19:35:23,955 [INFO] IPUIPlugin:80 - create IPUIPlugin
2026-03-29 19:35:23,955 [INFO] PluginManager:220 - loadIPPluginJar : add mdma
2026-03-29 19:35:23,957 [INFO] IPUIPlugin:80 - create IPUIPlugin
2026-03-29 19:35:23,957 [INFO] PluginManager:220 - loadIPPluginJar : add touchsensing
2026-03-29 19:35:23,958 [INFO] IPUIPlugin:80 - create IPUIPlugin
2026-03-29 19:35:23,958 [INFO] PluginManager:220 - loadIPPluginJar : add ucpd
2026-03-29 19:35:23,962 [INFO] IPUIPlugin:80 - create IPUIPlugin
2026-03-29 19:35:23,964 [INFO] PluginManager:220 - loadIPPluginJar : add plateformsettings
2026-03-29 19:35:23,966 [INFO] IPUIPlugin:80 - create IPUIPlugin
2026-03-29 19:35:23,966 [INFO] PluginManager:220 - loadIPPluginJar : add ipddr
2026-03-29 19:35:23,969 [INFO] IPUIPlugin:80 - create IPUIPlugin
2026-03-29 19:35:23,969 [INFO] PluginManager:220 - loadIPPluginJar : add resmgrutility
2026-03-29 19:35:23,971 [INFO] IPUIPlugin:80 - create IPUIPlugin
2026-03-29 19:35:23,971 [INFO] PluginManager:220 - loadIPPluginJar : add ts
2026-03-29 19:35:23,972 [INFO] IPUIPlugin:80 - create IPUIPlugin
2026-03-29 19:35:23,972 [INFO] PluginManager:220 - loadIPPluginJar : add dma3
2026-03-29 19:35:23,973 [INFO] IPUIPlugin:80 - create IPUIPlugin
2026-03-29 19:35:23,973 [INFO] PluginManager:220 - loadIPPluginJar : add openamp
2026-03-29 19:35:23,974 [INFO] IPUIPlugin:80 - create IPUIPlugin
2026-03-29 19:35:23,974 [INFO] PluginManager:220 - loadIPPluginJar : add opamp
2026-03-29 19:35:23,976 [INFO] IPUIPlugin:80 - create IPUIPlugin
2026-03-29 19:35:23,976 [INFO] PluginManager:220 - loadIPPluginJar : add pdm2pcm
2026-03-29 19:35:23,977 [INFO] IPUIPlugin:80 - create IPUIPlugin
2026-03-29 19:35:23,977 [INFO] PluginManager:220 - loadIPPluginJar : add gfxmmu
2026-03-29 19:35:23,978 [INFO] IPUIPlugin:80 - create IPUIPlugin
2026-03-29 19:35:23,979 [INFO] PluginManager:220 - loadIPPluginJar : add aes
2026-03-29 19:35:23,980 [INFO] IPUIPlugin:80 - create IPUIPlugin
2026-03-29 19:35:23,980 [INFO] PluginManager:220 - loadIPPluginJar : add gtzc
2026-03-29 19:35:23,982 [INFO] IPUIPlugin:80 - create IPUIPlugin
2026-03-29 19:35:23,982 [INFO] PluginManager:220 - loadIPPluginJar : add sai
2026-03-29 19:35:23,983 [INFO] IPUIPlugin:80 - create IPUIPlugin
2026-03-29 19:35:23,983 [INFO] PluginManager:220 - loadIPPluginJar : add tsc
2026-03-29 19:35:23,985 [INFO] IPUIPlugin:80 - create IPUIPlugin
2026-03-29 19:35:23,985 [INFO] PluginManager:220 - loadIPPluginJar : add usbx
2026-03-29 19:35:23,986 [INFO] IPUIPlugin:80 - create IPUIPlugin
2026-03-29 19:35:23,986 [INFO] PluginManager:220 - loadIPPluginJar : add can
2026-03-29 19:35:23,987 [INFO] IPUIPlugin:80 - create IPUIPlugin
2026-03-29 19:35:23,988 [INFO] PluginManager:220 - loadIPPluginJar : add i2c
2026-03-29 19:35:23,989 [INFO] IPUIPlugin:80 - create IPUIPlugin
2026-03-29 19:35:23,989 [INFO] PluginManager:220 - loadIPPluginJar : add lorawan
2026-03-29 19:35:23,991 [INFO] IPUIPlugin:80 - create IPUIPlugin
2026-03-29 19:35:23,991 [INFO] PluginManager:220 - loadIPPluginJar : add spi
2026-03-29 19:35:23,996 [INFO] IPUIPlugin:80 - create IPUIPlugin
2026-03-29 19:35:23,996 [INFO] PluginManager:220 - loadIPPluginJar : add linkedlist
2026-03-29 19:35:23,999 [INFO] IPUIPlugin:80 - create IPUIPlugin
2026-03-29 19:35:23,999 [INFO] PluginManager:220 - loadIPPluginJar : add fmc
2026-03-29 19:35:24,001 [INFO] IPUIPlugin:80 - create IPUIPlugin
2026-03-29 19:35:24,001 [INFO] PluginManager:220 - loadIPPluginJar : add i3c
2026-03-29 19:35:24,002 [INFO] IPUIPlugin:80 - create IPUIPlugin
2026-03-29 19:35:24,002 [INFO] PluginManager:220 - loadIPPluginJar : add ltdc
2026-03-29 19:35:24,006 [INFO] IPUIPlugin:80 - create IPUIPlugin
2026-03-29 19:35:24,006 [INFO] PluginManager:220 - loadIPPluginJar : add dma
2026-03-29 19:35:24,009 [INFO] IPUIPlugin:80 - create IPUIPlugin
2026-03-29 19:35:24,010 [INFO] PluginManager:220 - loadIPPluginJar : add freertos
2026-03-29 19:35:24,011 [INFO] IPUIPlugin:80 - create IPUIPlugin
2026-03-29 19:35:24,011 [INFO] PluginManager:220 - loadIPPluginJar : add hash
2026-03-29 19:35:24,015 [INFO] IPUIPlugin:80 - create IPUIPlugin
2026-03-29 19:35:24,015 [INFO] PluginManager:220 - loadIPPluginJar : add adc
2026-03-29 19:35:24,016 [INFO] IPUIPlugin:80 - create IPUIPlugin
2026-03-29 19:35:24,017 [INFO] PluginManager:220 - loadIPPluginJar : add usart
2026-03-29 19:35:24,021 [INFO] IPUIPlugin:80 - create IPUIPlugin
2026-03-29 19:35:24,021 [INFO] PluginManager:220 - loadIPPluginJar : add stm32_wpan
2026-03-29 19:35:24,022 [INFO] IPUIPlugin:80 - create IPUIPlugin
2026-03-29 19:35:24,022 [INFO] PluginManager:220 - loadIPPluginJar : add genericplugin
2026-03-29 19:35:24,025 [INFO] IPUIPlugin:80 - create IPUIPlugin
2026-03-29 19:35:24,025 [INFO] PluginManager:220 - loadIPPluginJar : add gpio
2026-03-29 19:35:24,028 [INFO] IPUIPlugin:80 - create IPUIPlugin
2026-03-29 19:35:24,028 [INFO] PluginManager:220 - loadIPPluginJar : add nvic
2026-03-29 19:35:24,029 [INFO] IPUIPlugin:80 - create IPUIPlugin
2026-03-29 19:35:24,029 [INFO] PluginManager:220 - loadIPPluginJar : add dfsdm
2026-03-29 19:35:24,030 [INFO] IPUIPlugin:80 - create IPUIPlugin
2026-03-29 19:35:24,031 [INFO] PluginManager:220 - loadIPPluginJar : add fatfs
2026-03-29 19:35:24,032 [INFO] IPUIPlugin:80 - create IPUIPlugin
2026-03-29 19:35:24,032 [INFO] PluginManager:220 - loadIPPluginJar : add comp
2026-03-29 19:35:24,034 [INFO] IPUIPlugin:80 - create IPUIPlugin
2026-03-29 19:35:24,035 [INFO] PluginManager:220 - loadIPPluginJar : add i2s
2026-03-29 19:35:24,036 [INFO] IPUIPlugin:80 - create IPUIPlugin
2026-03-29 19:35:24,037 [INFO] PluginManager:220 - loadIPPluginJar : add cryp
2026-03-29 19:35:24,038 [INFO] IPUIPlugin:80 - create IPUIPlugin
2026-03-29 19:35:24,038 [INFO] PluginManager:220 - loadIPPluginJar : add quadspi
2026-03-29 19:35:24,042 [INFO] IPUIPlugin:80 - create IPUIPlugin
2026-03-29 19:35:24,042 [INFO] PluginManager:220 - loadIPPluginJar : add gic
2026-03-29 19:35:24,043 [INFO] IPUIPlugin:80 - create IPUIPlugin
2026-03-29 19:35:24,043 [INFO] PluginManager:220 - loadIPPluginJar : add tim
2026-03-29 19:35:24,045 [INFO] IPUIPlugin:80 - create IPUIPlugin
2026-03-29 19:35:24,045 [INFO] PluginManager:220 - loadIPPluginJar : add extmemmanager
2026-03-29 19:35:24,139 [FATAL] Updater:351 - Updater called before beeing initialized
2026-03-29 19:35:24,157 [INFO] RulesReader:64 - Compatibility file has been processed (317 Rules)
2026-03-29 19:35:24,163 [INFO] RulesReader:64 - Compatibility file has been processed (317 Rules)
2026-03-29 19:35:24,167 [INFO] CADModel:165 - CPN selected for project level
2026-03-29 19:35:24,167 [INFO] CADModel:114 - Register for checkConnection events
2026-03-29 19:35:24,167 [FATAL] Updater:351 - Updater called before beeing initialized
2026-03-29 19:35:24,168 [ERROR] CADModel:125 - Updater not yet initialized, retry later 
2026-03-29 19:35:24,257 [FATAL] Updater:351 - Updater called before beeing initialized
2026-03-29 19:35:24,258 [INFO] CADModel:165 - CPN selected for project level
2026-03-29 19:35:24,258 [INFO] CADModel:114 - Register for checkConnection events
2026-03-29 19:35:24,258 [FATAL] Updater:351 - Updater called before beeing initialized
2026-03-29 19:35:24,259 [ERROR] CADModel:125 - Updater not yet initialized, retry later 
2026-03-29 19:35:24,262 [FATAL] Updater:351 - Updater called before beeing initialized
2026-03-29 19:35:24,324 [FATAL] Updater:351 - Updater called before beeing initialized
2026-03-29 19:35:24,327 [INFO] DbMcusAds:53 - JSON generation date=Wed Feb 18 15:32:49 CET 2026 (1771425169371)
2026-03-29 19:35:24,327 [FATAL] Updater:351 - Updater called before beeing initialized
2026-03-29 19:35:24,358 [WARN] DetailPanel:346 - Failed to get advertising image, set to default
2026-03-29 19:35:24,427 [FATAL] Updater:351 - Updater called before beeing initialized
2026-03-29 19:35:24,428 [FATAL] Updater:351 - Updater called before beeing initialized
2026-03-29 19:35:24,428 [FATAL] Updater:351 - Updater called before beeing initialized
2026-03-29 19:35:24,428 [WARN] DetailPanel:346 - Failed to get advertising image, set to default
2026-03-29 19:35:24,429 [FATAL] Updater:351 - Updater called before beeing initialized
2026-03-29 19:35:24,449 [ERROR] Updater:1198 - MainUpdater not yet initialized. External WinMGr cannot be set.
2026-03-29 19:35:24,450 [INFO] Updater:1134 - Updater Version found : 6.15.0
2026-03-29 19:35:24,459 [INFO] ApplicationProperties:184 - Using Application install path: /opt/st/stm32cubeide_1.19.0/plugins/com.st.stm32cube.common.mx_6.15.0.202507011659
2026-03-29 19:35:24,770 [INFO] MainUpdater:2872 - connection check result : 10
2026-03-29 19:35:24,770 [INFO] MainUpdater:289 - Updater Check For Update Now.
2026-03-29 19:35:24,770 [INFO] MicroXplorer:498 - Change Database Version : DB.6.0.150
2026-03-29 19:35:24,775 [INFO] McuFinderGlobals:63 - Set McuFinder mode to 2 (CubeIDE integrated)
2026-03-29 19:35:24,776 [INFO] UserAuth:487 - Internet connection configuration mode: 1
2026-03-29 19:35:24,789 [INFO] JxBrowserEngine:152 - Initiate JxBrowser Engine with user profile folder
2026-03-29 19:35:24,919 [INFO] CheckServerUpdateThread:120 - End of CheckServer Thread
2026-03-29 19:35:25,321 [INFO] WebApp:169 - Instantiating new browser for Auth
2026-03-29 19:35:25,726 [INFO] WebApp:463 - Apply proxy settings
2026-03-29 19:35:25,727 [INFO] WebApp:548 - Chromium requires no authentication
2026-03-29 19:35:25,731 [INFO] WebApp:491 - Direct internet connection detected
2026-03-29 19:35:25,740 [INFO] WebApp:900 - Register for checkConnection events
2026-03-29 19:35:25,740 [INFO] WebApp:463 - Apply proxy settings
2026-03-29 19:35:25,740 [INFO] WebApp:548 - Chromium requires no authentication
2026-03-29 19:35:25,740 [INFO] WebApp:491 - Direct internet connection detected
2026-03-29 19:35:25,797 [INFO] WebApp:225 - Starting web application
2026-03-29 19:35:25,797 [INFO] WebApp:593 - Web application path used /opt/st/stm32cubeide_1.19.0/plugins/com.st.stm32cube.common.mx_6.15.0.202507011659/db/plugins/mcufinder/reactClient1/index.html
2026-03-29 19:35:25,856 [INFO] UserAuth:487 - Internet connection configuration mode: 1
2026-03-29 19:35:26,313 [INFO] WebApp:191 - Connection restablished
2026-03-29 19:35:26,750 [WARN] PackLoader:240 - Cannot read IP mode file for STMicroelectronics.X-CUBE-AZRTOS-H7.3.5.0
2026-03-29 19:35:26,758 [WARN] PackLoader:240 - Cannot read IP mode file for STMicroelectronics.FP-SNS-MOTENVWB1.1.4.0
2026-03-29 19:35:26,762 [WARN] PackLoader:240 - Cannot read IP mode file for STMicroelectronics.FP-ATR-ASTRA1.2.0.2
2026-03-29 19:35:26,766 [WARN] PackLoader:240 - Cannot read IP mode file for STMicroelectronics.X-CUBE-SMBUS.2.1.0
2026-03-29 19:35:26,769 [WARN] PackLoader:240 - Cannot read IP mode file for STMicroelectronics.X-CUBE-ST60.1.0.0
2026-03-29 19:35:26,782 [WARN] PackLoader:240 - Cannot read IP mode file for STMicroelectronics.X-CUBE-AZRTOS-F7.1.1.0
2026-03-29 19:35:26,787 [WARN] PackLoader:240 - Cannot read IP mode file for Cesanta.I-CUBE-Mongoose.7.19.0
2026-03-29 19:35:26,789 [WARN] PackLoader:240 - Cannot read IP mode file for STMicroelectronics.FP-SNS-MOTENV1.5.1.0
2026-03-29 19:35:26,794 [WARN] PackLoader:240 - Cannot read IP mode file for WES.I-CUBE-Cesium.1.4.0
2026-03-29 19:35:26,804 [WARN] PackLoader:240 - Cannot read IP mode file for Infineon.AIROC-Wi-Fi-Bluetooth-STM32.1.7.1
2026-03-29 19:35:26,818 [WARN] PackLoader:240 - Cannot read IP mode file for STMicroelectronics.X-CUBE-AZRTOS-H7.3.4.0
2026-03-29 19:35:26,825 [WARN] PackLoader:240 - Cannot read IP mode file for STMicroelectronics.X-CUBE-DISPLAY.3.0.0
2026-03-29 19:35:26,830 [WARN] PackLoader:240 - Cannot read IP mode file for STMicroelectronics.FP-SNS-MOTENVWB1.1.5.0
2026-03-29 19:35:26,834 [WARN] PackLoader:240 - Cannot read IP mode file for STMicroelectronics.X-CUBE-NFC10.1.0.0
2026-03-29 19:35:26,839 [WARN] PackLoader:240 - Cannot read IP mode file for STMicroelectronics.X-CUBE-ST60.1.1.0
2026-03-29 19:35:26,848 [WARN] PackLoader:240 - Cannot read IP mode file for emotas.I-CUBE-CANOPEN.1.3.0
2026-03-29 19:35:26,851 [WARN] PackLoader:240 - Cannot read IP mode file for STMicroelectronics.X-CUBE-GNSS1.7.1.0
2026-03-29 19:35:26,855 [WARN] PackLoader:240 - Cannot read IP mode file for STMicroelectronics.FP-SNS-SMARTAG2.1.2.0
2026-03-29 19:35:26,857 [WARN] PackLoader:240 - Cannot read IP mode file for STMicroelectronics.FP-SNS-FLIGHT1.5.1.0
2026-03-29 19:35:26,864 [INFO] LogOutputStream:77 - [STDOUT_REDIRECT] 1 : Invalid condition id : UX_CORESTACK_Condition cause : null
2026-03-29 19:35:26,864 [INFO] LogOutputStream:77 - [STDOUT_REDIRECT] 1 : Invalid condition id : UX_CORESTACK_Condition cause : null
2026-03-29 19:35:26,865 [INFO] LogOutputStream:77 - [STDOUT_REDIRECT] 1 : Invalid condition id : UX_CORESTACK_Condition cause : null
2026-03-29 19:35:26,865 [INFO] LogOutputStream:77 - [STDOUT_REDIRECT] 1 : Invalid condition id : UX_CORESTACK_Condition cause : null
2026-03-29 19:35:26,865 [INFO] LogOutputStream:77 - [STDOUT_REDIRECT] 1 : Invalid condition id : UX_CORESTACK_Condition cause : null
2026-03-29 19:35:26,867 [WARN] PackLoader:240 - Cannot read IP mode file for STMicroelectronics.X-CUBE-AZRTOS-WL.2.0.0
2026-03-29 19:35:26,870 [WARN] PackLoader:240 - Cannot read IP mode file for STMicroelectronics.FP-SNS-MOTENV1.5.0.0
2026-03-29 19:35:26,879 [WARN] PackLoader:240 - Cannot read IP mode file for STMicroelectronics.X-CUBE-AZRTOS-H7RS.1.2.0
2026-03-29 19:35:26,884 [WARN] PackLoader:240 - Cannot read IP mode file for STMicroelectronics.X-CUBE-BLE2.3.3.0
2026-03-29 19:35:26,896 [WARN] PackLoader:240 - Cannot read IP mode file for STMicroelectronics.X-CUBE-NFC9.1.0.0
2026-03-29 19:35:26,901 [WARN] PackLoader:240 - Cannot read IP mode file for wolfSSL.I-CUBE-wolfSSL.5.8.2
2026-03-29 19:35:26,903 [WARN] PackLoader:240 - Cannot read IP mode file for STMicroelectronics.X-CUBE-BLE1.7.1.0
2026-03-29 19:35:26,906 [WARN] PackLoader:240 - Cannot read IP mode file for wolfSSL.I-CUBE-wolfMQTT.1.19.2
2026-03-29 19:35:26,909 [WARN] PackLoader:240 - Cannot read IP mode file for STMicroelectronics.X-CUBE-FREERTOS.1.4.0
2026-03-29 19:35:26,913 [WARN] PackLoader:240 - Cannot read IP mode file for STMicroelectronics.X-CUBE-EEPRMA1.5.2.0
2026-03-29 19:35:26,917 [WARN] PackLoader:240 - Cannot read IP mode file for STMicroelectronics.X-CUBE-ST67W61.1.1.0
2026-03-29 19:35:26,943 [WARN] PackLoader:240 - Cannot read IP mode file for STMicroelectronics.X-CUBE-MEMS1.12.0.0
2026-03-29 19:35:27,016 [WARN] PackLoader:240 - Cannot read IP mode file for STMicroelectronics.X-CUBE-AZRTOS-G0.1.1.0
2026-03-29 19:35:27,022 [WARN] PackLoader:240 - Cannot read IP mode file for STMicroelectronics.X-CUBE-SAFEA1.1.2.2
2026-03-29 19:35:27,025 [WARN] PackLoader:240 - Cannot read IP mode file for STMicroelectronics.X-CUBE-NFC4.3.0.0
2026-03-29 19:35:27,030 [WARN] PackLoader:240 - Cannot read IP mode file for EmbeddedOffice.I-CUBE-FS-RTOS.1.0.1
2026-03-29 19:35:27,035 [WARN] PackLoader:240 - Cannot read IP mode file for STMicroelectronics.X-CUBE-WB05N.2.0.0
2026-03-29 19:35:27,038 [WARN] PackLoader:240 - Cannot read IP mode file for wolfSSL.I-CUBE-wolfTPM.3.8.0
2026-03-29 19:35:27,041 [WARN] PackLoader:240 - Cannot read IP mode file for STMicroelectronics.X-CUBE-TCPP.4.2.0
2026-03-29 19:35:27,059 [WARN] PackLoader:240 - Cannot read IP mode file for RealThread.X-CUBE-RT-Thread_Nano.4.1.1
2026-03-29 19:35:27,063 [WARN] PackLoader:240 - Cannot read IP mode file for STMicroelectronics.FP-ATR-SIGFOX1.3.2.0
2026-03-29 19:35:27,068 [WARN] PackLoader:240 - Cannot read IP mode file for STMicroelectronics.X-CUBE-FREERTOS.1.5.0
2026-03-29 19:35:27,073 [WARN] PackLoader:240 - Cannot read IP mode file for ITTIA_DB.I-CUBE-ITTIADB.8.9.0
2026-03-29 19:35:27,081 [WARN] PackLoader:240 - Cannot read IP mode file for STMicroelectronics.X-CUBE-NFC6.3.2.0
2026-03-29 19:35:27,107 [WARN] PackLoader:240 - Cannot read IP mode file for SEGGER.I-CUBE-embOS.1.3.1
2026-03-29 19:35:27,133 [WARN] PackLoader:240 - Cannot read IP mode file for STMicroelectronics.X-CUBE-ALGOBUILD.1.4.0
2026-03-29 19:35:27,173 [WARN] PackLoader:240 - Cannot read IP mode file for STMicroelectronics.X-CUBE-MEMS1.11.3.0
2026-03-29 19:35:27,256 [WARN] PackLoader:240 - Cannot read IP mode file for STMicroelectronics.X-CUBE-PM33A1.1.0.0
2026-03-29 19:35:27,264 [WARN] PackLoader:240 - Cannot read IP mode file for STMicroelectronics.X-CUBE-AZRTOS-F4.1.1.0
2026-03-29 19:35:27,267 [WARN] PackLoader:240 - Cannot read IP mode file for STMicroelectronics.X-CUBE-ISPU.2.1.0
2026-03-29 19:35:27,273 [WARN] PackLoader:240 - Cannot read IP mode file for STMicroelectronics.X-CUBE-IPS.3.2.0
2026-03-29 19:35:27,279 [WARN] PackLoader:240 - Cannot read IP mode file for STMicroelectronics.X-CUBE-NFC12.1.0.0
2026-03-29 19:35:27,291 [WARN] PackLoader:240 - Cannot read IP mode file for STMicroelectronics.X-CUBE-AZRTOS-L5.2.0.0
2026-03-29 19:35:27,295 [WARN] PackLoader:240 - Cannot read IP mode file for STMicroelectronics.X-CUBE-NFC6.3.1.0
2026-03-29 19:35:27,299 [WARN] PackLoader:240 - Cannot read IP mode file for STMicroelectronics.X-CUBE-FREERTOS.1.3.1
2026-03-29 19:35:27,302 [WARN] PackLoader:240 - Cannot read IP mode file for STMicroelectronics.X-CUBE-TOUCHGFX.4.26.0
2026-03-29 19:35:27,304 [WARN] PackLoader:240 - Cannot read IP mode file for STMicroelectronics.X-CUBE-TOUCHGFX.4.26.1
2026-03-29 19:35:27,306 [WARN] PackLoader:240 - Cannot read IP mode file for STMicroelectronics.X-CUBE-DPower.1.3.0
2026-03-29 19:35:27,315 [WARN] ConditionMgr:438 - getConditionDescription Invalid condition id : LAN8742 Phy interface Condition cause : null
2026-03-29 19:35:27,316 [WARN] PackLoader:240 - Cannot read IP mode file for STMicroelectronics.X-CUBE-AZRTOS-L4.2.0.0
2026-03-29 19:35:27,317 [WARN] ConditionMgr:1044 - genDependencies : Invalid condition id : LAN8742 Phy interface Condition cause : null
2026-03-29 19:35:27,317 [WARN] ConditionMgr:1044 - genDependencies : Invalid condition id : LAN8742 Phy interface Condition cause : null
2026-03-29 19:35:27,317 [WARN] ConditionMgr:1044 - genDependencies : Invalid condition id : LAN8742 Phy interface Condition cause : null
2026-03-29 19:35:27,321 [WARN] PackLoader:240 - Cannot read IP mode file for STMicroelectronics.X-CUBE-SFXS2LP1.4.0.0
2026-03-29 19:35:27,325 [WARN] PackLoader:240 - Cannot read IP mode file for STMicroelectronics.X-CUBE-ST67W61.1.2.0
2026-03-29 19:35:27,332 [WARN] PackLoader:240 - Cannot read IP mode file for STMicroelectronics.X-CUBE-BLEMGR.4.1.0
2026-03-29 19:35:27,340 [WARN] ConditionMgr:438 - getConditionDescription Invalid condition id : UX DEVICE CLASS RTOS Condition cause : null
2026-03-29 19:35:27,340 [WARN] ConditionMgr:438 - getConditionDescription Invalid condition id : UX DEVICE CLASS RTOS Condition cause : null
2026-03-29 19:35:27,341 [WARN] PackLoader:240 - Cannot read IP mode file for STMicroelectronics.X-CUBE-AZRTOS-WB.2.0.0
2026-03-29 19:35:27,342 [WARN] ConditionMgr:1044 - genDependencies : Invalid condition id : UX DEVICE CLASS RTOS Condition cause : null
2026-03-29 19:35:27,342 [WARN] ConditionMgr:1044 - genDependencies : Invalid condition id : UX DEVICE CLASS RTOS Condition cause : null
2026-03-29 19:35:27,342 [WARN] ConditionMgr:1044 - genDependencies : Invalid condition id : UX DEVICE CLASS RTOS Condition cause : null
2026-03-29 19:35:27,342 [WARN] ConditionMgr:1044 - genDependencies : Invalid condition id : UX DEVICE CLASS RTOS Condition cause : null
2026-03-29 19:35:27,342 [WARN] ConditionMgr:1044 - genDependencies : Invalid condition id : UX DEVICE CLASS RTOS Condition cause : null
2026-03-29 19:35:27,345 [WARN] PackLoader:240 - Cannot read IP mode file for STMicroelectronics.X-CUBE-GNSS1.7.0.1
2026-03-29 19:35:27,347 [WARN] ConditionMgr:438 - getConditionDescription Invalid condition id : Cortex-A Device cause : null
2026-03-29 19:35:27,352 [WARN] ConditionMgr:1044 - genDependencies : Invalid condition id : Cortex-A Device cause : null
2026-03-29 19:35:27,352 [WARN] ConditionMgr:1044 - genDependencies : Invalid condition id : Cortex-A Device cause : null
2026-03-29 19:35:27,352 [WARN] ConditionMgr:1044 - genDependencies : Invalid condition id : Cortex-A Device cause : null
2026-03-29 19:35:27,355 [WARN] PackLoader:240 - Cannot read IP mode file for STMicroelectronics.X-CUBE-STSE01.2.0.0
2026-03-29 19:35:27,361 [WARN] PackLoader:240 - Cannot read IP mode file for STMicroelectronics.X-CUBE-SUBG2.5.0.0
2026-03-29 19:35:27,371 [WARN] PackLoader:240 - Cannot read IP mode file for STMicroelectronics.X-CUBE-AZRTOS-H7RS.1.1.0
2026-03-29 19:35:27,379 [WARN] PackLoader:240 - Cannot read IP mode file for STMicroelectronics.X-CUBE-AZRTOS-G4.2.0.0
2026-03-29 19:35:27,382 [WARN] PackLoader:240 - Cannot read IP mode file for wolfSSL.I-CUBE-wolfSSH.1.4.20
2026-03-29 19:35:27,384 [WARN] PackLoader:240 - Cannot read IP mode file for STMicroelectronics.X-CUBE-NFC7.2.0.0
2026-03-29 19:35:27,387 [WARN] PackLoader:240 - Cannot read IP mode file for STMicroelectronics.X-CUBE-ALS.1.0.2
2026-03-29 19:35:27,390 [WARN] PackLoader:240 - Cannot read IP mode file for STMicroelectronics.X-CUBE-STSE01.1.0.0
2026-03-29 19:35:27,396 [WARN] PackLoader:240 - Cannot read IP mode file for STMicroelectronics.X-CUBE-TOF1.3.4.3
2026-03-29 19:35:27,402 [INFO] ThirdParty:978 - Integrity check success = true
2026-03-29 19:35:27,402 [INFO] IntegrityCheckThread:100 - exiting critical section [integrity check]
2026-03-29 19:35:27,402 [INFO] IntegrityCheckThread:103 - End integrity checks thread
2026-03-29 21:33:18,418 [INFO] McuFinderGlobals:63 - Set McuFinder mode to 2 (CubeIDE integrated)
2026-03-29 21:33:18,421 [INFO] MainUpdater:2872 - connection check result : 10
2026-03-29 21:33:18,421 [INFO] MainUpdater:2872 - connection check result : 10
2026-03-29 21:33:18,443 [INFO] MicroXplorer:468 - Change Database Path : 
2026-03-29 21:33:18,443 [INFO] MicroXplorer:498 - Change Database Version : DB.6.0.150
2026-03-29 21:33:18,448 [WARN] ThirdParty:871 - waiting for thirdparty lock release [close project]
2026-03-29 21:33:18,448 [INFO] ThirdParty:873 - entering critical section [close project]
2026-03-29 21:33:18,450 [INFO] ThirdParty:883 - exiting critical section [close project]
2026-03-29 21:33:18,452 [INFO] PinOutPanel:1589 - setPackage(No Configuration,No Configuration)
2026-03-29 21:33:18,455 [INFO] UtilMem:75 - Begin LoadConfig() Used Memory: 511813504 Bytes (591396864)
2026-03-29 21:33:18,456 [INFO] MicroXplorer:468 - Change Database Path : 
2026-03-29 21:33:18,456 [INFO] MicroXplorer:498 - Change Database Version : DB.6.0.150
2026-03-29 21:33:18,456 [INFO] OpenFileManager:355 - Change cursor
2026-03-29 21:33:18,489 [INFO] Mcu:2029 - Initializing MCU STM32F446R(C-E)Tx STM32F446RETx STM32F446RET6
2026-03-29 21:33:19,391 [INFO] Context:786 - Trying to add GPIOservice into a context  which must be forbidden
2026-03-29 21:33:19,663 [INFO] ImportTextPane:234 - (OptionalMessage_ERROR) Pin18 (VP_RIF_VS_RIF1) cannot be retrieved for this MCU
2026-03-29 21:33:19,820 [INFO] RtosManager:558 - Registered RTOS mode: class=CMSIS, group=RTOS, mode=CMSIS_V1, owner=FREERTOS
2026-03-29 21:33:19,820 [INFO] RtosManager:558 - Registered RTOS mode: class=CMSIS, group=RTOS2, mode=CMSIS_V2, owner=FREERTOS
2026-03-29 21:33:19,820 [INFO] RtosManager:558 - Registered RTOS mode: class=RTOS, group=Core, mode=CMSIS_V1, owner=FREERTOS
2026-03-29 21:33:19,820 [INFO] RtosManager:558 - Registered RTOS mode: class=RTOS, group=Core, mode=CMSIS_V2, owner=FREERTOS
2026-03-29 21:33:19,821 [WARN] ModelIntegratedComponent:184 - Missing modes for component STMicroelectronics:FreeRTOS:0.0.1:STMicroelectronics:RTOS:FreeRTOS:Core:::10.2.0:
2026-03-29 21:33:19,847 [WARN] ModelIntegratedComponent:63 - No mode defined for component null
2026-03-29 21:33:19,847 [WARN] ModelIntegratedComponent:63 - No mode defined for component null
2026-03-29 21:33:19,847 [WARN] ModelIntegratedComponent:63 - No mode defined for component null
2026-03-29 21:33:19,847 [WARN] ModelIntegratedComponent:63 - No mode defined for component null
2026-03-29 21:33:19,847 [WARN] ModelIntegratedComponent:63 - No mode defined for component null
2026-03-29 21:33:19,848 [WARN] ModelIntegratedComponent:63 - No mode defined for component null
2026-03-29 21:33:19,848 [WARN] ModelIntegratedComponent:63 - No mode defined for component null
2026-03-29 21:33:19,848 [WARN] ModelIntegratedComponent:63 - No mode defined for component null
2026-03-29 21:33:19,848 [WARN] ModelIntegratedComponent:63 - No mode defined for component null
2026-03-29 21:33:19,848 [WARN] ModelIntegratedComponent:63 - No mode defined for component null
2026-03-29 21:33:19,848 [WARN] ModelIntegratedComponent:63 - No mode defined for component null
2026-03-29 21:33:19,848 [WARN] ModelIntegratedComponent:63 - No mode defined for component null
2026-03-29 21:33:19,848 [WARN] ModelIntegratedComponent:63 - No mode defined for component null
2026-03-29 21:33:19,848 [WARN] ModelIntegratedComponent:63 - No mode defined for component null
2026-03-29 21:33:19,848 [WARN] ModelIntegratedComponent:63 - No mode defined for component null
2026-03-29 21:33:19,848 [WARN] ModelIntegratedComponent:63 - No mode defined for component null
2026-03-29 21:33:19,848 [WARN] ModelIntegratedComponent:63 - No mode defined for component null
2026-03-29 21:33:19,848 [WARN] ModelIntegratedComponent:63 - No mode defined for component null
2026-03-29 21:33:19,848 [WARN] ModelIntegratedComponent:63 - No mode defined for component null
2026-03-29 21:33:19,848 [WARN] ModelIntegratedComponent:63 - No mode defined for component null
2026-03-29 21:33:19,848 [WARN] ModelIntegratedComponent:63 - No mode defined for component null
2026-03-29 21:33:19,848 [WARN] ModelIntegratedComponent:63 - No mode defined for component null
2026-03-29 21:33:19,848 [WARN] ModelIntegratedComponent:63 - No mode defined for component null
2026-03-29 21:33:19,848 [WARN] ModelIntegratedComponent:63 - No mode defined for component null
2026-03-29 21:33:19,848 [WARN] ModelIntegratedComponent:63 - No mode defined for component null
2026-03-29 21:33:19,848 [WARN] ModelIntegratedComponent:63 - No mode defined for component null
2026-03-29 21:33:19,848 [WARN] ModelIntegratedComponent:63 - No mode defined for component null
2026-03-29 21:33:19,848 [WARN] ModelIntegratedComponent:63 - No mode defined for component null
2026-03-29 21:33:19,848 [WARN] ModelIntegratedComponent:63 - No mode defined for component null
2026-03-29 21:33:19,848 [WARN] ModelIntegratedComponent:63 - No mode defined for component null
2026-03-29 21:33:19,848 [WARN] ModelIntegratedComponent:63 - No mode defined for component null
2026-03-29 21:33:19,848 [WARN] ModelIntegratedComponent:63 - No mode defined for component null
2026-03-29 21:33:19,848 [WARN] ModelIntegratedComponent:63 - No mode defined for component null
2026-03-29 21:33:19,848 [WARN] ModelIntegratedComponent:63 - No mode defined for component null
2026-03-29 21:33:19,848 [WARN] ModelIntegratedComponent:63 - No mode defined for component null
2026-03-29 21:33:19,849 [WARN] ModelPack:524 - Component already loaded: STMicroelectronics:HAL Drivers:0.0.0:STMicroelectronics:Device:STMicro_Driver:XSPI:HAL::0.0.1:HAL_XSPI
2026-03-29 21:33:19,907 [INFO] ThirdPartyModel:298 - Start build external matchings
2026-03-29 21:33:20,174 [INFO] ThirdPartyModel:316 - End build external matchings
2026-03-29 21:33:20,192 [INFO] ImportTextPane:234 - (OptionalMessage_ERROR) IP (DMA) : Parameter (Instance) has Id (I2C3_RX) currently not set
2026-03-29 21:33:20,192 [INFO] ImportTextPane:234 - (OptionalMessage_ERROR) IP (DMA) : Parameter (Channel) has Id (I2C3_RX) currently not set
2026-03-29 21:33:20,192 [INFO] ImportTextPane:234 - (OptionalMessage_ERROR) IP (DMA) : Parameter (Direction) has Id (I2C3_RX) currently not set
2026-03-29 21:33:20,192 [INFO] ImportTextPane:234 - (OptionalMessage_ERROR) IP (DMA) : Parameter (PeriphInc) has Id (I2C3_RX) currently not set
2026-03-29 21:33:20,192 [INFO] ImportTextPane:234 - (OptionalMessage_ERROR) IP (DMA) : Parameter (MemInc) has Id (I2C3_RX) currently not set
2026-03-29 21:33:20,192 [INFO] ImportTextPane:234 - (OptionalMessage_ERROR) IP (DMA) : Parameter (PeriphDataAlignment) has Id (I2C3_RX) currently not set
2026-03-29 21:33:20,193 [INFO] ImportTextPane:234 - (OptionalMessage_ERROR) IP (DMA) : Parameter (MemDataAlignment) has Id (I2C3_RX) currently not set
2026-03-29 21:33:20,193 [INFO] ImportTextPane:234 - (OptionalMessage_ERROR) IP (DMA) : Parameter (Mode) has Id (I2C3_RX) currently not set
2026-03-29 21:33:20,193 [INFO] ImportTextPane:234 - (OptionalMessage_ERROR) IP (DMA) : Parameter (Priority) has Id (I2C3_RX) currently not set
2026-03-29 21:33:20,193 [INFO] ImportTextPane:234 - (OptionalMessage_ERROR) IP (DMA) : Parameter (FIFOMode) has Id (I2C3_RX) currently not set
2026-03-29 21:33:20,193 [WARN] IP:2250 - I2C_Coeff_DF not found: check if there is a RefParameter without a condition.
2026-03-29 21:33:20,194 [WARN] IP:2250 - Analog_Filter not found: check if there is a RefParameter without a condition.
2026-03-29 21:33:20,194 [INFO] ImportTextPane:234 - (OptionalMessage_ERROR) IP (RCC) : Invalid parameter (FamilyName)
2026-03-29 21:33:20,198 [WARN] IP:2250 - DEVICE_SERIAL0_CDC_FS not found: check if there is a RefParameter without a condition.
2026-03-29 21:33:20,198 [WARN] IP:2250 - DEVICE_SERIAL1_CDC_FS not found: check if there is a RefParameter without a condition.
2026-03-29 21:33:20,199 [WARN] IP:2250 - DEVICE_SERIAL2_CDC_FS not found: check if there is a RefParameter without a condition.
2026-03-29 21:33:20,382 [INFO] ApiDb:581 - Connected to CubeFinder SQLite database (/home/kamil/.stmcufinder/plugins/mcufinder/mcu/cube-finder-db.db)
2026-03-29 21:33:20,437 [INFO] ApiDb:668 - CubeFinder database Data Model version=2.1
2026-03-29 21:33:20,437 [INFO] ApiDb:669 - CubeFinder database Configuration version=3.0.42
2026-03-29 21:33:20,438 [INFO] ApiDb:670 - CubeFinder database generation date=2026-02-13 (1770995876)
2026-03-29 21:33:20,438 [INFO] ApiDb:671 - CubeFinder database FW Pack versions=[FP-ATR-ASTRA1_V2.0.0, FP-SNS-FLIGHT1_V5.1.0, FP-SNS-MOTENV1_V5.1.0, FP-SNS-MOTENVWB1_V1.4.0, FP-SNS-SMARTAG2_V1.2.0, FP-SNS-STBOX1_V2.1.0, STM32Cube_FW_C0_V1.4.0, STM32Cube_FW_F4_V1.28.3, STM32Cube_FW_F7_V1.17.4, STM32Cube_FW_G0_V1.6.2, STM32Cube_FW_G4_V1.6.1, STM32Cube_FW_H5_V1.6.0, STM32Cube_FW_H7RS_V1.3.0, STM32Cube_FW_H7_V1.13.0, STM32Cube_FW_L0_V1.12.2, STM32Cube_FW_L4_V1.18.2, STM32Cube_FW_L5_V1.6.0, STM32Cube_FW_N6_V1.3.0, STM32Cube_FW_U0_V1.3.0, STM32Cube_FW_U3_V1.3.0, STM32Cube_FW_U5_V1.8.0, STM32Cube_FW_WB0_V1.4.0, STM32Cube_FW_WBA_V1.9.0, STM32Cube_FW_WB_V1.24.0, STM32Cube_FW_WL3_V1.4.0, STM32Cube_FW_WL_V1.5.0, X-CUBE-ALGOBUILD_V1.4.0, X-CUBE-ALS_V1.0.2, X-CUBE-AZRTOS-F4_V1.1.0, X-CUBE-AZRTOS-F7_V1.1.0, X-CUBE-AZRTOS-G0_V1.1.0, X-CUBE-AZRTOS-G4_V2.0.0, X-CUBE-AZRTOS-H7RS_V1.1.0, X-CUBE-AZRTOS-H7_V3.4.0, X-CUBE-AZRTOS-L4_V2.0.0, X-CUBE-AZRTOS-L5_V2.0.0, X-CUBE-AZRTOS-WB_V2.0.0, X-CUBE-AZRTOS-WL_V2.0.0, X-CUBE-BLE1_V7.1.0, X-CUBE-BLE2_V3.3.0, X-CUBE-BLEMGR_V4.1.0, X-CUBE-EEPRMA1_V5.2.0, X-CUBE-FREERTOS_V1.3.1, X-CUBE-GNSS1_V6.0.0, X-CUBE-MEMS1_V12.0.0, X-CUBE-NFC4_V3.0.0, X-CUBE-NFC7_V2.0.0, X-CUBE-SFXS2LP1_V4.0.0, X-CUBE-ST67W61_V1.1.0, X-CUBE-SUBG2_V5.0.0, X-CUBE-TOF1_V3.4.3]
2026-03-29 21:33:20,499 [INFO] DbBoardsSqlite:226 - include board P-NUCLEO-WB55-NUCLEO as a kit item of type 'Nucleo-64'
2026-03-29 21:33:20,499 [INFO] DbBoardsSqlite:226 - include board P-NUCLEO-WB55-USBDONGLE as a kit item of type 'Nucleo USB Dongle'
2026-03-29 21:33:20,499 [INFO] DbBoardsSqlite:226 - include board STEVAL-IDP005V1 as a kit item of type 'Evaluation Board'
2026-03-29 21:33:20,499 [INFO] DbBoardsSqlite:226 - include board STEVAL-IDP005V2 as a kit item of type 'Evaluation Board'
2026-03-29 21:33:20,573 [INFO] ApiDb:240 - Found 880 in-development CPN: [B-G473E-ZEST1S, B-WB1M-WPAN1, B-WBA5M-WPAN, B-WL5M-SUBG1, NUCLEO-C031C6, NUCLEO-C051C8, NUCLEO-C071RB, NUCLEO-C092RC, NUCLEO-H503RB, NUCLEO-H533RE, NUCLEO-H563ZI, NUCLEO-H7S3L8, NUCLEO-N657X0-Q, NUCLEO-U031R8, NUCLEO-U083RC, NUCLEO-U385RG-Q, NUCLEO-U545RE-Q, NUCLEO-U5A5ZJ-Q, NUCLEO-WB05KZ, NUCLEO-WB07CC, NUCLEO-WB09KE, NUCLEO-WBA52CG, NUCLEO-WBA55CG, NUCLEO-WL33CC1, NUCLEO-WL33CC2, STEVAL-PROTEUS1, STEVAL-SMARTAG2, STEVAL-STWINBX1, STM320518-EVAL, STM32C0116-DK, STM32C011D6Y3TR, STM32C011D6Y6TR, STM32C011F4P3, STM32C011F4P6, STM32C011F4U3, STM32C011F4U6TR, STM32C011F6P3, STM32C011F6P6, STM32C011F6U3, STM32C011F6U6TR, STM32C011J4M3, STM32C011J4M6, STM32C011J6M3, STM32C011J6M6, STM32C0316-DK, STM32C031C4T3, STM32C031C4T6, STM32C031C4U3, STM32C031C4U6, STM32C031C6T3, STM32C031C6T6, STM32C031C6U3, STM32C031C6U6, STM32C031F4P3, STM32C031F4P6, STM32C031F6P3, STM32C031F6P6, STM32C031G4U3, STM32C031G4U6, STM32C031G6U3, STM32C031G6U6, STM32C031K4T3, STM32C031K4T6, STM32C031K4U3, STM32C031K4U6, STM32C031K6T3, STM32C031K6T6, STM32C031K6U3, STM32C031K6U6, STM32C051C6T6, STM32C051C6U6, STM32C051C8T6, STM32C051C8U6, STM32C051D8Y6TR, STM32C051F6P6, STM32C051F8P6, STM32C051G6U6, STM32C051G8U6, STM32C051K6T6, STM32C051K6U6, STM32C051K8T6, STM32C071C8T6, STM32C071C8T6N, STM32C071C8U6, STM32C071C8U6N, STM32C071CBT6, STM32C071CBT6N, STM32C071CBU6, STM32C071CBU6N, STM32C071F8P6, STM32C071F8P6N, STM32C071FBP6, STM32C071FBP6N, STM32C071FBY6TR, STM32C071G8U6, STM32C071G8U6N, STM32C071GBU6, STM32C071GBU6N, STM32C071K8T6, STM32C071K8T6N, STM32C071K8U6, STM32C071K8U6N, STM32C071KBT6, STM32C071KBT6N, STM32C071KBU6, STM32C071KBU6N, STM32C071R8T6, STM32C071R8T6N, STM32C071RBI6N, STM32C071RBT6, STM32C071RBT6N, STM32C091CBT6, STM32C091CBU6, STM32C091CCT6, STM32C091CCU6, STM32C091ECY6TR, STM32C091FBP6, STM32C091FCP6, STM32C091GBU6, STM32C091GCU6, STM32C091KBT6, STM32C091KBU6, STM32C091KCT6, STM32C091KCU6, STM32C091RBT6, STM32C091RCI6, STM32C091RCT6, STM32C092CBT6, STM32C092CBU6, STM32C092CCT6, STM32C092CCU6, STM32C092ECY6TR, STM32C092FBP6, STM32C092FCP6, STM32C092GBU6, STM32C092GCU6, STM32C092KBT6, STM32C092KBU6, STM32C092KCT6, STM32C092KCU6, STM32C092RBT6, STM32C092RCI6, STM32C092RCT6, STM32G071K8TXN, STM32G071K8UXN, STM32G081GBU6N, STM32G081KBT6N, STM32G081KBUXN, STM32G0B1CCT6N, STM32G0B1KCT6, STM32G0B1NEY6TR, STM32G0B1RCT6N, STM32G0C1CCT6, STM32G0C1CCT6N, STM32G0C1CCU6N, STM32G0C1CET6N, STM32G0C1CEU6N, STM32G0C1KCT6, STM32G0C1NEY6TR, STM32G0C1RCI6N, STM32G0C1RCT6N, STM32G0C1REI6N, STM32G0C1RET6N, STM32G0C1VCI6, STM32G0C1VEI6, STM32G411C6T3, STM32G411C6T6, STM32G411C6U3, STM32G411C6U6, STM32G411C8T3, STM32G411C8T6, STM32G411C8U3, STM32G411C8U6, STM32G411CBT3, STM32G411CBT6, STM32G411CBU3, STM32G411CBU6, STM32G411K6T3, STM32G411K6T6, STM32G411K6U3, STM32G411K6U6, STM32G411K8T3, STM32G411K8T6, STM32G411K8U3, STM32G411K8U6, STM32G411KBT3, STM32G411KBT6, STM32G411KBU3, STM32G411KBU6, STM32G411M6T3, STM32G411M6T6, STM32G411M8T3, STM32G411M8T6, STM32G411MBT3, STM32G411MBT6, STM32G411R6T3, STM32G411R6T6, STM32G411R8T3, STM32G411R8T6, STM32G411RBT3, STM32G411RBT6, STM32G414CBT3, STM32G414CBT6, STM32G414CBU3, STM32G414CBU6, STM32G414CCT3, STM32G414CCT6, STM32G414CCU3, STM32G414CCU6, STM32G414MBT3, STM32G414MBT6, STM32G414MCT3, STM32G414MCT6, STM32G414RBT3, STM32G414RBT6, STM32G414RCT3, STM32G414RCT6, STM32G414VBT3, STM32G414VBT6, STM32G414VCT3, STM32G414VCT6, STM32G431CBT3Z, STM32G431RBT3Z, STM32G471CCT6, STM32G471CCU6, STM32G471CET3, STM32G471CET6, STM32G471CEU3, STM32G471CEU6, STM32G471MCT6, STM32G471MET3, STM32G471MET6, STM32G471MEY6TR, STM32G471QCT6, STM32G471QET3, STM32G471RCT6, STM32G471RET3, STM32G471RET6, STM32G471VCH6, STM32G471VCI6, STM32G471VCT6, STM32G471VEH3, STM32G471VEH6, STM32G471VEI3, STM32G471VEI6, STM32G471VET3, STM32G471VET6, STM32G473QET3Z, STM32G473RET3Z, STM32G474CCT6, STM32G491RET3Z, STM32H503CBT6, STM32H503CBU6, STM32H503EBY6TR, STM32H503KBU6, STM32H503RBT6, STM32H523CCT6, STM32H523CCU6, STM32H523CET6, STM32H523CEU6, STM32H523HEY6TR, STM32H523RCT6, STM32H523RET6, STM32H523VCI6, STM32H523VCT6, STM32H523VEI6, STM32H523VET6, STM32H523ZCJ6, STM32H523ZCT6, STM32H523ZEJ6, STM32H523ZET6, STM32H533CET6, STM32H533CEU6, STM32H533HEY6TR, STM32H533RET6, STM32H533VEI6, STM32H533VET6, STM32H533ZEJ6, STM32H533ZET6, STM32H562AGI6, STM32H562AII6, STM32H562IGK6, STM32H562IGT6, STM32H562IIK6, STM32H562IIT6, STM32H562RGT6, STM32H562RGV6, STM32H562RIT6, STM32H562RIV6, STM32H562VGT6, STM32H562VIT6, STM32H562ZGT6, STM32H562ZIT6, STM32H563AGI6, STM32H563AII3Q, STM32H563AII6, STM32H563IGK6, STM32H563IGT6, STM32H563IIK3Q, STM32H563IIK6, STM32H563IIT3Q, STM32H563IIT6, STM32H563MIY3QTR, STM32H563RGT6, STM32H563RGV6, STM32H563RIT6, STM32H563RIV6, STM32H563VGT6, STM32H563VIT3Q, STM32H563VIT6, STM32H563ZGT6, STM32H563ZIT3Q, STM32H563ZIT6, STM32H573AII3Q, STM32H573AII6, STM32H573I-DK, STM32H573IIK3Q, STM32H573IIK6, STM32H573IIT3Q, STM32H573IIT6, STM32H573MIY3QTR, STM32H573RIT6, STM32H573RIV6, STM32H573VIT3Q, STM32H573VIT6, STM32H573ZIT3Q, STM32H573ZIT6, STM32H7R3A8I6, STM32H7R3I8K6, STM32H7R3I8T6, STM32H7R3L8H6, STM32H7R3L8H6H, STM32H7R3R8V6, STM32H7R3V8H6, STM32H7R3V8T6, STM32H7R3V8Y6TR, STM32H7R3Z8J6, STM32H7R3Z8T6, STM32H7R7A8I6, STM32H7R7I8K6, STM32H7R7I8T6, STM32H7R7L8H6, STM32H7R7L8H6H, STM32H7R7Z8J6, STM32H7S3A8I6, STM32H7S3I8K6, STM32H7S3I8T6, STM32H7S3L8H6, STM32H7S3L8H6H, STM32H7S3R8V6, STM32H7S3V8H6, STM32H7S3V8T6, STM32H7S3V8Y6TR, STM32H7S3Z8J6, STM32H7S3Z8T6, STM32H7S78-DK, STM32H7S7A8I6, STM32H7S7I8K6, STM32H7S7I8T6, STM32H7S7L8H6, STM32H7S7L8H6H, STM32H7S7Z8J6, STM32L4R5QGI6STR, STM32MP131AAE3, STM32MP131AAF3, STM32MP131AAG3, STM32MP131CAE3, STM32MP131CAF3, STM32MP131CAG3, STM32MP131DAE7, STM32MP131DAF7, STM32MP131DAG7, STM32MP131FAE7, STM32MP131FAF7, STM32MP131FAG7, STM32MP133AAE3, STM32MP133AAF3, STM32MP133AAG3, STM32MP133CAE3, STM32MP133CAF3, STM32MP133CAG3, STM32MP133DAE7, STM32MP133DAF7, STM32MP133DAG7, STM32MP133FAE7, STM32MP133FAF7, STM32MP133FAG7, STM32MP135AAE3, STM32MP135AAF3, STM32MP135AAG3, STM32MP135CAE3, STM32MP135CAF3, STM32MP135CAG3, STM32MP135DAE7, STM32MP135DAF7, STM32MP135DAG7, STM32MP135F-DK, STM32MP135FAE7, STM32MP135FAF7, STM32MP135FAF7T, STM32MP135FAF7U, STM32MP135FAG7, STM32MP211AAL3, STM32MP211AAM3, STM32MP211AAN3, STM32MP211AAO3, STM32MP211CAL3, STM32MP211CAM3, STM32MP211CAN3, STM32MP211CAO3, STM32MP211DAL3, STM32MP211DAM3, STM32MP211DAN3, STM32MP211DAO3, STM32MP211FAL3, STM32MP211FAM3, STM32MP211FAN3, STM32MP211FAO3, STM32MP213AAL3, STM32MP213AAM3, STM32MP213AAN3, STM32MP213AAO3, STM32MP213CAL3, STM32MP213CAM3, STM32MP213CAN3, STM32MP213CAO3, STM32MP213DAL3, STM32MP213DAM3, STM32MP213DAN3, STM32MP213DAO3, STM32MP213FAL3, STM32MP213FAM3, STM32MP213FAN3, STM32MP213FAO3, STM32MP215AAL3, STM32MP215AAM3, STM32MP215AAN3, STM32MP215AAO3, STM32MP215CAL3, STM32MP215CAM3, STM32MP215CAN3, STM32MP215CAO3, STM32MP215DAL3, STM32MP215DAM3, STM32MP215DAN3, STM32MP215DAO3, STM32MP215F-DK, STM32MP215FAL3, STM32MP215FAM3, STM32MP215FAN3, STM32MP215FAO3, STM32MP231AAJ3, STM32MP231AAK3, STM32MP231AAL3, STM32MP231CAJ3, STM32MP231CAK3, STM32MP231CAL3, STM32MP231DAJ3, STM32MP231DAK3, STM32MP231DAL3, STM32MP231FAJ3, STM32MP231FAK3, STM32MP231FAL3, STM32MP233AAJ3, STM32MP233AAK3, STM32MP233AAL3, STM32MP233CAJ3, STM32MP233CAK3, STM32MP233CAL3, STM32MP233DAJ3, STM32MP233DAK3, STM32MP233DAL3, STM32MP233FAJ3, STM32MP233FAK3, STM32MP233FAL3, STM32MP235AAJ3, STM32MP235AAK3, STM32MP235AAL3, STM32MP235CAJ3, STM32MP235CAK3, STM32MP235CAL3, STM32MP235DAJ3, STM32MP235DAK3, STM32MP235DAL3, STM32MP235FAJ3, STM32MP235FAK3, STM32MP235FAL3, STM32MP251AAI3, STM32MP251AAK3, STM32MP251AAL3, STM32MP251CAI3, STM32MP251CAK3, STM32MP251CAL3, STM32MP251DAI3, STM32MP251DAK3, STM32MP251DAL3, STM32MP251FAI3, STM32MP251FAK3, STM32MP251FAL3, STM32MP253AAI3, STM32MP253AAK3, STM32MP253AAL3, STM32MP253CAI3, STM32MP253CAK3, STM32MP253CAL3, STM32MP253DAI3, STM32MP253DAK3, STM32MP253DAL3, STM32MP253FAI3, STM32MP253FAK3, STM32MP253FAL3, STM32MP255AAI3, STM32MP255AAK3, STM32MP255AAL3, STM32MP255CAI3, STM32MP255CAK3, STM32MP255CAL3, STM32MP255DAI3, STM32MP255DAK3, STM32MP255DAL3, STM32MP255FAI3, STM32MP255FAK3, STM32MP255FAL3, STM32MP257AAI3, STM32MP257AAK3, STM32MP257AAL3, STM32MP257CAI3, STM32MP257CAK3, STM32MP257CAL3, STM32MP257DAI3, STM32MP257DAK3, STM32MP257DAL3, STM32MP257F-DK, STM32MP257F-EV1, STM32MP257FAI3, STM32MP257FAK3, STM32MP257FAL3, STM32N645A0H3Q, STM32N645B0H3Q, STM32N645I0H3Q, STM32N645L0H3Q, STM32N645X0H3Q, STM32N645Z0H3Q, STM32N647A0H3Q, STM32N647B0H3Q, STM32N647I0H3Q, STM32N647L0H3Q, STM32N647X0H3Q, STM32N647Z0H3Q, STM32N655A0H3Q, STM32N655B0H3Q, STM32N655I0H3Q, STM32N655L0H3Q, STM32N655X0H3Q, STM32N655Z0H3Q, STM32N6570-DK, STM32N657A0H3Q, STM32N657B0H3Q, STM32N657I0H3Q, STM32N657L0H3Q, STM32N657X0H3Q, STM32N657Z0H3Q, STM32U031C6T6, STM32U031C6U6, STM32U031C8T6, STM32U031C8U6, STM32U031F4P6, STM32U031F6P6, STM32U031F8P6, STM32U031G6Y6TR, STM32U031G8Y6TR, STM32U031K4U6, STM32U031K6U6, STM32U031K8U6, STM32U031R6I6, STM32U031R6T6, STM32U031R8I6, STM32U031R8T6, STM32U073C8T6, STM32U073C8U6, STM32U073CBT6, STM32U073CBU6, STM32U073CCT6, STM32U073CCU6, STM32U073H8Y6TR, STM32U073HBY6TR, STM32U073HCY6TR, STM32U073K8U6, STM32U073KBU6, STM32U073KCU6, STM32U073M8I6, STM32U073M8T6, STM32U073MBI6, STM32U073MBT6, STM32U073MCI6, STM32U073MCT6, STM32U073R8I6, STM32U073R8T6, STM32U073RBI6, STM32U073RBT6, STM32U073RCI6, STM32U073RCT6, STM32U083C-DK, STM32U083CCT6, STM32U083CCU6, STM32U083HCY6TR, STM32U083KCU6, STM32U083MCI6, STM32U083MCT6, STM32U083RCI6, STM32U083RCT6, STM32U375CET6, STM32U375CET6Q, STM32U375CEU6, STM32U375CEU6Q, STM32U375CEY6QTR, STM32U375CGT6, STM32U375CGT6Q, STM32U375CGU6, STM32U375CGU6Q, STM32U375CGY6QTR, STM32U375KEU6, STM32U375KGU6, STM32U375REI6, STM32U375REI6Q, STM32U375RET6, STM32U375RET6Q, STM32U375REY6GTR, STM32U375REY6QTR, STM32U375RGI6, STM32U375RGI6Q, STM32U375RGT6, STM32U375RGT6Q, STM32U375RGY6GTR, STM32U375RGY6QTR, STM32U375VEI6, STM32U375VEI6Q, STM32U375VET6, STM32U375VET6Q, STM32U375VGI6, STM32U375VGI6Q, STM32U375VGT6, STM32U375VGT6Q, STM32U385CGT6, STM32U385CGT6Q, STM32U385CGU6, STM32U385CGU6Q, STM32U385CGY6QTR, STM32U385KGU6, STM32U385RGI6, STM32U385RGI6Q, STM32U385RGT6, STM32U385RGT6Q, STM32U385RGY6GTR, STM32U385RGY6QTR, STM32U385VGI6, STM32U385VGI6Q, STM32U385VGT6, STM32U385VGT6Q, STM32U535CBT6, STM32U535CBT6Q, STM32U535CBU6, STM32U535CBU6Q, STM32U535CCT6, STM32U535CCT6Q, STM32U535CCU6, STM32U535CCU6Q, STM32U535CET6, STM32U535CET6Q, STM32U535CEU6, STM32U535CEU6Q, STM32U535JEY6QTR, STM32U535NCY6QTR, STM32U535NEY6QTR, STM32U535RBI6, STM32U535RBI6Q, STM32U535RBT6, STM32U535RBT6Q, STM32U535RCI6, STM32U535RCI6Q, STM32U535RCT6, STM32U535RCT6Q, STM32U535REI6, STM32U535REI6Q, STM32U535RET6, STM32U535RET6Q, STM32U535VCI6, STM32U535VCI6Q, STM32U535VCT6, STM32U535VCT6Q, STM32U535VEI6, STM32U535VEI6Q, STM32U535VET6, STM32U535VET6Q, STM32U545CET6, STM32U545CET6Q, STM32U545CEU6, STM32U545CEU6Q, STM32U545JEY6QTR, STM32U545NEY6QTR, STM32U545REI6, STM32U545REI6Q, STM32U545RET6, STM32U545RET6Q, STM32U545VEI6, STM32U545VEI6Q, STM32U545VET6, STM32U545VET6Q, STM32U595AIH6, STM32U595AIH6Q, STM32U595AJH6, STM32U595AJH6Q, STM32U595QII6, STM32U595QII6Q, STM32U595QJI6, STM32U595QJI6Q, STM32U595RIT6, STM32U595RIT6Q, STM32U595RJT6, STM32U595RJT6Q, STM32U595VIT6, STM32U595VIT6Q, STM32U595VJT6, STM32U595VJT6Q, STM32U595ZIT6, STM32U595ZIT6Q, STM32U595ZIY6QTR, STM32U595ZJT6, STM32U595ZJT6Q, STM32U595ZJY6QTR, STM32U599BJY6QTR, STM32U599NIH6Q, STM32U599NJH6Q, STM32U599VIT6Q, STM32U599VJT6, STM32U599VJT6Q, STM32U599ZIT6Q, STM32U599ZIY6QTR, STM32U599ZJT6Q, STM32U599ZJY6QTR, STM32U5A5AJH6, STM32U5A5AJH6Q, STM32U5A5QII3Q , STM32U5A5QJI6, STM32U5A5QJI6Q, STM32U5A5RJT6, STM32U5A5RJT6Q, STM32U5A5VJT6, STM32U5A5VJT6Q, STM32U5A5ZJT6, STM32U5A5ZJT6Q, STM32U5A5ZJY6QTR, STM32U5A9BJY6QTR, STM32U5A9J-DK, STM32U5A9NJH6Q, STM32U5A9VJT6Q, STM32U5A9ZJT6Q, STM32U5A9ZJY6QTR, STM32U5F7VIT6, STM32U5F7VIT6Q, STM32U5F7VJT6, STM32U5F7VJT6Q, STM32U5F9BJY6QTR, STM32U5F9NJH6Q, STM32U5F9VIT6Q, STM32U5F9VJT6Q, STM32U5F9ZIJ6QTR, STM32U5F9ZIT6Q, STM32U5F9ZJJ6QTR, STM32U5F9ZJT6Q, STM32U5G7VJT6, STM32U5G7VJT6Q, STM32U5G9BJY6QTR, STM32U5G9J-DK1, STM32U5G9J-DK2, STM32U5G9NJH6Q, STM32U5G9VJT6Q, STM32U5G9ZJJ6QTR, STM32U5G9ZJT6Q, STM32WB05KZV6TR, STM32WB05KZV7TR, STM32WB05TZF6TR, STM32WB05TZF7TR, STM32WB06CCF6TR, STM32WB06CCF7TR, STM32WB06CCV6TR, STM32WB06CCV7TR, STM32WB06KCV6TR, STM32WB06KCV7TR, STM32WB07CCF6TR, STM32WB07CCF7TR, STM32WB07CCV6TR, STM32WB07CCV7TR, STM32WB07KCV6TR, STM32WB07KCV7TR, STM32WB09KEV6TR, STM32WB09KEV7TR, STM32WB09TEF6TR, STM32WB09TEF7TR, STM32WB1MMCH6, STM32WBA50KGU6, STM32WBA50KGU6TR, STM32WBA52CEU6, STM32WBA52CEU6TR, STM32WBA52CEU7, STM32WBA52CEU7TR, STM32WBA52CGU6, STM32WBA52CGU6TR, STM32WBA52CGU6U, STM32WBA52CGU7, STM32WBA52CGU7TR, STM32WBA52KEU6, STM32WBA52KEU6TR, STM32WBA52KGU6, STM32WBA52KGU6TR, STM32WBA54CEU6, STM32WBA54CEU6TR, STM32WBA54CEU7, STM32WBA54CEU7TR, STM32WBA54CGU6, STM32WBA54CGU6TR, STM32WBA54CGU7, STM32WBA54CGU7TR, STM32WBA54KEU6, STM32WBA54KEU6TR, STM32WBA54KEU7, STM32WBA54KEU7TR, STM32WBA54KGU6, STM32WBA54KGU6TR, STM32WBA54KGU7, STM32WBA54KGU7TR, STM32WBA55CEU6, STM32WBA55CEU6TR, STM32WBA55CEU7, STM32WBA55CEU7TR, STM32WBA55CGU6, STM32WBA55CGU6TR, STM32WBA55CGU6U, STM32WBA55CGU7, STM32WBA55CGU7TR, STM32WBA55G-DK1, STM32WBA55HEF6, STM32WBA55HEF7, STM32WBA55HGF6, STM32WBA55HGF7, STM32WBA55UEI6, STM32WBA55UEI6TR, STM32WBA55UEI7, STM32WBA55UEI7TR, STM32WBA55UGI6, STM32WBA55UGI6TR, STM32WBA55UGI7, STM32WBA55UGI7TR, STM32WBA5MMGH6TR, STM32WBA62MGF6, STM32WBA62MIF6, STM32WBA65MGF7, STM32WBA65MIF6, STM32WBA65MIF7, STM32WL30K8V6, STM32WL30KBV6, STM32WL31C8V6, STM32WL31CBV6, STM32WL31K8V6, STM32WL31KBV6, STM32WL33C8V6, STM32WL33C8V6X, STM32WL33CBV6, STM32WL33CBV6X, STM32WL33CCV6, STM32WL33CCV6A, STM32WL33CCV6X, STM32WL33K8V7, STM32WL33K8V7X, STM32WL33KBV7 , STM32WL33KBV7X, STM32WL33KCV7, STM32WL33KCV7X, STM32WL5MOCH6, STM32WL5MOCH6TR]
2026-03-29 21:33:20,575 [INFO] ApiDb:668 - CubeFinder database Data Model version=2.1
2026-03-29 21:33:20,575 [INFO] ApiDb:669 - CubeFinder database Configuration version=3.0.42
2026-03-29 21:33:20,575 [INFO] ApiDb:670 - CubeFinder database generation date=2026-02-13 (1770995876)
2026-03-29 21:33:20,575 [INFO] ApiDb:671 - CubeFinder database FW Pack versions=[FP-ATR-ASTRA1_V2.0.0, FP-SNS-FLIGHT1_V5.1.0, FP-SNS-MOTENV1_V5.1.0, FP-SNS-MOTENVWB1_V1.4.0, FP-SNS-SMARTAG2_V1.2.0, FP-SNS-STBOX1_V2.1.0, STM32Cube_FW_C0_V1.4.0, STM32Cube_FW_F4_V1.28.3, STM32Cube_FW_F7_V1.17.4, STM32Cube_FW_G0_V1.6.2, STM32Cube_FW_G4_V1.6.1, STM32Cube_FW_H5_V1.6.0, STM32Cube_FW_H7RS_V1.3.0, STM32Cube_FW_H7_V1.13.0, STM32Cube_FW_L0_V1.12.2, STM32Cube_FW_L4_V1.18.2, STM32Cube_FW_L5_V1.6.0, STM32Cube_FW_N6_V1.3.0, STM32Cube_FW_U0_V1.3.0, STM32Cube_FW_U3_V1.3.0, STM32Cube_FW_U5_V1.8.0, STM32Cube_FW_WB0_V1.4.0, STM32Cube_FW_WBA_V1.9.0, STM32Cube_FW_WB_V1.24.0, STM32Cube_FW_WL3_V1.4.0, STM32Cube_FW_WL_V1.5.0, X-CUBE-ALGOBUILD_V1.4.0, X-CUBE-ALS_V1.0.2, X-CUBE-AZRTOS-F4_V1.1.0, X-CUBE-AZRTOS-F7_V1.1.0, X-CUBE-AZRTOS-G0_V1.1.0, X-CUBE-AZRTOS-G4_V2.0.0, X-CUBE-AZRTOS-H7RS_V1.1.0, X-CUBE-AZRTOS-H7_V3.4.0, X-CUBE-AZRTOS-L4_V2.0.0, X-CUBE-AZRTOS-L5_V2.0.0, X-CUBE-AZRTOS-WB_V2.0.0, X-CUBE-AZRTOS-WL_V2.0.0, X-CUBE-BLE1_V7.1.0, X-CUBE-BLE2_V3.3.0, X-CUBE-BLEMGR_V4.1.0, X-CUBE-EEPRMA1_V5.2.0, X-CUBE-FREERTOS_V1.3.1, X-CUBE-GNSS1_V6.0.0, X-CUBE-MEMS1_V12.0.0, X-CUBE-NFC4_V3.0.0, X-CUBE-NFC7_V2.0.0, X-CUBE-SFXS2LP1_V4.0.0, X-CUBE-ST67W61_V1.1.0, X-CUBE-SUBG2_V5.0.0, X-CUBE-TOF1_V3.4.3]
2026-03-29 21:33:22,343 [INFO] ApiDb:240 - Found 880 in-development CPN: [B-G473E-ZEST1S, B-WB1M-WPAN1, B-WBA5M-WPAN, B-WL5M-SUBG1, NUCLEO-C031C6, NUCLEO-C051C8, NUCLEO-C071RB, NUCLEO-C092RC, NUCLEO-H503RB, NUCLEO-H533RE, NUCLEO-H563ZI, NUCLEO-H7S3L8, NUCLEO-N657X0-Q, NUCLEO-U031R8, NUCLEO-U083RC, NUCLEO-U385RG-Q, NUCLEO-U545RE-Q, NUCLEO-U5A5ZJ-Q, NUCLEO-WB05KZ, NUCLEO-WB07CC, NUCLEO-WB09KE, NUCLEO-WBA52CG, NUCLEO-WBA55CG, NUCLEO-WL33CC1, NUCLEO-WL33CC2, STEVAL-PROTEUS1, STEVAL-SMARTAG2, STEVAL-STWINBX1, STM320518-EVAL, STM32C0116-DK, STM32C011D6Y3TR, STM32C011D6Y6TR, STM32C011F4P3, STM32C011F4P6, STM32C011F4U3, STM32C011F4U6TR, STM32C011F6P3, STM32C011F6P6, STM32C011F6U3, STM32C011F6U6TR, STM32C011J4M3, STM32C011J4M6, STM32C011J6M3, STM32C011J6M6, STM32C0316-DK, STM32C031C4T3, STM32C031C4T6, STM32C031C4U3, STM32C031C4U6, STM32C031C6T3, STM32C031C6T6, STM32C031C6U3, STM32C031C6U6, STM32C031F4P3, STM32C031F4P6, STM32C031F6P3, STM32C031F6P6, STM32C031G4U3, STM32C031G4U6, STM32C031G6U3, STM32C031G6U6, STM32C031K4T3, STM32C031K4T6, STM32C031K4U3, STM32C031K4U6, STM32C031K6T3, STM32C031K6T6, STM32C031K6U3, STM32C031K6U6, STM32C051C6T6, STM32C051C6U6, STM32C051C8T6, STM32C051C8U6, STM32C051D8Y6TR, STM32C051F6P6, STM32C051F8P6, STM32C051G6U6, STM32C051G8U6, STM32C051K6T6, STM32C051K6U6, STM32C051K8T6, STM32C071C8T6, STM32C071C8T6N, STM32C071C8U6, STM32C071C8U6N, STM32C071CBT6, STM32C071CBT6N, STM32C071CBU6, STM32C071CBU6N, STM32C071F8P6, STM32C071F8P6N, STM32C071FBP6, STM32C071FBP6N, STM32C071FBY6TR, STM32C071G8U6, STM32C071G8U6N, STM32C071GBU6, STM32C071GBU6N, STM32C071K8T6, STM32C071K8T6N, STM32C071K8U6, STM32C071K8U6N, STM32C071KBT6, STM32C071KBT6N, STM32C071KBU6, STM32C071KBU6N, STM32C071R8T6, STM32C071R8T6N, STM32C071RBI6N, STM32C071RBT6, STM32C071RBT6N, STM32C091CBT6, STM32C091CBU6, STM32C091CCT6, STM32C091CCU6, STM32C091ECY6TR, STM32C091FBP6, STM32C091FCP6, STM32C091GBU6, STM32C091GCU6, STM32C091KBT6, STM32C091KBU6, STM32C091KCT6, STM32C091KCU6, STM32C091RBT6, STM32C091RCI6, STM32C091RCT6, STM32C092CBT6, STM32C092CBU6, STM32C092CCT6, STM32C092CCU6, STM32C092ECY6TR, STM32C092FBP6, STM32C092FCP6, STM32C092GBU6, STM32C092GCU6, STM32C092KBT6, STM32C092KBU6, STM32C092KCT6, STM32C092KCU6, STM32C092RBT6, STM32C092RCI6, STM32C092RCT6, STM32G071K8TXN, STM32G071K8UXN, STM32G081GBU6N, STM32G081KBT6N, STM32G081KBUXN, STM32G0B1CCT6N, STM32G0B1KCT6, STM32G0B1NEY6TR, STM32G0B1RCT6N, STM32G0C1CCT6, STM32G0C1CCT6N, STM32G0C1CCU6N, STM32G0C1CET6N, STM32G0C1CEU6N, STM32G0C1KCT6, STM32G0C1NEY6TR, STM32G0C1RCI6N, STM32G0C1RCT6N, STM32G0C1REI6N, STM32G0C1RET6N, STM32G0C1VCI6, STM32G0C1VEI6, STM32G411C6T3, STM32G411C6T6, STM32G411C6U3, STM32G411C6U6, STM32G411C8T3, STM32G411C8T6, STM32G411C8U3, STM32G411C8U6, STM32G411CBT3, STM32G411CBT6, STM32G411CBU3, STM32G411CBU6, STM32G411K6T3, STM32G411K6T6, STM32G411K6U3, STM32G411K6U6, STM32G411K8T3, STM32G411K8T6, STM32G411K8U3, STM32G411K8U6, STM32G411KBT3, STM32G411KBT6, STM32G411KBU3, STM32G411KBU6, STM32G411M6T3, STM32G411M6T6, STM32G411M8T3, STM32G411M8T6, STM32G411MBT3, STM32G411MBT6, STM32G411R6T3, STM32G411R6T6, STM32G411R8T3, STM32G411R8T6, STM32G411RBT3, STM32G411RBT6, STM32G414CBT3, STM32G414CBT6, STM32G414CBU3, STM32G414CBU6, STM32G414CCT3, STM32G414CCT6, STM32G414CCU3, STM32G414CCU6, STM32G414MBT3, STM32G414MBT6, STM32G414MCT3, STM32G414MCT6, STM32G414RBT3, STM32G414RBT6, STM32G414RCT3, STM32G414RCT6, STM32G414VBT3, STM32G414VBT6, STM32G414VCT3, STM32G414VCT6, STM32G431CBT3Z, STM32G431RBT3Z, STM32G471CCT6, STM32G471CCU6, STM32G471CET3, STM32G471CET6, STM32G471CEU3, STM32G471CEU6, STM32G471MCT6, STM32G471MET3, STM32G471MET6, STM32G471MEY6TR, STM32G471QCT6, STM32G471QET3, STM32G471RCT6, STM32G471RET3, STM32G471RET6, STM32G471VCH6, STM32G471VCI6, STM32G471VCT6, STM32G471VEH3, STM32G471VEH6, STM32G471VEI3, STM32G471VEI6, STM32G471VET3, STM32G471VET6, STM32G473QET3Z, STM32G473RET3Z, STM32G474CCT6, STM32G491RET3Z, STM32H503CBT6, STM32H503CBU6, STM32H503EBY6TR, STM32H503KBU6, STM32H503RBT6, STM32H523CCT6, STM32H523CCU6, STM32H523CET6, STM32H523CEU6, STM32H523HEY6TR, STM32H523RCT6, STM32H523RET6, STM32H523VCI6, STM32H523VCT6, STM32H523VEI6, STM32H523VET6, STM32H523ZCJ6, STM32H523ZCT6, STM32H523ZEJ6, STM32H523ZET6, STM32H533CET6, STM32H533CEU6, STM32H533HEY6TR, STM32H533RET6, STM32H533VEI6, STM32H533VET6, STM32H533ZEJ6, STM32H533ZET6, STM32H562AGI6, STM32H562AII6, STM32H562IGK6, STM32H562IGT6, STM32H562IIK6, STM32H562IIT6, STM32H562RGT6, STM32H562RGV6, STM32H562RIT6, STM32H562RIV6, STM32H562VGT6, STM32H562VIT6, STM32H562ZGT6, STM32H562ZIT6, STM32H563AGI6, STM32H563AII3Q, STM32H563AII6, STM32H563IGK6, STM32H563IGT6, STM32H563IIK3Q, STM32H563IIK6, STM32H563IIT3Q, STM32H563IIT6, STM32H563MIY3QTR, STM32H563RGT6, STM32H563RGV6, STM32H563RIT6, STM32H563RIV6, STM32H563VGT6, STM32H563VIT3Q, STM32H563VIT6, STM32H563ZGT6, STM32H563ZIT3Q, STM32H563ZIT6, STM32H573AII3Q, STM32H573AII6, STM32H573I-DK, STM32H573IIK3Q, STM32H573IIK6, STM32H573IIT3Q, STM32H573IIT6, STM32H573MIY3QTR, STM32H573RIT6, STM32H573RIV6, STM32H573VIT3Q, STM32H573VIT6, STM32H573ZIT3Q, STM32H573ZIT6, STM32H7R3A8I6, STM32H7R3I8K6, STM32H7R3I8T6, STM32H7R3L8H6, STM32H7R3L8H6H, STM32H7R3R8V6, STM32H7R3V8H6, STM32H7R3V8T6, STM32H7R3V8Y6TR, STM32H7R3Z8J6, STM32H7R3Z8T6, STM32H7R7A8I6, STM32H7R7I8K6, STM32H7R7I8T6, STM32H7R7L8H6, STM32H7R7L8H6H, STM32H7R7Z8J6, STM32H7S3A8I6, STM32H7S3I8K6, STM32H7S3I8T6, STM32H7S3L8H6, STM32H7S3L8H6H, STM32H7S3R8V6, STM32H7S3V8H6, STM32H7S3V8T6, STM32H7S3V8Y6TR, STM32H7S3Z8J6, STM32H7S3Z8T6, STM32H7S78-DK, STM32H7S7A8I6, STM32H7S7I8K6, STM32H7S7I8T6, STM32H7S7L8H6, STM32H7S7L8H6H, STM32H7S7Z8J6, STM32L4R5QGI6STR, STM32MP131AAE3, STM32MP131AAF3, STM32MP131AAG3, STM32MP131CAE3, STM32MP131CAF3, STM32MP131CAG3, STM32MP131DAE7, STM32MP131DAF7, STM32MP131DAG7, STM32MP131FAE7, STM32MP131FAF7, STM32MP131FAG7, STM32MP133AAE3, STM32MP133AAF3, STM32MP133AAG3, STM32MP133CAE3, STM32MP133CAF3, STM32MP133CAG3, STM32MP133DAE7, STM32MP133DAF7, STM32MP133DAG7, STM32MP133FAE7, STM32MP133FAF7, STM32MP133FAG7, STM32MP135AAE3, STM32MP135AAF3, STM32MP135AAG3, STM32MP135CAE3, STM32MP135CAF3, STM32MP135CAG3, STM32MP135DAE7, STM32MP135DAF7, STM32MP135DAG7, STM32MP135F-DK, STM32MP135FAE7, STM32MP135FAF7, STM32MP135FAF7T, STM32MP135FAF7U, STM32MP135FAG7, STM32MP211AAL3, STM32MP211AAM3, STM32MP211AAN3, STM32MP211AAO3, STM32MP211CAL3, STM32MP211CAM3, STM32MP211CAN3, STM32MP211CAO3, STM32MP211DAL3, STM32MP211DAM3, STM32MP211DAN3, STM32MP211DAO3, STM32MP211FAL3, STM32MP211FAM3, STM32MP211FAN3, STM32MP211FAO3, STM32MP213AAL3, STM32MP213AAM3, STM32MP213AAN3, STM32MP213AAO3, STM32MP213CAL3, STM32MP213CAM3, STM32MP213CAN3, STM32MP213CAO3, STM32MP213DAL3, STM32MP213DAM3, STM32MP213DAN3, STM32MP213DAO3, STM32MP213FAL3, STM32MP213FAM3, STM32MP213FAN3, STM32MP213FAO3, STM32MP215AAL3, STM32MP215AAM3, STM32MP215AAN3, STM32MP215AAO3, STM32MP215CAL3, STM32MP215CAM3, STM32MP215CAN3, STM32MP215CAO3, STM32MP215DAL3, STM32MP215DAM3, STM32MP215DAN3, STM32MP215DAO3, STM32MP215F-DK, STM32MP215FAL3, STM32MP215FAM3, STM32MP215FAN3, STM32MP215FAO3, STM32MP231AAJ3, STM32MP231AAK3, STM32MP231AAL3, STM32MP231CAJ3, STM32MP231CAK3, STM32MP231CAL3, STM32MP231DAJ3, STM32MP231DAK3, STM32MP231DAL3, STM32MP231FAJ3, STM32MP231FAK3, STM32MP231FAL3, STM32MP233AAJ3, STM32MP233AAK3, STM32MP233AAL3, STM32MP233CAJ3, STM32MP233CAK3, STM32MP233CAL3, STM32MP233DAJ3, STM32MP233DAK3, STM32MP233DAL3, STM32MP233FAJ3, STM32MP233FAK3, STM32MP233FAL3, STM32MP235AAJ3, STM32MP235AAK3, STM32MP235AAL3, STM32MP235CAJ3, STM32MP235CAK3, STM32MP235CAL3, STM32MP235DAJ3, STM32MP235DAK3, STM32MP235DAL3, STM32MP235FAJ3, STM32MP235FAK3, STM32MP235FAL3, STM32MP251AAI3, STM32MP251AAK3, STM32MP251AAL3, STM32MP251CAI3, STM32MP251CAK3, STM32MP251CAL3, STM32MP251DAI3, STM32MP251DAK3, STM32MP251DAL3, STM32MP251FAI3, STM32MP251FAK3, STM32MP251FAL3, STM32MP253AAI3, STM32MP253AAK3, STM32MP253AAL3, STM32MP253CAI3, STM32MP253CAK3, STM32MP253CAL3, STM32MP253DAI3, STM32MP253DAK3, STM32MP253DAL3, STM32MP253FAI3, STM32MP253FAK3, STM32MP253FAL3, STM32MP255AAI3, STM32MP255AAK3, STM32MP255AAL3, STM32MP255CAI3, STM32MP255CAK3, STM32MP255CAL3, STM32MP255DAI3, STM32MP255DAK3, STM32MP255DAL3, STM32MP255FAI3, STM32MP255FAK3, STM32MP255FAL3, STM32MP257AAI3, STM32MP257AAK3, STM32MP257AAL3, STM32MP257CAI3, STM32MP257CAK3, STM32MP257CAL3, STM32MP257DAI3, STM32MP257DAK3, STM32MP257DAL3, STM32MP257F-DK, STM32MP257F-EV1, STM32MP257FAI3, STM32MP257FAK3, STM32MP257FAL3, STM32N645A0H3Q, STM32N645B0H3Q, STM32N645I0H3Q, STM32N645L0H3Q, STM32N645X0H3Q, STM32N645Z0H3Q, STM32N647A0H3Q, STM32N647B0H3Q, STM32N647I0H3Q, STM32N647L0H3Q, STM32N647X0H3Q, STM32N647Z0H3Q, STM32N655A0H3Q, STM32N655B0H3Q, STM32N655I0H3Q, STM32N655L0H3Q, STM32N655X0H3Q, STM32N655Z0H3Q, STM32N6570-DK, STM32N657A0H3Q, STM32N657B0H3Q, STM32N657I0H3Q, STM32N657L0H3Q, STM32N657X0H3Q, STM32N657Z0H3Q, STM32U031C6T6, STM32U031C6U6, STM32U031C8T6, STM32U031C8U6, STM32U031F4P6, STM32U031F6P6, STM32U031F8P6, STM32U031G6Y6TR, STM32U031G8Y6TR, STM32U031K4U6, STM32U031K6U6, STM32U031K8U6, STM32U031R6I6, STM32U031R6T6, STM32U031R8I6, STM32U031R8T6, STM32U073C8T6, STM32U073C8U6, STM32U073CBT6, STM32U073CBU6, STM32U073CCT6, STM32U073CCU6, STM32U073H8Y6TR, STM32U073HBY6TR, STM32U073HCY6TR, STM32U073K8U6, STM32U073KBU6, STM32U073KCU6, STM32U073M8I6, STM32U073M8T6, STM32U073MBI6, STM32U073MBT6, STM32U073MCI6, STM32U073MCT6, STM32U073R8I6, STM32U073R8T6, STM32U073RBI6, STM32U073RBT6, STM32U073RCI6, STM32U073RCT6, STM32U083C-DK, STM32U083CCT6, STM32U083CCU6, STM32U083HCY6TR, STM32U083KCU6, STM32U083MCI6, STM32U083MCT6, STM32U083RCI6, STM32U083RCT6, STM32U375CET6, STM32U375CET6Q, STM32U375CEU6, STM32U375CEU6Q, STM32U375CEY6QTR, STM32U375CGT6, STM32U375CGT6Q, STM32U375CGU6, STM32U375CGU6Q, STM32U375CGY6QTR, STM32U375KEU6, STM32U375KGU6, STM32U375REI6, STM32U375REI6Q, STM32U375RET6, STM32U375RET6Q, STM32U375REY6GTR, STM32U375REY6QTR, STM32U375RGI6, STM32U375RGI6Q, STM32U375RGT6, STM32U375RGT6Q, STM32U375RGY6GTR, STM32U375RGY6QTR, STM32U375VEI6, STM32U375VEI6Q, STM32U375VET6, STM32U375VET6Q, STM32U375VGI6, STM32U375VGI6Q, STM32U375VGT6, STM32U375VGT6Q, STM32U385CGT6, STM32U385CGT6Q, STM32U385CGU6, STM32U385CGU6Q, STM32U385CGY6QTR, STM32U385KGU6, STM32U385RGI6, STM32U385RGI6Q, STM32U385RGT6, STM32U385RGT6Q, STM32U385RGY6GTR, STM32U385RGY6QTR, STM32U385VGI6, STM32U385VGI6Q, STM32U385VGT6, STM32U385VGT6Q, STM32U535CBT6, STM32U535CBT6Q, STM32U535CBU6, STM32U535CBU6Q, STM32U535CCT6, STM32U535CCT6Q, STM32U535CCU6, STM32U535CCU6Q, STM32U535CET6, STM32U535CET6Q, STM32U535CEU6, STM32U535CEU6Q, STM32U535JEY6QTR, STM32U535NCY6QTR, STM32U535NEY6QTR, STM32U535RBI6, STM32U535RBI6Q, STM32U535RBT6, STM32U535RBT6Q, STM32U535RCI6, STM32U535RCI6Q, STM32U535RCT6, STM32U535RCT6Q, STM32U535REI6, STM32U535REI6Q, STM32U535RET6, STM32U535RET6Q, STM32U535VCI6, STM32U535VCI6Q, STM32U535VCT6, STM32U535VCT6Q, STM32U535VEI6, STM32U535VEI6Q, STM32U535VET6, STM32U535VET6Q, STM32U545CET6, STM32U545CET6Q, STM32U545CEU6, STM32U545CEU6Q, STM32U545JEY6QTR, STM32U545NEY6QTR, STM32U545REI6, STM32U545REI6Q, STM32U545RET6, STM32U545RET6Q, STM32U545VEI6, STM32U545VEI6Q, STM32U545VET6, STM32U545VET6Q, STM32U595AIH6, STM32U595AIH6Q, STM32U595AJH6, STM32U595AJH6Q, STM32U595QII6, STM32U595QII6Q, STM32U595QJI6, STM32U595QJI6Q, STM32U595RIT6, STM32U595RIT6Q, STM32U595RJT6, STM32U595RJT6Q, STM32U595VIT6, STM32U595VIT6Q, STM32U595VJT6, STM32U595VJT6Q, STM32U595ZIT6, STM32U595ZIT6Q, STM32U595ZIY6QTR, STM32U595ZJT6, STM32U595ZJT6Q, STM32U595ZJY6QTR, STM32U599BJY6QTR, STM32U599NIH6Q, STM32U599NJH6Q, STM32U599VIT6Q, STM32U599VJT6, STM32U599VJT6Q, STM32U599ZIT6Q, STM32U599ZIY6QTR, STM32U599ZJT6Q, STM32U599ZJY6QTR, STM32U5A5AJH6, STM32U5A5AJH6Q, STM32U5A5QII3Q , STM32U5A5QJI6, STM32U5A5QJI6Q, STM32U5A5RJT6, STM32U5A5RJT6Q, STM32U5A5VJT6, STM32U5A5VJT6Q, STM32U5A5ZJT6, STM32U5A5ZJT6Q, STM32U5A5ZJY6QTR, STM32U5A9BJY6QTR, STM32U5A9J-DK, STM32U5A9NJH6Q, STM32U5A9VJT6Q, STM32U5A9ZJT6Q, STM32U5A9ZJY6QTR, STM32U5F7VIT6, STM32U5F7VIT6Q, STM32U5F7VJT6, STM32U5F7VJT6Q, STM32U5F9BJY6QTR, STM32U5F9NJH6Q, STM32U5F9VIT6Q, STM32U5F9VJT6Q, STM32U5F9ZIJ6QTR, STM32U5F9ZIT6Q, STM32U5F9ZJJ6QTR, STM32U5F9ZJT6Q, STM32U5G7VJT6, STM32U5G7VJT6Q, STM32U5G9BJY6QTR, STM32U5G9J-DK1, STM32U5G9J-DK2, STM32U5G9NJH6Q, STM32U5G9VJT6Q, STM32U5G9ZJJ6QTR, STM32U5G9ZJT6Q, STM32WB05KZV6TR, STM32WB05KZV7TR, STM32WB05TZF6TR, STM32WB05TZF7TR, STM32WB06CCF6TR, STM32WB06CCF7TR, STM32WB06CCV6TR, STM32WB06CCV7TR, STM32WB06KCV6TR, STM32WB06KCV7TR, STM32WB07CCF6TR, STM32WB07CCF7TR, STM32WB07CCV6TR, STM32WB07CCV7TR, STM32WB07KCV6TR, STM32WB07KCV7TR, STM32WB09KEV6TR, STM32WB09KEV7TR, STM32WB09TEF6TR, STM32WB09TEF7TR, STM32WB1MMCH6, STM32WBA50KGU6, STM32WBA50KGU6TR, STM32WBA52CEU6, STM32WBA52CEU6TR, STM32WBA52CEU7, STM32WBA52CEU7TR, STM32WBA52CGU6, STM32WBA52CGU6TR, STM32WBA52CGU6U, STM32WBA52CGU7, STM32WBA52CGU7TR, STM32WBA52KEU6, STM32WBA52KEU6TR, STM32WBA52KGU6, STM32WBA52KGU6TR, STM32WBA54CEU6, STM32WBA54CEU6TR, STM32WBA54CEU7, STM32WBA54CEU7TR, STM32WBA54CGU6, STM32WBA54CGU6TR, STM32WBA54CGU7, STM32WBA54CGU7TR, STM32WBA54KEU6, STM32WBA54KEU6TR, STM32WBA54KEU7, STM32WBA54KEU7TR, STM32WBA54KGU6, STM32WBA54KGU6TR, STM32WBA54KGU7, STM32WBA54KGU7TR, STM32WBA55CEU6, STM32WBA55CEU6TR, STM32WBA55CEU7, STM32WBA55CEU7TR, STM32WBA55CGU6, STM32WBA55CGU6TR, STM32WBA55CGU6U, STM32WBA55CGU7, STM32WBA55CGU7TR, STM32WBA55G-DK1, STM32WBA55HEF6, STM32WBA55HEF7, STM32WBA55HGF6, STM32WBA55HGF7, STM32WBA55UEI6, STM32WBA55UEI6TR, STM32WBA55UEI7, STM32WBA55UEI7TR, STM32WBA55UGI6, STM32WBA55UGI6TR, STM32WBA55UGI7, STM32WBA55UGI7TR, STM32WBA5MMGH6TR, STM32WBA62MGF6, STM32WBA62MIF6, STM32WBA65MGF7, STM32WBA65MIF6, STM32WBA65MIF7, STM32WL30K8V6, STM32WL30KBV6, STM32WL31C8V6, STM32WL31CBV6, STM32WL31K8V6, STM32WL31KBV6, STM32WL33C8V6, STM32WL33C8V6X, STM32WL33CBV6, STM32WL33CBV6X, STM32WL33CCV6, STM32WL33CCV6A, STM32WL33CCV6X, STM32WL33K8V7, STM32WL33K8V7X, STM32WL33KBV7 , STM32WL33KBV7X, STM32WL33KCV7, STM32WL33KCV7X, STM32WL5MOCH6, STM32WL5MOCH6TR]
2026-03-29 21:33:22,346 [INFO] DbMcus:218 - Found 4922 MCUs, 4922 are supported
2026-03-29 21:33:22,346 [INFO] ApiDb:423 - Load user favorites file /home/kamil/.stm32cubeide/favorites.mcus.txt: 0 item(s)
2026-03-29 21:33:22,347 [INFO] ApiDb:427 - User favorites MCUs=[]
2026-03-29 21:33:22,347 [INFO] DbMcus:224 - Set 0 / 0 favorites MCUs
2026-03-29 21:33:22,734 [INFO] BoardInfo:889 - No configuration file found for board P-NUCLEO-WB55
2026-03-29 21:33:22,734 [INFO] DbBoards:161 - Kit is not supported: P-NUCLEO-WB55
2026-03-29 21:33:22,737 [INFO] BoardInfo:889 - No configuration file found for board STEVAL-BFA001V1B
2026-03-29 21:33:22,737 [INFO] DbBoards:161 - Kit is not supported: STEVAL-BFA001V1B
2026-03-29 21:33:22,737 [INFO] BoardInfo:889 - No configuration file found for board STEVAL-BFA001V2B
2026-03-29 21:33:22,737 [INFO] DbBoards:161 - Kit is not supported: STEVAL-BFA001V2B
2026-03-29 21:33:22,805 [INFO] DbBoards:168 - Found 212 boards, 209 are supported
2026-03-29 21:33:22,805 [INFO] DbBoards:169 - Found 212 boards, 43 of them is supported for  Bsp
2026-03-29 21:33:22,808 [INFO] ApiDb:423 - Load user favorites file /home/kamil/.stm32cubeide/favorites.boards.txt: 0 item(s)
2026-03-29 21:33:22,808 [INFO] ApiDb:427 - User favorites Boards=[]
2026-03-29 21:33:22,808 [INFO] DbBoards:198 - Set 0 / 0 favorites Boards
2026-03-29 21:33:22,852 [INFO] UtilMem:75 - End LoadConfig() Used Memory: 237282712 Bytes (591396864)
2026-03-29 21:33:22,943 [WARN] ThirdParty:833 - waiting for thirdparty lock release [change project]
2026-03-29 21:33:22,943 [INFO] ThirdParty:835 - entering critical section [change project]
2026-03-29 21:33:22,943 [INFO] ThirdParty:1030 - CMSIS Pack Vendor :STMicroelectronics X-CUBE-AZRTOS-H7 3.5.0
2026-03-29 21:33:22,943 [INFO] ThirdParty:1030 - CMSIS Pack Vendor :STMicroelectronics X-CUBE-PM33A1 1.0.0
2026-03-29 21:33:22,943 [INFO] ThirdParty:1030 - CMSIS Pack Vendor :STMicroelectronics USBPD 4.1
2026-03-29 21:33:22,943 [INFO] ThirdParty:1030 - CMSIS Pack Vendor :STMicroelectronics X-CUBE-NFC9 1.0.0
2026-03-29 21:33:22,943 [INFO] ThirdParty:1030 - CMSIS Pack Vendor :STMicroelectronics USB_HOST 2.0.0
2026-03-29 21:33:22,943 [INFO] ThirdParty:1030 - CMSIS Pack Vendor :STMicroelectronics FP-SNS-MOTENVWB1 1.4.0
2026-03-29 21:33:22,943 [INFO] ThirdParty:1030 - CMSIS Pack Vendor :STMicroelectronics X-CUBE-AZRTOS-F4 1.1.0
2026-03-29 21:33:22,943 [INFO] ThirdParty:1030 - CMSIS Pack Vendor :STMicroelectronics LIBJPEG 8.0.0
2026-03-29 21:33:22,943 [INFO] ThirdParty:1030 - CMSIS Pack Vendor :STMicroelectronics FP-ATR-ASTRA1 2.0.2
2026-03-29 21:33:22,943 [INFO] ThirdParty:1030 - CMSIS Pack Vendor :wolfSSL I-CUBE-wolfSSL 5.8.2
2026-03-29 21:33:22,943 [INFO] ThirdParty:1030 - CMSIS Pack Vendor :STMicroelectronics X-CUBE-BLE1 7.1.0
2026-03-29 21:33:22,943 [INFO] ThirdParty:1030 - CMSIS Pack Vendor :STMicroelectronics X-CUBE-SMBUS 2.1.0
2026-03-29 21:33:22,943 [INFO] ThirdParty:1030 - CMSIS Pack Vendor :wolfSSL I-CUBE-wolfMQTT 1.19.2
2026-03-29 21:33:22,943 [INFO] ThirdParty:1030 - CMSIS Pack Vendor :STMicroelectronics USB_DEVICE 3.0.0
2026-03-29 21:33:22,943 [INFO] ThirdParty:1030 - CMSIS Pack Vendor :STMicroelectronics X-CUBE-ISPU 2.1.0
2026-03-29 21:33:22,943 [INFO] ThirdParty:1030 - CMSIS Pack Vendor :STMicroelectronics X-CUBE-FREERTOS 1.4.0
2026-03-29 21:33:22,943 [INFO] ThirdParty:1030 - CMSIS Pack Vendor :STMicroelectronics X-CUBE-EEPRMA1 5.2.0
2026-03-29 21:33:22,943 [INFO] ThirdParty:1030 - CMSIS Pack Vendor :STMicroelectronics X-CUBE-IPS 3.2.0
2026-03-29 21:33:22,943 [INFO] ThirdParty:1030 - CMSIS Pack Vendor :STMicroelectronics X-CUBE-BLEMGR 4.1.0
2026-03-29 21:33:22,943 [INFO] ThirdParty:1030 - CMSIS Pack Vendor :STMicroelectronics X-CUBE-AZRTOS-WB 2.0.0
2026-03-29 21:33:22,943 [INFO] ThirdParty:1030 - CMSIS Pack Vendor :STMicroelectronics X-CUBE-ST60 1.0.0
2026-03-29 21:33:22,944 [INFO] ThirdParty:1030 - CMSIS Pack Vendor :STMicroelectronics X-CUBE-GNSS1 7.0.1
2026-03-29 21:33:22,944 [INFO] ThirdParty:1030 - CMSIS Pack Vendor :STMicroelectronics X-CUBE-NFC12 1.0.0
2026-03-29 21:33:22,944 [INFO] ThirdParty:1030 - CMSIS Pack Vendor :STMicroelectronics X-CUBE-AZRTOS-F7 1.1.0
2026-03-29 21:33:22,944 [INFO] ThirdParty:1030 - CMSIS Pack Vendor :STMicroelectronics X-CUBE-AZRTOS-L5 2.0.0
2026-03-29 21:33:22,944 [INFO] ThirdParty:1030 - CMSIS Pack Vendor :STMicroelectronics USB_DEVICE 2.0.0
2026-03-29 21:33:22,944 [INFO] ThirdParty:1030 - CMSIS Pack Vendor :STMicroelectronics X-CUBE-NFC6 3.1.0
2026-03-29 21:33:22,944 [INFO] ThirdParty:1030 - CMSIS Pack Vendor :STMicroelectronics X-CUBE-ST67W61 1.1.0
2026-03-29 21:33:22,944 [INFO] ThirdParty:1030 - CMSIS Pack Vendor :Cesanta I-CUBE-Mongoose 7.19.0
2026-03-29 21:33:22,944 [INFO] ThirdParty:1030 - CMSIS Pack Vendor :quantropi X-CUBE-qispace-sdk-base 2.1.0
2026-03-29 21:33:22,944 [INFO] ThirdParty:1030 - CMSIS Pack Vendor :STMicroelectronics X-CUBE-MEMS1 12.0.0
2026-03-29 21:33:22,944 [INFO] ThirdParty:1030 - CMSIS Pack Vendor :STMicroelectronics X-CUBE-STSE01 2.0.0
2026-03-29 21:33:22,944 [INFO] ThirdParty:1030 - CMSIS Pack Vendor :STMicroelectronics FP-SNS-MOTENV1 5.1.0
2026-03-29 21:33:22,944 [INFO] ThirdParty:1030 - CMSIS Pack Vendor :STMicroelectronics FreeRTOS 0.0.1
2026-03-29 21:33:22,944 [INFO] ThirdParty:1030 - CMSIS Pack Vendor :STMicroelectronics X-CUBE-AZRTOS-G0 1.1.0
2026-03-29 21:33:22,944 [INFO] ThirdParty:1030 - CMSIS Pack Vendor :STMicroelectronics X-CUBE-SAFEA1 1.2.2
2026-03-29 21:33:22,944 [INFO] ThirdParty:1030 - CMSIS Pack Vendor :STMicroelectronics X-CUBE-NFC4 3.0.0
2026-03-29 21:33:22,944 [INFO] ThirdParty:1030 - CMSIS Pack Vendor :STMicroelectronics X-CUBE-SUBG2 5.0.0
2026-03-29 21:33:22,944 [INFO] ThirdParty:1030 - CMSIS Pack Vendor :STMicroelectronics X-CUBE-AZRTOS-H7RS 1.1.0
2026-03-29 21:33:22,944 [INFO] ThirdParty:1030 - CMSIS Pack Vendor :STMicroelectronics STM32_WPAN 1.0.0
2026-03-29 21:33:22,944 [INFO] ThirdParty:1030 - CMSIS Pack Vendor :EmbeddedOffice I-CUBE-FS-RTOS 1.0.1
2026-03-29 21:33:22,944 [INFO] ThirdParty:1030 - CMSIS Pack Vendor :STMicroelectronics lwIP 2.0.3
2026-03-29 21:33:22,944 [INFO] ThirdParty:1030 - CMSIS Pack Vendor :WES I-CUBE-Cesium 1.4.0
2026-03-29 21:33:22,944 [INFO] ThirdParty:1030 - CMSIS Pack Vendor :STMicroelectronics USB_HOST 1.0.0
2026-03-29 21:33:22,944 [INFO] ThirdParty:1030 - CMSIS Pack Vendor :Infineon AIROC-Wi-Fi-Bluetooth-STM32 1.7.1
2026-03-29 21:33:22,944 [INFO] ThirdParty:1030 - CMSIS Pack Vendor :STMicroelectronics X-CUBE-AZRTOS-G4 2.0.0
2026-03-29 21:33:22,944 [INFO] ThirdParty:1030 - CMSIS Pack Vendor :STMicroelectronics X-CUBE-WB05N 2.0.0
2026-03-29 21:33:22,944 [INFO] ThirdParty:1030 - CMSIS Pack Vendor :STMicroelectronics PDM2PCM 3.1.0
2026-03-29 21:33:22,944 [INFO] ThirdParty:1030 - CMSIS Pack Vendor :STMicroelectronics PDM2PCM 3.3.0
2026-03-29 21:33:22,944 [INFO] ThirdParty:1030 - CMSIS Pack Vendor :wolfSSL I-CUBE-wolfTPM 3.8.0
2026-03-29 21:33:22,944 [INFO] ThirdParty:1030 - CMSIS Pack Vendor :STMicroelectronics X-CUBE-AZRTOS-H7 3.4.0
2026-03-29 21:33:22,944 [INFO] ThirdParty:1030 - CMSIS Pack Vendor :STMicroelectronics X-CUBE-DISPLAY 3.0.0
2026-03-29 21:33:22,944 [INFO] ThirdParty:1030 - CMSIS Pack Vendor :wolfSSL I-CUBE-wolfSSH 1.4.20
2026-03-29 21:33:22,944 [INFO] ThirdParty:1030 - CMSIS Pack Vendor :STMicroelectronics X-CUBE-NFC7 2.0.0
2026-03-29 21:33:22,944 [INFO] ThirdParty:1030 - CMSIS Pack Vendor :STMicroelectronics FP-SNS-MOTENVWB1 1.5.0
2026-03-29 21:33:22,944 [INFO] ThirdParty:1030 - CMSIS Pack Vendor :STMicroelectronics X-CUBE-TCPP 4.2.0
2026-03-29 21:33:22,944 [INFO] ThirdParty:1030 - CMSIS Pack Vendor :RealThread X-CUBE-RT-Thread_Nano 4.1.1
2026-03-29 21:33:22,944 [INFO] ThirdParty:1030 - CMSIS Pack Vendor :STMicroelectronics FP-ATR-SIGFOX1 3.2.0
2026-03-29 21:33:22,944 [INFO] ThirdParty:1030 - CMSIS Pack Vendor :STMicroelectronics X-CUBE-NFC10 1.0.0
2026-03-29 21:33:22,944 [INFO] ThirdParty:1030 - CMSIS Pack Vendor :STMicroelectronics X-CUBE-FREERTOS 1.3.1
2026-03-29 21:33:22,944 [INFO] ThirdParty:1030 - CMSIS Pack Vendor :STMicroelectronics HAL Drivers 0.0.0
2026-03-29 21:33:22,945 [INFO] ThirdParty:1030 - CMSIS Pack Vendor :STMicroelectronics X-CUBE-FREERTOS 1.5.0
2026-03-29 21:33:22,945 [INFO] ThirdParty:1030 - CMSIS Pack Vendor :STMicroelectronics MBEDTLS 2.16.2
2026-03-29 21:33:22,945 [INFO] ThirdParty:1030 - CMSIS Pack Vendor :STMicroelectronics X-CUBE-ST60 1.1.0
2026-03-29 21:33:22,945 [INFO] ThirdParty:1030 - CMSIS Pack Vendor :STMicroelectronics X-CUBE-ALS 1.0.2
2026-03-29 21:33:22,945 [INFO] ThirdParty:1030 - CMSIS Pack Vendor :emotas I-CUBE-CANOPEN 1.3.0
2026-03-29 21:33:22,945 [INFO] ThirdParty:1030 - CMSIS Pack Vendor :STMicroelectronics MBEDTLS 2.14.1
2026-03-29 21:33:22,945 [INFO] ThirdParty:1030 - CMSIS Pack Vendor :STMicroelectronics X-CUBE-GNSS1 7.1.0
2026-03-29 21:33:22,945 [INFO] ThirdParty:1030 - CMSIS Pack Vendor :ITTIA_DB I-CUBE-ITTIADB 8.9.0
2026-03-29 21:33:22,945 [INFO] ThirdParty:1030 - CMSIS Pack Vendor :STMicroelectronics X-CUBE-TOUCHGFX 4.26.0
2026-03-29 21:33:22,945 [INFO] ThirdParty:1030 - CMSIS Pack Vendor :STMicroelectronics X-CUBE-STSE01 1.0.0
2026-03-29 21:33:22,945 [INFO] ThirdParty:1030 - CMSIS Pack Vendor :STMicroelectronics X-CUBE-TOUCHGFX 4.26.1
2026-03-29 21:33:22,945 [INFO] ThirdParty:1030 - CMSIS Pack Vendor :STMicroelectronics X-CUBE-NFC6 3.2.0
2026-03-29 21:33:22,945 [INFO] ThirdParty:1030 - CMSIS Pack Vendor :STMicroelectronics ThreadX 1.0.0
2026-03-29 21:33:22,945 [INFO] ThirdParty:1030 - CMSIS Pack Vendor :STMicroelectronics FP-SNS-SMARTAG2 1.2.0
2026-03-29 21:33:22,945 [INFO] ThirdParty:1030 - CMSIS Pack Vendor :STMicroelectronics FP-SNS-FLIGHT1 5.1.0
2026-03-29 21:33:22,945 [INFO] ThirdParty:1030 - CMSIS Pack Vendor :STMicroelectronics X-CUBE-AZRTOS-WL 2.0.0
2026-03-29 21:33:22,945 [INFO] ThirdParty:1030 - CMSIS Pack Vendor :SEGGER I-CUBE-embOS 1.3.1
2026-03-29 21:33:22,945 [INFO] ThirdParty:1030 - CMSIS Pack Vendor :STMicroelectronics X-CUBE-ALGOBUILD 1.4.0
2026-03-29 21:33:22,945 [INFO] ThirdParty:1030 - CMSIS Pack Vendor :STMicroelectronics X-CUBE-DPower 1.3.0
2026-03-29 21:33:22,945 [INFO] ThirdParty:1030 - CMSIS Pack Vendor :STMicroelectronics X-CUBE-MEMS1 11.3.0
2026-03-29 21:33:22,945 [INFO] ThirdParty:1030 - CMSIS Pack Vendor :STMicroelectronics FP-SNS-MOTENV1 5.0.0
2026-03-29 21:33:22,945 [INFO] ThirdParty:1030 - CMSIS Pack Vendor :STMicroelectronics USB_DEVICE 1.0.0
2026-03-29 21:33:22,945 [INFO] ThirdParty:1030 - CMSIS Pack Vendor :STMicroelectronics X-CUBE-AZRTOS-H7RS 1.2.0
2026-03-29 21:33:22,945 [INFO] ThirdParty:1030 - CMSIS Pack Vendor :STMicroelectronics X-CUBE-AZRTOS-L4 2.0.0
2026-03-29 21:33:22,945 [INFO] ThirdParty:1030 - CMSIS Pack Vendor :STMicroelectronics ThreadX 0.0.2
2026-03-29 21:33:22,945 [INFO] ThirdParty:1030 - CMSIS Pack Vendor :STMicroelectronics lwIP 2.1.2
2026-03-29 21:33:22,945 [INFO] ThirdParty:1030 - CMSIS Pack Vendor :STMicroelectronics X-CUBE-SFXS2LP1 4.0.0
2026-03-29 21:33:22,945 [INFO] ThirdParty:1030 - CMSIS Pack Vendor :STMicroelectronics X-CUBE-BLE2 3.3.0
2026-03-29 21:33:22,945 [INFO] ThirdParty:1030 - CMSIS Pack Vendor :Avnet-IOTCONNECT X-CUBE-iotc-st67-sdk 1.0.0
2026-03-29 21:33:22,945 [INFO] ThirdParty:1030 - CMSIS Pack Vendor :STMicroelectronics X-CUBE-TOF1 3.4.3
2026-03-29 21:33:22,945 [INFO] ThirdParty:1030 - CMSIS Pack Vendor :STMicroelectronics PDM2PCM 3.2.0
2026-03-29 21:33:22,945 [INFO] ThirdParty:1030 - CMSIS Pack Vendor :STMicroelectronics X-CUBE-ST67W61 1.2.0
2026-03-29 21:33:22,945 [INFO] ThirdParty:841 - exiting critical section [change project]
2026-03-29 21:33:23,279 [INFO] PinOutPanel:1589 - setPackage(No Configuration,No Configuration)
2026-03-29 21:33:23,280 [INFO] PinOutPanel:1589 - setPackage(STM32F446RETx,LQFP64)
2026-03-29 21:33:23,688 [INFO] UtilMem:75 - Before build in PCC Used Memory: 354264784 Bytes (591396864)
2026-03-29 21:33:24,163 [INFO] UtilMem:75 - After build in PCC Used Memory: 514032728 Bytes (591396864)
2026-03-29 21:33:24,210 [INFO] ApiDbMcu:532 - Load IP Config File for USB_DEVICE
2026-03-29 21:33:24,234 [INFO] IPUIPlugin:80 - create IPUIPlugin
2026-03-29 21:33:24,234 [INFO] IPUIPlugin:80 - create IPUIPlugin
2026-03-29 21:33:24,235 [INFO] IPUIPlugin:80 - create IPUIPlugin
2026-03-29 21:33:24,235 [INFO] IPUIPlugin:80 - create IPUIPlugin
2026-03-29 21:33:24,235 [INFO] IPUIPlugin:80 - create IPUIPlugin
2026-03-29 21:33:24,235 [INFO] IPUIPlugin:80 - create IPUIPlugin
2026-03-29 21:33:24,235 [INFO] IPUIPlugin:80 - create IPUIPlugin
2026-03-29 21:33:24,235 [INFO] IPUIPlugin:80 - create IPUIPlugin
2026-03-29 21:33:24,241 [INFO] IPUIPlugin:80 - create IPUIPlugin
2026-03-29 21:33:24,242 [INFO] IPUIPlugin:80 - create IPUIPlugin
2026-03-29 21:33:24,242 [INFO] IPUIPlugin:80 - create IPUIPlugin
2026-03-29 21:33:24,242 [INFO] IPUIPlugin:80 - create IPUIPlugin
2026-03-29 21:33:24,242 [INFO] IPUIPlugin:80 - create IPUIPlugin
2026-03-29 21:33:24,242 [INFO] IPUIPlugin:80 - create IPUIPlugin
2026-03-29 21:33:24,242 [INFO] IPUIPlugin:80 - create IPUIPlugin
2026-03-29 21:33:24,243 [INFO] IPUIPlugin:80 - create IPUIPlugin
2026-03-29 21:33:24,243 [INFO] IPUIPlugin:80 - create IPUIPlugin
2026-03-29 21:33:24,243 [INFO] IPUIPlugin:80 - create IPUIPlugin
2026-03-29 21:33:24,243 [INFO] IPUIPlugin:80 - create IPUIPlugin
2026-03-29 21:33:24,244 [INFO] IPUIPlugin:80 - create IPUIPlugin
2026-03-29 21:33:24,244 [INFO] IPUIPlugin:80 - create IPUIPlugin
2026-03-29 21:33:24,244 [INFO] IPUIPlugin:80 - create IPUIPlugin
2026-03-29 21:33:24,244 [INFO] IPUIPlugin:80 - create IPUIPlugin
2026-03-29 21:33:24,245 [INFO] IPUIPlugin:80 - create IPUIPlugin
2026-03-29 21:33:24,245 [INFO] IPUIPlugin:80 - create IPUIPlugin
2026-03-29 21:33:24,245 [INFO] IPUIPlugin:80 - create IPUIPlugin
2026-03-29 21:33:24,245 [INFO] IPUIPlugin:80 - create IPUIPlugin
2026-03-29 21:33:24,246 [INFO] IPUIPlugin:80 - create IPUIPlugin
2026-03-29 21:33:24,246 [INFO] IPUIPlugin:80 - create IPUIPlugin
2026-03-29 21:33:24,246 [INFO] IPUIPlugin:80 - create IPUIPlugin
2026-03-29 21:33:24,246 [INFO] IPUIPlugin:80 - create IPUIPlugin
2026-03-29 21:33:24,246 [INFO] IPUIPlugin:80 - create IPUIPlugin
2026-03-29 21:33:24,246 [INFO] IPUIPlugin:80 - create IPUIPlugin
2026-03-29 21:33:24,247 [INFO] IPUIPlugin:80 - create IPUIPlugin
2026-03-29 21:33:24,247 [INFO] IPUIPlugin:80 - create IPUIPlugin
2026-03-29 21:33:24,247 [INFO] IPUIPlugin:80 - create IPUIPlugin
2026-03-29 21:33:24,247 [INFO] IPUIPlugin:80 - create IPUIPlugin
2026-03-29 21:33:24,248 [INFO] IPUIPlugin:80 - create IPUIPlugin
2026-03-29 21:33:24,248 [INFO] IPUIPlugin:80 - create IPUIPlugin
2026-03-29 21:33:24,248 [INFO] IPUIPlugin:80 - create IPUIPlugin
2026-03-29 21:33:24,248 [INFO] IPUIPlugin:80 - create IPUIPlugin
2026-03-29 21:33:24,248 [INFO] IPUIPlugin:80 - create IPUIPlugin
2026-03-29 21:33:24,249 [INFO] IPUIPlugin:80 - create IPUIPlugin
2026-03-29 21:33:24,249 [INFO] IPUIPlugin:80 - create IPUIPlugin
2026-03-29 21:33:24,249 [INFO] IPUIPlugin:80 - create IPUIPlugin
2026-03-29 21:33:24,249 [INFO] IPUIPlugin:80 - create IPUIPlugin
2026-03-29 21:33:24,250 [INFO] IPUIPlugin:80 - create IPUIPlugin
2026-03-29 21:33:24,250 [INFO] IPUIPlugin:80 - create IPUIPlugin
2026-03-29 21:33:24,250 [INFO] IPUIPlugin:80 - create IPUIPlugin
2026-03-29 21:33:24,251 [INFO] IPUIPlugin:80 - create IPUIPlugin
2026-03-29 21:33:24,251 [INFO] IPUIPlugin:80 - create IPUIPlugin
2026-03-29 21:33:24,251 [INFO] IPUIPlugin:80 - create IPUIPlugin
2026-03-29 21:33:24,251 [INFO] IPUIPlugin:80 - create IPUIPlugin
2026-03-29 21:33:24,252 [INFO] IPUIPlugin:80 - create IPUIPlugin
2026-03-29 21:33:24,252 [INFO] IPUIPlugin:80 - create IPUIPlugin
2026-03-29 21:33:24,252 [INFO] IPUIPlugin:80 - create IPUIPlugin
2026-03-29 21:33:24,252 [INFO] IPUIPlugin:80 - create IPUIPlugin
2026-03-29 21:33:24,253 [INFO] IPUIPlugin:80 - create IPUIPlugin
2026-03-29 21:33:24,253 [INFO] IPUIPlugin:80 - create IPUIPlugin
2026-03-29 21:33:24,254 [INFO] IPUIPlugin:80 - create IPUIPlugin
2026-03-29 21:33:24,261 [INFO] ApiDbMcu:532 - Load IP Config File for PDM2PCM
2026-03-29 21:33:24,269 [INFO] Can:71 - Can Add PropertyChangeListener com.st.microxplorer.plugins.ip.can.Can@4105ed54
2026-03-29 21:33:24,271 [WARN] IP:2250 - I2C_Coeff_DF not found: check if there is a RefParameter without a condition.
2026-03-29 21:33:24,271 [WARN] IP:2250 - Analog_Filter not found: check if there is a RefParameter without a condition.
2026-03-29 21:33:24,395 [INFO] CADModel:165 - CPN selected for project levelSTM32F446RET6
2026-03-29 21:33:24,395 [INFO] CADModel:114 - Register for checkConnection events
2026-03-29 21:33:24,435 [INFO] OpenFileManager:386 - Restore cursor
2026-03-29 21:33:24,575 [WARN] IP:2250 - DEVICE_SERIAL0_CDC_FS not found: check if there is a RefParameter without a condition.
2026-03-29 21:33:24,575 [WARN] IP:2250 - DEVICE_SERIAL1_CDC_FS not found: check if there is a RefParameter without a condition.
2026-03-29 21:33:24,575 [WARN] IP:2250 - DEVICE_SERIAL2_CDC_FS not found: check if there is a RefParameter without a condition.
2026-03-29 21:33:24,576 [WARN] IP:2250 - DEVICE_SERIAL0_CDC_FS not found: check if there is a RefParameter without a condition.
2026-03-29 21:33:24,576 [WARN] IP:2250 - DEVICE_SERIAL1_CDC_FS not found: check if there is a RefParameter without a condition.
2026-03-29 21:33:24,576 [WARN] IP:2250 - DEVICE_SERIAL2_CDC_FS not found: check if there is a RefParameter without a condition.
2026-03-29 21:33:24,625 [WARN] IP:2250 - I2C_Coeff_DF not found: check if there is a RefParameter without a condition.
2026-03-29 21:33:24,625 [WARN] IP:2250 - Analog_Filter not found: check if there is a RefParameter without a condition.
2026-03-29 21:33:24,625 [WARN] IP:2250 - I2C_Coeff_DF not found: check if there is a RefParameter without a condition.
2026-03-29 21:33:24,625 [WARN] IP:2250 - Analog_Filter not found: check if there is a RefParameter without a condition.
2026-03-29 21:33:53,574 [WARN] IP:2250 - DEVICE_SERIAL0_CDC_FS not found: check if there is a RefParameter without a condition.
2026-03-29 21:33:53,574 [WARN] IP:2250 - DEVICE_SERIAL1_CDC_FS not found: check if there is a RefParameter without a condition.
2026-03-29 21:33:53,574 [WARN] IP:2250 - DEVICE_SERIAL2_CDC_FS not found: check if there is a RefParameter without a condition.
2026-03-29 21:33:53,574 [WARN] IP:2250 - DEVICE_SERIAL0_CDC_FS not found: check if there is a RefParameter without a condition.
2026-03-29 21:33:53,575 [WARN] IP:2250 - DEVICE_SERIAL1_CDC_FS not found: check if there is a RefParameter without a condition.
2026-03-29 21:33:53,575 [WARN] IP:2250 - DEVICE_SERIAL2_CDC_FS not found: check if there is a RefParameter without a condition.
2026-03-29 21:33:53,600 [WARN] IP:2250 - I2C_Coeff_DF not found: check if there is a RefParameter without a condition.
2026-03-29 21:33:53,600 [WARN] IP:2250 - Analog_Filter not found: check if there is a RefParameter without a condition.
2026-03-29 21:33:53,600 [WARN] IP:2250 - I2C_Coeff_DF not found: check if there is a RefParameter without a condition.
2026-03-29 21:33:53,600 [WARN] IP:2250 - Analog_Filter not found: check if there is a RefParameter without a condition.
2026-03-29 21:33:53,671 [WARN] IP:2250 - DEVICE_SERIAL0_CDC_FS not found: check if there is a RefParameter without a condition.
2026-03-29 21:33:53,671 [WARN] IP:2250 - DEVICE_SERIAL1_CDC_FS not found: check if there is a RefParameter without a condition.
2026-03-29 21:33:53,671 [WARN] IP:2250 - DEVICE_SERIAL2_CDC_FS not found: check if there is a RefParameter without a condition.
2026-03-29 21:33:53,671 [WARN] IP:2250 - DEVICE_SERIAL0_CDC_FS not found: check if there is a RefParameter without a condition.
2026-03-29 21:33:53,671 [WARN] IP:2250 - DEVICE_SERIAL1_CDC_FS not found: check if there is a RefParameter without a condition.
2026-03-29 21:33:53,671 [WARN] IP:2250 - DEVICE_SERIAL2_CDC_FS not found: check if there is a RefParameter without a condition.
2026-03-29 21:33:53,707 [WARN] IP:2250 - I2C_Coeff_DF not found: check if there is a RefParameter without a condition.
2026-03-29 21:33:53,707 [WARN] IP:2250 - Analog_Filter not found: check if there is a RefParameter without a condition.
2026-03-29 21:33:53,707 [WARN] IP:2250 - I2C_Coeff_DF not found: check if there is a RefParameter without a condition.
2026-03-29 21:33:53,707 [WARN] IP:2250 - Analog_Filter not found: check if there is a RefParameter without a condition.
2026-03-29 21:34:04,624 [WARN] IP:2250 - DEVICE_SERIAL0_CDC_FS not found: check if there is a RefParameter without a condition.
2026-03-29 21:34:04,625 [WARN] IP:2250 - DEVICE_SERIAL1_CDC_FS not found: check if there is a RefParameter without a condition.
2026-03-29 21:34:04,625 [WARN] IP:2250 - DEVICE_SERIAL2_CDC_FS not found: check if there is a RefParameter without a condition.
2026-03-29 21:34:04,625 [WARN] IP:2250 - DEVICE_SERIAL0_CDC_FS not found: check if there is a RefParameter without a condition.
2026-03-29 21:34:04,625 [WARN] IP:2250 - DEVICE_SERIAL1_CDC_FS not found: check if there is a RefParameter without a condition.
2026-03-29 21:34:04,625 [WARN] IP:2250 - DEVICE_SERIAL2_CDC_FS not found: check if there is a RefParameter without a condition.
2026-03-29 21:34:04,649 [WARN] IP:2250 - I2C_Coeff_DF not found: check if there is a RefParameter without a condition.
2026-03-29 21:34:04,649 [WARN] IP:2250 - Analog_Filter not found: check if there is a RefParameter without a condition.
2026-03-29 21:34:04,649 [WARN] IP:2250 - I2C_Coeff_DF not found: check if there is a RefParameter without a condition.
2026-03-29 21:34:04,649 [WARN] IP:2250 - Analog_Filter not found: check if there is a RefParameter without a condition.
2026-03-29 21:34:04,715 [WARN] IP:2250 - DEVICE_SERIAL0_CDC_FS not found: check if there is a RefParameter without a condition.
2026-03-29 21:34:04,715 [WARN] IP:2250 - DEVICE_SERIAL1_CDC_FS not found: check if there is a RefParameter without a condition.
2026-03-29 21:34:04,715 [WARN] IP:2250 - DEVICE_SERIAL2_CDC_FS not found: check if there is a RefParameter without a condition.
2026-03-29 21:34:04,715 [WARN] IP:2250 - DEVICE_SERIAL0_CDC_FS not found: check if there is a RefParameter without a condition.
2026-03-29 21:34:04,715 [WARN] IP:2250 - DEVICE_SERIAL1_CDC_FS not found: check if there is a RefParameter without a condition.
2026-03-29 21:34:04,715 [WARN] IP:2250 - DEVICE_SERIAL2_CDC_FS not found: check if there is a RefParameter without a condition.
2026-03-29 21:34:04,739 [WARN] IP:2250 - I2C_Coeff_DF not found: check if there is a RefParameter without a condition.
2026-03-29 21:34:04,739 [WARN] IP:2250 - Analog_Filter not found: check if there is a RefParameter without a condition.
2026-03-29 21:34:04,740 [WARN] IP:2250 - I2C_Coeff_DF not found: check if there is a RefParameter without a condition.
2026-03-29 21:34:04,740 [WARN] IP:2250 - Analog_Filter not found: check if there is a RefParameter without a condition.
2026-03-29 21:34:09,651 [WARN] IP:2250 - DEVICE_SERIAL0_CDC_FS not found: check if there is a RefParameter without a condition.
2026-03-29 21:34:09,652 [WARN] IP:2250 - DEVICE_SERIAL1_CDC_FS not found: check if there is a RefParameter without a condition.
2026-03-29 21:34:09,652 [WARN] IP:2250 - DEVICE_SERIAL2_CDC_FS not found: check if there is a RefParameter without a condition.
2026-03-29 21:34:09,652 [WARN] IP:2250 - DEVICE_SERIAL0_CDC_FS not found: check if there is a RefParameter without a condition.
2026-03-29 21:34:09,658 [WARN] IP:2250 - DEVICE_SERIAL1_CDC_FS not found: check if there is a RefParameter without a condition.
2026-03-29 21:34:09,658 [WARN] IP:2250 - DEVICE_SERIAL2_CDC_FS not found: check if there is a RefParameter without a condition.
2026-03-29 21:34:09,689 [WARN] IP:2250 - I2C_Coeff_DF not found: check if there is a RefParameter without a condition.
2026-03-29 21:34:09,690 [WARN] IP:2250 - Analog_Filter not found: check if there is a RefParameter without a condition.
2026-03-29 21:34:09,690 [WARN] IP:2250 - I2C_Coeff_DF not found: check if there is a RefParameter without a condition.
2026-03-29 21:34:09,690 [WARN] IP:2250 - Analog_Filter not found: check if there is a RefParameter without a condition.
2026-03-29 21:34:09,758 [WARN] IP:2250 - DEVICE_SERIAL0_CDC_FS not found: check if there is a RefParameter without a condition.
2026-03-29 21:34:09,759 [WARN] IP:2250 - DEVICE_SERIAL1_CDC_FS not found: check if there is a RefParameter without a condition.
2026-03-29 21:34:09,759 [WARN] IP:2250 - DEVICE_SERIAL2_CDC_FS not found: check if there is a RefParameter without a condition.
2026-03-29 21:34:09,759 [WARN] IP:2250 - DEVICE_SERIAL0_CDC_FS not found: check if there is a RefParameter without a condition.
2026-03-29 21:34:09,759 [WARN] IP:2250 - DEVICE_SERIAL1_CDC_FS not found: check if there is a RefParameter without a condition.
2026-03-29 21:34:09,759 [WARN] IP:2250 - DEVICE_SERIAL2_CDC_FS not found: check if there is a RefParameter without a condition.
2026-03-29 21:34:09,791 [WARN] IP:2250 - I2C_Coeff_DF not found: check if there is a RefParameter without a condition.
2026-03-29 21:34:09,791 [WARN] IP:2250 - Analog_Filter not found: check if there is a RefParameter without a condition.
2026-03-29 21:34:09,791 [WARN] IP:2250 - I2C_Coeff_DF not found: check if there is a RefParameter without a condition.
2026-03-29 21:34:09,791 [WARN] IP:2250 - Analog_Filter not found: check if there is a RefParameter without a condition.
2026-03-29 21:35:09,422 [WARN] IP:2250 - DEVICE_SERIAL0_CDC_FS not found: check if there is a RefParameter without a condition.
2026-03-29 21:35:09,422 [WARN] IP:2250 - DEVICE_SERIAL1_CDC_FS not found: check if there is a RefParameter without a condition.
2026-03-29 21:35:09,422 [WARN] IP:2250 - DEVICE_SERIAL2_CDC_FS not found: check if there is a RefParameter without a condition.
2026-03-29 21:35:09,422 [WARN] IP:2250 - DEVICE_SERIAL0_CDC_FS not found: check if there is a RefParameter without a condition.
2026-03-29 21:35:09,422 [WARN] IP:2250 - DEVICE_SERIAL1_CDC_FS not found: check if there is a RefParameter without a condition.
2026-03-29 21:35:09,422 [WARN] IP:2250 - DEVICE_SERIAL2_CDC_FS not found: check if there is a RefParameter without a condition.
2026-03-29 21:35:09,443 [WARN] IP:2250 - I2C_Coeff_DF not found: check if there is a RefParameter without a condition.
2026-03-29 21:35:09,443 [WARN] IP:2250 - Analog_Filter not found: check if there is a RefParameter without a condition.
2026-03-29 21:35:09,443 [WARN] IP:2250 - I2C_Coeff_DF not found: check if there is a RefParameter without a condition.
2026-03-29 21:35:09,443 [WARN] IP:2250 - Analog_Filter not found: check if there is a RefParameter without a condition.
2026-03-29 21:35:17,767 [WARN] IP:2250 - DEVICE_SERIAL0_CDC_FS not found: check if there is a RefParameter without a condition.
2026-03-29 21:35:17,768 [WARN] IP:2250 - DEVICE_SERIAL1_CDC_FS not found: check if there is a RefParameter without a condition.
2026-03-29 21:35:17,768 [WARN] IP:2250 - DEVICE_SERIAL2_CDC_FS not found: check if there is a RefParameter without a condition.
2026-03-29 21:35:17,768 [WARN] IP:2250 - DEVICE_SERIAL0_CDC_FS not found: check if there is a RefParameter without a condition.
2026-03-29 21:35:17,768 [WARN] IP:2250 - DEVICE_SERIAL1_CDC_FS not found: check if there is a RefParameter without a condition.
2026-03-29 21:35:17,768 [WARN] IP:2250 - DEVICE_SERIAL2_CDC_FS not found: check if there is a RefParameter without a condition.
2026-03-29 21:35:17,792 [WARN] IP:2250 - I2C_Coeff_DF not found: check if there is a RefParameter without a condition.
2026-03-29 21:35:17,792 [WARN] IP:2250 - Analog_Filter not found: check if there is a RefParameter without a condition.
2026-03-29 21:35:17,793 [WARN] IP:2250 - I2C_Coeff_DF not found: check if there is a RefParameter without a condition.
2026-03-29 21:35:17,793 [WARN] IP:2250 - Analog_Filter not found: check if there is a RefParameter without a condition.
2026-03-29 21:35:48,388 [INFO] UtilMem:75 - End SaveConfig() Used Memory: 287002656 Bytes (591396864)
2026-03-29 21:35:50,550 [INFO] UtilMem:75 - End SaveConfig() Used Memory: 432754720 Bytes (591396864)
2026-03-29 21:35:50,906 [INFO] BlockDiagram:2775 - set Specific Code input for plugin: TIM6_7
2026-03-29 21:35:50,906 [INFO] BlockDiagram:2775 - set Specific Code input for plugin: TIM6_7
2026-03-29 21:35:50,907 [INFO] BlockDiagram:2775 - set Specific Code input for plugin: CAN
2026-03-29 21:35:50,907 [INFO] BlockDiagram:2775 - set Specific Code input for plugin: USB_DEVICE
2026-03-29 21:35:50,907 [INFO] BlockDiagram:2775 - set Specific Code input for plugin: SYS
2026-03-29 21:35:50,907 [INFO] BlockDiagram:2775 - set Specific Code input for plugin: RCC
2026-03-29 21:35:50,907 [INFO] BlockDiagram:2775 - set Specific Code input for plugin: I2C
2026-03-29 21:35:50,907 [INFO] BlockDiagram:2775 - set Specific Code input for plugin: USB_OTG_FS
2026-03-29 21:35:50,907 [INFO] BlockDiagram:2775 - set Specific Code input for plugin: NVIC
2026-03-29 21:35:50,907 [INFO] BlockDiagram:2775 - set Specific Code input for plugin: USART
2026-03-29 21:35:50,907 [INFO] BlockDiagram:2775 - set Specific Code input for plugin: TIM1_8
2026-03-29 21:35:50,907 [INFO] BlockDiagram:2775 - set Specific Code input for plugin: DMA
2026-03-29 21:35:50,907 [INFO] BlockDiagram:2775 - set Specific Code input for plugin: GPIO
2026-03-29 21:35:50,908 [INFO] CodeGenerator:892 - code generatio: config db path: /opt/st/stm32cubeide_1.19.0/plugins/com.st.stm32cube.common.mx_6.15.0.202507011659//db/
2026-03-29 21:35:50,915 [WARN] IP:2250 - I2C_Coeff_DF not found: check if there is a RefParameter without a condition.
2026-03-29 21:35:50,915 [WARN] IP:2250 - Analog_Filter not found: check if there is a RefParameter without a condition.
2026-03-29 21:35:50,941 [WARN] IP:2250 - DEVICE_SERIAL0_CDC_FS not found: check if there is a RefParameter without a condition.
2026-03-29 21:35:50,941 [WARN] IP:2250 - DEVICE_SERIAL1_CDC_FS not found: check if there is a RefParameter without a condition.
2026-03-29 21:35:50,941 [WARN] IP:2250 - DEVICE_SERIAL2_CDC_FS not found: check if there is a RefParameter without a condition.
2026-03-29 21:35:51,073 [INFO] CodeEngine:265 - oldGeneratedFile, /home/kamil/STM32CubeIDE/workspace_1.19.0/PCB_STM/MXTmpFiles/license.tmp_save
2026-03-29 21:35:51,301 [INFO] CodeEngine:289 - Generated code: /home/kamil/STM32CubeIDE/workspace_1.19.0/PCB_STM/MXTmpFiles/license.tmp
2026-03-29 21:35:51,357 [INFO] CodeEngine:265 - oldGeneratedFile, /home/kamil/STM32CubeIDE/workspace_1.19.0/PCB_STM/MXTmpFiles/gpio.tmp_save
2026-03-29 21:35:51,455 [INFO] CodeEngine:289 - Generated code: /home/kamil/STM32CubeIDE/workspace_1.19.0/PCB_STM/MXTmpFiles/gpio.tmp
2026-03-29 21:35:51,504 [WARN] IPConfigManager:3238 - Warning: the RefConfig PWREx_EnableUSBVoltageDetector is not available in your config.xml file
2026-03-29 21:35:51,509 [INFO] CodeEngine:265 - oldGeneratedFile, /home/kamil/STM32CubeIDE/workspace_1.19.0/PCB_STM/MXTmpFiles/usb_otg_fs_vars.tmp_save
2026-03-29 21:35:51,575 [INFO] CodeEngine:289 - Generated code: /home/kamil/STM32CubeIDE/workspace_1.19.0/PCB_STM/MXTmpFiles/usb_otg_fs_vars.tmp
2026-03-29 21:35:51,577 [INFO] CodeEngine:265 - oldGeneratedFile, /home/kamil/STM32CubeIDE/workspace_1.19.0/PCB_STM/MXTmpFiles/usb_otg_fs_inc.tmp_save
2026-03-29 21:35:51,636 [INFO] CodeEngine:289 - Generated code: /home/kamil/STM32CubeIDE/workspace_1.19.0/PCB_STM/MXTmpFiles/usb_otg_fs_inc.tmp
2026-03-29 21:35:51,639 [INFO] CodeEngine:265 - oldGeneratedFile, /home/kamil/STM32CubeIDE/workspace_1.19.0/PCB_STM/MXTmpFiles/usb_otg_fs_HalInit.tmp_save
2026-03-29 21:35:51,710 [INFO] CodeEngine:289 - Generated code: /home/kamil/STM32CubeIDE/workspace_1.19.0/PCB_STM/MXTmpFiles/usb_otg_fs_HalInit.tmp
2026-03-29 21:35:51,712 [INFO] CodeEngine:265 - oldGeneratedFile, /home/kamil/STM32CubeIDE/workspace_1.19.0/PCB_STM/MXTmpFiles/usb_otg_fs_Msp.tmp_save
2026-03-29 21:35:51,768 [INFO] CodeEngine:289 - Generated code: /home/kamil/STM32CubeIDE/workspace_1.19.0/PCB_STM/MXTmpFiles/usb_otg_fs_Msp.tmp
2026-03-29 21:35:52,049 [INFO] Middleware:1452 - No code input for Bsp Dependency
2026-03-29 21:35:52,056 [INFO] CodeEngine:265 - oldGeneratedFile, /home/kamil/STM32CubeIDE/workspace_1.19.0/PCB_STM/MXTmpFiles/dma.tmp_save
2026-03-29 21:35:52,100 [INFO] CodeEngine:289 - Generated code: /home/kamil/STM32CubeIDE/workspace_1.19.0/PCB_STM/MXTmpFiles/dma.tmp
2026-03-29 21:35:52,102 [INFO] CodeEngine:265 - oldGeneratedFile, /home/kamil/STM32CubeIDE/workspace_1.19.0/PCB_STM/MXTmpFiles/dma_GV.tmp_save
2026-03-29 21:35:52,152 [INFO] CodeEngine:289 - Generated code: /home/kamil/STM32CubeIDE/workspace_1.19.0/PCB_STM/MXTmpFiles/dma_GV.tmp
2026-03-29 21:35:52,178 [INFO] Middleware:1452 - No code input for Bsp Dependency
2026-03-29 21:35:52,182 [INFO] CodeEngine:265 - oldGeneratedFile, /home/kamil/STM32CubeIDE/workspace_1.19.0/PCB_STM/USB_DEVICE/App/usb_device.c_save
2026-03-29 21:35:52,253 [INFO] CodeEngine:289 - Generated code: /home/kamil/STM32CubeIDE/workspace_1.19.0/PCB_STM/USB_DEVICE/App/usb_device.c
2026-03-29 21:35:52,255 [INFO] CodeEngine:265 - oldGeneratedFile, /home/kamil/STM32CubeIDE/workspace_1.19.0/PCB_STM/USB_DEVICE/App/usb_device.h_save
2026-03-29 21:35:52,298 [INFO] CodeEngine:289 - Generated code: /home/kamil/STM32CubeIDE/workspace_1.19.0/PCB_STM/USB_DEVICE/App/usb_device.h
2026-03-29 21:35:52,299 [INFO] CodeEngine:265 - oldGeneratedFile, /home/kamil/STM32CubeIDE/workspace_1.19.0/PCB_STM/USB_DEVICE/Target/usbd_conf.h_save
2026-03-29 21:35:52,343 [INFO] CodeEngine:289 - Generated code: /home/kamil/STM32CubeIDE/workspace_1.19.0/PCB_STM/USB_DEVICE/Target/usbd_conf.h
2026-03-29 21:35:52,344 [INFO] CodeEngine:265 - oldGeneratedFile, /home/kamil/STM32CubeIDE/workspace_1.19.0/PCB_STM/USB_DEVICE/Target/usbd_conf.c_save
2026-03-29 21:35:52,386 [INFO] CodeEngine:289 - Generated code: /home/kamil/STM32CubeIDE/workspace_1.19.0/PCB_STM/USB_DEVICE/Target/usbd_conf.c
2026-03-29 21:35:52,388 [INFO] CodeEngine:265 - oldGeneratedFile, /home/kamil/STM32CubeIDE/workspace_1.19.0/PCB_STM/USB_DEVICE/App/usbd_desc.h_save
2026-03-29 21:35:52,425 [INFO] CodeEngine:289 - Generated code: /home/kamil/STM32CubeIDE/workspace_1.19.0/PCB_STM/USB_DEVICE/App/usbd_desc.h
2026-03-29 21:35:52,426 [INFO] CodeEngine:265 - oldGeneratedFile, /home/kamil/STM32CubeIDE/workspace_1.19.0/PCB_STM/USB_DEVICE/App/usbd_desc.c_save
2026-03-29 21:35:52,464 [INFO] CodeEngine:289 - Generated code: /home/kamil/STM32CubeIDE/workspace_1.19.0/PCB_STM/USB_DEVICE/App/usbd_desc.c
2026-03-29 21:35:52,465 [INFO] CodeEngine:265 - oldGeneratedFile, /home/kamil/STM32CubeIDE/workspace_1.19.0/PCB_STM/USB_DEVICE/App/usbd_cdc_if.h_save
2026-03-29 21:35:52,500 [INFO] CodeEngine:289 - Generated code: /home/kamil/STM32CubeIDE/workspace_1.19.0/PCB_STM/USB_DEVICE/App/usbd_cdc_if.h
2026-03-29 21:35:52,501 [INFO] CodeEngine:265 - oldGeneratedFile, /home/kamil/STM32CubeIDE/workspace_1.19.0/PCB_STM/USB_DEVICE/App/usbd_cdc_if.c_save
2026-03-29 21:35:52,545 [INFO] CodeEngine:289 - Generated code: /home/kamil/STM32CubeIDE/workspace_1.19.0/PCB_STM/USB_DEVICE/App/usbd_cdc_if.c
2026-03-29 21:35:52,550 [INFO] CodeEngine:265 - oldGeneratedFile, /home/kamil/STM32CubeIDE/workspace_1.19.0/PCB_STM/Core/Src/stm32f4xx_it.c_save
2026-03-29 21:35:52,610 [INFO] CodeEngine:289 - Generated code: /home/kamil/STM32CubeIDE/workspace_1.19.0/PCB_STM/Core/Src/stm32f4xx_it.c
2026-03-29 21:35:52,611 [INFO] CodeEngine:265 - oldGeneratedFile, /home/kamil/STM32CubeIDE/workspace_1.19.0/PCB_STM/Core/Inc/stm32f4xx_it.h_save
2026-03-29 21:35:52,655 [INFO] CodeEngine:289 - Generated code: /home/kamil/STM32CubeIDE/workspace_1.19.0/PCB_STM/Core/Inc/stm32f4xx_it.h
2026-03-29 21:35:52,666 [INFO] CodeEngine:265 - oldGeneratedFile, /home/kamil/STM32CubeIDE/workspace_1.19.0/PCB_STM/Core/Src/stm32f4xx_hal_msp.c_save
2026-03-29 21:35:52,740 [INFO] CodeEngine:289 - Generated code: /home/kamil/STM32CubeIDE/workspace_1.19.0/PCB_STM/Core/Src/stm32f4xx_hal_msp.c
2026-03-29 21:35:52,741 [INFO] CodeEngine:265 - oldGeneratedFile, /home/kamil/STM32CubeIDE/workspace_1.19.0/PCB_STM/MXTmpFiles/system.tmp_save
2026-03-29 21:35:52,782 [INFO] CodeEngine:289 - Generated code: /home/kamil/STM32CubeIDE/workspace_1.19.0/PCB_STM/MXTmpFiles/system.tmp
2026-03-29 21:35:52,785 [INFO] CodeEngine:265 - oldGeneratedFile, /home/kamil/STM32CubeIDE/workspace_1.19.0/PCB_STM/Core/Inc/stm32_assert.h_save
2026-03-29 21:35:52,819 [INFO] CodeEngine:289 - Generated code: /home/kamil/STM32CubeIDE/workspace_1.19.0/PCB_STM/Core/Inc/stm32_assert.h
2026-03-29 21:35:52,822 [INFO] CodeEngine:321 - oldGeneratedFile, /home/kamil/STM32CubeIDE/workspace_1.19.0/PCB_STM/Core/Inc/stm32f4xx_hal_conf.h_save
2026-03-29 21:35:52,865 [INFO] CodeEngine:345 - Generated code: /home/kamil/STM32CubeIDE/workspace_1.19.0/PCB_STM/Core/Inc/stm32f4xx_hal_conf.h
2026-03-29 21:35:52,892 [WARN] IPConfigManager:3238 - Warning: the RefConfig PLL2P_FOR_MCO is not available in your config.xml file
2026-03-29 21:35:52,899 [INFO] ApiDbMcu:532 - Load IP Config File for CAN1
2026-03-29 21:35:52,902 [INFO] ApiDbMcu:532 - Load IP Config File for I2C3
2026-03-29 21:35:52,912 [INFO] ApiDbMcu:532 - Load IP Config File for TIM6
2026-03-29 21:35:52,920 [INFO] ApiDbMcu:532 - Load IP Config File for TIM7
2026-03-29 21:35:52,927 [INFO] ApiDbMcu:532 - Load IP Config File for TIM10
2026-03-29 21:35:52,931 [INFO] ApiDbMcu:532 - Load IP Config File for USART2
2026-03-29 21:35:52,933 [INFO] ApiDbMcu:532 - Load IP Config File for RCC
2026-03-29 21:35:52,937 [WARN] IPConfigManager:3811 - IP not found : TIM
2026-03-29 21:35:52,938 [WARN] CodeGenerator:4259 - IP not found : null
2026-03-29 21:35:52,942 [INFO] CodeEngine:265 - oldGeneratedFile, /home/kamil/STM32CubeIDE/workspace_1.19.0/PCB_STM/Core/Inc/main.h_save
2026-03-29 21:35:53,003 [INFO] CodeEngine:289 - Generated code: /home/kamil/STM32CubeIDE/workspace_1.19.0/PCB_STM/Core/Inc/main.h
2026-03-29 21:35:53,006 [INFO] CodeEngine:265 - oldGeneratedFile, /home/kamil/STM32CubeIDE/workspace_1.19.0/PCB_STM/Core/Src/main.c_save
2026-03-29 21:35:53,099 [INFO] CodeEngine:289 - Generated code: /home/kamil/STM32CubeIDE/workspace_1.19.0/PCB_STM/Core/Src/main.c
2026-03-29 21:35:53,266 [INFO] ProjectBuilder:3606 - Time for Copy HAL[1] : 44mS.
2026-03-29 21:35:53,270 [INFO] ProjectBuilder:5216 - Project Generator version: 4.7.0-B52
2026-03-29 21:35:53,323 [INFO] ConfigFileManager:1595 - The Die is : DIE421
2026-03-29 21:35:53,327 [INFO] ApiDbMcu:532 - Load IP Config File for FATFS
2026-03-29 21:35:53,329 [INFO] ApiDbMcu:532 - Load IP Config File for FREERTOS
2026-03-29 21:35:53,331 [INFO] ApiDbMcu:532 - Load IP Config File for LIBJPEG
2026-03-29 21:35:53,336 [INFO] ApiDbMcu:532 - Load IP Config File for MBEDTLS
2026-03-29 21:35:53,339 [INFO] ApiDbMcu:532 - Load IP Config File for USB_HOST
2026-03-29 21:35:53,571 [INFO] LogOutputStream:77 - [STDOUT_REDIRECT] 
2026-03-29 21:35:54,218 [INFO] ProjectBuilder:5496 - Time for Generating toolchain IDE Files: 948mS.
2026-03-29 21:35:54,219 [INFO] ProjectBuilder:3463 - Time for Copy CMSIS : 1mS.
2026-03-29 21:35:54,220 [INFO] ProjectBuilder:3463 - Time for Copy CMSIS : 0mS.
2026-03-29 21:36:03,281 [WARN] IP:2250 - DEVICE_SERIAL0_CDC_FS not found: check if there is a RefParameter without a condition.
2026-03-29 21:36:03,281 [WARN] IP:2250 - DEVICE_SERIAL1_CDC_FS not found: check if there is a RefParameter without a condition.
2026-03-29 21:36:03,281 [WARN] IP:2250 - DEVICE_SERIAL2_CDC_FS not found: check if there is a RefParameter without a condition.
2026-03-29 21:36:03,282 [WARN] IP:2250 - DEVICE_SERIAL0_CDC_FS not found: check if there is a RefParameter without a condition.
2026-03-29 21:36:03,282 [WARN] IP:2250 - DEVICE_SERIAL1_CDC_FS not found: check if there is a RefParameter without a condition.
2026-03-29 21:36:03,282 [WARN] IP:2250 - DEVICE_SERIAL2_CDC_FS not found: check if there is a RefParameter without a condition.
2026-03-29 21:36:03,313 [WARN] IP:2250 - I2C_Coeff_DF not found: check if there is a RefParameter without a condition.
2026-03-29 21:36:03,314 [WARN] IP:2250 - Analog_Filter not found: check if there is a RefParameter without a condition.
2026-03-29 21:36:03,314 [WARN] IP:2250 - I2C_Coeff_DF not found: check if there is a RefParameter without a condition.
2026-03-29 21:36:03,314 [WARN] IP:2250 - Analog_Filter not found: check if there is a RefParameter without a condition.
2026-03-29 21:37:55,231 [INFO] MainUpdater:2872 - connection check result : 10
2026-03-29 21:37:55,232 [INFO] MainUpdater:2872 - connection check result : 10
2026-03-29 21:37:55,263 [INFO] MicroXplorer:468 - Change Database Path : 
2026-03-29 21:37:55,263 [INFO] MicroXplorer:498 - Change Database Version : DB.6.0.150
2026-03-29 21:37:55,274 [ERROR] ProjectManagerView:395 - 
java.lang.NullPointerException: Cannot invoke "javax.swing.JTextField.getText()" because the return value of "java.util.List.get(int)" is null
	at com.st.microxplorer.plugins.projectmanager.gui.ProjectChoiceTab$9.caretUpdate(ProjectChoiceTab.java:2706) ~[filemanager.jar:?]
	at javax.swing.text.JTextComponent.fireCaretUpdate(JTextComponent.java:408) ~[?:?]
	at javax.swing.text.JTextComponent$MutableCaretEvent.fire(JTextComponent.java:4484) ~[?:?]
	at javax.swing.text.JTextComponent$MutableCaretEvent.stateChanged(JTextComponent.java:4506) ~[?:?]
	at javax.swing.text.DefaultCaret.fireStateChanged(DefaultCaret.java:857) ~[?:?]
	at javax.swing.text.DefaultCaret.changeCaretPosition(DefaultCaret.java:1343) ~[?:?]
	at javax.swing.text.DefaultCaret.handleSetDot(DefaultCaret.java:1242) ~[?:?]
	at javax.swing.text.DefaultCaret.setDot(DefaultCaret.java:1223) ~[?:?]
	at javax.swing.text.DefaultCaret$Handler.insertUpdate(DefaultCaret.java:1819) ~[?:?]
	at javax.swing.text.AbstractDocument.fireInsertUpdate(AbstractDocument.java:227) ~[?:?]
	at javax.swing.text.AbstractDocument.handleInsertString(AbstractDocument.java:781) ~[?:?]
	at javax.swing.text.AbstractDocument.insertString(AbstractDocument.java:740) ~[?:?]
	at javax.swing.text.PlainDocument.insertString(PlainDocument.java:131) ~[?:?]
	at javax.swing.text.AbstractDocument.replace(AbstractDocument.java:699) ~[?:?]
	at javax.swing.text.JTextComponent.setText(JTextComponent.java:1725) ~[?:?]
	at com.st.microxplorer.plugins.projectmanager.gui.ProjectChoiceTab.createHeapStackFields(ProjectChoiceTab.java:993) ~[filemanager.jar:?]
	at com.st.microxplorer.plugins.projectmanager.gui.ProjectChoiceTab.buildLinkSettingsPanel(ProjectChoiceTab.java:3813) ~[filemanager.jar:?]
	at com.st.microxplorer.plugins.projectmanager.gui.ProjectChoiceTab.defineWindowsFields(ProjectChoiceTab.java:1987) ~[filemanager.jar:?]
	at com.st.microxplorer.plugins.projectmanager.gui.ProjectChoiceTab.updateSettings(ProjectChoiceTab.java:558) ~[filemanager.jar:?]
	at com.st.microxplorer.plugins.projectmanager.gui.ProjectSettingsPanel.UpdateDialog(ProjectSettingsPanel.java:247) ~[filemanager.jar:?]
	at com.st.microxplorer.plugins.projectmanager.ProjectManagerView.propertyChange(ProjectManagerView.java:392) ~[filemanager.jar:?]
	at java.beans.PropertyChangeSupport.fire(PropertyChangeSupport.java:343) ~[?:?]
	at java.beans.PropertyChangeSupport.firePropertyChange(PropertyChangeSupport.java:335) ~[?:?]
	at java.beans.PropertyChangeSupport.firePropertyChange(PropertyChangeSupport.java:268) ~[?:?]
	at com.st.microxplorer.util.MXPropertyChangeSupport.firePropertyChange(MXPropertyChangeSupport.java:54) ~[STM32CubeMX.jar:?]
	at com.st.microxplorer.mxsystem.MxSystem.closeConfig(MxSystem.java:899) ~[STM32CubeMX.jar:?]
	at com.st.microxplorer.maingui.MainPanel.closeConfig(MainPanel.java:792) ~[STM32CubeMX.jar:?]
	at com.st.microxplorer.plugins.filemanager.engine.OpenFileManager.loadConfigurationFile(OpenFileManager.java:288) ~[filemanager.jar:?]
	at com.st.microxplorer.plugins.filemanager.engine.MainFileManager.userLoadConfig(MainFileManager.java:364) ~[filemanager.jar:?]
	at com.st.microxplorer.plugins.filemanager.engine.MainFileManager.userLoadConfig(MainFileManager.java:342) ~[filemanager.jar:?]
	at com.st.microxplorer.plugins.filemanager.FileManagerView.getSpecificTask(FileManagerView.java:264) ~[filemanager.jar:?]
	at com.st.stm32cube.common.mx.editor.CubeMxEditor.getMxTabbedPaneInstance(CubeMxEditor.java:1198) ~[com.st.stm32cube.common.mx_6.15.0.202507011659/:?]
	at com.st.stm32cube.common.mx.editor.CubeMxEditor$12$1.createSwingComponent(CubeMxEditor.java:1068) ~[com.st.stm32cube.common.mx_6.15.0.202507011659/:?]
	at com.st.stm32cube.common.mx.oss.core.awtswtbridge.EmbeddedSwingComposite.doComponentCreation(EmbeddedSwingComposite.java:492) ~[com.st.stm32cube.common.mx.oss_6.15.0.202507011659/:?]
	at com.st.stm32cube.common.mx.oss.core.awtswtbridge.EmbeddedSwingComposite$4.run(EmbeddedSwingComposite.java:291) ~[com.st.stm32cube.common.mx.oss_6.15.0.202507011659/:?]
	at com.st.stm32cube.common.mx.oss.core.awtswtbridge.AwtEnvironment$2.run(AwtEnvironment.java:166) ~[com.st.stm32cube.common.mx.oss_6.15.0.202507011659/:?]
	at java.awt.event.InvocationEvent.dispatch(InvocationEvent.java:318) ~[?:?]
	at java.awt.EventQueue.dispatchEventImpl(EventQueue.java:773) ~[?:?]
	at java.awt.EventQueue$4.run(EventQueue.java:720) ~[?:?]
	at java.awt.EventQueue$4.run(EventQueue.java:714) ~[?:?]
	at java.security.AccessController.doPrivileged(AccessController.java:400) ~[?:?]
	at java.security.ProtectionDomain$JavaSecurityAccessImpl.doIntersectionPrivilege(ProtectionDomain.java:87) ~[?:?]
	at java.awt.EventQueue.dispatchEvent(EventQueue.java:742) ~[?:?]
	at java.awt.EventDispatchThread.pumpOneEventForFilters(EventDispatchThread.java:203) ~[?:?]
	at java.awt.EventDispatchThread.pumpEventsForFilter(EventDispatchThread.java:124) ~[?:?]
	at java.awt.EventDispatchThread.pumpEventsForHierarchy(EventDispatchThread.java:113) ~[?:?]
	at java.awt.EventDispatchThread.pumpEvents(EventDispatchThread.java:109) ~[?:?]
	at java.awt.EventDispatchThread.pumpEvents(EventDispatchThread.java:101) ~[?:?]
	at java.awt.EventDispatchThread.run(EventDispatchThread.java:90) ~[?:?]
2026-03-29 21:37:55,279 [WARN] ThirdParty:871 - waiting for thirdparty lock release [close project]
2026-03-29 21:37:55,279 [INFO] ThirdParty:873 - entering critical section [close project]
2026-03-29 21:37:55,279 [INFO] ThirdParty:883 - exiting critical section [close project]
2026-03-29 21:37:55,281 [INFO] PinOutPanel:1589 - setPackage(No Configuration,No Configuration)
2026-03-29 21:37:55,288 [WARN] IpParametersView:155 - Warning: This peripheral hasn't parameters
2026-03-29 21:37:55,292 [WARN] MainPanel:289 - <html><b><center>Warning: This peripheral has no parameters to be configured<br></b></html>
2026-03-29 21:37:55,298 [INFO] UtilMem:75 - Begin LoadConfig() Used Memory: 443674144 Bytes (641728512)
2026-03-29 21:37:55,299 [INFO] MicroXplorer:468 - Change Database Path : 
2026-03-29 21:37:55,299 [INFO] MicroXplorer:498 - Change Database Version : DB.6.0.150
2026-03-29 21:37:55,299 [INFO] OpenFileManager:355 - Change cursor
2026-03-29 21:37:55,315 [INFO] RulesReader:64 - Compatibility file has been processed (317 Rules)
2026-03-29 21:37:55,319 [INFO] Mcu:2029 - Initializing MCU STM32F446R(C-E)Tx STM32F446RETx STM32F446RET6
2026-03-29 21:37:56,016 [INFO] Context:786 - Trying to add GPIOservice into a context  which must be forbidden
2026-03-29 21:37:56,356 [INFO] ImportTextPane:234 - (OptionalMessage_ERROR) Pin18 (VP_RIF_VS_RIF1) cannot be retrieved for this MCU
2026-03-29 21:37:56,463 [INFO] RtosManager:558 - Registered RTOS mode: class=CMSIS, group=RTOS, mode=CMSIS_V1, owner=FREERTOS
2026-03-29 21:37:56,463 [INFO] RtosManager:558 - Registered RTOS mode: class=CMSIS, group=RTOS2, mode=CMSIS_V2, owner=FREERTOS
2026-03-29 21:37:56,463 [INFO] RtosManager:558 - Registered RTOS mode: class=RTOS, group=Core, mode=CMSIS_V1, owner=FREERTOS
2026-03-29 21:37:56,463 [INFO] RtosManager:558 - Registered RTOS mode: class=RTOS, group=Core, mode=CMSIS_V2, owner=FREERTOS
2026-03-29 21:37:56,463 [WARN] ModelIntegratedComponent:184 - Missing modes for component STMicroelectronics:FreeRTOS:0.0.1:STMicroelectronics:RTOS:FreeRTOS:Core:::10.2.0:
2026-03-29 21:37:56,472 [WARN] ModelIntegratedComponent:63 - No mode defined for component null
2026-03-29 21:37:56,472 [WARN] ModelIntegratedComponent:63 - No mode defined for component null
2026-03-29 21:37:56,472 [WARN] ModelIntegratedComponent:63 - No mode defined for component null
2026-03-29 21:37:56,472 [WARN] ModelIntegratedComponent:63 - No mode defined for component null
2026-03-29 21:37:56,472 [WARN] ModelIntegratedComponent:63 - No mode defined for component null
2026-03-29 21:37:56,472 [WARN] ModelIntegratedComponent:63 - No mode defined for component null
2026-03-29 21:37:56,473 [WARN] ModelIntegratedComponent:63 - No mode defined for component null
2026-03-29 21:37:56,473 [WARN] ModelIntegratedComponent:63 - No mode defined for component null
2026-03-29 21:37:56,473 [WARN] ModelIntegratedComponent:63 - No mode defined for component null
2026-03-29 21:37:56,473 [WARN] ModelIntegratedComponent:63 - No mode defined for component null
2026-03-29 21:37:56,473 [WARN] ModelIntegratedComponent:63 - No mode defined for component null
2026-03-29 21:37:56,473 [WARN] ModelIntegratedComponent:63 - No mode defined for component null
2026-03-29 21:37:56,473 [WARN] ModelIntegratedComponent:63 - No mode defined for component null
2026-03-29 21:37:56,473 [WARN] ModelIntegratedComponent:63 - No mode defined for component null
2026-03-29 21:37:56,473 [WARN] ModelIntegratedComponent:63 - No mode defined for component null
2026-03-29 21:37:56,473 [WARN] ModelIntegratedComponent:63 - No mode defined for component null
2026-03-29 21:37:56,473 [WARN] ModelIntegratedComponent:63 - No mode defined for component null
2026-03-29 21:37:56,473 [WARN] ModelIntegratedComponent:63 - No mode defined for component null
2026-03-29 21:37:56,473 [WARN] ModelIntegratedComponent:63 - No mode defined for component null
2026-03-29 21:37:56,473 [WARN] ModelIntegratedComponent:63 - No mode defined for component null
2026-03-29 21:37:56,473 [WARN] ModelIntegratedComponent:63 - No mode defined for component null
2026-03-29 21:37:56,473 [WARN] ModelIntegratedComponent:63 - No mode defined for component null
2026-03-29 21:37:56,473 [WARN] ModelIntegratedComponent:63 - No mode defined for component null
2026-03-29 21:37:56,473 [WARN] ModelIntegratedComponent:63 - No mode defined for component null
2026-03-29 21:37:56,473 [WARN] ModelIntegratedComponent:63 - No mode defined for component null
2026-03-29 21:37:56,473 [WARN] ModelIntegratedComponent:63 - No mode defined for component null
2026-03-29 21:37:56,473 [WARN] ModelIntegratedComponent:63 - No mode defined for component null
2026-03-29 21:37:56,473 [WARN] ModelIntegratedComponent:63 - No mode defined for component null
2026-03-29 21:37:56,473 [WARN] ModelIntegratedComponent:63 - No mode defined for component null
2026-03-29 21:37:56,473 [WARN] ModelIntegratedComponent:63 - No mode defined for component null
2026-03-29 21:37:56,473 [WARN] ModelIntegratedComponent:63 - No mode defined for component null
2026-03-29 21:37:56,473 [WARN] ModelIntegratedComponent:63 - No mode defined for component null
2026-03-29 21:37:56,473 [WARN] ModelIntegratedComponent:63 - No mode defined for component null
2026-03-29 21:37:56,473 [WARN] ModelIntegratedComponent:63 - No mode defined for component null
2026-03-29 21:37:56,473 [WARN] ModelIntegratedComponent:63 - No mode defined for component null
2026-03-29 21:37:56,473 [WARN] ModelPack:524 - Component already loaded: STMicroelectronics:HAL Drivers:0.0.0:STMicroelectronics:Device:STMicro_Driver:XSPI:HAL::0.0.1:HAL_XSPI
2026-03-29 21:37:56,528 [INFO] ThirdPartyModel:298 - Start build external matchings
2026-03-29 21:37:56,832 [INFO] ThirdPartyModel:316 - End build external matchings
2026-03-29 21:37:56,845 [INFO] ImportTextPane:234 - (OptionalMessage_ERROR) IP (DMA) : Parameter (Instance) has Id (I2C3_RX) currently not set
2026-03-29 21:37:56,845 [INFO] ImportTextPane:234 - (OptionalMessage_ERROR) IP (DMA) : Parameter (Channel) has Id (I2C3_RX) currently not set
2026-03-29 21:37:56,845 [INFO] ImportTextPane:234 - (OptionalMessage_ERROR) IP (DMA) : Parameter (Direction) has Id (I2C3_RX) currently not set
2026-03-29 21:37:56,845 [INFO] ImportTextPane:234 - (OptionalMessage_ERROR) IP (DMA) : Parameter (PeriphInc) has Id (I2C3_RX) currently not set
2026-03-29 21:37:56,845 [INFO] ImportTextPane:234 - (OptionalMessage_ERROR) IP (DMA) : Parameter (MemInc) has Id (I2C3_RX) currently not set
2026-03-29 21:37:56,845 [INFO] ImportTextPane:234 - (OptionalMessage_ERROR) IP (DMA) : Parameter (PeriphDataAlignment) has Id (I2C3_RX) currently not set
2026-03-29 21:37:56,845 [INFO] ImportTextPane:234 - (OptionalMessage_ERROR) IP (DMA) : Parameter (MemDataAlignment) has Id (I2C3_RX) currently not set
2026-03-29 21:37:56,845 [INFO] ImportTextPane:234 - (OptionalMessage_ERROR) IP (DMA) : Parameter (Mode) has Id (I2C3_RX) currently not set
2026-03-29 21:37:56,845 [INFO] ImportTextPane:234 - (OptionalMessage_ERROR) IP (DMA) : Parameter (Priority) has Id (I2C3_RX) currently not set
2026-03-29 21:37:56,845 [INFO] ImportTextPane:234 - (OptionalMessage_ERROR) IP (DMA) : Parameter (FIFOMode) has Id (I2C3_RX) currently not set
2026-03-29 21:37:56,846 [WARN] IP:2250 - I2C_Coeff_DF not found: check if there is a RefParameter without a condition.
2026-03-29 21:37:56,846 [WARN] IP:2250 - Analog_Filter not found: check if there is a RefParameter without a condition.
2026-03-29 21:37:56,846 [INFO] ImportTextPane:234 - (OptionalMessage_ERROR) IP (RCC) : Invalid parameter (FamilyName)
2026-03-29 21:37:56,846 [INFO] ImportTextPane:234 - (OptionalMessage_ERROR) IP (RCC) : Parameter (MCO2PinFreq_Value) has invalid value (168000000)
2026-03-29 21:37:56,849 [WARN] IP:2250 - DEVICE_SERIAL0_CDC_FS not found: check if there is a RefParameter without a condition.
2026-03-29 21:37:56,849 [WARN] IP:2250 - DEVICE_SERIAL1_CDC_FS not found: check if there is a RefParameter without a condition.
2026-03-29 21:37:56,849 [WARN] IP:2250 - DEVICE_SERIAL2_CDC_FS not found: check if there is a RefParameter without a condition.
2026-03-29 21:37:57,034 [INFO] UtilMem:75 - End LoadConfig() Used Memory: 488438144 Bytes (764411904)
2026-03-29 21:37:57,043 [WARN] ThirdParty:833 - waiting for thirdparty lock release [change project]
2026-03-29 21:37:57,043 [INFO] ThirdParty:835 - entering critical section [change project]
2026-03-29 21:37:57,043 [INFO] ThirdParty:1030 - CMSIS Pack Vendor :STMicroelectronics X-CUBE-AZRTOS-H7 3.5.0
2026-03-29 21:37:57,043 [INFO] ThirdParty:1030 - CMSIS Pack Vendor :STMicroelectronics X-CUBE-PM33A1 1.0.0
2026-03-29 21:37:57,043 [INFO] ThirdParty:1030 - CMSIS Pack Vendor :STMicroelectronics USBPD 4.1
2026-03-29 21:37:57,043 [INFO] ThirdParty:1030 - CMSIS Pack Vendor :STMicroelectronics X-CUBE-NFC9 1.0.0
2026-03-29 21:37:57,043 [INFO] ThirdParty:1030 - CMSIS Pack Vendor :STMicroelectronics USB_HOST 2.0.0
2026-03-29 21:37:57,043 [INFO] ThirdParty:1030 - CMSIS Pack Vendor :STMicroelectronics FP-SNS-MOTENVWB1 1.4.0
2026-03-29 21:37:57,043 [INFO] ThirdParty:1030 - CMSIS Pack Vendor :STMicroelectronics X-CUBE-AZRTOS-F4 1.1.0
2026-03-29 21:37:57,043 [INFO] ThirdParty:1030 - CMSIS Pack Vendor :STMicroelectronics LIBJPEG 8.0.0
2026-03-29 21:37:57,043 [INFO] ThirdParty:1030 - CMSIS Pack Vendor :STMicroelectronics FP-ATR-ASTRA1 2.0.2
2026-03-29 21:37:57,043 [INFO] ThirdParty:1030 - CMSIS Pack Vendor :wolfSSL I-CUBE-wolfSSL 5.8.2
2026-03-29 21:37:57,043 [INFO] ThirdParty:1030 - CMSIS Pack Vendor :STMicroelectronics X-CUBE-BLE1 7.1.0
2026-03-29 21:37:57,043 [INFO] ThirdParty:1030 - CMSIS Pack Vendor :STMicroelectronics X-CUBE-SMBUS 2.1.0
2026-03-29 21:37:57,043 [INFO] ThirdParty:1030 - CMSIS Pack Vendor :wolfSSL I-CUBE-wolfMQTT 1.19.2
2026-03-29 21:37:57,043 [INFO] ThirdParty:1030 - CMSIS Pack Vendor :STMicroelectronics USB_DEVICE 3.0.0
2026-03-29 21:37:57,044 [INFO] ThirdParty:1030 - CMSIS Pack Vendor :STMicroelectronics X-CUBE-ISPU 2.1.0
2026-03-29 21:37:57,044 [INFO] ThirdParty:1030 - CMSIS Pack Vendor :STMicroelectronics X-CUBE-FREERTOS 1.4.0
2026-03-29 21:37:57,044 [INFO] ThirdParty:1030 - CMSIS Pack Vendor :STMicroelectronics X-CUBE-EEPRMA1 5.2.0
2026-03-29 21:37:57,044 [INFO] ThirdParty:1030 - CMSIS Pack Vendor :STMicroelectronics X-CUBE-IPS 3.2.0
2026-03-29 21:37:57,044 [INFO] ThirdParty:1030 - CMSIS Pack Vendor :STMicroelectronics X-CUBE-BLEMGR 4.1.0
2026-03-29 21:37:57,044 [INFO] ThirdParty:1030 - CMSIS Pack Vendor :STMicroelectronics X-CUBE-AZRTOS-WB 2.0.0
2026-03-29 21:37:57,044 [INFO] ThirdParty:1030 - CMSIS Pack Vendor :STMicroelectronics X-CUBE-ST60 1.0.0
2026-03-29 21:37:57,044 [INFO] ThirdParty:1030 - CMSIS Pack Vendor :STMicroelectronics X-CUBE-GNSS1 7.0.1
2026-03-29 21:37:57,044 [INFO] ThirdParty:1030 - CMSIS Pack Vendor :STMicroelectronics X-CUBE-NFC12 1.0.0
2026-03-29 21:37:57,044 [INFO] ThirdParty:1030 - CMSIS Pack Vendor :STMicroelectronics X-CUBE-AZRTOS-F7 1.1.0
2026-03-29 21:37:57,044 [INFO] ThirdParty:1030 - CMSIS Pack Vendor :STMicroelectronics X-CUBE-AZRTOS-L5 2.0.0
2026-03-29 21:37:57,044 [INFO] ThirdParty:1030 - CMSIS Pack Vendor :STMicroelectronics USB_DEVICE 2.0.0
2026-03-29 21:37:57,044 [INFO] ThirdParty:1030 - CMSIS Pack Vendor :STMicroelectronics X-CUBE-NFC6 3.1.0
2026-03-29 21:37:57,044 [INFO] ThirdParty:1030 - CMSIS Pack Vendor :STMicroelectronics X-CUBE-ST67W61 1.1.0
2026-03-29 21:37:57,044 [INFO] ThirdParty:1030 - CMSIS Pack Vendor :Cesanta I-CUBE-Mongoose 7.19.0
2026-03-29 21:37:57,044 [INFO] ThirdParty:1030 - CMSIS Pack Vendor :quantropi X-CUBE-qispace-sdk-base 2.1.0
2026-03-29 21:37:57,044 [INFO] ThirdParty:1030 - CMSIS Pack Vendor :STMicroelectronics X-CUBE-MEMS1 12.0.0
2026-03-29 21:37:57,044 [INFO] ThirdParty:1030 - CMSIS Pack Vendor :STMicroelectronics X-CUBE-STSE01 2.0.0
2026-03-29 21:37:57,044 [INFO] ThirdParty:1030 - CMSIS Pack Vendor :STMicroelectronics FP-SNS-MOTENV1 5.1.0
2026-03-29 21:37:57,044 [INFO] ThirdParty:1030 - CMSIS Pack Vendor :STMicroelectronics FreeRTOS 0.0.1
2026-03-29 21:37:57,044 [INFO] ThirdParty:1030 - CMSIS Pack Vendor :STMicroelectronics X-CUBE-AZRTOS-G0 1.1.0
2026-03-29 21:37:57,044 [INFO] ThirdParty:1030 - CMSIS Pack Vendor :STMicroelectronics X-CUBE-SAFEA1 1.2.2
2026-03-29 21:37:57,044 [INFO] ThirdParty:1030 - CMSIS Pack Vendor :STMicroelectronics X-CUBE-NFC4 3.0.0
2026-03-29 21:37:57,044 [INFO] ThirdParty:1030 - CMSIS Pack Vendor :STMicroelectronics X-CUBE-SUBG2 5.0.0
2026-03-29 21:37:57,044 [INFO] ThirdParty:1030 - CMSIS Pack Vendor :STMicroelectronics X-CUBE-AZRTOS-H7RS 1.1.0
2026-03-29 21:37:57,044 [INFO] ThirdParty:1030 - CMSIS Pack Vendor :STMicroelectronics STM32_WPAN 1.0.0
2026-03-29 21:37:57,044 [INFO] ThirdParty:1030 - CMSIS Pack Vendor :EmbeddedOffice I-CUBE-FS-RTOS 1.0.1
2026-03-29 21:37:57,044 [INFO] ThirdParty:1030 - CMSIS Pack Vendor :STMicroelectronics lwIP 2.0.3
2026-03-29 21:37:57,044 [INFO] ThirdParty:1030 - CMSIS Pack Vendor :WES I-CUBE-Cesium 1.4.0
2026-03-29 21:37:57,044 [INFO] ThirdParty:1030 - CMSIS Pack Vendor :STMicroelectronics USB_HOST 1.0.0
2026-03-29 21:37:57,044 [INFO] ThirdParty:1030 - CMSIS Pack Vendor :Infineon AIROC-Wi-Fi-Bluetooth-STM32 1.7.1
2026-03-29 21:37:57,044 [INFO] ThirdParty:1030 - CMSIS Pack Vendor :STMicroelectronics X-CUBE-AZRTOS-G4 2.0.0
2026-03-29 21:37:57,044 [INFO] ThirdParty:1030 - CMSIS Pack Vendor :STMicroelectronics X-CUBE-WB05N 2.0.0
2026-03-29 21:37:57,044 [INFO] ThirdParty:1030 - CMSIS Pack Vendor :STMicroelectronics PDM2PCM 3.1.0
2026-03-29 21:37:57,044 [INFO] ThirdParty:1030 - CMSIS Pack Vendor :STMicroelectronics PDM2PCM 3.3.0
2026-03-29 21:37:57,044 [INFO] ThirdParty:1030 - CMSIS Pack Vendor :wolfSSL I-CUBE-wolfTPM 3.8.0
2026-03-29 21:37:57,044 [INFO] ThirdParty:1030 - CMSIS Pack Vendor :STMicroelectronics X-CUBE-AZRTOS-H7 3.4.0
2026-03-29 21:37:57,044 [INFO] ThirdParty:1030 - CMSIS Pack Vendor :STMicroelectronics X-CUBE-DISPLAY 3.0.0
2026-03-29 21:37:57,045 [INFO] ThirdParty:1030 - CMSIS Pack Vendor :wolfSSL I-CUBE-wolfSSH 1.4.20
2026-03-29 21:37:57,045 [INFO] ThirdParty:1030 - CMSIS Pack Vendor :STMicroelectronics X-CUBE-NFC7 2.0.0
2026-03-29 21:37:57,045 [INFO] ThirdParty:1030 - CMSIS Pack Vendor :STMicroelectronics FP-SNS-MOTENVWB1 1.5.0
2026-03-29 21:37:57,045 [INFO] ThirdParty:1030 - CMSIS Pack Vendor :STMicroelectronics X-CUBE-TCPP 4.2.0
2026-03-29 21:37:57,045 [INFO] ThirdParty:1030 - CMSIS Pack Vendor :RealThread X-CUBE-RT-Thread_Nano 4.1.1
2026-03-29 21:37:57,045 [INFO] ThirdParty:1030 - CMSIS Pack Vendor :STMicroelectronics FP-ATR-SIGFOX1 3.2.0
2026-03-29 21:37:57,045 [INFO] ThirdParty:1030 - CMSIS Pack Vendor :STMicroelectronics X-CUBE-NFC10 1.0.0
2026-03-29 21:37:57,045 [INFO] ThirdParty:1030 - CMSIS Pack Vendor :STMicroelectronics X-CUBE-FREERTOS 1.3.1
2026-03-29 21:37:57,045 [INFO] ThirdParty:1030 - CMSIS Pack Vendor :STMicroelectronics HAL Drivers 0.0.0
2026-03-29 21:37:57,045 [INFO] ThirdParty:1030 - CMSIS Pack Vendor :STMicroelectronics X-CUBE-FREERTOS 1.5.0
2026-03-29 21:37:57,045 [INFO] ThirdParty:1030 - CMSIS Pack Vendor :STMicroelectronics MBEDTLS 2.16.2
2026-03-29 21:37:57,045 [INFO] ThirdParty:1030 - CMSIS Pack Vendor :STMicroelectronics X-CUBE-ST60 1.1.0
2026-03-29 21:37:57,045 [INFO] ThirdParty:1030 - CMSIS Pack Vendor :STMicroelectronics X-CUBE-ALS 1.0.2
2026-03-29 21:37:57,045 [INFO] ThirdParty:1030 - CMSIS Pack Vendor :emotas I-CUBE-CANOPEN 1.3.0
2026-03-29 21:37:57,045 [INFO] ThirdParty:1030 - CMSIS Pack Vendor :STMicroelectronics MBEDTLS 2.14.1
2026-03-29 21:37:57,045 [INFO] ThirdParty:1030 - CMSIS Pack Vendor :STMicroelectronics X-CUBE-GNSS1 7.1.0
2026-03-29 21:37:57,045 [INFO] ThirdParty:1030 - CMSIS Pack Vendor :ITTIA_DB I-CUBE-ITTIADB 8.9.0
2026-03-29 21:37:57,045 [INFO] ThirdParty:1030 - CMSIS Pack Vendor :STMicroelectronics X-CUBE-TOUCHGFX 4.26.0
2026-03-29 21:37:57,045 [INFO] ThirdParty:1030 - CMSIS Pack Vendor :STMicroelectronics X-CUBE-STSE01 1.0.0
2026-03-29 21:37:57,045 [INFO] ThirdParty:1030 - CMSIS Pack Vendor :STMicroelectronics X-CUBE-TOUCHGFX 4.26.1
2026-03-29 21:37:57,045 [INFO] ThirdParty:1030 - CMSIS Pack Vendor :STMicroelectronics X-CUBE-NFC6 3.2.0
2026-03-29 21:37:57,045 [INFO] ThirdParty:1030 - CMSIS Pack Vendor :STMicroelectronics ThreadX 1.0.0
2026-03-29 21:37:57,045 [INFO] ThirdParty:1030 - CMSIS Pack Vendor :STMicroelectronics FP-SNS-SMARTAG2 1.2.0
2026-03-29 21:37:57,045 [INFO] ThirdParty:1030 - CMSIS Pack Vendor :STMicroelectronics FP-SNS-FLIGHT1 5.1.0
2026-03-29 21:37:57,045 [INFO] ThirdParty:1030 - CMSIS Pack Vendor :STMicroelectronics X-CUBE-AZRTOS-WL 2.0.0
2026-03-29 21:37:57,045 [INFO] ThirdParty:1030 - CMSIS Pack Vendor :SEGGER I-CUBE-embOS 1.3.1
2026-03-29 21:37:57,045 [INFO] ThirdParty:1030 - CMSIS Pack Vendor :STMicroelectronics X-CUBE-ALGOBUILD 1.4.0
2026-03-29 21:37:57,045 [INFO] ThirdParty:1030 - CMSIS Pack Vendor :STMicroelectronics X-CUBE-DPower 1.3.0
2026-03-29 21:37:57,045 [INFO] ThirdParty:1030 - CMSIS Pack Vendor :STMicroelectronics X-CUBE-MEMS1 11.3.0
2026-03-29 21:37:57,045 [INFO] ThirdParty:1030 - CMSIS Pack Vendor :STMicroelectronics FP-SNS-MOTENV1 5.0.0
2026-03-29 21:37:57,045 [INFO] ThirdParty:1030 - CMSIS Pack Vendor :STMicroelectronics USB_DEVICE 1.0.0
2026-03-29 21:37:57,045 [INFO] ThirdParty:1030 - CMSIS Pack Vendor :STMicroelectronics X-CUBE-AZRTOS-H7RS 1.2.0
2026-03-29 21:37:57,045 [INFO] ThirdParty:1030 - CMSIS Pack Vendor :STMicroelectronics X-CUBE-AZRTOS-L4 2.0.0
2026-03-29 21:37:57,045 [INFO] ThirdParty:1030 - CMSIS Pack Vendor :STMicroelectronics ThreadX 0.0.2
2026-03-29 21:37:57,045 [INFO] ThirdParty:1030 - CMSIS Pack Vendor :STMicroelectronics lwIP 2.1.2
2026-03-29 21:37:57,045 [INFO] ThirdParty:1030 - CMSIS Pack Vendor :STMicroelectronics X-CUBE-SFXS2LP1 4.0.0
2026-03-29 21:37:57,045 [INFO] ThirdParty:1030 - CMSIS Pack Vendor :STMicroelectronics X-CUBE-BLE2 3.3.0
2026-03-29 21:37:57,045 [INFO] ThirdParty:1030 - CMSIS Pack Vendor :Avnet-IOTCONNECT X-CUBE-iotc-st67-sdk 1.0.0
2026-03-29 21:37:57,045 [INFO] ThirdParty:1030 - CMSIS Pack Vendor :STMicroelectronics X-CUBE-TOF1 3.4.3
2026-03-29 21:37:57,045 [INFO] ThirdParty:1030 - CMSIS Pack Vendor :STMicroelectronics PDM2PCM 3.2.0
2026-03-29 21:37:57,045 [INFO] ThirdParty:1030 - CMSIS Pack Vendor :STMicroelectronics X-CUBE-ST67W61 1.2.0
2026-03-29 21:37:57,045 [INFO] ThirdParty:841 - exiting critical section [change project]
2026-03-29 21:37:57,252 [INFO] PinOutPanel:1589 - setPackage(No Configuration,No Configuration)
2026-03-29 21:37:57,252 [INFO] PinOutPanel:1589 - setPackage(STM32F446RETx,LQFP64)
2026-03-29 21:37:57,540 [INFO] UtilMem:75 - Before build in PCC Used Memory: 508942168 Bytes (764411904)
2026-03-29 21:37:57,697 [INFO] UtilMem:75 - After build in PCC Used Memory: 560844632 Bytes (764411904)
2026-03-29 21:37:57,703 [INFO] ApiDbMcu:532 - Load IP Config File for USB_DEVICE
2026-03-29 21:37:57,715 [INFO] IPUIPlugin:80 - create IPUIPlugin
2026-03-29 21:37:57,715 [INFO] IPUIPlugin:80 - create IPUIPlugin
2026-03-29 21:37:57,715 [INFO] IPUIPlugin:80 - create IPUIPlugin
2026-03-29 21:37:57,715 [INFO] IPUIPlugin:80 - create IPUIPlugin
2026-03-29 21:37:57,715 [INFO] IPUIPlugin:80 - create IPUIPlugin
2026-03-29 21:37:57,715 [INFO] IPUIPlugin:80 - create IPUIPlugin
2026-03-29 21:37:57,715 [INFO] IPUIPlugin:80 - create IPUIPlugin
2026-03-29 21:37:57,715 [INFO] IPUIPlugin:80 - create IPUIPlugin
2026-03-29 21:37:57,715 [INFO] IPUIPlugin:80 - create IPUIPlugin
2026-03-29 21:37:57,715 [INFO] IPUIPlugin:80 - create IPUIPlugin
2026-03-29 21:37:57,715 [INFO] IPUIPlugin:80 - create IPUIPlugin
2026-03-29 21:37:57,715 [INFO] IPUIPlugin:80 - create IPUIPlugin
2026-03-29 21:37:57,715 [INFO] IPUIPlugin:80 - create IPUIPlugin
2026-03-29 21:37:57,715 [INFO] IPUIPlugin:80 - create IPUIPlugin
2026-03-29 21:37:57,715 [INFO] IPUIPlugin:80 - create IPUIPlugin
2026-03-29 21:37:57,716 [INFO] IPUIPlugin:80 - create IPUIPlugin
2026-03-29 21:37:57,716 [INFO] IPUIPlugin:80 - create IPUIPlugin
2026-03-29 21:37:57,716 [INFO] IPUIPlugin:80 - create IPUIPlugin
2026-03-29 21:37:57,716 [INFO] IPUIPlugin:80 - create IPUIPlugin
2026-03-29 21:37:57,716 [INFO] IPUIPlugin:80 - create IPUIPlugin
2026-03-29 21:37:57,716 [INFO] IPUIPlugin:80 - create IPUIPlugin
2026-03-29 21:37:57,716 [INFO] IPUIPlugin:80 - create IPUIPlugin
2026-03-29 21:37:57,716 [INFO] IPUIPlugin:80 - create IPUIPlugin
2026-03-29 21:37:57,716 [INFO] IPUIPlugin:80 - create IPUIPlugin
2026-03-29 21:37:57,716 [INFO] IPUIPlugin:80 - create IPUIPlugin
2026-03-29 21:37:57,716 [INFO] IPUIPlugin:80 - create IPUIPlugin
2026-03-29 21:37:57,716 [INFO] IPUIPlugin:80 - create IPUIPlugin
2026-03-29 21:37:57,716 [INFO] IPUIPlugin:80 - create IPUIPlugin
2026-03-29 21:37:57,717 [INFO] IPUIPlugin:80 - create IPUIPlugin
2026-03-29 21:37:57,717 [INFO] IPUIPlugin:80 - create IPUIPlugin
2026-03-29 21:37:57,717 [INFO] IPUIPlugin:80 - create IPUIPlugin
2026-03-29 21:37:57,717 [INFO] IPUIPlugin:80 - create IPUIPlugin
2026-03-29 21:37:57,717 [INFO] IPUIPlugin:80 - create IPUIPlugin
2026-03-29 21:37:57,717 [INFO] IPUIPlugin:80 - create IPUIPlugin
2026-03-29 21:37:57,717 [INFO] IPUIPlugin:80 - create IPUIPlugin
2026-03-29 21:37:57,717 [INFO] IPUIPlugin:80 - create IPUIPlugin
2026-03-29 21:37:57,717 [INFO] IPUIPlugin:80 - create IPUIPlugin
2026-03-29 21:37:57,717 [INFO] IPUIPlugin:80 - create IPUIPlugin
2026-03-29 21:37:57,718 [INFO] IPUIPlugin:80 - create IPUIPlugin
2026-03-29 21:37:57,718 [INFO] IPUIPlugin:80 - create IPUIPlugin
2026-03-29 21:37:57,718 [INFO] IPUIPlugin:80 - create IPUIPlugin
2026-03-29 21:37:57,718 [INFO] IPUIPlugin:80 - create IPUIPlugin
2026-03-29 21:37:57,718 [INFO] IPUIPlugin:80 - create IPUIPlugin
2026-03-29 21:37:57,718 [INFO] IPUIPlugin:80 - create IPUIPlugin
2026-03-29 21:37:57,718 [INFO] IPUIPlugin:80 - create IPUIPlugin
2026-03-29 21:37:57,718 [INFO] IPUIPlugin:80 - create IPUIPlugin
2026-03-29 21:37:57,719 [INFO] IPUIPlugin:80 - create IPUIPlugin
2026-03-29 21:37:57,719 [INFO] IPUIPlugin:80 - create IPUIPlugin
2026-03-29 21:37:57,719 [INFO] IPUIPlugin:80 - create IPUIPlugin
2026-03-29 21:37:57,719 [INFO] IPUIPlugin:80 - create IPUIPlugin
2026-03-29 21:37:57,719 [INFO] IPUIPlugin:80 - create IPUIPlugin
2026-03-29 21:37:57,719 [INFO] IPUIPlugin:80 - create IPUIPlugin
2026-03-29 21:37:57,719 [INFO] IPUIPlugin:80 - create IPUIPlugin
2026-03-29 21:37:57,719 [INFO] IPUIPlugin:80 - create IPUIPlugin
2026-03-29 21:37:57,720 [INFO] IPUIPlugin:80 - create IPUIPlugin
2026-03-29 21:37:57,720 [INFO] IPUIPlugin:80 - create IPUIPlugin
2026-03-29 21:37:57,720 [INFO] IPUIPlugin:80 - create IPUIPlugin
2026-03-29 21:37:57,720 [INFO] IPUIPlugin:80 - create IPUIPlugin
2026-03-29 21:37:57,720 [INFO] IPUIPlugin:80 - create IPUIPlugin
2026-03-29 21:37:57,720 [INFO] IPUIPlugin:80 - create IPUIPlugin
2026-03-29 21:37:57,722 [INFO] ApiDbMcu:532 - Load IP Config File for PDM2PCM
2026-03-29 21:37:57,724 [INFO] Can:71 - Can Add PropertyChangeListener com.st.microxplorer.plugins.ip.can.Can@26d2633c
2026-03-29 21:37:57,724 [WARN] IP:2250 - I2C_Coeff_DF not found: check if there is a RefParameter without a condition.
2026-03-29 21:37:57,724 [WARN] IP:2250 - Analog_Filter not found: check if there is a RefParameter without a condition.
2026-03-29 21:37:57,755 [INFO] CADModel:165 - CPN selected for project levelSTM32F446RET6
2026-03-29 21:37:57,755 [INFO] CADModel:114 - Register for checkConnection events
2026-03-29 21:37:57,792 [INFO] OpenFileManager:386 - Restore cursor
2026-03-29 21:37:57,926 [WARN] IP:2250 - DEVICE_SERIAL0_CDC_FS not found: check if there is a RefParameter without a condition.
2026-03-29 21:37:57,926 [WARN] IP:2250 - DEVICE_SERIAL1_CDC_FS not found: check if there is a RefParameter without a condition.
2026-03-29 21:37:57,926 [WARN] IP:2250 - DEVICE_SERIAL2_CDC_FS not found: check if there is a RefParameter without a condition.
2026-03-29 21:37:57,926 [WARN] IP:2250 - DEVICE_SERIAL0_CDC_FS not found: check if there is a RefParameter without a condition.
2026-03-29 21:37:57,926 [WARN] IP:2250 - DEVICE_SERIAL1_CDC_FS not found: check if there is a RefParameter without a condition.
2026-03-29 21:37:57,926 [WARN] IP:2250 - DEVICE_SERIAL2_CDC_FS not found: check if there is a RefParameter without a condition.
2026-03-29 21:37:57,960 [WARN] IP:2250 - I2C_Coeff_DF not found: check if there is a RefParameter without a condition.
2026-03-29 21:37:57,960 [WARN] IP:2250 - Analog_Filter not found: check if there is a RefParameter without a condition.
2026-03-29 21:37:57,961 [WARN] IP:2250 - I2C_Coeff_DF not found: check if there is a RefParameter without a condition.
2026-03-29 21:37:57,961 [WARN] IP:2250 - Analog_Filter not found: check if there is a RefParameter without a condition.
2026-03-29 21:38:11,585 [WARN] IP:2250 - DEVICE_SERIAL0_CDC_FS not found: check if there is a RefParameter without a condition.
2026-03-29 21:38:11,586 [WARN] IP:2250 - DEVICE_SERIAL1_CDC_FS not found: check if there is a RefParameter without a condition.
2026-03-29 21:38:11,586 [WARN] IP:2250 - DEVICE_SERIAL2_CDC_FS not found: check if there is a RefParameter without a condition.
2026-03-29 21:38:11,586 [WARN] IP:2250 - DEVICE_SERIAL0_CDC_FS not found: check if there is a RefParameter without a condition.
2026-03-29 21:38:11,586 [WARN] IP:2250 - DEVICE_SERIAL1_CDC_FS not found: check if there is a RefParameter without a condition.
2026-03-29 21:38:11,586 [WARN] IP:2250 - DEVICE_SERIAL2_CDC_FS not found: check if there is a RefParameter without a condition.
2026-03-29 21:38:11,609 [WARN] IP:2250 - I2C_Coeff_DF not found: check if there is a RefParameter without a condition.
2026-03-29 21:38:11,609 [WARN] IP:2250 - Analog_Filter not found: check if there is a RefParameter without a condition.
2026-03-29 21:38:11,610 [WARN] IP:2250 - I2C_Coeff_DF not found: check if there is a RefParameter without a condition.
2026-03-29 21:38:11,610 [WARN] IP:2250 - Analog_Filter not found: check if there is a RefParameter without a condition.
2026-03-29 21:38:11,670 [WARN] IP:2250 - DEVICE_SERIAL0_CDC_FS not found: check if there is a RefParameter without a condition.
2026-03-29 21:38:11,670 [WARN] IP:2250 - DEVICE_SERIAL1_CDC_FS not found: check if there is a RefParameter without a condition.
2026-03-29 21:38:11,670 [WARN] IP:2250 - DEVICE_SERIAL2_CDC_FS not found: check if there is a RefParameter without a condition.
2026-03-29 21:38:11,670 [WARN] IP:2250 - DEVICE_SERIAL0_CDC_FS not found: check if there is a RefParameter without a condition.
2026-03-29 21:38:11,670 [WARN] IP:2250 - DEVICE_SERIAL1_CDC_FS not found: check if there is a RefParameter without a condition.
2026-03-29 21:38:11,670 [WARN] IP:2250 - DEVICE_SERIAL2_CDC_FS not found: check if there is a RefParameter without a condition.
2026-03-29 21:38:11,691 [WARN] IP:2250 - I2C_Coeff_DF not found: check if there is a RefParameter without a condition.
2026-03-29 21:38:11,691 [WARN] IP:2250 - Analog_Filter not found: check if there is a RefParameter without a condition.
2026-03-29 21:38:11,692 [WARN] IP:2250 - I2C_Coeff_DF not found: check if there is a RefParameter without a condition.
2026-03-29 21:38:11,692 [WARN] IP:2250 - Analog_Filter not found: check if there is a RefParameter without a condition.
2026-03-29 21:38:13,817 [WARN] IP:2250 - DEVICE_SERIAL0_CDC_FS not found: check if there is a RefParameter without a condition.
2026-03-29 21:38:13,818 [WARN] IP:2250 - DEVICE_SERIAL1_CDC_FS not found: check if there is a RefParameter without a condition.
2026-03-29 21:38:13,818 [WARN] IP:2250 - DEVICE_SERIAL2_CDC_FS not found: check if there is a RefParameter without a condition.
2026-03-29 21:38:13,818 [WARN] IP:2250 - DEVICE_SERIAL0_CDC_FS not found: check if there is a RefParameter without a condition.
2026-03-29 21:38:13,818 [WARN] IP:2250 - DEVICE_SERIAL1_CDC_FS not found: check if there is a RefParameter without a condition.
2026-03-29 21:38:13,818 [WARN] IP:2250 - DEVICE_SERIAL2_CDC_FS not found: check if there is a RefParameter without a condition.
2026-03-29 21:38:13,845 [WARN] IP:2250 - I2C_Coeff_DF not found: check if there is a RefParameter without a condition.
2026-03-29 21:38:13,845 [WARN] IP:2250 - Analog_Filter not found: check if there is a RefParameter without a condition.
2026-03-29 21:38:13,845 [WARN] IP:2250 - I2C_Coeff_DF not found: check if there is a RefParameter without a condition.
2026-03-29 21:38:13,845 [WARN] IP:2250 - Analog_Filter not found: check if there is a RefParameter without a condition.
2026-03-29 21:38:13,903 [WARN] IP:2250 - DEVICE_SERIAL0_CDC_FS not found: check if there is a RefParameter without a condition.
2026-03-29 21:38:13,903 [WARN] IP:2250 - DEVICE_SERIAL1_CDC_FS not found: check if there is a RefParameter without a condition.
2026-03-29 21:38:13,903 [WARN] IP:2250 - DEVICE_SERIAL2_CDC_FS not found: check if there is a RefParameter without a condition.
2026-03-29 21:38:13,903 [WARN] IP:2250 - DEVICE_SERIAL0_CDC_FS not found: check if there is a RefParameter without a condition.
2026-03-29 21:38:13,903 [WARN] IP:2250 - DEVICE_SERIAL1_CDC_FS not found: check if there is a RefParameter without a condition.
2026-03-29 21:38:13,903 [WARN] IP:2250 - DEVICE_SERIAL2_CDC_FS not found: check if there is a RefParameter without a condition.
2026-03-29 21:38:13,923 [WARN] IP:2250 - I2C_Coeff_DF not found: check if there is a RefParameter without a condition.
2026-03-29 21:38:13,923 [WARN] IP:2250 - Analog_Filter not found: check if there is a RefParameter without a condition.
2026-03-29 21:38:13,924 [WARN] IP:2250 - I2C_Coeff_DF not found: check if there is a RefParameter without a condition.
2026-03-29 21:38:13,924 [WARN] IP:2250 - Analog_Filter not found: check if there is a RefParameter without a condition.
2026-03-29 21:38:16,398 [WARN] IP:2250 - DEVICE_SERIAL0_CDC_FS not found: check if there is a RefParameter without a condition.
2026-03-29 21:38:16,398 [WARN] IP:2250 - DEVICE_SERIAL1_CDC_FS not found: check if there is a RefParameter without a condition.
2026-03-29 21:38:16,398 [WARN] IP:2250 - DEVICE_SERIAL2_CDC_FS not found: check if there is a RefParameter without a condition.
2026-03-29 21:38:16,398 [WARN] IP:2250 - DEVICE_SERIAL0_CDC_FS not found: check if there is a RefParameter without a condition.
2026-03-29 21:38:16,398 [WARN] IP:2250 - DEVICE_SERIAL1_CDC_FS not found: check if there is a RefParameter without a condition.
2026-03-29 21:38:16,399 [WARN] IP:2250 - DEVICE_SERIAL2_CDC_FS not found: check if there is a RefParameter without a condition.
2026-03-29 21:38:16,420 [WARN] IP:2250 - I2C_Coeff_DF not found: check if there is a RefParameter without a condition.
2026-03-29 21:38:16,420 [WARN] IP:2250 - Analog_Filter not found: check if there is a RefParameter without a condition.
2026-03-29 21:38:16,420 [WARN] IP:2250 - I2C_Coeff_DF not found: check if there is a RefParameter without a condition.
2026-03-29 21:38:16,420 [WARN] IP:2250 - Analog_Filter not found: check if there is a RefParameter without a condition.
2026-03-29 21:38:16,479 [WARN] IP:2250 - DEVICE_SERIAL0_CDC_FS not found: check if there is a RefParameter without a condition.
2026-03-29 21:38:16,479 [WARN] IP:2250 - DEVICE_SERIAL1_CDC_FS not found: check if there is a RefParameter without a condition.
2026-03-29 21:38:16,479 [WARN] IP:2250 - DEVICE_SERIAL2_CDC_FS not found: check if there is a RefParameter without a condition.
2026-03-29 21:38:16,480 [WARN] IP:2250 - DEVICE_SERIAL0_CDC_FS not found: check if there is a RefParameter without a condition.
2026-03-29 21:38:16,480 [WARN] IP:2250 - DEVICE_SERIAL1_CDC_FS not found: check if there is a RefParameter without a condition.
2026-03-29 21:38:16,480 [WARN] IP:2250 - DEVICE_SERIAL2_CDC_FS not found: check if there is a RefParameter without a condition.
2026-03-29 21:38:16,500 [WARN] IP:2250 - I2C_Coeff_DF not found: check if there is a RefParameter without a condition.
2026-03-29 21:38:16,500 [WARN] IP:2250 - Analog_Filter not found: check if there is a RefParameter without a condition.
2026-03-29 21:38:16,500 [WARN] IP:2250 - I2C_Coeff_DF not found: check if there is a RefParameter without a condition.
2026-03-29 21:38:16,500 [WARN] IP:2250 - Analog_Filter not found: check if there is a RefParameter without a condition.
2026-03-29 21:38:24,272 [INFO] UtilMem:75 - End SaveConfig() Used Memory: 656260848 Bytes (764411904)
2026-03-29 21:38:26,147 [INFO] UtilMem:75 - End SaveConfig() Used Memory: 366332720 Bytes (764411904)
2026-03-29 21:38:26,335 [INFO] BlockDiagram:2775 - set Specific Code input for plugin: TIM6_7
2026-03-29 21:38:26,335 [INFO] BlockDiagram:2775 - set Specific Code input for plugin: TIM6_7
2026-03-29 21:38:26,335 [INFO] BlockDiagram:2775 - set Specific Code input for plugin: CAN
2026-03-29 21:38:26,335 [INFO] BlockDiagram:2775 - set Specific Code input for plugin: USB_DEVICE
2026-03-29 21:38:26,335 [INFO] BlockDiagram:2775 - set Specific Code input for plugin: SYS
2026-03-29 21:38:26,335 [INFO] BlockDiagram:2775 - set Specific Code input for plugin: RCC
2026-03-29 21:38:26,335 [INFO] BlockDiagram:2775 - set Specific Code input for plugin: I2C
2026-03-29 21:38:26,335 [INFO] BlockDiagram:2775 - set Specific Code input for plugin: USB_OTG_FS
2026-03-29 21:38:26,335 [INFO] BlockDiagram:2775 - set Specific Code input for plugin: NVIC
2026-03-29 21:38:26,335 [INFO] BlockDiagram:2775 - set Specific Code input for plugin: USART
2026-03-29 21:38:26,335 [INFO] BlockDiagram:2775 - set Specific Code input for plugin: TIM1_8
2026-03-29 21:38:26,335 [INFO] BlockDiagram:2775 - set Specific Code input for plugin: DMA
2026-03-29 21:38:26,335 [INFO] BlockDiagram:2775 - set Specific Code input for plugin: GPIO
2026-03-29 21:38:26,336 [INFO] CodeGenerator:892 - code generatio: config db path: /opt/st/stm32cubeide_1.19.0/plugins/com.st.stm32cube.common.mx_6.15.0.202507011659//db/
2026-03-29 21:38:26,338 [WARN] IP:2250 - I2C_Coeff_DF not found: check if there is a RefParameter without a condition.
2026-03-29 21:38:26,338 [WARN] IP:2250 - Analog_Filter not found: check if there is a RefParameter without a condition.
2026-03-29 21:38:26,339 [INFO] Argument:325 - Argument : hdmavalue: null
2026-03-29 21:38:26,339 [INFO] Argument:327 - 	 sub Args: 
2026-03-29 21:38:26,339 [INFO] Argument:325 - Argument : Instancevalue: DMA1_Stream2
2026-03-29 21:38:26,339 [INFO] Argument:335 - Argument : Instancevalue: DMA1_Stream2
2026-03-29 21:38:26,339 [INFO] Argument:325 - Argument : Initvalue: null
2026-03-29 21:38:26,339 [INFO] Argument:327 - 	 sub Args: 
2026-03-29 21:38:26,339 [INFO] Argument:325 - Argument : Channelvalue: DMA_CHANNEL_3
2026-03-29 21:38:26,339 [INFO] Argument:335 - Argument : Channelvalue: DMA_CHANNEL_3
2026-03-29 21:38:26,339 [INFO] Argument:325 - Argument : Directionvalue: DMA_PERIPH_TO_MEMORY
2026-03-29 21:38:26,339 [INFO] Argument:335 - Argument : Directionvalue: DMA_PERIPH_TO_MEMORY
2026-03-29 21:38:26,339 [INFO] Argument:325 - Argument : PeriphIncvalue: DMA_PINC_DISABLE
2026-03-29 21:38:26,339 [INFO] Argument:335 - Argument : PeriphIncvalue: DMA_PINC_DISABLE
2026-03-29 21:38:26,339 [INFO] Argument:325 - Argument : MemIncvalue: DMA_MINC_ENABLE
2026-03-29 21:38:26,339 [INFO] Argument:335 - Argument : MemIncvalue: DMA_MINC_ENABLE
2026-03-29 21:38:26,339 [INFO] Argument:325 - Argument : PeriphDataAlignmentvalue: DMA_PDATAALIGN_BYTE
2026-03-29 21:38:26,339 [INFO] Argument:335 - Argument : PeriphDataAlignmentvalue: DMA_PDATAALIGN_BYTE
2026-03-29 21:38:26,339 [INFO] Argument:325 - Argument : MemDataAlignmentvalue: DMA_MDATAALIGN_BYTE
2026-03-29 21:38:26,339 [INFO] Argument:335 - Argument : MemDataAlignmentvalue: DMA_MDATAALIGN_BYTE
2026-03-29 21:38:26,339 [INFO] Argument:325 - Argument : Modevalue: DMA_NORMAL
2026-03-29 21:38:26,339 [INFO] Argument:335 - Argument : Modevalue: DMA_NORMAL
2026-03-29 21:38:26,339 [INFO] Argument:325 - Argument : Priorityvalue: DMA_PRIORITY_HIGH
2026-03-29 21:38:26,339 [INFO] Argument:335 - Argument : Priorityvalue: DMA_PRIORITY_HIGH
2026-03-29 21:38:26,339 [INFO] Argument:325 - Argument : FIFOModevalue: DMA_FIFOMODE_DISABLE
2026-03-29 21:38:26,339 [INFO] Argument:335 - Argument : FIFOModevalue: DMA_FIFOMODE_DISABLE
2026-03-29 21:38:26,339 [INFO] Argument:325 - Argument : FIFOThresholdvalue: null
2026-03-29 21:38:26,339 [INFO] Argument:335 - Argument : FIFOThresholdvalue: null
2026-03-29 21:38:26,339 [INFO] Argument:325 - Argument : MemBurstvalue: null
2026-03-29 21:38:26,339 [INFO] Argument:335 - Argument : MemBurstvalue: null
2026-03-29 21:38:26,339 [INFO] Argument:325 - Argument : PeriphBurstvalue: null
2026-03-29 21:38:26,339 [INFO] Argument:335 - Argument : PeriphBurstvalue: null
2026-03-29 21:38:26,339 [INFO] Argument:325 - Argument : Lockvalue: null
2026-03-29 21:38:26,339 [INFO] Argument:335 - Argument : Lockvalue: null
2026-03-29 21:38:26,339 [INFO] Argument:325 - Argument : Statevalue: null
2026-03-29 21:38:26,339 [INFO] Argument:335 - Argument : Statevalue: null
2026-03-29 21:38:26,339 [INFO] Argument:325 - Argument : Parentvalue: null
2026-03-29 21:38:26,339 [INFO] Argument:335 - Argument : Parentvalue: null
2026-03-29 21:38:26,339 [INFO] Argument:325 - Argument : XferCpltCallbackvalue: null
2026-03-29 21:38:26,339 [INFO] Argument:335 - Argument : XferCpltCallbackvalue: null
2026-03-29 21:38:26,339 [INFO] Argument:325 - Argument : XferHalfCpltCallbackvalue: null
2026-03-29 21:38:26,339 [INFO] Argument:335 - Argument : XferHalfCpltCallbackvalue: null
2026-03-29 21:38:26,339 [INFO] Argument:325 - Argument : XferM1CpltCallbackvalue: null
2026-03-29 21:38:26,339 [INFO] Argument:335 - Argument : XferM1CpltCallbackvalue: null
2026-03-29 21:38:26,339 [INFO] Argument:325 - Argument : XferErrorCallbackvalue: null
2026-03-29 21:38:26,339 [INFO] Argument:335 - Argument : XferErrorCallbackvalue: null
2026-03-29 21:38:26,339 [INFO] Argument:325 - Argument : ErrorCodevalue: null
2026-03-29 21:38:26,339 [INFO] Argument:335 - Argument : ErrorCodevalue: null
2026-03-29 21:38:26,369 [WARN] IP:2250 - DEVICE_SERIAL0_CDC_FS not found: check if there is a RefParameter without a condition.
2026-03-29 21:38:26,369 [WARN] IP:2250 - DEVICE_SERIAL1_CDC_FS not found: check if there is a RefParameter without a condition.
2026-03-29 21:38:26,369 [WARN] IP:2250 - DEVICE_SERIAL2_CDC_FS not found: check if there is a RefParameter without a condition.
2026-03-29 21:38:26,425 [INFO] CodeEngine:265 - oldGeneratedFile, /home/kamil/STM32CubeIDE/workspace_1.19.0/PCB_STM/MXTmpFiles/license.tmp_save
2026-03-29 21:38:26,547 [INFO] CodeEngine:289 - Generated code: /home/kamil/STM32CubeIDE/workspace_1.19.0/PCB_STM/MXTmpFiles/license.tmp
2026-03-29 21:38:26,580 [INFO] CodeEngine:265 - oldGeneratedFile, /home/kamil/STM32CubeIDE/workspace_1.19.0/PCB_STM/MXTmpFiles/gpio.tmp_save
2026-03-29 21:38:26,656 [INFO] CodeEngine:289 - Generated code: /home/kamil/STM32CubeIDE/workspace_1.19.0/PCB_STM/MXTmpFiles/gpio.tmp
2026-03-29 21:38:26,675 [WARN] IPConfigManager:3238 - Warning: the RefConfig PWREx_EnableUSBVoltageDetector is not available in your config.xml file
2026-03-29 21:38:26,678 [INFO] CodeEngine:265 - oldGeneratedFile, /home/kamil/STM32CubeIDE/workspace_1.19.0/PCB_STM/MXTmpFiles/usb_otg_fs_vars.tmp_save
2026-03-29 21:38:26,746 [INFO] CodeEngine:289 - Generated code: /home/kamil/STM32CubeIDE/workspace_1.19.0/PCB_STM/MXTmpFiles/usb_otg_fs_vars.tmp
2026-03-29 21:38:26,747 [INFO] CodeEngine:265 - oldGeneratedFile, /home/kamil/STM32CubeIDE/workspace_1.19.0/PCB_STM/MXTmpFiles/usb_otg_fs_inc.tmp_save
2026-03-29 21:38:26,811 [INFO] CodeEngine:289 - Generated code: /home/kamil/STM32CubeIDE/workspace_1.19.0/PCB_STM/MXTmpFiles/usb_otg_fs_inc.tmp
2026-03-29 21:38:26,812 [INFO] CodeEngine:265 - oldGeneratedFile, /home/kamil/STM32CubeIDE/workspace_1.19.0/PCB_STM/MXTmpFiles/usb_otg_fs_HalInit.tmp_save
2026-03-29 21:38:26,887 [INFO] CodeEngine:289 - Generated code: /home/kamil/STM32CubeIDE/workspace_1.19.0/PCB_STM/MXTmpFiles/usb_otg_fs_HalInit.tmp
2026-03-29 21:38:26,888 [INFO] CodeEngine:265 - oldGeneratedFile, /home/kamil/STM32CubeIDE/workspace_1.19.0/PCB_STM/MXTmpFiles/usb_otg_fs_Msp.tmp_save
2026-03-29 21:38:26,964 [INFO] CodeEngine:289 - Generated code: /home/kamil/STM32CubeIDE/workspace_1.19.0/PCB_STM/MXTmpFiles/usb_otg_fs_Msp.tmp
2026-03-29 21:38:27,188 [INFO] Middleware:1452 - No code input for Bsp Dependency
2026-03-29 21:38:27,194 [INFO] CodeEngine:265 - oldGeneratedFile, /home/kamil/STM32CubeIDE/workspace_1.19.0/PCB_STM/MXTmpFiles/dma.tmp_save
2026-03-29 21:38:27,254 [INFO] CodeEngine:289 - Generated code: /home/kamil/STM32CubeIDE/workspace_1.19.0/PCB_STM/MXTmpFiles/dma.tmp
2026-03-29 21:38:27,255 [INFO] CodeEngine:265 - oldGeneratedFile, /home/kamil/STM32CubeIDE/workspace_1.19.0/PCB_STM/MXTmpFiles/dma_GV.tmp_save
2026-03-29 21:38:27,301 [INFO] CodeEngine:289 - Generated code: /home/kamil/STM32CubeIDE/workspace_1.19.0/PCB_STM/MXTmpFiles/dma_GV.tmp
2026-03-29 21:38:27,316 [INFO] Middleware:1452 - No code input for Bsp Dependency
2026-03-29 21:38:27,318 [INFO] CodeEngine:265 - oldGeneratedFile, /home/kamil/STM32CubeIDE/workspace_1.19.0/PCB_STM/USB_DEVICE/App/usb_device.c_save
2026-03-29 21:38:27,368 [INFO] CodeEngine:289 - Generated code: /home/kamil/STM32CubeIDE/workspace_1.19.0/PCB_STM/USB_DEVICE/App/usb_device.c
2026-03-29 21:38:27,370 [INFO] CodeEngine:265 - oldGeneratedFile, /home/kamil/STM32CubeIDE/workspace_1.19.0/PCB_STM/USB_DEVICE/App/usb_device.h_save
2026-03-29 21:38:27,413 [INFO] CodeEngine:289 - Generated code: /home/kamil/STM32CubeIDE/workspace_1.19.0/PCB_STM/USB_DEVICE/App/usb_device.h
2026-03-29 21:38:27,414 [INFO] CodeEngine:265 - oldGeneratedFile, /home/kamil/STM32CubeIDE/workspace_1.19.0/PCB_STM/USB_DEVICE/Target/usbd_conf.h_save
2026-03-29 21:38:27,449 [INFO] CodeEngine:289 - Generated code: /home/kamil/STM32CubeIDE/workspace_1.19.0/PCB_STM/USB_DEVICE/Target/usbd_conf.h
2026-03-29 21:38:27,450 [INFO] CodeEngine:265 - oldGeneratedFile, /home/kamil/STM32CubeIDE/workspace_1.19.0/PCB_STM/USB_DEVICE/Target/usbd_conf.c_save
2026-03-29 21:38:27,489 [INFO] CodeEngine:289 - Generated code: /home/kamil/STM32CubeIDE/workspace_1.19.0/PCB_STM/USB_DEVICE/Target/usbd_conf.c
2026-03-29 21:38:27,490 [INFO] CodeEngine:265 - oldGeneratedFile, /home/kamil/STM32CubeIDE/workspace_1.19.0/PCB_STM/USB_DEVICE/App/usbd_desc.h_save
2026-03-29 21:38:27,535 [INFO] CodeEngine:289 - Generated code: /home/kamil/STM32CubeIDE/workspace_1.19.0/PCB_STM/USB_DEVICE/App/usbd_desc.h
2026-03-29 21:38:27,535 [INFO] CodeEngine:265 - oldGeneratedFile, /home/kamil/STM32CubeIDE/workspace_1.19.0/PCB_STM/USB_DEVICE/App/usbd_desc.c_save
2026-03-29 21:38:27,573 [INFO] CodeEngine:289 - Generated code: /home/kamil/STM32CubeIDE/workspace_1.19.0/PCB_STM/USB_DEVICE/App/usbd_desc.c
2026-03-29 21:38:27,574 [INFO] CodeEngine:265 - oldGeneratedFile, /home/kamil/STM32CubeIDE/workspace_1.19.0/PCB_STM/USB_DEVICE/App/usbd_cdc_if.h_save
2026-03-29 21:38:27,607 [INFO] CodeEngine:289 - Generated code: /home/kamil/STM32CubeIDE/workspace_1.19.0/PCB_STM/USB_DEVICE/App/usbd_cdc_if.h
2026-03-29 21:38:27,608 [INFO] CodeEngine:265 - oldGeneratedFile, /home/kamil/STM32CubeIDE/workspace_1.19.0/PCB_STM/USB_DEVICE/App/usbd_cdc_if.c_save
2026-03-29 21:38:27,657 [INFO] CodeEngine:289 - Generated code: /home/kamil/STM32CubeIDE/workspace_1.19.0/PCB_STM/USB_DEVICE/App/usbd_cdc_if.c
2026-03-29 21:38:27,664 [INFO] CodeEngine:265 - oldGeneratedFile, /home/kamil/STM32CubeIDE/workspace_1.19.0/PCB_STM/Core/Src/stm32f4xx_it.c_save
2026-03-29 21:38:27,717 [INFO] CodeEngine:289 - Generated code: /home/kamil/STM32CubeIDE/workspace_1.19.0/PCB_STM/Core/Src/stm32f4xx_it.c
2026-03-29 21:38:27,718 [INFO] CodeEngine:265 - oldGeneratedFile, /home/kamil/STM32CubeIDE/workspace_1.19.0/PCB_STM/Core/Inc/stm32f4xx_it.h_save
2026-03-29 21:38:27,755 [INFO] CodeEngine:289 - Generated code: /home/kamil/STM32CubeIDE/workspace_1.19.0/PCB_STM/Core/Inc/stm32f4xx_it.h
2026-03-29 21:38:27,761 [INFO] CodeEngine:265 - oldGeneratedFile, /home/kamil/STM32CubeIDE/workspace_1.19.0/PCB_STM/Core/Src/stm32f4xx_hal_msp.c_save
2026-03-29 21:38:27,815 [INFO] CodeEngine:289 - Generated code: /home/kamil/STM32CubeIDE/workspace_1.19.0/PCB_STM/Core/Src/stm32f4xx_hal_msp.c
2026-03-29 21:38:27,816 [INFO] CodeEngine:265 - oldGeneratedFile, /home/kamil/STM32CubeIDE/workspace_1.19.0/PCB_STM/MXTmpFiles/system.tmp_save
2026-03-29 21:38:27,850 [INFO] CodeEngine:289 - Generated code: /home/kamil/STM32CubeIDE/workspace_1.19.0/PCB_STM/MXTmpFiles/system.tmp
2026-03-29 21:38:27,851 [INFO] CodeEngine:265 - oldGeneratedFile, /home/kamil/STM32CubeIDE/workspace_1.19.0/PCB_STM/Core/Inc/stm32_assert.h_save
2026-03-29 21:38:27,885 [INFO] CodeEngine:289 - Generated code: /home/kamil/STM32CubeIDE/workspace_1.19.0/PCB_STM/Core/Inc/stm32_assert.h
2026-03-29 21:38:27,887 [INFO] CodeEngine:321 - oldGeneratedFile, /home/kamil/STM32CubeIDE/workspace_1.19.0/PCB_STM/Core/Inc/stm32f4xx_hal_conf.h_save
2026-03-29 21:38:27,926 [INFO] CodeEngine:345 - Generated code: /home/kamil/STM32CubeIDE/workspace_1.19.0/PCB_STM/Core/Inc/stm32f4xx_hal_conf.h
2026-03-29 21:38:27,951 [WARN] IPConfigManager:3238 - Warning: the RefConfig PLL2P_FOR_MCO is not available in your config.xml file
2026-03-29 21:38:27,955 [INFO] ApiDbMcu:532 - Load IP Config File for CAN1
2026-03-29 21:38:27,957 [INFO] ApiDbMcu:532 - Load IP Config File for I2C3
2026-03-29 21:38:27,961 [INFO] ApiDbMcu:532 - Load IP Config File for TIM6
2026-03-29 21:38:27,968 [INFO] ApiDbMcu:532 - Load IP Config File for TIM7
2026-03-29 21:38:27,973 [INFO] ApiDbMcu:532 - Load IP Config File for TIM10
2026-03-29 21:38:27,975 [INFO] ApiDbMcu:532 - Load IP Config File for USART2
2026-03-29 21:38:27,977 [INFO] ApiDbMcu:532 - Load IP Config File for RCC
2026-03-29 21:38:27,978 [WARN] IPConfigManager:3811 - IP not found : TIM
2026-03-29 21:38:27,978 [WARN] CodeGenerator:4259 - IP not found : null
2026-03-29 21:38:27,980 [INFO] CodeEngine:265 - oldGeneratedFile, /home/kamil/STM32CubeIDE/workspace_1.19.0/PCB_STM/Core/Inc/main.h_save
2026-03-29 21:38:28,029 [INFO] CodeEngine:289 - Generated code: /home/kamil/STM32CubeIDE/workspace_1.19.0/PCB_STM/Core/Inc/main.h
2026-03-29 21:38:28,030 [INFO] CodeEngine:265 - oldGeneratedFile, /home/kamil/STM32CubeIDE/workspace_1.19.0/PCB_STM/Core/Src/main.c_save
2026-03-29 21:38:28,098 [INFO] CodeEngine:289 - Generated code: /home/kamil/STM32CubeIDE/workspace_1.19.0/PCB_STM/Core/Src/main.c
2026-03-29 21:38:28,304 [INFO] ProjectBuilder:3606 - Time for Copy HAL[1] : 31mS.
2026-03-29 21:38:28,306 [INFO] ProjectBuilder:5216 - Project Generator version: 4.7.0-B52
2026-03-29 21:38:28,362 [INFO] ConfigFileManager:1595 - The Die is : DIE421
2026-03-29 21:38:28,364 [INFO] ApiDbMcu:532 - Load IP Config File for FATFS
2026-03-29 21:38:28,365 [INFO] ApiDbMcu:532 - Load IP Config File for FREERTOS
2026-03-29 21:38:28,366 [INFO] ApiDbMcu:532 - Load IP Config File for LIBJPEG
2026-03-29 21:38:28,368 [INFO] ApiDbMcu:532 - Load IP Config File for MBEDTLS
2026-03-29 21:38:28,369 [INFO] ApiDbMcu:532 - Load IP Config File for USB_HOST
2026-03-29 21:38:28,889 [INFO] ProjectBuilder:5496 - Time for Generating toolchain IDE Files: 582mS.
2026-03-29 21:38:28,889 [INFO] ProjectBuilder:3463 - Time for Copy CMSIS : 0mS.
2026-03-29 21:38:28,890 [INFO] ProjectBuilder:3463 - Time for Copy CMSIS : 0mS.
2026-03-29 21:41:12,983 [WARN] IP:2250 - DEVICE_SERIAL0_CDC_FS not found: check if there is a RefParameter without a condition.
2026-03-29 21:41:12,984 [WARN] IP:2250 - DEVICE_SERIAL1_CDC_FS not found: check if there is a RefParameter without a condition.
2026-03-29 21:41:12,984 [WARN] IP:2250 - DEVICE_SERIAL2_CDC_FS not found: check if there is a RefParameter without a condition.
2026-03-29 21:41:12,984 [WARN] IP:2250 - DEVICE_SERIAL0_CDC_FS not found: check if there is a RefParameter without a condition.
2026-03-29 21:41:12,984 [WARN] IP:2250 - DEVICE_SERIAL1_CDC_FS not found: check if there is a RefParameter without a condition.
2026-03-29 21:41:12,984 [WARN] IP:2250 - DEVICE_SERIAL2_CDC_FS not found: check if there is a RefParameter without a condition.
2026-03-29 21:41:13,005 [WARN] IP:2250 - I2C_Coeff_DF not found: check if there is a RefParameter without a condition.
2026-03-29 21:41:13,005 [WARN] IP:2250 - Analog_Filter not found: check if there is a RefParameter without a condition.
2026-03-29 21:41:13,005 [WARN] IP:2250 - I2C_Coeff_DF not found: check if there is a RefParameter without a condition.
2026-03-29 21:41:13,005 [WARN] IP:2250 - Analog_Filter not found: check if there is a RefParameter without a condition.
2026-03-29 21:57:23,473 [INFO] MainUpdater:2872 - connection check result : 10
2026-03-29 21:57:23,474 [INFO] MainUpdater:2872 - connection check result : 10
2026-03-29 21:57:23,520 [INFO] MicroXplorer:468 - Change Database Path : 
2026-03-29 21:57:23,520 [INFO] MicroXplorer:498 - Change Database Version : DB.6.0.150
2026-03-29 21:57:23,549 [ERROR] ProjectManagerView:395 - 
java.lang.NullPointerException: Cannot invoke "javax.swing.JTextField.getText()" because the return value of "java.util.List.get(int)" is null
	at com.st.microxplorer.plugins.projectmanager.gui.ProjectChoiceTab$9.caretUpdate(ProjectChoiceTab.java:2706) ~[filemanager.jar:?]
	at javax.swing.text.JTextComponent.fireCaretUpdate(JTextComponent.java:408) ~[?:?]
	at javax.swing.text.JTextComponent$MutableCaretEvent.fire(JTextComponent.java:4484) ~[?:?]
	at javax.swing.text.JTextComponent$MutableCaretEvent.stateChanged(JTextComponent.java:4506) ~[?:?]
	at javax.swing.text.DefaultCaret.fireStateChanged(DefaultCaret.java:857) ~[?:?]
	at javax.swing.text.DefaultCaret.changeCaretPosition(DefaultCaret.java:1343) ~[?:?]
	at javax.swing.text.DefaultCaret.handleSetDot(DefaultCaret.java:1242) ~[?:?]
	at javax.swing.text.DefaultCaret.setDot(DefaultCaret.java:1223) ~[?:?]
	at javax.swing.text.DefaultCaret$Handler.insertUpdate(DefaultCaret.java:1819) ~[?:?]
	at javax.swing.text.AbstractDocument.fireInsertUpdate(AbstractDocument.java:227) ~[?:?]
	at javax.swing.text.AbstractDocument.handleInsertString(AbstractDocument.java:781) ~[?:?]
	at javax.swing.text.AbstractDocument.insertString(AbstractDocument.java:740) ~[?:?]
	at javax.swing.text.PlainDocument.insertString(PlainDocument.java:131) ~[?:?]
	at javax.swing.text.AbstractDocument.replace(AbstractDocument.java:699) ~[?:?]
	at javax.swing.text.JTextComponent.setText(JTextComponent.java:1725) ~[?:?]
	at com.st.microxplorer.plugins.projectmanager.gui.ProjectChoiceTab.createHeapStackFields(ProjectChoiceTab.java:993) ~[filemanager.jar:?]
	at com.st.microxplorer.plugins.projectmanager.gui.ProjectChoiceTab.buildLinkSettingsPanel(ProjectChoiceTab.java:3813) ~[filemanager.jar:?]
	at com.st.microxplorer.plugins.projectmanager.gui.ProjectChoiceTab.defineWindowsFields(ProjectChoiceTab.java:1987) ~[filemanager.jar:?]
	at com.st.microxplorer.plugins.projectmanager.gui.ProjectChoiceTab.updateSettings(ProjectChoiceTab.java:558) ~[filemanager.jar:?]
	at com.st.microxplorer.plugins.projectmanager.gui.ProjectSettingsPanel.UpdateDialog(ProjectSettingsPanel.java:247) ~[filemanager.jar:?]
	at com.st.microxplorer.plugins.projectmanager.ProjectManagerView.propertyChange(ProjectManagerView.java:392) ~[filemanager.jar:?]
	at java.beans.PropertyChangeSupport.fire(PropertyChangeSupport.java:343) ~[?:?]
	at java.beans.PropertyChangeSupport.firePropertyChange(PropertyChangeSupport.java:335) ~[?:?]
	at java.beans.PropertyChangeSupport.firePropertyChange(PropertyChangeSupport.java:268) ~[?:?]
	at com.st.microxplorer.util.MXPropertyChangeSupport.firePropertyChange(MXPropertyChangeSupport.java:54) ~[STM32CubeMX.jar:?]
	at com.st.microxplorer.mxsystem.MxSystem.closeConfig(MxSystem.java:899) ~[STM32CubeMX.jar:?]
	at com.st.microxplorer.maingui.MainPanel.closeConfig(MainPanel.java:792) ~[STM32CubeMX.jar:?]
	at com.st.microxplorer.plugins.filemanager.engine.OpenFileManager.loadConfigurationFile(OpenFileManager.java:288) ~[filemanager.jar:?]
	at com.st.microxplorer.plugins.filemanager.engine.MainFileManager.userLoadConfig(MainFileManager.java:364) ~[filemanager.jar:?]
	at com.st.microxplorer.plugins.filemanager.engine.MainFileManager.userLoadConfig(MainFileManager.java:342) ~[filemanager.jar:?]
	at com.st.microxplorer.plugins.filemanager.FileManagerView.getSpecificTask(FileManagerView.java:264) ~[filemanager.jar:?]
	at com.st.stm32cube.common.mx.editor.CubeMxEditor.getMxTabbedPaneInstance(CubeMxEditor.java:1198) ~[com.st.stm32cube.common.mx_6.15.0.202507011659/:?]
	at com.st.stm32cube.common.mx.editor.CubeMxEditor$12$1.createSwingComponent(CubeMxEditor.java:1068) ~[com.st.stm32cube.common.mx_6.15.0.202507011659/:?]
	at com.st.stm32cube.common.mx.oss.core.awtswtbridge.EmbeddedSwingComposite.doComponentCreation(EmbeddedSwingComposite.java:492) ~[com.st.stm32cube.common.mx.oss_6.15.0.202507011659/:?]
	at com.st.stm32cube.common.mx.oss.core.awtswtbridge.EmbeddedSwingComposite$4.run(EmbeddedSwingComposite.java:291) ~[com.st.stm32cube.common.mx.oss_6.15.0.202507011659/:?]
	at com.st.stm32cube.common.mx.oss.core.awtswtbridge.AwtEnvironment$2.run(AwtEnvironment.java:166) ~[com.st.stm32cube.common.mx.oss_6.15.0.202507011659/:?]
	at java.awt.event.InvocationEvent.dispatch(InvocationEvent.java:318) ~[?:?]
	at java.awt.EventQueue.dispatchEventImpl(EventQueue.java:773) ~[?:?]
	at java.awt.EventQueue$4.run(EventQueue.java:720) ~[?:?]
	at java.awt.EventQueue$4.run(EventQueue.java:714) ~[?:?]
	at java.security.AccessController.doPrivileged(AccessController.java:400) ~[?:?]
	at java.security.ProtectionDomain$JavaSecurityAccessImpl.doIntersectionPrivilege(ProtectionDomain.java:87) ~[?:?]
	at java.awt.EventQueue.dispatchEvent(EventQueue.java:742) ~[?:?]
	at java.awt.EventDispatchThread.pumpOneEventForFilters(EventDispatchThread.java:203) ~[?:?]
	at java.awt.EventDispatchThread.pumpEventsForFilter(EventDispatchThread.java:124) ~[?:?]
	at java.awt.EventDispatchThread.pumpEventsForHierarchy(EventDispatchThread.java:113) ~[?:?]
	at java.awt.EventDispatchThread.pumpEvents(EventDispatchThread.java:109) ~[?:?]
	at java.awt.EventDispatchThread.pumpEvents(EventDispatchThread.java:101) ~[?:?]
	at java.awt.EventDispatchThread.run(EventDispatchThread.java:90) ~[?:?]
2026-03-29 21:57:23,550 [WARN] ThirdParty:871 - waiting for thirdparty lock release [close project]
2026-03-29 21:57:23,551 [INFO] ThirdParty:873 - entering critical section [close project]
2026-03-29 21:57:23,551 [INFO] ThirdParty:883 - exiting critical section [close project]
2026-03-29 21:57:23,554 [INFO] PinOutPanel:1589 - setPackage(No Configuration,No Configuration)
2026-03-29 21:57:23,565 [WARN] IpParametersView:155 - Warning: This peripheral hasn't parameters
2026-03-29 21:57:23,576 [WARN] MainPanel:289 - <html><b><center>Warning: This peripheral has no parameters to be configured<br></b></html>
2026-03-29 21:57:23,582 [INFO] UtilMem:75 - Begin LoadConfig() Used Memory: 665032192 Bytes (764411904)
2026-03-29 21:57:23,582 [INFO] MicroXplorer:468 - Change Database Path : 
2026-03-29 21:57:23,582 [INFO] MicroXplorer:498 - Change Database Version : DB.6.0.150
2026-03-29 21:57:23,582 [INFO] OpenFileManager:355 - Change cursor
2026-03-29 21:57:23,609 [INFO] RulesReader:64 - Compatibility file has been processed (317 Rules)
2026-03-29 21:57:23,614 [INFO] Mcu:2029 - Initializing MCU STM32F446R(C-E)Tx STM32F446RETx STM32F446RET6
2026-03-29 21:57:24,476 [INFO] Context:786 - Trying to add GPIOservice into a context  which must be forbidden
2026-03-29 21:57:24,931 [INFO] ImportTextPane:234 - (OptionalMessage_ERROR) Pin18 (VP_RIF_VS_RIF1) cannot be retrieved for this MCU
2026-03-29 21:57:25,087 [INFO] RtosManager:558 - Registered RTOS mode: class=CMSIS, group=RTOS, mode=CMSIS_V1, owner=FREERTOS
2026-03-29 21:57:25,088 [INFO] RtosManager:558 - Registered RTOS mode: class=CMSIS, group=RTOS2, mode=CMSIS_V2, owner=FREERTOS
2026-03-29 21:57:25,088 [INFO] RtosManager:558 - Registered RTOS mode: class=RTOS, group=Core, mode=CMSIS_V1, owner=FREERTOS
2026-03-29 21:57:25,088 [INFO] RtosManager:558 - Registered RTOS mode: class=RTOS, group=Core, mode=CMSIS_V2, owner=FREERTOS
2026-03-29 21:57:25,088 [WARN] ModelIntegratedComponent:184 - Missing modes for component STMicroelectronics:FreeRTOS:0.0.1:STMicroelectronics:RTOS:FreeRTOS:Core:::10.2.0:
2026-03-29 21:57:25,099 [WARN] ModelIntegratedComponent:63 - No mode defined for component null
2026-03-29 21:57:25,099 [WARN] ModelIntegratedComponent:63 - No mode defined for component null
2026-03-29 21:57:25,100 [WARN] ModelIntegratedComponent:63 - No mode defined for component null
2026-03-29 21:57:25,100 [WARN] ModelIntegratedComponent:63 - No mode defined for component null
2026-03-29 21:57:25,100 [WARN] ModelIntegratedComponent:63 - No mode defined for component null
2026-03-29 21:57:25,100 [WARN] ModelIntegratedComponent:63 - No mode defined for component null
2026-03-29 21:57:25,100 [WARN] ModelIntegratedComponent:63 - No mode defined for component null
2026-03-29 21:57:25,100 [WARN] ModelIntegratedComponent:63 - No mode defined for component null
2026-03-29 21:57:25,100 [WARN] ModelIntegratedComponent:63 - No mode defined for component null
2026-03-29 21:57:25,100 [WARN] ModelIntegratedComponent:63 - No mode defined for component null
2026-03-29 21:57:25,100 [WARN] ModelIntegratedComponent:63 - No mode defined for component null
2026-03-29 21:57:25,100 [WARN] ModelIntegratedComponent:63 - No mode defined for component null
2026-03-29 21:57:25,100 [WARN] ModelIntegratedComponent:63 - No mode defined for component null
2026-03-29 21:57:25,100 [WARN] ModelIntegratedComponent:63 - No mode defined for component null
2026-03-29 21:57:25,100 [WARN] ModelIntegratedComponent:63 - No mode defined for component null
2026-03-29 21:57:25,100 [WARN] ModelIntegratedComponent:63 - No mode defined for component null
2026-03-29 21:57:25,100 [WARN] ModelIntegratedComponent:63 - No mode defined for component null
2026-03-29 21:57:25,100 [WARN] ModelIntegratedComponent:63 - No mode defined for component null
2026-03-29 21:57:25,100 [WARN] ModelIntegratedComponent:63 - No mode defined for component null
2026-03-29 21:57:25,101 [WARN] ModelIntegratedComponent:63 - No mode defined for component null
2026-03-29 21:57:25,101 [WARN] ModelIntegratedComponent:63 - No mode defined for component null
2026-03-29 21:57:25,101 [WARN] ModelIntegratedComponent:63 - No mode defined for component null
2026-03-29 21:57:25,101 [WARN] ModelIntegratedComponent:63 - No mode defined for component null
2026-03-29 21:57:25,101 [WARN] ModelIntegratedComponent:63 - No mode defined for component null
2026-03-29 21:57:25,101 [WARN] ModelIntegratedComponent:63 - No mode defined for component null
2026-03-29 21:57:25,101 [WARN] ModelIntegratedComponent:63 - No mode defined for component null
2026-03-29 21:57:25,101 [WARN] ModelIntegratedComponent:63 - No mode defined for component null
2026-03-29 21:57:25,101 [WARN] ModelIntegratedComponent:63 - No mode defined for component null
2026-03-29 21:57:25,101 [WARN] ModelIntegratedComponent:63 - No mode defined for component null
2026-03-29 21:57:25,101 [WARN] ModelIntegratedComponent:63 - No mode defined for component null
2026-03-29 21:57:25,101 [WARN] ModelIntegratedComponent:63 - No mode defined for component null
2026-03-29 21:57:25,101 [WARN] ModelIntegratedComponent:63 - No mode defined for component null
2026-03-29 21:57:25,101 [WARN] ModelIntegratedComponent:63 - No mode defined for component null
2026-03-29 21:57:25,101 [WARN] ModelIntegratedComponent:63 - No mode defined for component null
2026-03-29 21:57:25,101 [WARN] ModelIntegratedComponent:63 - No mode defined for component null
2026-03-29 21:57:25,101 [WARN] ModelPack:524 - Component already loaded: STMicroelectronics:HAL Drivers:0.0.0:STMicroelectronics:Device:STMicro_Driver:XSPI:HAL::0.0.1:HAL_XSPI
2026-03-29 21:57:25,258 [INFO] ThirdPartyModel:298 - Start build external matchings
2026-03-29 21:57:25,604 [INFO] ThirdPartyModel:316 - End build external matchings
2026-03-29 21:57:25,620 [INFO] ImportTextPane:234 - (OptionalMessage_ERROR) IP (DMA) : Parameter (Instance) has Id (I2C3_RX) currently not set
2026-03-29 21:57:25,620 [INFO] ImportTextPane:234 - (OptionalMessage_ERROR) IP (DMA) : Parameter (Channel) has Id (I2C3_RX) currently not set
2026-03-29 21:57:25,621 [INFO] ImportTextPane:234 - (OptionalMessage_ERROR) IP (DMA) : Parameter (Direction) has Id (I2C3_RX) currently not set
2026-03-29 21:57:25,621 [INFO] ImportTextPane:234 - (OptionalMessage_ERROR) IP (DMA) : Parameter (PeriphInc) has Id (I2C3_RX) currently not set
2026-03-29 21:57:25,621 [INFO] ImportTextPane:234 - (OptionalMessage_ERROR) IP (DMA) : Parameter (MemInc) has Id (I2C3_RX) currently not set
2026-03-29 21:57:25,621 [INFO] ImportTextPane:234 - (OptionalMessage_ERROR) IP (DMA) : Parameter (PeriphDataAlignment) has Id (I2C3_RX) currently not set
2026-03-29 21:57:25,621 [INFO] ImportTextPane:234 - (OptionalMessage_ERROR) IP (DMA) : Parameter (MemDataAlignment) has Id (I2C3_RX) currently not set
2026-03-29 21:57:25,621 [INFO] ImportTextPane:234 - (OptionalMessage_ERROR) IP (DMA) : Parameter (Mode) has Id (I2C3_RX) currently not set
2026-03-29 21:57:25,621 [INFO] ImportTextPane:234 - (OptionalMessage_ERROR) IP (DMA) : Parameter (Priority) has Id (I2C3_RX) currently not set
2026-03-29 21:57:25,621 [INFO] ImportTextPane:234 - (OptionalMessage_ERROR) IP (DMA) : Parameter (FIFOMode) has Id (I2C3_RX) currently not set
2026-03-29 21:57:25,622 [WARN] IP:2250 - I2C_Coeff_DF not found: check if there is a RefParameter without a condition.
2026-03-29 21:57:25,622 [WARN] IP:2250 - Analog_Filter not found: check if there is a RefParameter without a condition.
2026-03-29 21:57:25,622 [INFO] ImportTextPane:234 - (OptionalMessage_ERROR) IP (RCC) : Invalid parameter (FamilyName)
2026-03-29 21:57:25,622 [INFO] ImportTextPane:234 - (OptionalMessage_ERROR) IP (RCC) : Parameter (MCO2PinFreq_Value) has invalid value (168000000)
2026-03-29 21:57:25,625 [WARN] IP:2250 - DEVICE_SERIAL0_CDC_FS not found: check if there is a RefParameter without a condition.
2026-03-29 21:57:25,626 [WARN] IP:2250 - DEVICE_SERIAL1_CDC_FS not found: check if there is a RefParameter without a condition.
2026-03-29 21:57:25,626 [WARN] IP:2250 - DEVICE_SERIAL2_CDC_FS not found: check if there is a RefParameter without a condition.
2026-03-29 21:57:25,816 [INFO] UtilMem:75 - End LoadConfig() Used Memory: 457750976 Bytes (765460480)
2026-03-29 21:57:25,826 [WARN] ThirdParty:833 - waiting for thirdparty lock release [change project]
2026-03-29 21:57:25,826 [INFO] ThirdParty:835 - entering critical section [change project]
2026-03-29 21:57:25,826 [INFO] ThirdParty:1030 - CMSIS Pack Vendor :STMicroelectronics X-CUBE-AZRTOS-H7 3.5.0
2026-03-29 21:57:25,826 [INFO] ThirdParty:1030 - CMSIS Pack Vendor :STMicroelectronics X-CUBE-PM33A1 1.0.0
2026-03-29 21:57:25,826 [INFO] ThirdParty:1030 - CMSIS Pack Vendor :STMicroelectronics USBPD 4.1
2026-03-29 21:57:25,826 [INFO] ThirdParty:1030 - CMSIS Pack Vendor :STMicroelectronics X-CUBE-NFC9 1.0.0
2026-03-29 21:57:25,826 [INFO] ThirdParty:1030 - CMSIS Pack Vendor :STMicroelectronics USB_HOST 2.0.0
2026-03-29 21:57:25,826 [INFO] ThirdParty:1030 - CMSIS Pack Vendor :STMicroelectronics FP-SNS-MOTENVWB1 1.4.0
2026-03-29 21:57:25,826 [INFO] ThirdParty:1030 - CMSIS Pack Vendor :STMicroelectronics X-CUBE-AZRTOS-F4 1.1.0
2026-03-29 21:57:25,826 [INFO] ThirdParty:1030 - CMSIS Pack Vendor :STMicroelectronics LIBJPEG 8.0.0
2026-03-29 21:57:25,826 [INFO] ThirdParty:1030 - CMSIS Pack Vendor :STMicroelectronics FP-ATR-ASTRA1 2.0.2
2026-03-29 21:57:25,826 [INFO] ThirdParty:1030 - CMSIS Pack Vendor :wolfSSL I-CUBE-wolfSSL 5.8.2
2026-03-29 21:57:25,826 [INFO] ThirdParty:1030 - CMSIS Pack Vendor :STMicroelectronics X-CUBE-BLE1 7.1.0
2026-03-29 21:57:25,826 [INFO] ThirdParty:1030 - CMSIS Pack Vendor :STMicroelectronics X-CUBE-SMBUS 2.1.0
2026-03-29 21:57:25,826 [INFO] ThirdParty:1030 - CMSIS Pack Vendor :wolfSSL I-CUBE-wolfMQTT 1.19.2
2026-03-29 21:57:25,826 [INFO] ThirdParty:1030 - CMSIS Pack Vendor :STMicroelectronics USB_DEVICE 3.0.0
2026-03-29 21:57:25,827 [INFO] ThirdParty:1030 - CMSIS Pack Vendor :STMicroelectronics X-CUBE-ISPU 2.1.0
2026-03-29 21:57:25,827 [INFO] ThirdParty:1030 - CMSIS Pack Vendor :STMicroelectronics X-CUBE-FREERTOS 1.4.0
2026-03-29 21:57:25,827 [INFO] ThirdParty:1030 - CMSIS Pack Vendor :STMicroelectronics X-CUBE-EEPRMA1 5.2.0
2026-03-29 21:57:25,827 [INFO] ThirdParty:1030 - CMSIS Pack Vendor :STMicroelectronics X-CUBE-IPS 3.2.0
2026-03-29 21:57:25,827 [INFO] ThirdParty:1030 - CMSIS Pack Vendor :STMicroelectronics X-CUBE-BLEMGR 4.1.0
2026-03-29 21:57:25,827 [INFO] ThirdParty:1030 - CMSIS Pack Vendor :STMicroelectronics X-CUBE-AZRTOS-WB 2.0.0
2026-03-29 21:57:25,827 [INFO] ThirdParty:1030 - CMSIS Pack Vendor :STMicroelectronics X-CUBE-ST60 1.0.0
2026-03-29 21:57:25,827 [INFO] ThirdParty:1030 - CMSIS Pack Vendor :STMicroelectronics X-CUBE-GNSS1 7.0.1
2026-03-29 21:57:25,827 [INFO] ThirdParty:1030 - CMSIS Pack Vendor :STMicroelectronics X-CUBE-NFC12 1.0.0
2026-03-29 21:57:25,827 [INFO] ThirdParty:1030 - CMSIS Pack Vendor :STMicroelectronics X-CUBE-AZRTOS-F7 1.1.0
2026-03-29 21:57:25,827 [INFO] ThirdParty:1030 - CMSIS Pack Vendor :STMicroelectronics X-CUBE-AZRTOS-L5 2.0.0
2026-03-29 21:57:25,827 [INFO] ThirdParty:1030 - CMSIS Pack Vendor :STMicroelectronics USB_DEVICE 2.0.0
2026-03-29 21:57:25,827 [INFO] ThirdParty:1030 - CMSIS Pack Vendor :STMicroelectronics X-CUBE-NFC6 3.1.0
2026-03-29 21:57:25,827 [INFO] ThirdParty:1030 - CMSIS Pack Vendor :STMicroelectronics X-CUBE-ST67W61 1.1.0
2026-03-29 21:57:25,827 [INFO] ThirdParty:1030 - CMSIS Pack Vendor :Cesanta I-CUBE-Mongoose 7.19.0
2026-03-29 21:57:25,827 [INFO] ThirdParty:1030 - CMSIS Pack Vendor :quantropi X-CUBE-qispace-sdk-base 2.1.0
2026-03-29 21:57:25,827 [INFO] ThirdParty:1030 - CMSIS Pack Vendor :STMicroelectronics X-CUBE-MEMS1 12.0.0
2026-03-29 21:57:25,827 [INFO] ThirdParty:1030 - CMSIS Pack Vendor :STMicroelectronics X-CUBE-STSE01 2.0.0
2026-03-29 21:57:25,827 [INFO] ThirdParty:1030 - CMSIS Pack Vendor :STMicroelectronics FP-SNS-MOTENV1 5.1.0
2026-03-29 21:57:25,827 [INFO] ThirdParty:1030 - CMSIS Pack Vendor :STMicroelectronics FreeRTOS 0.0.1
2026-03-29 21:57:25,828 [INFO] ThirdParty:1030 - CMSIS Pack Vendor :STMicroelectronics X-CUBE-AZRTOS-G0 1.1.0
2026-03-29 21:57:25,828 [INFO] ThirdParty:1030 - CMSIS Pack Vendor :STMicroelectronics X-CUBE-SAFEA1 1.2.2
2026-03-29 21:57:25,828 [INFO] ThirdParty:1030 - CMSIS Pack Vendor :STMicroelectronics X-CUBE-NFC4 3.0.0
2026-03-29 21:57:25,828 [INFO] ThirdParty:1030 - CMSIS Pack Vendor :STMicroelectronics X-CUBE-SUBG2 5.0.0
2026-03-29 21:57:25,828 [INFO] ThirdParty:1030 - CMSIS Pack Vendor :STMicroelectronics X-CUBE-AZRTOS-H7RS 1.1.0
2026-03-29 21:57:25,828 [INFO] ThirdParty:1030 - CMSIS Pack Vendor :STMicroelectronics STM32_WPAN 1.0.0
2026-03-29 21:57:25,828 [INFO] ThirdParty:1030 - CMSIS Pack Vendor :EmbeddedOffice I-CUBE-FS-RTOS 1.0.1
2026-03-29 21:57:25,828 [INFO] ThirdParty:1030 - CMSIS Pack Vendor :STMicroelectronics lwIP 2.0.3
2026-03-29 21:57:25,828 [INFO] ThirdParty:1030 - CMSIS Pack Vendor :WES I-CUBE-Cesium 1.4.0
2026-03-29 21:57:25,828 [INFO] ThirdParty:1030 - CMSIS Pack Vendor :STMicroelectronics USB_HOST 1.0.0
2026-03-29 21:57:25,828 [INFO] ThirdParty:1030 - CMSIS Pack Vendor :Infineon AIROC-Wi-Fi-Bluetooth-STM32 1.7.1
2026-03-29 21:57:25,828 [INFO] ThirdParty:1030 - CMSIS Pack Vendor :STMicroelectronics X-CUBE-AZRTOS-G4 2.0.0
2026-03-29 21:57:25,828 [INFO] ThirdParty:1030 - CMSIS Pack Vendor :STMicroelectronics X-CUBE-WB05N 2.0.0
2026-03-29 21:57:25,828 [INFO] ThirdParty:1030 - CMSIS Pack Vendor :STMicroelectronics PDM2PCM 3.1.0
2026-03-29 21:57:25,828 [INFO] ThirdParty:1030 - CMSIS Pack Vendor :STMicroelectronics PDM2PCM 3.3.0
2026-03-29 21:57:25,828 [INFO] ThirdParty:1030 - CMSIS Pack Vendor :wolfSSL I-CUBE-wolfTPM 3.8.0
2026-03-29 21:57:25,828 [INFO] ThirdParty:1030 - CMSIS Pack Vendor :STMicroelectronics X-CUBE-AZRTOS-H7 3.4.0
2026-03-29 21:57:25,828 [INFO] ThirdParty:1030 - CMSIS Pack Vendor :STMicroelectronics X-CUBE-DISPLAY 3.0.0
2026-03-29 21:57:25,828 [INFO] ThirdParty:1030 - CMSIS Pack Vendor :wolfSSL I-CUBE-wolfSSH 1.4.20
2026-03-29 21:57:25,828 [INFO] ThirdParty:1030 - CMSIS Pack Vendor :STMicroelectronics X-CUBE-NFC7 2.0.0
2026-03-29 21:57:25,828 [INFO] ThirdParty:1030 - CMSIS Pack Vendor :STMicroelectronics FP-SNS-MOTENVWB1 1.5.0
2026-03-29 21:57:25,828 [INFO] ThirdParty:1030 - CMSIS Pack Vendor :STMicroelectronics X-CUBE-TCPP 4.2.0
2026-03-29 21:57:25,828 [INFO] ThirdParty:1030 - CMSIS Pack Vendor :RealThread X-CUBE-RT-Thread_Nano 4.1.1
2026-03-29 21:57:25,828 [INFO] ThirdParty:1030 - CMSIS Pack Vendor :STMicroelectronics FP-ATR-SIGFOX1 3.2.0
2026-03-29 21:57:25,828 [INFO] ThirdParty:1030 - CMSIS Pack Vendor :STMicroelectronics X-CUBE-NFC10 1.0.0
2026-03-29 21:57:25,828 [INFO] ThirdParty:1030 - CMSIS Pack Vendor :STMicroelectronics X-CUBE-FREERTOS 1.3.1
2026-03-29 21:57:25,828 [INFO] ThirdParty:1030 - CMSIS Pack Vendor :STMicroelectronics HAL Drivers 0.0.0
2026-03-29 21:57:25,828 [INFO] ThirdParty:1030 - CMSIS Pack Vendor :STMicroelectronics X-CUBE-FREERTOS 1.5.0
2026-03-29 21:57:25,828 [INFO] ThirdParty:1030 - CMSIS Pack Vendor :STMicroelectronics MBEDTLS 2.16.2
2026-03-29 21:57:25,828 [INFO] ThirdParty:1030 - CMSIS Pack Vendor :STMicroelectronics X-CUBE-ST60 1.1.0
2026-03-29 21:57:25,828 [INFO] ThirdParty:1030 - CMSIS Pack Vendor :STMicroelectronics X-CUBE-ALS 1.0.2
2026-03-29 21:57:25,828 [INFO] ThirdParty:1030 - CMSIS Pack Vendor :emotas I-CUBE-CANOPEN 1.3.0
2026-03-29 21:57:25,828 [INFO] ThirdParty:1030 - CMSIS Pack Vendor :STMicroelectronics MBEDTLS 2.14.1
2026-03-29 21:57:25,829 [INFO] ThirdParty:1030 - CMSIS Pack Vendor :STMicroelectronics X-CUBE-GNSS1 7.1.0
2026-03-29 21:57:25,829 [INFO] ThirdParty:1030 - CMSIS Pack Vendor :ITTIA_DB I-CUBE-ITTIADB 8.9.0
2026-03-29 21:57:25,829 [INFO] ThirdParty:1030 - CMSIS Pack Vendor :STMicroelectronics X-CUBE-TOUCHGFX 4.26.0
2026-03-29 21:57:25,829 [INFO] ThirdParty:1030 - CMSIS Pack Vendor :STMicroelectronics X-CUBE-STSE01 1.0.0
2026-03-29 21:57:25,829 [INFO] ThirdParty:1030 - CMSIS Pack Vendor :STMicroelectronics X-CUBE-TOUCHGFX 4.26.1
2026-03-29 21:57:25,829 [INFO] ThirdParty:1030 - CMSIS Pack Vendor :STMicroelectronics X-CUBE-NFC6 3.2.0
2026-03-29 21:57:25,829 [INFO] ThirdParty:1030 - CMSIS Pack Vendor :STMicroelectronics ThreadX 1.0.0
2026-03-29 21:57:25,829 [INFO] ThirdParty:1030 - CMSIS Pack Vendor :STMicroelectronics FP-SNS-SMARTAG2 1.2.0
2026-03-29 21:57:25,829 [INFO] ThirdParty:1030 - CMSIS Pack Vendor :STMicroelectronics FP-SNS-FLIGHT1 5.1.0
2026-03-29 21:57:25,829 [INFO] ThirdParty:1030 - CMSIS Pack Vendor :STMicroelectronics X-CUBE-AZRTOS-WL 2.0.0
2026-03-29 21:57:25,829 [INFO] ThirdParty:1030 - CMSIS Pack Vendor :SEGGER I-CUBE-embOS 1.3.1
2026-03-29 21:57:25,829 [INFO] ThirdParty:1030 - CMSIS Pack Vendor :STMicroelectronics X-CUBE-ALGOBUILD 1.4.0
2026-03-29 21:57:25,829 [INFO] ThirdParty:1030 - CMSIS Pack Vendor :STMicroelectronics X-CUBE-DPower 1.3.0
2026-03-29 21:57:25,829 [INFO] ThirdParty:1030 - CMSIS Pack Vendor :STMicroelectronics X-CUBE-MEMS1 11.3.0
2026-03-29 21:57:25,829 [INFO] ThirdParty:1030 - CMSIS Pack Vendor :STMicroelectronics FP-SNS-MOTENV1 5.0.0
2026-03-29 21:57:25,829 [INFO] ThirdParty:1030 - CMSIS Pack Vendor :STMicroelectronics USB_DEVICE 1.0.0
2026-03-29 21:57:25,829 [INFO] ThirdParty:1030 - CMSIS Pack Vendor :STMicroelectronics X-CUBE-AZRTOS-H7RS 1.2.0
2026-03-29 21:57:25,829 [INFO] ThirdParty:1030 - CMSIS Pack Vendor :STMicroelectronics X-CUBE-AZRTOS-L4 2.0.0
2026-03-29 21:57:25,829 [INFO] ThirdParty:1030 - CMSIS Pack Vendor :STMicroelectronics ThreadX 0.0.2
2026-03-29 21:57:25,829 [INFO] ThirdParty:1030 - CMSIS Pack Vendor :STMicroelectronics lwIP 2.1.2
2026-03-29 21:57:25,829 [INFO] ThirdParty:1030 - CMSIS Pack Vendor :STMicroelectronics X-CUBE-SFXS2LP1 4.0.0
2026-03-29 21:57:25,829 [INFO] ThirdParty:1030 - CMSIS Pack Vendor :STMicroelectronics X-CUBE-BLE2 3.3.0
2026-03-29 21:57:25,829 [INFO] ThirdParty:1030 - CMSIS Pack Vendor :Avnet-IOTCONNECT X-CUBE-iotc-st67-sdk 1.0.0
2026-03-29 21:57:25,829 [INFO] ThirdParty:1030 - CMSIS Pack Vendor :STMicroelectronics X-CUBE-TOF1 3.4.3
2026-03-29 21:57:25,829 [INFO] ThirdParty:1030 - CMSIS Pack Vendor :STMicroelectronics PDM2PCM 3.2.0
2026-03-29 21:57:25,830 [INFO] ThirdParty:1030 - CMSIS Pack Vendor :STMicroelectronics X-CUBE-ST67W61 1.2.0
2026-03-29 21:57:25,830 [INFO] ThirdParty:841 - exiting critical section [change project]
2026-03-29 21:57:26,259 [INFO] PinOutPanel:1589 - setPackage(No Configuration,No Configuration)
2026-03-29 21:57:26,259 [INFO] PinOutPanel:1589 - setPackage(STM32F446RETx,LQFP64)
2026-03-29 21:57:26,723 [INFO] UtilMem:75 - Before build in PCC Used Memory: 408863800 Bytes (765460480)
2026-03-29 21:57:27,031 [INFO] UtilMem:75 - After build in PCC Used Memory: 461292600 Bytes (765460480)
2026-03-29 21:57:27,039 [INFO] ApiDbMcu:532 - Load IP Config File for USB_DEVICE
2026-03-29 21:57:27,061 [INFO] IPUIPlugin:80 - create IPUIPlugin
2026-03-29 21:57:27,061 [INFO] IPUIPlugin:80 - create IPUIPlugin
2026-03-29 21:57:27,061 [INFO] IPUIPlugin:80 - create IPUIPlugin
2026-03-29 21:57:27,061 [INFO] IPUIPlugin:80 - create IPUIPlugin
2026-03-29 21:57:27,061 [INFO] IPUIPlugin:80 - create IPUIPlugin
2026-03-29 21:57:27,062 [INFO] IPUIPlugin:80 - create IPUIPlugin
2026-03-29 21:57:27,062 [INFO] IPUIPlugin:80 - create IPUIPlugin
2026-03-29 21:57:27,062 [INFO] IPUIPlugin:80 - create IPUIPlugin
2026-03-29 21:57:27,062 [INFO] IPUIPlugin:80 - create IPUIPlugin
2026-03-29 21:57:27,062 [INFO] IPUIPlugin:80 - create IPUIPlugin
2026-03-29 21:57:27,062 [INFO] IPUIPlugin:80 - create IPUIPlugin
2026-03-29 21:57:27,062 [INFO] IPUIPlugin:80 - create IPUIPlugin
2026-03-29 21:57:27,062 [INFO] IPUIPlugin:80 - create IPUIPlugin
2026-03-29 21:57:27,063 [INFO] IPUIPlugin:80 - create IPUIPlugin
2026-03-29 21:57:27,063 [INFO] IPUIPlugin:80 - create IPUIPlugin
2026-03-29 21:57:27,063 [INFO] IPUIPlugin:80 - create IPUIPlugin
2026-03-29 21:57:27,063 [INFO] IPUIPlugin:80 - create IPUIPlugin
2026-03-29 21:57:27,063 [INFO] IPUIPlugin:80 - create IPUIPlugin
2026-03-29 21:57:27,064 [INFO] IPUIPlugin:80 - create IPUIPlugin
2026-03-29 21:57:27,064 [INFO] IPUIPlugin:80 - create IPUIPlugin
2026-03-29 21:57:27,064 [INFO] IPUIPlugin:80 - create IPUIPlugin
2026-03-29 21:57:27,064 [INFO] IPUIPlugin:80 - create IPUIPlugin
2026-03-29 21:57:27,065 [INFO] IPUIPlugin:80 - create IPUIPlugin
2026-03-29 21:57:27,065 [INFO] IPUIPlugin:80 - create IPUIPlugin
2026-03-29 21:57:27,065 [INFO] IPUIPlugin:80 - create IPUIPlugin
2026-03-29 21:57:27,065 [INFO] IPUIPlugin:80 - create IPUIPlugin
2026-03-29 21:57:27,066 [INFO] IPUIPlugin:80 - create IPUIPlugin
2026-03-29 21:57:27,066 [INFO] IPUIPlugin:80 - create IPUIPlugin
2026-03-29 21:57:27,066 [INFO] IPUIPlugin:80 - create IPUIPlugin
2026-03-29 21:57:27,066 [INFO] IPUIPlugin:80 - create IPUIPlugin
2026-03-29 21:57:27,066 [INFO] IPUIPlugin:80 - create IPUIPlugin
2026-03-29 21:57:27,067 [INFO] IPUIPlugin:80 - create IPUIPlugin
2026-03-29 21:57:27,067 [INFO] IPUIPlugin:80 - create IPUIPlugin
2026-03-29 21:57:27,067 [INFO] IPUIPlugin:80 - create IPUIPlugin
2026-03-29 21:57:27,067 [INFO] IPUIPlugin:80 - create IPUIPlugin
2026-03-29 21:57:27,067 [INFO] IPUIPlugin:80 - create IPUIPlugin
2026-03-29 21:57:27,068 [INFO] IPUIPlugin:80 - create IPUIPlugin
2026-03-29 21:57:27,068 [INFO] IPUIPlugin:80 - create IPUIPlugin
2026-03-29 21:57:27,068 [INFO] IPUIPlugin:80 - create IPUIPlugin
2026-03-29 21:57:27,068 [INFO] IPUIPlugin:80 - create IPUIPlugin
2026-03-29 21:57:27,069 [INFO] IPUIPlugin:80 - create IPUIPlugin
2026-03-29 21:57:27,069 [INFO] IPUIPlugin:80 - create IPUIPlugin
2026-03-29 21:57:27,069 [INFO] IPUIPlugin:80 - create IPUIPlugin
2026-03-29 21:57:27,069 [INFO] IPUIPlugin:80 - create IPUIPlugin
2026-03-29 21:57:27,069 [INFO] IPUIPlugin:80 - create IPUIPlugin
2026-03-29 21:57:27,070 [INFO] IPUIPlugin:80 - create IPUIPlugin
2026-03-29 21:57:27,070 [INFO] IPUIPlugin:80 - create IPUIPlugin
2026-03-29 21:57:27,070 [INFO] IPUIPlugin:80 - create IPUIPlugin
2026-03-29 21:57:27,071 [INFO] IPUIPlugin:80 - create IPUIPlugin
2026-03-29 21:57:27,071 [INFO] IPUIPlugin:80 - create IPUIPlugin
2026-03-29 21:57:27,071 [INFO] IPUIPlugin:80 - create IPUIPlugin
2026-03-29 21:57:27,071 [INFO] IPUIPlugin:80 - create IPUIPlugin
2026-03-29 21:57:27,072 [INFO] IPUIPlugin:80 - create IPUIPlugin
2026-03-29 21:57:27,072 [INFO] IPUIPlugin:80 - create IPUIPlugin
2026-03-29 21:57:27,072 [INFO] IPUIPlugin:80 - create IPUIPlugin
2026-03-29 21:57:27,073 [INFO] IPUIPlugin:80 - create IPUIPlugin
2026-03-29 21:57:27,073 [INFO] IPUIPlugin:80 - create IPUIPlugin
2026-03-29 21:57:27,073 [INFO] IPUIPlugin:80 - create IPUIPlugin
2026-03-29 21:57:27,074 [INFO] IPUIPlugin:80 - create IPUIPlugin
2026-03-29 21:57:27,074 [INFO] IPUIPlugin:80 - create IPUIPlugin
2026-03-29 21:57:27,077 [INFO] ApiDbMcu:532 - Load IP Config File for PDM2PCM
2026-03-29 21:57:27,079 [INFO] Can:71 - Can Add PropertyChangeListener com.st.microxplorer.plugins.ip.can.Can@662f6c09
2026-03-29 21:57:27,080 [WARN] IP:2250 - I2C_Coeff_DF not found: check if there is a RefParameter without a condition.
2026-03-29 21:57:27,080 [WARN] IP:2250 - Analog_Filter not found: check if there is a RefParameter without a condition.
2026-03-29 21:57:27,146 [INFO] CADModel:165 - CPN selected for project levelSTM32F446RET6
2026-03-29 21:57:27,146 [INFO] CADModel:114 - Register for checkConnection events
2026-03-29 21:57:27,185 [INFO] OpenFileManager:386 - Restore cursor
2026-03-29 21:57:27,270 [WARN] IP:2250 - DEVICE_SERIAL0_CDC_FS not found: check if there is a RefParameter without a condition.
2026-03-29 21:57:27,271 [WARN] IP:2250 - DEVICE_SERIAL1_CDC_FS not found: check if there is a RefParameter without a condition.
2026-03-29 21:57:27,271 [WARN] IP:2250 - DEVICE_SERIAL2_CDC_FS not found: check if there is a RefParameter without a condition.
2026-03-29 21:57:27,272 [WARN] IP:2250 - DEVICE_SERIAL0_CDC_FS not found: check if there is a RefParameter without a condition.
2026-03-29 21:57:27,272 [WARN] IP:2250 - DEVICE_SERIAL1_CDC_FS not found: check if there is a RefParameter without a condition.
2026-03-29 21:57:27,272 [WARN] IP:2250 - DEVICE_SERIAL2_CDC_FS not found: check if there is a RefParameter without a condition.
2026-03-29 21:57:27,315 [WARN] IP:2250 - I2C_Coeff_DF not found: check if there is a RefParameter without a condition.
2026-03-29 21:57:27,316 [WARN] IP:2250 - Analog_Filter not found: check if there is a RefParameter without a condition.
2026-03-29 21:57:27,316 [WARN] IP:2250 - I2C_Coeff_DF not found: check if there is a RefParameter without a condition.
2026-03-29 21:57:27,316 [WARN] IP:2250 - Analog_Filter not found: check if there is a RefParameter without a condition.
2026-03-29 21:59:06,886 [WARN] IP:2250 - I2C_Coeff_DF not found: check if there is a RefParameter without a condition.
2026-03-29 21:59:06,886 [WARN] IP:2250 - Analog_Filter not found: check if there is a RefParameter without a condition.
2026-03-29 21:59:06,897 [INFO] NvicIntPanel:101 - NVIC parent = com.st.microxplorer.plugins.ip.nvic.MultiNvicIntPanel[,0,0,0x0,invalid,layout=javax.swing.BoxLayout,alignmentX=0.0,alignmentY=0.0,border=,flags=9,maximumSize=,minimumSize=,preferredSize=]
2026-03-29 21:59:09,361 [WARN] IP:2250 - I2C_Coeff_DF not found: check if there is a RefParameter without a condition.
2026-03-29 21:59:09,361 [WARN] IP:2250 - Analog_Filter not found: check if there is a RefParameter without a condition.
2026-03-29 21:59:19,826 [WARN] IP:2250 - I2C_Coeff_DF not found: check if there is a RefParameter without a condition.
2026-03-29 21:59:19,826 [WARN] IP:2250 - Analog_Filter not found: check if there is a RefParameter without a condition.
2026-03-29 21:59:46,328 [WARN] IP:2250 - I2C_Coeff_DF not found: check if there is a RefParameter without a condition.
2026-03-29 21:59:46,328 [WARN] IP:2250 - Analog_Filter not found: check if there is a RefParameter without a condition.
2026-03-29 21:59:46,328 [WARN] IP:2250 - I2C_Coeff_DF not found: check if there is a RefParameter without a condition.
2026-03-29 21:59:46,328 [WARN] IP:2250 - Analog_Filter not found: check if there is a RefParameter without a condition.
2026-03-29 21:59:46,363 [INFO] NvicIntPanel:101 - NVIC parent = com.st.microxplorer.plugins.ip.nvic.MultiNvicIntPanel[,0,0,0x0,invalid,layout=javax.swing.BoxLayout,alignmentX=0.0,alignmentY=0.0,border=,flags=9,maximumSize=,minimumSize=,preferredSize=]
2026-03-29 22:00:02,418 [INFO] UtilMem:75 - End SaveConfig() Used Memory: 646962064 Bytes (765460480)
2026-03-29 22:00:04,278 [INFO] UtilMem:75 - End SaveConfig() Used Memory: 393610464 Bytes (765460480)
2026-03-29 22:00:04,430 [INFO] BlockDiagram:2775 - set Specific Code input for plugin: TIM6_7
2026-03-29 22:00:04,430 [INFO] BlockDiagram:2775 - set Specific Code input for plugin: TIM6_7
2026-03-29 22:00:04,430 [INFO] BlockDiagram:2775 - set Specific Code input for plugin: CAN
2026-03-29 22:00:04,430 [INFO] BlockDiagram:2775 - set Specific Code input for plugin: USB_DEVICE
2026-03-29 22:00:04,430 [INFO] BlockDiagram:2775 - set Specific Code input for plugin: SYS
2026-03-29 22:00:04,430 [INFO] BlockDiagram:2775 - set Specific Code input for plugin: RCC
2026-03-29 22:00:04,430 [INFO] BlockDiagram:2775 - set Specific Code input for plugin: I2C
2026-03-29 22:00:04,430 [INFO] BlockDiagram:2775 - set Specific Code input for plugin: USB_OTG_FS
2026-03-29 22:00:04,430 [INFO] BlockDiagram:2775 - set Specific Code input for plugin: NVIC
2026-03-29 22:00:04,430 [INFO] BlockDiagram:2775 - set Specific Code input for plugin: USART
2026-03-29 22:00:04,430 [INFO] BlockDiagram:2775 - set Specific Code input for plugin: TIM1_8
2026-03-29 22:00:04,430 [INFO] BlockDiagram:2775 - set Specific Code input for plugin: DMA
2026-03-29 22:00:04,430 [INFO] BlockDiagram:2775 - set Specific Code input for plugin: GPIO
2026-03-29 22:00:04,430 [INFO] CodeGenerator:892 - code generatio: config db path: /opt/st/stm32cubeide_1.19.0/plugins/com.st.stm32cube.common.mx_6.15.0.202507011659//db/
2026-03-29 22:00:04,433 [WARN] IP:2250 - I2C_Coeff_DF not found: check if there is a RefParameter without a condition.
2026-03-29 22:00:04,433 [WARN] IP:2250 - Analog_Filter not found: check if there is a RefParameter without a condition.
2026-03-29 22:00:04,433 [INFO] Argument:325 - Argument : hdmavalue: null
2026-03-29 22:00:04,433 [INFO] Argument:327 - 	 sub Args: 
2026-03-29 22:00:04,433 [INFO] Argument:325 - Argument : Instancevalue: DMA1_Stream2
2026-03-29 22:00:04,433 [INFO] Argument:335 - Argument : Instancevalue: DMA1_Stream2
2026-03-29 22:00:04,433 [INFO] Argument:325 - Argument : Initvalue: null
2026-03-29 22:00:04,433 [INFO] Argument:327 - 	 sub Args: 
2026-03-29 22:00:04,433 [INFO] Argument:325 - Argument : Channelvalue: DMA_CHANNEL_3
2026-03-29 22:00:04,433 [INFO] Argument:335 - Argument : Channelvalue: DMA_CHANNEL_3
2026-03-29 22:00:04,433 [INFO] Argument:325 - Argument : Directionvalue: DMA_PERIPH_TO_MEMORY
2026-03-29 22:00:04,433 [INFO] Argument:335 - Argument : Directionvalue: DMA_PERIPH_TO_MEMORY
2026-03-29 22:00:04,433 [INFO] Argument:325 - Argument : PeriphIncvalue: DMA_PINC_DISABLE
2026-03-29 22:00:04,433 [INFO] Argument:335 - Argument : PeriphIncvalue: DMA_PINC_DISABLE
2026-03-29 22:00:04,433 [INFO] Argument:325 - Argument : MemIncvalue: DMA_MINC_ENABLE
2026-03-29 22:00:04,433 [INFO] Argument:335 - Argument : MemIncvalue: DMA_MINC_ENABLE
2026-03-29 22:00:04,433 [INFO] Argument:325 - Argument : PeriphDataAlignmentvalue: DMA_PDATAALIGN_BYTE
2026-03-29 22:00:04,433 [INFO] Argument:335 - Argument : PeriphDataAlignmentvalue: DMA_PDATAALIGN_BYTE
2026-03-29 22:00:04,433 [INFO] Argument:325 - Argument : MemDataAlignmentvalue: DMA_MDATAALIGN_BYTE
2026-03-29 22:00:04,433 [INFO] Argument:335 - Argument : MemDataAlignmentvalue: DMA_MDATAALIGN_BYTE
2026-03-29 22:00:04,433 [INFO] Argument:325 - Argument : Modevalue: DMA_NORMAL
2026-03-29 22:00:04,433 [INFO] Argument:335 - Argument : Modevalue: DMA_NORMAL
2026-03-29 22:00:04,433 [INFO] Argument:325 - Argument : Priorityvalue: DMA_PRIORITY_HIGH
2026-03-29 22:00:04,433 [INFO] Argument:335 - Argument : Priorityvalue: DMA_PRIORITY_HIGH
2026-03-29 22:00:04,433 [INFO] Argument:325 - Argument : FIFOModevalue: DMA_FIFOMODE_DISABLE
2026-03-29 22:00:04,433 [INFO] Argument:335 - Argument : FIFOModevalue: DMA_FIFOMODE_DISABLE
2026-03-29 22:00:04,433 [INFO] Argument:325 - Argument : FIFOThresholdvalue: null
2026-03-29 22:00:04,433 [INFO] Argument:335 - Argument : FIFOThresholdvalue: null
2026-03-29 22:00:04,433 [INFO] Argument:325 - Argument : MemBurstvalue: null
2026-03-29 22:00:04,433 [INFO] Argument:335 - Argument : MemBurstvalue: null
2026-03-29 22:00:04,433 [INFO] Argument:325 - Argument : PeriphBurstvalue: null
2026-03-29 22:00:04,434 [INFO] Argument:335 - Argument : PeriphBurstvalue: null
2026-03-29 22:00:04,434 [INFO] Argument:325 - Argument : Lockvalue: null
2026-03-29 22:00:04,434 [INFO] Argument:335 - Argument : Lockvalue: null
2026-03-29 22:00:04,434 [INFO] Argument:325 - Argument : Statevalue: null
2026-03-29 22:00:04,434 [INFO] Argument:335 - Argument : Statevalue: null
2026-03-29 22:00:04,434 [INFO] Argument:325 - Argument : Parentvalue: null
2026-03-29 22:00:04,434 [INFO] Argument:335 - Argument : Parentvalue: null
2026-03-29 22:00:04,434 [INFO] Argument:325 - Argument : XferCpltCallbackvalue: null
2026-03-29 22:00:04,434 [INFO] Argument:335 - Argument : XferCpltCallbackvalue: null
2026-03-29 22:00:04,434 [INFO] Argument:325 - Argument : XferHalfCpltCallbackvalue: null
2026-03-29 22:00:04,434 [INFO] Argument:335 - Argument : XferHalfCpltCallbackvalue: null
2026-03-29 22:00:04,434 [INFO] Argument:325 - Argument : XferM1CpltCallbackvalue: null
2026-03-29 22:00:04,434 [INFO] Argument:335 - Argument : XferM1CpltCallbackvalue: null
2026-03-29 22:00:04,434 [INFO] Argument:325 - Argument : XferErrorCallbackvalue: null
2026-03-29 22:00:04,434 [INFO] Argument:335 - Argument : XferErrorCallbackvalue: null
2026-03-29 22:00:04,434 [INFO] Argument:325 - Argument : ErrorCodevalue: null
2026-03-29 22:00:04,434 [INFO] Argument:335 - Argument : ErrorCodevalue: null
2026-03-29 22:00:04,454 [WARN] IP:2250 - DEVICE_SERIAL0_CDC_FS not found: check if there is a RefParameter without a condition.
2026-03-29 22:00:04,455 [WARN] IP:2250 - DEVICE_SERIAL1_CDC_FS not found: check if there is a RefParameter without a condition.
2026-03-29 22:00:04,455 [WARN] IP:2250 - DEVICE_SERIAL2_CDC_FS not found: check if there is a RefParameter without a condition.
2026-03-29 22:00:04,505 [INFO] CodeEngine:265 - oldGeneratedFile, /home/kamil/STM32CubeIDE/workspace_1.19.0/PCB_STM/MXTmpFiles/license.tmp_save
2026-03-29 22:00:04,688 [INFO] CodeEngine:289 - Generated code: /home/kamil/STM32CubeIDE/workspace_1.19.0/PCB_STM/MXTmpFiles/license.tmp
2026-03-29 22:00:04,719 [INFO] CodeEngine:265 - oldGeneratedFile, /home/kamil/STM32CubeIDE/workspace_1.19.0/PCB_STM/MXTmpFiles/gpio.tmp_save
2026-03-29 22:00:04,819 [INFO] CodeEngine:289 - Generated code: /home/kamil/STM32CubeIDE/workspace_1.19.0/PCB_STM/MXTmpFiles/gpio.tmp
2026-03-29 22:00:04,849 [WARN] IPConfigManager:3238 - Warning: the RefConfig PWREx_EnableUSBVoltageDetector is not available in your config.xml file
2026-03-29 22:00:04,851 [INFO] CodeEngine:265 - oldGeneratedFile, /home/kamil/STM32CubeIDE/workspace_1.19.0/PCB_STM/MXTmpFiles/usb_otg_fs_vars.tmp_save
2026-03-29 22:00:04,929 [INFO] CodeEngine:289 - Generated code: /home/kamil/STM32CubeIDE/workspace_1.19.0/PCB_STM/MXTmpFiles/usb_otg_fs_vars.tmp
2026-03-29 22:00:04,930 [INFO] CodeEngine:265 - oldGeneratedFile, /home/kamil/STM32CubeIDE/workspace_1.19.0/PCB_STM/MXTmpFiles/usb_otg_fs_inc.tmp_save
2026-03-29 22:00:04,987 [INFO] CodeEngine:289 - Generated code: /home/kamil/STM32CubeIDE/workspace_1.19.0/PCB_STM/MXTmpFiles/usb_otg_fs_inc.tmp
2026-03-29 22:00:04,988 [INFO] CodeEngine:265 - oldGeneratedFile, /home/kamil/STM32CubeIDE/workspace_1.19.0/PCB_STM/MXTmpFiles/usb_otg_fs_HalInit.tmp_save
2026-03-29 22:00:05,064 [INFO] CodeEngine:289 - Generated code: /home/kamil/STM32CubeIDE/workspace_1.19.0/PCB_STM/MXTmpFiles/usb_otg_fs_HalInit.tmp
2026-03-29 22:00:05,065 [INFO] CodeEngine:265 - oldGeneratedFile, /home/kamil/STM32CubeIDE/workspace_1.19.0/PCB_STM/MXTmpFiles/usb_otg_fs_Msp.tmp_save
2026-03-29 22:00:05,136 [INFO] CodeEngine:289 - Generated code: /home/kamil/STM32CubeIDE/workspace_1.19.0/PCB_STM/MXTmpFiles/usb_otg_fs_Msp.tmp
2026-03-29 22:00:05,364 [INFO] Middleware:1452 - No code input for Bsp Dependency
2026-03-29 22:00:05,369 [INFO] CodeEngine:265 - oldGeneratedFile, /home/kamil/STM32CubeIDE/workspace_1.19.0/PCB_STM/MXTmpFiles/dma.tmp_save
2026-03-29 22:00:05,410 [INFO] CodeEngine:289 - Generated code: /home/kamil/STM32CubeIDE/workspace_1.19.0/PCB_STM/MXTmpFiles/dma.tmp
2026-03-29 22:00:05,411 [INFO] CodeEngine:265 - oldGeneratedFile, /home/kamil/STM32CubeIDE/workspace_1.19.0/PCB_STM/MXTmpFiles/dma_GV.tmp_save
2026-03-29 22:00:05,448 [INFO] CodeEngine:289 - Generated code: /home/kamil/STM32CubeIDE/workspace_1.19.0/PCB_STM/MXTmpFiles/dma_GV.tmp
2026-03-29 22:00:05,463 [INFO] Middleware:1452 - No code input for Bsp Dependency
2026-03-29 22:00:05,466 [INFO] CodeEngine:265 - oldGeneratedFile, /home/kamil/STM32CubeIDE/workspace_1.19.0/PCB_STM/USB_DEVICE/App/usb_device.c_save
2026-03-29 22:00:05,523 [INFO] CodeEngine:289 - Generated code: /home/kamil/STM32CubeIDE/workspace_1.19.0/PCB_STM/USB_DEVICE/App/usb_device.c
2026-03-29 22:00:05,526 [INFO] CodeEngine:265 - oldGeneratedFile, /home/kamil/STM32CubeIDE/workspace_1.19.0/PCB_STM/USB_DEVICE/App/usb_device.h_save
2026-03-29 22:00:05,605 [INFO] CodeEngine:289 - Generated code: /home/kamil/STM32CubeIDE/workspace_1.19.0/PCB_STM/USB_DEVICE/App/usb_device.h
2026-03-29 22:00:05,607 [INFO] CodeEngine:265 - oldGeneratedFile, /home/kamil/STM32CubeIDE/workspace_1.19.0/PCB_STM/USB_DEVICE/Target/usbd_conf.h_save
2026-03-29 22:00:05,703 [INFO] CodeEngine:289 - Generated code: /home/kamil/STM32CubeIDE/workspace_1.19.0/PCB_STM/USB_DEVICE/Target/usbd_conf.h
2026-03-29 22:00:05,705 [INFO] CodeEngine:265 - oldGeneratedFile, /home/kamil/STM32CubeIDE/workspace_1.19.0/PCB_STM/USB_DEVICE/Target/usbd_conf.c_save
2026-03-29 22:00:05,764 [INFO] CodeEngine:289 - Generated code: /home/kamil/STM32CubeIDE/workspace_1.19.0/PCB_STM/USB_DEVICE/Target/usbd_conf.c
2026-03-29 22:00:05,765 [INFO] CodeEngine:265 - oldGeneratedFile, /home/kamil/STM32CubeIDE/workspace_1.19.0/PCB_STM/USB_DEVICE/App/usbd_desc.h_save
2026-03-29 22:00:05,801 [INFO] CodeEngine:289 - Generated code: /home/kamil/STM32CubeIDE/workspace_1.19.0/PCB_STM/USB_DEVICE/App/usbd_desc.h
2026-03-29 22:00:05,802 [INFO] CodeEngine:265 - oldGeneratedFile, /home/kamil/STM32CubeIDE/workspace_1.19.0/PCB_STM/USB_DEVICE/App/usbd_desc.c_save
2026-03-29 22:00:05,845 [INFO] CodeEngine:289 - Generated code: /home/kamil/STM32CubeIDE/workspace_1.19.0/PCB_STM/USB_DEVICE/App/usbd_desc.c
2026-03-29 22:00:05,847 [INFO] CodeEngine:265 - oldGeneratedFile, /home/kamil/STM32CubeIDE/workspace_1.19.0/PCB_STM/USB_DEVICE/App/usbd_cdc_if.h_save
2026-03-29 22:00:05,887 [INFO] CodeEngine:289 - Generated code: /home/kamil/STM32CubeIDE/workspace_1.19.0/PCB_STM/USB_DEVICE/App/usbd_cdc_if.h
2026-03-29 22:00:05,888 [INFO] CodeEngine:265 - oldGeneratedFile, /home/kamil/STM32CubeIDE/workspace_1.19.0/PCB_STM/USB_DEVICE/App/usbd_cdc_if.c_save
2026-03-29 22:00:05,930 [INFO] CodeEngine:289 - Generated code: /home/kamil/STM32CubeIDE/workspace_1.19.0/PCB_STM/USB_DEVICE/App/usbd_cdc_if.c
2026-03-29 22:00:05,937 [INFO] CodeEngine:265 - oldGeneratedFile, /home/kamil/STM32CubeIDE/workspace_1.19.0/PCB_STM/Core/Src/stm32f4xx_it.c_save
2026-03-29 22:00:06,044 [INFO] CodeEngine:289 - Generated code: /home/kamil/STM32CubeIDE/workspace_1.19.0/PCB_STM/Core/Src/stm32f4xx_it.c
2026-03-29 22:00:06,045 [INFO] CodeEngine:265 - oldGeneratedFile, /home/kamil/STM32CubeIDE/workspace_1.19.0/PCB_STM/Core/Inc/stm32f4xx_it.h_save
2026-03-29 22:00:06,099 [INFO] CodeEngine:289 - Generated code: /home/kamil/STM32CubeIDE/workspace_1.19.0/PCB_STM/Core/Inc/stm32f4xx_it.h
2026-03-29 22:00:06,106 [INFO] CodeEngine:265 - oldGeneratedFile, /home/kamil/STM32CubeIDE/workspace_1.19.0/PCB_STM/Core/Src/stm32f4xx_hal_msp.c_save
2026-03-29 22:00:06,169 [INFO] CodeEngine:289 - Generated code: /home/kamil/STM32CubeIDE/workspace_1.19.0/PCB_STM/Core/Src/stm32f4xx_hal_msp.c
2026-03-29 22:00:06,170 [INFO] CodeEngine:265 - oldGeneratedFile, /home/kamil/STM32CubeIDE/workspace_1.19.0/PCB_STM/MXTmpFiles/system.tmp_save
2026-03-29 22:00:06,204 [INFO] CodeEngine:289 - Generated code: /home/kamil/STM32CubeIDE/workspace_1.19.0/PCB_STM/MXTmpFiles/system.tmp
2026-03-29 22:00:06,205 [INFO] CodeEngine:265 - oldGeneratedFile, /home/kamil/STM32CubeIDE/workspace_1.19.0/PCB_STM/Core/Inc/stm32_assert.h_save
2026-03-29 22:00:06,239 [INFO] CodeEngine:289 - Generated code: /home/kamil/STM32CubeIDE/workspace_1.19.0/PCB_STM/Core/Inc/stm32_assert.h
2026-03-29 22:00:06,242 [INFO] CodeEngine:321 - oldGeneratedFile, /home/kamil/STM32CubeIDE/workspace_1.19.0/PCB_STM/Core/Inc/stm32f4xx_hal_conf.h_save
2026-03-29 22:00:06,285 [INFO] CodeEngine:345 - Generated code: /home/kamil/STM32CubeIDE/workspace_1.19.0/PCB_STM/Core/Inc/stm32f4xx_hal_conf.h
2026-03-29 22:00:06,305 [WARN] IPConfigManager:3238 - Warning: the RefConfig PLL2P_FOR_MCO is not available in your config.xml file
2026-03-29 22:00:06,310 [INFO] ApiDbMcu:532 - Load IP Config File for CAN1
2026-03-29 22:00:06,312 [INFO] ApiDbMcu:532 - Load IP Config File for I2C3
2026-03-29 22:00:06,319 [INFO] ApiDbMcu:532 - Load IP Config File for TIM6
2026-03-29 22:00:06,326 [INFO] ApiDbMcu:532 - Load IP Config File for TIM7
2026-03-29 22:00:06,332 [INFO] ApiDbMcu:532 - Load IP Config File for TIM10
2026-03-29 22:00:06,334 [INFO] ApiDbMcu:532 - Load IP Config File for USART2
2026-03-29 22:00:06,336 [INFO] ApiDbMcu:532 - Load IP Config File for RCC
2026-03-29 22:00:06,338 [WARN] IPConfigManager:3811 - IP not found : TIM
2026-03-29 22:00:06,338 [WARN] CodeGenerator:4259 - IP not found : null
2026-03-29 22:00:06,340 [INFO] CodeEngine:265 - oldGeneratedFile, /home/kamil/STM32CubeIDE/workspace_1.19.0/PCB_STM/Core/Inc/main.h_save
2026-03-29 22:00:06,399 [INFO] CodeEngine:289 - Generated code: /home/kamil/STM32CubeIDE/workspace_1.19.0/PCB_STM/Core/Inc/main.h
2026-03-29 22:00:06,400 [INFO] CodeEngine:265 - oldGeneratedFile, /home/kamil/STM32CubeIDE/workspace_1.19.0/PCB_STM/Core/Src/main.c_save
2026-03-29 22:00:06,467 [INFO] CodeEngine:289 - Generated code: /home/kamil/STM32CubeIDE/workspace_1.19.0/PCB_STM/Core/Src/main.c
2026-03-29 22:00:06,604 [INFO] ProjectBuilder:3606 - Time for Copy HAL[1] : 22mS.
2026-03-29 22:00:06,606 [INFO] ProjectBuilder:5216 - Project Generator version: 4.7.0-B52
2026-03-29 22:00:06,653 [INFO] ConfigFileManager:1595 - The Die is : DIE421
2026-03-29 22:00:06,655 [INFO] ApiDbMcu:532 - Load IP Config File for FATFS
2026-03-29 22:00:06,656 [INFO] ApiDbMcu:532 - Load IP Config File for FREERTOS
2026-03-29 22:00:06,657 [INFO] ApiDbMcu:532 - Load IP Config File for LIBJPEG
2026-03-29 22:00:06,659 [INFO] ApiDbMcu:532 - Load IP Config File for MBEDTLS
2026-03-29 22:00:06,660 [INFO] ApiDbMcu:532 - Load IP Config File for USB_HOST
2026-03-29 22:00:07,296 [INFO] ProjectBuilder:5496 - Time for Generating toolchain IDE Files: 690mS.
2026-03-29 22:00:07,297 [INFO] ProjectBuilder:3463 - Time for Copy CMSIS : 0mS.
2026-03-29 22:00:07,298 [INFO] ProjectBuilder:3463 - Time for Copy CMSIS : 0mS.
2026-03-29 22:03:26,933 [INFO] MainUpdater:2872 - connection check result : 10
2026-03-29 22:03:26,933 [INFO] MainUpdater:2872 - connection check result : 10
2026-03-29 22:03:26,956 [INFO] MicroXplorer:468 - Change Database Path : 
2026-03-29 22:03:26,957 [INFO] MicroXplorer:498 - Change Database Version : DB.6.0.150
2026-03-29 22:03:26,961 [ERROR] ProjectManagerView:395 - 
java.lang.NullPointerException: Cannot invoke "javax.swing.JTextField.getText()" because the return value of "java.util.List.get(int)" is null
	at com.st.microxplorer.plugins.projectmanager.gui.ProjectChoiceTab$9.caretUpdate(ProjectChoiceTab.java:2706) ~[filemanager.jar:?]
	at javax.swing.text.JTextComponent.fireCaretUpdate(JTextComponent.java:408) ~[?:?]
	at javax.swing.text.JTextComponent$MutableCaretEvent.fire(JTextComponent.java:4484) ~[?:?]
	at javax.swing.text.JTextComponent$MutableCaretEvent.stateChanged(JTextComponent.java:4506) ~[?:?]
	at javax.swing.text.DefaultCaret.fireStateChanged(DefaultCaret.java:857) ~[?:?]
	at javax.swing.text.DefaultCaret.changeCaretPosition(DefaultCaret.java:1343) ~[?:?]
	at javax.swing.text.DefaultCaret.handleSetDot(DefaultCaret.java:1242) ~[?:?]
	at javax.swing.text.DefaultCaret.setDot(DefaultCaret.java:1223) ~[?:?]
	at javax.swing.text.DefaultCaret$Handler.insertUpdate(DefaultCaret.java:1819) ~[?:?]
	at javax.swing.text.AbstractDocument.fireInsertUpdate(AbstractDocument.java:227) ~[?:?]
	at javax.swing.text.AbstractDocument.handleInsertString(AbstractDocument.java:781) ~[?:?]
	at javax.swing.text.AbstractDocument.insertString(AbstractDocument.java:740) ~[?:?]
	at javax.swing.text.PlainDocument.insertString(PlainDocument.java:131) ~[?:?]
	at javax.swing.text.AbstractDocument.replace(AbstractDocument.java:699) ~[?:?]
	at javax.swing.text.JTextComponent.setText(JTextComponent.java:1725) ~[?:?]
	at com.st.microxplorer.plugins.projectmanager.gui.ProjectChoiceTab.createHeapStackFields(ProjectChoiceTab.java:993) ~[filemanager.jar:?]
	at com.st.microxplorer.plugins.projectmanager.gui.ProjectChoiceTab.buildLinkSettingsPanel(ProjectChoiceTab.java:3813) ~[filemanager.jar:?]
	at com.st.microxplorer.plugins.projectmanager.gui.ProjectChoiceTab.defineWindowsFields(ProjectChoiceTab.java:1987) ~[filemanager.jar:?]
	at com.st.microxplorer.plugins.projectmanager.gui.ProjectChoiceTab.updateSettings(ProjectChoiceTab.java:558) ~[filemanager.jar:?]
	at com.st.microxplorer.plugins.projectmanager.gui.ProjectSettingsPanel.UpdateDialog(ProjectSettingsPanel.java:247) ~[filemanager.jar:?]
	at com.st.microxplorer.plugins.projectmanager.ProjectManagerView.propertyChange(ProjectManagerView.java:392) ~[filemanager.jar:?]
	at java.beans.PropertyChangeSupport.fire(PropertyChangeSupport.java:343) ~[?:?]
	at java.beans.PropertyChangeSupport.firePropertyChange(PropertyChangeSupport.java:335) ~[?:?]
	at java.beans.PropertyChangeSupport.firePropertyChange(PropertyChangeSupport.java:268) ~[?:?]
	at com.st.microxplorer.util.MXPropertyChangeSupport.firePropertyChange(MXPropertyChangeSupport.java:54) ~[STM32CubeMX.jar:?]
	at com.st.microxplorer.mxsystem.MxSystem.closeConfig(MxSystem.java:899) ~[STM32CubeMX.jar:?]
	at com.st.microxplorer.maingui.MainPanel.closeConfig(MainPanel.java:792) ~[STM32CubeMX.jar:?]
	at com.st.microxplorer.plugins.filemanager.engine.OpenFileManager.loadConfigurationFile(OpenFileManager.java:288) ~[filemanager.jar:?]
	at com.st.microxplorer.plugins.filemanager.engine.MainFileManager.userLoadConfig(MainFileManager.java:364) ~[filemanager.jar:?]
	at com.st.microxplorer.plugins.filemanager.engine.MainFileManager.userLoadConfig(MainFileManager.java:342) ~[filemanager.jar:?]
	at com.st.microxplorer.plugins.filemanager.FileManagerView.getSpecificTask(FileManagerView.java:264) ~[filemanager.jar:?]
	at com.st.stm32cube.common.mx.editor.CubeMxEditor.getMxTabbedPaneInstance(CubeMxEditor.java:1198) ~[com.st.stm32cube.common.mx_6.15.0.202507011659/:?]
	at com.st.stm32cube.common.mx.editor.CubeMxEditor$12$1.createSwingComponent(CubeMxEditor.java:1068) ~[com.st.stm32cube.common.mx_6.15.0.202507011659/:?]
	at com.st.stm32cube.common.mx.oss.core.awtswtbridge.EmbeddedSwingComposite.doComponentCreation(EmbeddedSwingComposite.java:492) ~[com.st.stm32cube.common.mx.oss_6.15.0.202507011659/:?]
	at com.st.stm32cube.common.mx.oss.core.awtswtbridge.EmbeddedSwingComposite$4.run(EmbeddedSwingComposite.java:291) ~[com.st.stm32cube.common.mx.oss_6.15.0.202507011659/:?]
	at com.st.stm32cube.common.mx.oss.core.awtswtbridge.AwtEnvironment$2.run(AwtEnvironment.java:166) ~[com.st.stm32cube.common.mx.oss_6.15.0.202507011659/:?]
	at java.awt.event.InvocationEvent.dispatch(InvocationEvent.java:318) ~[?:?]
	at java.awt.EventQueue.dispatchEventImpl(EventQueue.java:773) ~[?:?]
	at java.awt.EventQueue$4.run(EventQueue.java:720) ~[?:?]
	at java.awt.EventQueue$4.run(EventQueue.java:714) ~[?:?]
	at java.security.AccessController.doPrivileged(AccessController.java:400) ~[?:?]
	at java.security.ProtectionDomain$JavaSecurityAccessImpl.doIntersectionPrivilege(ProtectionDomain.java:87) ~[?:?]
	at java.awt.EventQueue.dispatchEvent(EventQueue.java:742) ~[?:?]
	at java.awt.EventDispatchThread.pumpOneEventForFilters(EventDispatchThread.java:203) ~[?:?]
	at java.awt.EventDispatchThread.pumpEventsForFilter(EventDispatchThread.java:124) ~[?:?]
	at java.awt.EventDispatchThread.pumpEventsForHierarchy(EventDispatchThread.java:113) ~[?:?]
	at java.awt.EventDispatchThread.pumpEvents(EventDispatchThread.java:109) ~[?:?]
	at java.awt.EventDispatchThread.pumpEvents(EventDispatchThread.java:101) ~[?:?]
	at java.awt.EventDispatchThread.run(EventDispatchThread.java:90) ~[?:?]
2026-03-29 22:03:26,962 [WARN] ThirdParty:871 - waiting for thirdparty lock release [close project]
2026-03-29 22:03:26,962 [INFO] ThirdParty:873 - entering critical section [close project]
2026-03-29 22:03:26,962 [INFO] ThirdParty:883 - exiting critical section [close project]
2026-03-29 22:03:26,963 [INFO] PinOutPanel:1589 - setPackage(No Configuration,No Configuration)
2026-03-29 22:03:26,967 [WARN] IpParametersView:155 - Warning: This peripheral hasn't parameters
2026-03-29 22:03:26,969 [WARN] MainPanel:289 - <html><b><center>Warning: This peripheral has no parameters to be configured<br></b></html>
2026-03-29 22:03:26,970 [INFO] UtilMem:75 - Begin LoadConfig() Used Memory: 701920144 Bytes (816840704)
2026-03-29 22:03:26,971 [INFO] MicroXplorer:468 - Change Database Path : 
2026-03-29 22:03:26,971 [INFO] MicroXplorer:498 - Change Database Version : DB.6.0.150
2026-03-29 22:03:26,971 [INFO] OpenFileManager:355 - Change cursor
2026-03-29 22:03:26,977 [INFO] RulesReader:64 - Compatibility file has been processed (317 Rules)
2026-03-29 22:03:26,979 [INFO] Mcu:2029 - Initializing MCU STM32F446R(C-E)Tx STM32F446RETx STM32F446RET6
2026-03-29 22:03:27,683 [INFO] Context:786 - Trying to add GPIOservice into a context  which must be forbidden
2026-03-29 22:03:28,084 [INFO] ImportTextPane:234 - (OptionalMessage_ERROR) Pin18 (VP_RIF_VS_RIF1) cannot be retrieved for this MCU
2026-03-29 22:03:28,204 [INFO] RtosManager:558 - Registered RTOS mode: class=CMSIS, group=RTOS, mode=CMSIS_V1, owner=FREERTOS
2026-03-29 22:03:28,204 [INFO] RtosManager:558 - Registered RTOS mode: class=CMSIS, group=RTOS2, mode=CMSIS_V2, owner=FREERTOS
2026-03-29 22:03:28,204 [INFO] RtosManager:558 - Registered RTOS mode: class=RTOS, group=Core, mode=CMSIS_V1, owner=FREERTOS
2026-03-29 22:03:28,204 [INFO] RtosManager:558 - Registered RTOS mode: class=RTOS, group=Core, mode=CMSIS_V2, owner=FREERTOS
2026-03-29 22:03:28,204 [WARN] ModelIntegratedComponent:184 - Missing modes for component STMicroelectronics:FreeRTOS:0.0.1:STMicroelectronics:RTOS:FreeRTOS:Core:::10.2.0:
2026-03-29 22:03:28,209 [WARN] ModelIntegratedComponent:63 - No mode defined for component null
2026-03-29 22:03:28,209 [WARN] ModelIntegratedComponent:63 - No mode defined for component null
2026-03-29 22:03:28,209 [WARN] ModelIntegratedComponent:63 - No mode defined for component null
2026-03-29 22:03:28,209 [WARN] ModelIntegratedComponent:63 - No mode defined for component null
2026-03-29 22:03:28,209 [WARN] ModelIntegratedComponent:63 - No mode defined for component null
2026-03-29 22:03:28,209 [WARN] ModelIntegratedComponent:63 - No mode defined for component null
2026-03-29 22:03:28,209 [WARN] ModelIntegratedComponent:63 - No mode defined for component null
2026-03-29 22:03:28,209 [WARN] ModelIntegratedComponent:63 - No mode defined for component null
2026-03-29 22:03:28,209 [WARN] ModelIntegratedComponent:63 - No mode defined for component null
2026-03-29 22:03:28,209 [WARN] ModelIntegratedComponent:63 - No mode defined for component null
2026-03-29 22:03:28,209 [WARN] ModelIntegratedComponent:63 - No mode defined for component null
2026-03-29 22:03:28,209 [WARN] ModelIntegratedComponent:63 - No mode defined for component null
2026-03-29 22:03:28,209 [WARN] ModelIntegratedComponent:63 - No mode defined for component null
2026-03-29 22:03:28,209 [WARN] ModelIntegratedComponent:63 - No mode defined for component null
2026-03-29 22:03:28,209 [WARN] ModelIntegratedComponent:63 - No mode defined for component null
2026-03-29 22:03:28,209 [WARN] ModelIntegratedComponent:63 - No mode defined for component null
2026-03-29 22:03:28,209 [WARN] ModelIntegratedComponent:63 - No mode defined for component null
2026-03-29 22:03:28,209 [WARN] ModelIntegratedComponent:63 - No mode defined for component null
2026-03-29 22:03:28,209 [WARN] ModelIntegratedComponent:63 - No mode defined for component null
2026-03-29 22:03:28,209 [WARN] ModelIntegratedComponent:63 - No mode defined for component null
2026-03-29 22:03:28,209 [WARN] ModelIntegratedComponent:63 - No mode defined for component null
2026-03-29 22:03:28,209 [WARN] ModelIntegratedComponent:63 - No mode defined for component null
2026-03-29 22:03:28,209 [WARN] ModelIntegratedComponent:63 - No mode defined for component null
2026-03-29 22:03:28,209 [WARN] ModelIntegratedComponent:63 - No mode defined for component null
2026-03-29 22:03:28,209 [WARN] ModelIntegratedComponent:63 - No mode defined for component null
2026-03-29 22:03:28,209 [WARN] ModelIntegratedComponent:63 - No mode defined for component null
2026-03-29 22:03:28,209 [WARN] ModelIntegratedComponent:63 - No mode defined for component null
2026-03-29 22:03:28,210 [WARN] ModelIntegratedComponent:63 - No mode defined for component null
2026-03-29 22:03:28,210 [WARN] ModelIntegratedComponent:63 - No mode defined for component null
2026-03-29 22:03:28,210 [WARN] ModelIntegratedComponent:63 - No mode defined for component null
2026-03-29 22:03:28,210 [WARN] ModelIntegratedComponent:63 - No mode defined for component null
2026-03-29 22:03:28,210 [WARN] ModelIntegratedComponent:63 - No mode defined for component null
2026-03-29 22:03:28,210 [WARN] ModelIntegratedComponent:63 - No mode defined for component null
2026-03-29 22:03:28,210 [WARN] ModelIntegratedComponent:63 - No mode defined for component null
2026-03-29 22:03:28,210 [WARN] ModelIntegratedComponent:63 - No mode defined for component null
2026-03-29 22:03:28,210 [WARN] ModelPack:524 - Component already loaded: STMicroelectronics:HAL Drivers:0.0.0:STMicroelectronics:Device:STMicro_Driver:XSPI:HAL::0.0.1:HAL_XSPI
2026-03-29 22:03:28,269 [INFO] ThirdPartyModel:298 - Start build external matchings
2026-03-29 22:03:28,621 [INFO] ThirdPartyModel:316 - End build external matchings
2026-03-29 22:03:28,651 [INFO] ImportTextPane:234 - (OptionalMessage_ERROR) IP (DMA) : Parameter (Instance) has Id (I2C3_RX) currently not set
2026-03-29 22:03:28,651 [INFO] ImportTextPane:234 - (OptionalMessage_ERROR) IP (DMA) : Parameter (Channel) has Id (I2C3_RX) currently not set
2026-03-29 22:03:28,651 [INFO] ImportTextPane:234 - (OptionalMessage_ERROR) IP (DMA) : Parameter (Direction) has Id (I2C3_RX) currently not set
2026-03-29 22:03:28,651 [INFO] ImportTextPane:234 - (OptionalMessage_ERROR) IP (DMA) : Parameter (PeriphInc) has Id (I2C3_RX) currently not set
2026-03-29 22:03:28,651 [INFO] ImportTextPane:234 - (OptionalMessage_ERROR) IP (DMA) : Parameter (MemInc) has Id (I2C3_RX) currently not set
2026-03-29 22:03:28,651 [INFO] ImportTextPane:234 - (OptionalMessage_ERROR) IP (DMA) : Parameter (PeriphDataAlignment) has Id (I2C3_RX) currently not set
2026-03-29 22:03:28,651 [INFO] ImportTextPane:234 - (OptionalMessage_ERROR) IP (DMA) : Parameter (MemDataAlignment) has Id (I2C3_RX) currently not set
2026-03-29 22:03:28,651 [INFO] ImportTextPane:234 - (OptionalMessage_ERROR) IP (DMA) : Parameter (Mode) has Id (I2C3_RX) currently not set
2026-03-29 22:03:28,651 [INFO] ImportTextPane:234 - (OptionalMessage_ERROR) IP (DMA) : Parameter (Priority) has Id (I2C3_RX) currently not set
2026-03-29 22:03:28,651 [INFO] ImportTextPane:234 - (OptionalMessage_ERROR) IP (DMA) : Parameter (FIFOMode) has Id (I2C3_RX) currently not set
2026-03-29 22:03:28,652 [WARN] IP:2250 - I2C_Coeff_DF not found: check if there is a RefParameter without a condition.
2026-03-29 22:03:28,652 [WARN] IP:2250 - Analog_Filter not found: check if there is a RefParameter without a condition.
2026-03-29 22:03:28,652 [INFO] ImportTextPane:234 - (OptionalMessage_ERROR) IP (RCC) : Invalid parameter (FamilyName)
2026-03-29 22:03:28,652 [INFO] ImportTextPane:234 - (OptionalMessage_ERROR) IP (RCC) : Parameter (MCO2PinFreq_Value) has invalid value (168000000)
2026-03-29 22:03:28,656 [WARN] IP:2250 - DEVICE_SERIAL0_CDC_FS not found: check if there is a RefParameter without a condition.
2026-03-29 22:03:28,656 [WARN] IP:2250 - DEVICE_SERIAL1_CDC_FS not found: check if there is a RefParameter without a condition.
2026-03-29 22:03:28,656 [WARN] IP:2250 - DEVICE_SERIAL2_CDC_FS not found: check if there is a RefParameter without a condition.
2026-03-29 22:03:28,813 [INFO] UtilMem:75 - End LoadConfig() Used Memory: 642973344 Bytes (816840704)
2026-03-29 22:03:28,822 [WARN] ThirdParty:833 - waiting for thirdparty lock release [change project]
2026-03-29 22:03:28,822 [INFO] ThirdParty:835 - entering critical section [change project]
2026-03-29 22:03:28,822 [INFO] ThirdParty:1030 - CMSIS Pack Vendor :STMicroelectronics X-CUBE-AZRTOS-H7 3.5.0
2026-03-29 22:03:28,822 [INFO] ThirdParty:1030 - CMSIS Pack Vendor :STMicroelectronics X-CUBE-PM33A1 1.0.0
2026-03-29 22:03:28,822 [INFO] ThirdParty:1030 - CMSIS Pack Vendor :STMicroelectronics USBPD 4.1
2026-03-29 22:03:28,822 [INFO] ThirdParty:1030 - CMSIS Pack Vendor :STMicroelectronics X-CUBE-NFC9 1.0.0
2026-03-29 22:03:28,822 [INFO] ThirdParty:1030 - CMSIS Pack Vendor :STMicroelectronics USB_HOST 2.0.0
2026-03-29 22:03:28,822 [INFO] ThirdParty:1030 - CMSIS Pack Vendor :STMicroelectronics FP-SNS-MOTENVWB1 1.4.0
2026-03-29 22:03:28,822 [INFO] ThirdParty:1030 - CMSIS Pack Vendor :STMicroelectronics X-CUBE-AZRTOS-F4 1.1.0
2026-03-29 22:03:28,822 [INFO] ThirdParty:1030 - CMSIS Pack Vendor :STMicroelectronics LIBJPEG 8.0.0
2026-03-29 22:03:28,822 [INFO] ThirdParty:1030 - CMSIS Pack Vendor :STMicroelectronics FP-ATR-ASTRA1 2.0.2
2026-03-29 22:03:28,822 [INFO] ThirdParty:1030 - CMSIS Pack Vendor :wolfSSL I-CUBE-wolfSSL 5.8.2
2026-03-29 22:03:28,822 [INFO] ThirdParty:1030 - CMSIS Pack Vendor :STMicroelectronics X-CUBE-BLE1 7.1.0
2026-03-29 22:03:28,822 [INFO] ThirdParty:1030 - CMSIS Pack Vendor :STMicroelectronics X-CUBE-SMBUS 2.1.0
2026-03-29 22:03:28,822 [INFO] ThirdParty:1030 - CMSIS Pack Vendor :wolfSSL I-CUBE-wolfMQTT 1.19.2
2026-03-29 22:03:28,822 [INFO] ThirdParty:1030 - CMSIS Pack Vendor :STMicroelectronics USB_DEVICE 3.0.0
2026-03-29 22:03:28,822 [INFO] ThirdParty:1030 - CMSIS Pack Vendor :STMicroelectronics X-CUBE-ISPU 2.1.0
2026-03-29 22:03:28,822 [INFO] ThirdParty:1030 - CMSIS Pack Vendor :STMicroelectronics X-CUBE-FREERTOS 1.4.0
2026-03-29 22:03:28,822 [INFO] ThirdParty:1030 - CMSIS Pack Vendor :STMicroelectronics X-CUBE-EEPRMA1 5.2.0
2026-03-29 22:03:28,822 [INFO] ThirdParty:1030 - CMSIS Pack Vendor :STMicroelectronics X-CUBE-IPS 3.2.0
2026-03-29 22:03:28,822 [INFO] ThirdParty:1030 - CMSIS Pack Vendor :STMicroelectronics X-CUBE-BLEMGR 4.1.0
2026-03-29 22:03:28,822 [INFO] ThirdParty:1030 - CMSIS Pack Vendor :STMicroelectronics X-CUBE-AZRTOS-WB 2.0.0
2026-03-29 22:03:28,822 [INFO] ThirdParty:1030 - CMSIS Pack Vendor :STMicroelectronics X-CUBE-ST60 1.0.0
2026-03-29 22:03:28,822 [INFO] ThirdParty:1030 - CMSIS Pack Vendor :STMicroelectronics X-CUBE-GNSS1 7.0.1
2026-03-29 22:03:28,822 [INFO] ThirdParty:1030 - CMSIS Pack Vendor :STMicroelectronics X-CUBE-NFC12 1.0.0
2026-03-29 22:03:28,822 [INFO] ThirdParty:1030 - CMSIS Pack Vendor :STMicroelectronics X-CUBE-AZRTOS-F7 1.1.0
2026-03-29 22:03:28,823 [INFO] ThirdParty:1030 - CMSIS Pack Vendor :STMicroelectronics X-CUBE-AZRTOS-L5 2.0.0
2026-03-29 22:03:28,823 [INFO] ThirdParty:1030 - CMSIS Pack Vendor :STMicroelectronics USB_DEVICE 2.0.0
2026-03-29 22:03:28,823 [INFO] ThirdParty:1030 - CMSIS Pack Vendor :STMicroelectronics X-CUBE-NFC6 3.1.0
2026-03-29 22:03:28,823 [INFO] ThirdParty:1030 - CMSIS Pack Vendor :STMicroelectronics X-CUBE-ST67W61 1.1.0
2026-03-29 22:03:28,823 [INFO] ThirdParty:1030 - CMSIS Pack Vendor :Cesanta I-CUBE-Mongoose 7.19.0
2026-03-29 22:03:28,823 [INFO] ThirdParty:1030 - CMSIS Pack Vendor :quantropi X-CUBE-qispace-sdk-base 2.1.0
2026-03-29 22:03:28,823 [INFO] ThirdParty:1030 - CMSIS Pack Vendor :STMicroelectronics X-CUBE-MEMS1 12.0.0
2026-03-29 22:03:28,823 [INFO] ThirdParty:1030 - CMSIS Pack Vendor :STMicroelectronics X-CUBE-STSE01 2.0.0
2026-03-29 22:03:28,823 [INFO] ThirdParty:1030 - CMSIS Pack Vendor :STMicroelectronics FP-SNS-MOTENV1 5.1.0
2026-03-29 22:03:28,823 [INFO] ThirdParty:1030 - CMSIS Pack Vendor :STMicroelectronics FreeRTOS 0.0.1
2026-03-29 22:03:28,823 [INFO] ThirdParty:1030 - CMSIS Pack Vendor :STMicroelectronics X-CUBE-AZRTOS-G0 1.1.0
2026-03-29 22:03:28,823 [INFO] ThirdParty:1030 - CMSIS Pack Vendor :STMicroelectronics X-CUBE-SAFEA1 1.2.2
2026-03-29 22:03:28,823 [INFO] ThirdParty:1030 - CMSIS Pack Vendor :STMicroelectronics X-CUBE-NFC4 3.0.0
2026-03-29 22:03:28,823 [INFO] ThirdParty:1030 - CMSIS Pack Vendor :STMicroelectronics X-CUBE-SUBG2 5.0.0
2026-03-29 22:03:28,823 [INFO] ThirdParty:1030 - CMSIS Pack Vendor :STMicroelectronics X-CUBE-AZRTOS-H7RS 1.1.0
2026-03-29 22:03:28,823 [INFO] ThirdParty:1030 - CMSIS Pack Vendor :STMicroelectronics STM32_WPAN 1.0.0
2026-03-29 22:03:28,823 [INFO] ThirdParty:1030 - CMSIS Pack Vendor :EmbeddedOffice I-CUBE-FS-RTOS 1.0.1
2026-03-29 22:03:28,823 [INFO] ThirdParty:1030 - CMSIS Pack Vendor :STMicroelectronics lwIP 2.0.3
2026-03-29 22:03:28,823 [INFO] ThirdParty:1030 - CMSIS Pack Vendor :WES I-CUBE-Cesium 1.4.0
2026-03-29 22:03:28,823 [INFO] ThirdParty:1030 - CMSIS Pack Vendor :STMicroelectronics USB_HOST 1.0.0
2026-03-29 22:03:28,823 [INFO] ThirdParty:1030 - CMSIS Pack Vendor :Infineon AIROC-Wi-Fi-Bluetooth-STM32 1.7.1
2026-03-29 22:03:28,823 [INFO] ThirdParty:1030 - CMSIS Pack Vendor :STMicroelectronics X-CUBE-AZRTOS-G4 2.0.0
2026-03-29 22:03:28,823 [INFO] ThirdParty:1030 - CMSIS Pack Vendor :STMicroelectronics X-CUBE-WB05N 2.0.0
2026-03-29 22:03:28,823 [INFO] ThirdParty:1030 - CMSIS Pack Vendor :STMicroelectronics PDM2PCM 3.1.0
2026-03-29 22:03:28,823 [INFO] ThirdParty:1030 - CMSIS Pack Vendor :STMicroelectronics PDM2PCM 3.3.0
2026-03-29 22:03:28,823 [INFO] ThirdParty:1030 - CMSIS Pack Vendor :wolfSSL I-CUBE-wolfTPM 3.8.0
2026-03-29 22:03:28,823 [INFO] ThirdParty:1030 - CMSIS Pack Vendor :STMicroelectronics X-CUBE-AZRTOS-H7 3.4.0
2026-03-29 22:03:28,823 [INFO] ThirdParty:1030 - CMSIS Pack Vendor :STMicroelectronics X-CUBE-DISPLAY 3.0.0
2026-03-29 22:03:28,823 [INFO] ThirdParty:1030 - CMSIS Pack Vendor :wolfSSL I-CUBE-wolfSSH 1.4.20
2026-03-29 22:03:28,823 [INFO] ThirdParty:1030 - CMSIS Pack Vendor :STMicroelectronics X-CUBE-NFC7 2.0.0
2026-03-29 22:03:28,823 [INFO] ThirdParty:1030 - CMSIS Pack Vendor :STMicroelectronics FP-SNS-MOTENVWB1 1.5.0
2026-03-29 22:03:28,823 [INFO] ThirdParty:1030 - CMSIS Pack Vendor :STMicroelectronics X-CUBE-TCPP 4.2.0
2026-03-29 22:03:28,823 [INFO] ThirdParty:1030 - CMSIS Pack Vendor :RealThread X-CUBE-RT-Thread_Nano 4.1.1
2026-03-29 22:03:28,823 [INFO] ThirdParty:1030 - CMSIS Pack Vendor :STMicroelectronics FP-ATR-SIGFOX1 3.2.0
2026-03-29 22:03:28,823 [INFO] ThirdParty:1030 - CMSIS Pack Vendor :STMicroelectronics X-CUBE-NFC10 1.0.0
2026-03-29 22:03:28,823 [INFO] ThirdParty:1030 - CMSIS Pack Vendor :STMicroelectronics X-CUBE-FREERTOS 1.3.1
2026-03-29 22:03:28,823 [INFO] ThirdParty:1030 - CMSIS Pack Vendor :STMicroelectronics HAL Drivers 0.0.0
2026-03-29 22:03:28,823 [INFO] ThirdParty:1030 - CMSIS Pack Vendor :STMicroelectronics X-CUBE-FREERTOS 1.5.0
2026-03-29 22:03:28,823 [INFO] ThirdParty:1030 - CMSIS Pack Vendor :STMicroelectronics MBEDTLS 2.16.2
2026-03-29 22:03:28,823 [INFO] ThirdParty:1030 - CMSIS Pack Vendor :STMicroelectronics X-CUBE-ST60 1.1.0
2026-03-29 22:03:28,823 [INFO] ThirdParty:1030 - CMSIS Pack Vendor :STMicroelectronics X-CUBE-ALS 1.0.2
2026-03-29 22:03:28,823 [INFO] ThirdParty:1030 - CMSIS Pack Vendor :emotas I-CUBE-CANOPEN 1.3.0
2026-03-29 22:03:28,823 [INFO] ThirdParty:1030 - CMSIS Pack Vendor :STMicroelectronics MBEDTLS 2.14.1
2026-03-29 22:03:28,823 [INFO] ThirdParty:1030 - CMSIS Pack Vendor :STMicroelectronics X-CUBE-GNSS1 7.1.0
2026-03-29 22:03:28,823 [INFO] ThirdParty:1030 - CMSIS Pack Vendor :ITTIA_DB I-CUBE-ITTIADB 8.9.0
2026-03-29 22:03:28,824 [INFO] ThirdParty:1030 - CMSIS Pack Vendor :STMicroelectronics X-CUBE-TOUCHGFX 4.26.0
2026-03-29 22:03:28,824 [INFO] ThirdParty:1030 - CMSIS Pack Vendor :STMicroelectronics X-CUBE-STSE01 1.0.0
2026-03-29 22:03:28,824 [INFO] ThirdParty:1030 - CMSIS Pack Vendor :STMicroelectronics X-CUBE-TOUCHGFX 4.26.1
2026-03-29 22:03:28,824 [INFO] ThirdParty:1030 - CMSIS Pack Vendor :STMicroelectronics X-CUBE-NFC6 3.2.0
2026-03-29 22:03:28,824 [INFO] ThirdParty:1030 - CMSIS Pack Vendor :STMicroelectronics ThreadX 1.0.0
2026-03-29 22:03:28,824 [INFO] ThirdParty:1030 - CMSIS Pack Vendor :STMicroelectronics FP-SNS-SMARTAG2 1.2.0
2026-03-29 22:03:28,824 [INFO] ThirdParty:1030 - CMSIS Pack Vendor :STMicroelectronics FP-SNS-FLIGHT1 5.1.0
2026-03-29 22:03:28,824 [INFO] ThirdParty:1030 - CMSIS Pack Vendor :STMicroelectronics X-CUBE-AZRTOS-WL 2.0.0
2026-03-29 22:03:28,824 [INFO] ThirdParty:1030 - CMSIS Pack Vendor :SEGGER I-CUBE-embOS 1.3.1
2026-03-29 22:03:28,824 [INFO] ThirdParty:1030 - CMSIS Pack Vendor :STMicroelectronics X-CUBE-ALGOBUILD 1.4.0
2026-03-29 22:03:28,824 [INFO] ThirdParty:1030 - CMSIS Pack Vendor :STMicroelectronics X-CUBE-DPower 1.3.0
2026-03-29 22:03:28,824 [INFO] ThirdParty:1030 - CMSIS Pack Vendor :STMicroelectronics X-CUBE-MEMS1 11.3.0
2026-03-29 22:03:28,824 [INFO] ThirdParty:1030 - CMSIS Pack Vendor :STMicroelectronics FP-SNS-MOTENV1 5.0.0
2026-03-29 22:03:28,824 [INFO] ThirdParty:1030 - CMSIS Pack Vendor :STMicroelectronics USB_DEVICE 1.0.0
2026-03-29 22:03:28,824 [INFO] ThirdParty:1030 - CMSIS Pack Vendor :STMicroelectronics X-CUBE-AZRTOS-H7RS 1.2.0
2026-03-29 22:03:28,824 [INFO] ThirdParty:1030 - CMSIS Pack Vendor :STMicroelectronics X-CUBE-AZRTOS-L4 2.0.0
2026-03-29 22:03:28,824 [INFO] ThirdParty:1030 - CMSIS Pack Vendor :STMicroelectronics ThreadX 0.0.2
2026-03-29 22:03:28,824 [INFO] ThirdParty:1030 - CMSIS Pack Vendor :STMicroelectronics lwIP 2.1.2
2026-03-29 22:03:28,824 [INFO] ThirdParty:1030 - CMSIS Pack Vendor :STMicroelectronics X-CUBE-SFXS2LP1 4.0.0
2026-03-29 22:03:28,824 [INFO] ThirdParty:1030 - CMSIS Pack Vendor :STMicroelectronics X-CUBE-BLE2 3.3.0
2026-03-29 22:03:28,824 [INFO] ThirdParty:1030 - CMSIS Pack Vendor :Avnet-IOTCONNECT X-CUBE-iotc-st67-sdk 1.0.0
2026-03-29 22:03:28,824 [INFO] ThirdParty:1030 - CMSIS Pack Vendor :STMicroelectronics X-CUBE-TOF1 3.4.3
2026-03-29 22:03:28,824 [INFO] ThirdParty:1030 - CMSIS Pack Vendor :STMicroelectronics PDM2PCM 3.2.0
2026-03-29 22:03:28,824 [INFO] ThirdParty:1030 - CMSIS Pack Vendor :STMicroelectronics X-CUBE-ST67W61 1.2.0
2026-03-29 22:03:28,824 [INFO] ThirdParty:841 - exiting critical section [change project]
2026-03-29 22:03:28,996 [INFO] PinOutPanel:1589 - setPackage(No Configuration,No Configuration)
2026-03-29 22:03:28,996 [INFO] PinOutPanel:1589 - setPackage(STM32F446RETx,LQFP64)
2026-03-29 22:03:29,335 [INFO] UtilMem:75 - Before build in PCC Used Memory: 524812288 Bytes (816840704)
2026-03-29 22:03:29,511 [INFO] UtilMem:75 - After build in PCC Used Memory: 575143936 Bytes (816840704)
2026-03-29 22:03:29,520 [INFO] ApiDbMcu:532 - Load IP Config File for USB_DEVICE
2026-03-29 22:03:29,536 [INFO] IPUIPlugin:80 - create IPUIPlugin
2026-03-29 22:03:29,536 [INFO] IPUIPlugin:80 - create IPUIPlugin
2026-03-29 22:03:29,536 [INFO] IPUIPlugin:80 - create IPUIPlugin
2026-03-29 22:03:29,536 [INFO] IPUIPlugin:80 - create IPUIPlugin
2026-03-29 22:03:29,536 [INFO] IPUIPlugin:80 - create IPUIPlugin
2026-03-29 22:03:29,536 [INFO] IPUIPlugin:80 - create IPUIPlugin
2026-03-29 22:03:29,536 [INFO] IPUIPlugin:80 - create IPUIPlugin
2026-03-29 22:03:29,536 [INFO] IPUIPlugin:80 - create IPUIPlugin
2026-03-29 22:03:29,536 [INFO] IPUIPlugin:80 - create IPUIPlugin
2026-03-29 22:03:29,537 [INFO] IPUIPlugin:80 - create IPUIPlugin
2026-03-29 22:03:29,537 [INFO] IPUIPlugin:80 - create IPUIPlugin
2026-03-29 22:03:29,537 [INFO] IPUIPlugin:80 - create IPUIPlugin
2026-03-29 22:03:29,537 [INFO] IPUIPlugin:80 - create IPUIPlugin
2026-03-29 22:03:29,537 [INFO] IPUIPlugin:80 - create IPUIPlugin
2026-03-29 22:03:29,537 [INFO] IPUIPlugin:80 - create IPUIPlugin
2026-03-29 22:03:29,537 [INFO] IPUIPlugin:80 - create IPUIPlugin
2026-03-29 22:03:29,537 [INFO] IPUIPlugin:80 - create IPUIPlugin
2026-03-29 22:03:29,537 [INFO] IPUIPlugin:80 - create IPUIPlugin
2026-03-29 22:03:29,537 [INFO] IPUIPlugin:80 - create IPUIPlugin
2026-03-29 22:03:29,538 [INFO] IPUIPlugin:80 - create IPUIPlugin
2026-03-29 22:03:29,538 [INFO] IPUIPlugin:80 - create IPUIPlugin
2026-03-29 22:03:29,538 [INFO] IPUIPlugin:80 - create IPUIPlugin
2026-03-29 22:03:29,538 [INFO] IPUIPlugin:80 - create IPUIPlugin
2026-03-29 22:03:29,538 [INFO] IPUIPlugin:80 - create IPUIPlugin
2026-03-29 22:03:29,538 [INFO] IPUIPlugin:80 - create IPUIPlugin
2026-03-29 22:03:29,538 [INFO] IPUIPlugin:80 - create IPUIPlugin
2026-03-29 22:03:29,538 [INFO] IPUIPlugin:80 - create IPUIPlugin
2026-03-29 22:03:29,538 [INFO] IPUIPlugin:80 - create IPUIPlugin
2026-03-29 22:03:29,539 [INFO] IPUIPlugin:80 - create IPUIPlugin
2026-03-29 22:03:29,539 [INFO] IPUIPlugin:80 - create IPUIPlugin
2026-03-29 22:03:29,539 [INFO] IPUIPlugin:80 - create IPUIPlugin
2026-03-29 22:03:29,539 [INFO] IPUIPlugin:80 - create IPUIPlugin
2026-03-29 22:03:29,539 [INFO] IPUIPlugin:80 - create IPUIPlugin
2026-03-29 22:03:29,539 [INFO] IPUIPlugin:80 - create IPUIPlugin
2026-03-29 22:03:29,539 [INFO] IPUIPlugin:80 - create IPUIPlugin
2026-03-29 22:03:29,539 [INFO] IPUIPlugin:80 - create IPUIPlugin
2026-03-29 22:03:29,539 [INFO] IPUIPlugin:80 - create IPUIPlugin
2026-03-29 22:03:29,540 [INFO] IPUIPlugin:80 - create IPUIPlugin
2026-03-29 22:03:29,540 [INFO] IPUIPlugin:80 - create IPUIPlugin
2026-03-29 22:03:29,540 [INFO] IPUIPlugin:80 - create IPUIPlugin
2026-03-29 22:03:29,540 [INFO] IPUIPlugin:80 - create IPUIPlugin
2026-03-29 22:03:29,540 [INFO] IPUIPlugin:80 - create IPUIPlugin
2026-03-29 22:03:29,540 [INFO] IPUIPlugin:80 - create IPUIPlugin
2026-03-29 22:03:29,541 [INFO] IPUIPlugin:80 - create IPUIPlugin
2026-03-29 22:03:29,541 [INFO] IPUIPlugin:80 - create IPUIPlugin
2026-03-29 22:03:29,541 [INFO] IPUIPlugin:80 - create IPUIPlugin
2026-03-29 22:03:29,541 [INFO] IPUIPlugin:80 - create IPUIPlugin
2026-03-29 22:03:29,541 [INFO] IPUIPlugin:80 - create IPUIPlugin
2026-03-29 22:03:29,541 [INFO] IPUIPlugin:80 - create IPUIPlugin
2026-03-29 22:03:29,542 [INFO] IPUIPlugin:80 - create IPUIPlugin
2026-03-29 22:03:29,542 [INFO] IPUIPlugin:80 - create IPUIPlugin
2026-03-29 22:03:29,542 [INFO] IPUIPlugin:80 - create IPUIPlugin
2026-03-29 22:03:29,542 [INFO] IPUIPlugin:80 - create IPUIPlugin
2026-03-29 22:03:29,542 [INFO] IPUIPlugin:80 - create IPUIPlugin
2026-03-29 22:03:29,543 [INFO] IPUIPlugin:80 - create IPUIPlugin
2026-03-29 22:03:29,543 [INFO] IPUIPlugin:80 - create IPUIPlugin
2026-03-29 22:03:29,543 [INFO] IPUIPlugin:80 - create IPUIPlugin
2026-03-29 22:03:29,543 [INFO] IPUIPlugin:80 - create IPUIPlugin
2026-03-29 22:03:29,543 [INFO] IPUIPlugin:80 - create IPUIPlugin
2026-03-29 22:03:29,544 [INFO] IPUIPlugin:80 - create IPUIPlugin
2026-03-29 22:03:29,546 [INFO] ApiDbMcu:532 - Load IP Config File for PDM2PCM
2026-03-29 22:03:29,547 [INFO] Can:71 - Can Add PropertyChangeListener com.st.microxplorer.plugins.ip.can.Can@212b47d8
2026-03-29 22:03:29,547 [WARN] IP:2250 - I2C_Coeff_DF not found: check if there is a RefParameter without a condition.
2026-03-29 22:03:29,547 [WARN] IP:2250 - Analog_Filter not found: check if there is a RefParameter without a condition.
2026-03-29 22:03:29,586 [INFO] CADModel:165 - CPN selected for project levelSTM32F446RET6
2026-03-29 22:03:29,586 [INFO] CADModel:114 - Register for checkConnection events
2026-03-29 22:03:29,623 [INFO] OpenFileManager:386 - Restore cursor
2026-03-29 22:03:29,755 [WARN] IP:2250 - DEVICE_SERIAL0_CDC_FS not found: check if there is a RefParameter without a condition.
2026-03-29 22:03:29,755 [WARN] IP:2250 - DEVICE_SERIAL1_CDC_FS not found: check if there is a RefParameter without a condition.
2026-03-29 22:03:29,755 [WARN] IP:2250 - DEVICE_SERIAL2_CDC_FS not found: check if there is a RefParameter without a condition.
2026-03-29 22:03:29,755 [WARN] IP:2250 - DEVICE_SERIAL0_CDC_FS not found: check if there is a RefParameter without a condition.
2026-03-29 22:03:29,755 [WARN] IP:2250 - DEVICE_SERIAL1_CDC_FS not found: check if there is a RefParameter without a condition.
2026-03-29 22:03:29,755 [WARN] IP:2250 - DEVICE_SERIAL2_CDC_FS not found: check if there is a RefParameter without a condition.
2026-03-29 22:03:29,783 [WARN] IP:2250 - I2C_Coeff_DF not found: check if there is a RefParameter without a condition.
2026-03-29 22:03:29,783 [WARN] IP:2250 - Analog_Filter not found: check if there is a RefParameter without a condition.
2026-03-29 22:03:29,783 [WARN] IP:2250 - I2C_Coeff_DF not found: check if there is a RefParameter without a condition.
2026-03-29 22:03:29,783 [WARN] IP:2250 - Analog_Filter not found: check if there is a RefParameter without a condition.
2026-03-29 22:03:50,545 [WARN] IP:2250 - I2C_Coeff_DF not found: check if there is a RefParameter without a condition.
2026-03-29 22:03:50,545 [WARN] IP:2250 - Analog_Filter not found: check if there is a RefParameter without a condition.
2026-03-29 22:03:50,545 [WARN] IP:2250 - I2C_Coeff_DF not found: check if there is a RefParameter without a condition.
2026-03-29 22:03:50,545 [WARN] IP:2250 - Analog_Filter not found: check if there is a RefParameter without a condition.
2026-03-29 22:03:57,061 [INFO] UtilMem:75 - End SaveConfig() Used Memory: 505422704 Bytes (816840704)
2026-03-29 22:03:58,936 [INFO] UtilMem:75 - End SaveConfig() Used Memory: 602940272 Bytes (816840704)
2026-03-29 22:03:59,000 [INFO] BlockDiagram:2775 - set Specific Code input for plugin: TIM6_7
2026-03-29 22:03:59,000 [INFO] BlockDiagram:2775 - set Specific Code input for plugin: TIM6_7
2026-03-29 22:03:59,000 [INFO] BlockDiagram:2775 - set Specific Code input for plugin: CAN
2026-03-29 22:03:59,000 [INFO] BlockDiagram:2775 - set Specific Code input for plugin: USB_DEVICE
2026-03-29 22:03:59,000 [INFO] BlockDiagram:2775 - set Specific Code input for plugin: SYS
2026-03-29 22:03:59,000 [INFO] BlockDiagram:2775 - set Specific Code input for plugin: RCC
2026-03-29 22:03:59,000 [INFO] BlockDiagram:2775 - set Specific Code input for plugin: I2C
2026-03-29 22:03:59,000 [INFO] BlockDiagram:2775 - set Specific Code input for plugin: USB_OTG_FS
2026-03-29 22:03:59,000 [INFO] BlockDiagram:2775 - set Specific Code input for plugin: NVIC
2026-03-29 22:03:59,000 [INFO] BlockDiagram:2775 - set Specific Code input for plugin: USART
2026-03-29 22:03:59,000 [INFO] BlockDiagram:2775 - set Specific Code input for plugin: TIM1_8
2026-03-29 22:03:59,000 [INFO] BlockDiagram:2775 - set Specific Code input for plugin: DMA
2026-03-29 22:03:59,000 [INFO] BlockDiagram:2775 - set Specific Code input for plugin: GPIO
2026-03-29 22:03:59,001 [INFO] CodeGenerator:892 - code generatio: config db path: /opt/st/stm32cubeide_1.19.0/plugins/com.st.stm32cube.common.mx_6.15.0.202507011659//db/
2026-03-29 22:03:59,003 [WARN] IP:2250 - I2C_Coeff_DF not found: check if there is a RefParameter without a condition.
2026-03-29 22:03:59,003 [WARN] IP:2250 - Analog_Filter not found: check if there is a RefParameter without a condition.
2026-03-29 22:03:59,004 [INFO] Argument:325 - Argument : hdmavalue: null
2026-03-29 22:03:59,004 [INFO] Argument:327 - 	 sub Args: 
2026-03-29 22:03:59,004 [INFO] Argument:325 - Argument : Instancevalue: DMA1_Stream2
2026-03-29 22:03:59,004 [INFO] Argument:335 - Argument : Instancevalue: DMA1_Stream2
2026-03-29 22:03:59,004 [INFO] Argument:325 - Argument : Initvalue: null
2026-03-29 22:03:59,004 [INFO] Argument:327 - 	 sub Args: 
2026-03-29 22:03:59,004 [INFO] Argument:325 - Argument : Channelvalue: DMA_CHANNEL_3
2026-03-29 22:03:59,004 [INFO] Argument:335 - Argument : Channelvalue: DMA_CHANNEL_3
2026-03-29 22:03:59,004 [INFO] Argument:325 - Argument : Directionvalue: DMA_PERIPH_TO_MEMORY
2026-03-29 22:03:59,004 [INFO] Argument:335 - Argument : Directionvalue: DMA_PERIPH_TO_MEMORY
2026-03-29 22:03:59,004 [INFO] Argument:325 - Argument : PeriphIncvalue: DMA_PINC_DISABLE
2026-03-29 22:03:59,004 [INFO] Argument:335 - Argument : PeriphIncvalue: DMA_PINC_DISABLE
2026-03-29 22:03:59,004 [INFO] Argument:325 - Argument : MemIncvalue: DMA_MINC_ENABLE
2026-03-29 22:03:59,004 [INFO] Argument:335 - Argument : MemIncvalue: DMA_MINC_ENABLE
2026-03-29 22:03:59,004 [INFO] Argument:325 - Argument : PeriphDataAlignmentvalue: DMA_PDATAALIGN_BYTE
2026-03-29 22:03:59,004 [INFO] Argument:335 - Argument : PeriphDataAlignmentvalue: DMA_PDATAALIGN_BYTE
2026-03-29 22:03:59,004 [INFO] Argument:325 - Argument : MemDataAlignmentvalue: DMA_MDATAALIGN_BYTE
2026-03-29 22:03:59,004 [INFO] Argument:335 - Argument : MemDataAlignmentvalue: DMA_MDATAALIGN_BYTE
2026-03-29 22:03:59,004 [INFO] Argument:325 - Argument : Modevalue: DMA_CIRCULAR
2026-03-29 22:03:59,004 [INFO] Argument:335 - Argument : Modevalue: DMA_CIRCULAR
2026-03-29 22:03:59,004 [INFO] Argument:325 - Argument : Priorityvalue: DMA_PRIORITY_HIGH
2026-03-29 22:03:59,004 [INFO] Argument:335 - Argument : Priorityvalue: DMA_PRIORITY_HIGH
2026-03-29 22:03:59,004 [INFO] Argument:325 - Argument : FIFOModevalue: DMA_FIFOMODE_DISABLE
2026-03-29 22:03:59,004 [INFO] Argument:335 - Argument : FIFOModevalue: DMA_FIFOMODE_DISABLE
2026-03-29 22:03:59,004 [INFO] Argument:325 - Argument : FIFOThresholdvalue: null
2026-03-29 22:03:59,004 [INFO] Argument:335 - Argument : FIFOThresholdvalue: null
2026-03-29 22:03:59,004 [INFO] Argument:325 - Argument : MemBurstvalue: null
2026-03-29 22:03:59,004 [INFO] Argument:335 - Argument : MemBurstvalue: null
2026-03-29 22:03:59,004 [INFO] Argument:325 - Argument : PeriphBurstvalue: null
2026-03-29 22:03:59,004 [INFO] Argument:335 - Argument : PeriphBurstvalue: null
2026-03-29 22:03:59,004 [INFO] Argument:325 - Argument : Lockvalue: null
2026-03-29 22:03:59,004 [INFO] Argument:335 - Argument : Lockvalue: null
2026-03-29 22:03:59,004 [INFO] Argument:325 - Argument : Statevalue: null
2026-03-29 22:03:59,004 [INFO] Argument:335 - Argument : Statevalue: null
2026-03-29 22:03:59,004 [INFO] Argument:325 - Argument : Parentvalue: null
2026-03-29 22:03:59,004 [INFO] Argument:335 - Argument : Parentvalue: null
2026-03-29 22:03:59,004 [INFO] Argument:325 - Argument : XferCpltCallbackvalue: null
2026-03-29 22:03:59,004 [INFO] Argument:335 - Argument : XferCpltCallbackvalue: null
2026-03-29 22:03:59,004 [INFO] Argument:325 - Argument : XferHalfCpltCallbackvalue: null
2026-03-29 22:03:59,004 [INFO] Argument:335 - Argument : XferHalfCpltCallbackvalue: null
2026-03-29 22:03:59,004 [INFO] Argument:325 - Argument : XferM1CpltCallbackvalue: null
2026-03-29 22:03:59,004 [INFO] Argument:335 - Argument : XferM1CpltCallbackvalue: null
2026-03-29 22:03:59,004 [INFO] Argument:325 - Argument : XferErrorCallbackvalue: null
2026-03-29 22:03:59,004 [INFO] Argument:335 - Argument : XferErrorCallbackvalue: null
2026-03-29 22:03:59,004 [INFO] Argument:325 - Argument : ErrorCodevalue: null
2026-03-29 22:03:59,004 [INFO] Argument:335 - Argument : ErrorCodevalue: null
2026-03-29 22:03:59,019 [WARN] IP:2250 - DEVICE_SERIAL0_CDC_FS not found: check if there is a RefParameter without a condition.
2026-03-29 22:03:59,019 [WARN] IP:2250 - DEVICE_SERIAL1_CDC_FS not found: check if there is a RefParameter without a condition.
2026-03-29 22:03:59,019 [WARN] IP:2250 - DEVICE_SERIAL2_CDC_FS not found: check if there is a RefParameter without a condition.
2026-03-29 22:03:59,060 [INFO] CodeEngine:265 - oldGeneratedFile, /home/kamil/STM32CubeIDE/workspace_1.19.0/PCB_STM/MXTmpFiles/license.tmp_save
2026-03-29 22:03:59,195 [INFO] CodeEngine:289 - Generated code: /home/kamil/STM32CubeIDE/workspace_1.19.0/PCB_STM/MXTmpFiles/license.tmp
2026-03-29 22:03:59,245 [INFO] CodeEngine:265 - oldGeneratedFile, /home/kamil/STM32CubeIDE/workspace_1.19.0/PCB_STM/MXTmpFiles/gpio.tmp_save
2026-03-29 22:03:59,331 [INFO] CodeEngine:289 - Generated code: /home/kamil/STM32CubeIDE/workspace_1.19.0/PCB_STM/MXTmpFiles/gpio.tmp
2026-03-29 22:03:59,358 [WARN] IPConfigManager:3238 - Warning: the RefConfig PWREx_EnableUSBVoltageDetector is not available in your config.xml file
2026-03-29 22:03:59,362 [INFO] CodeEngine:265 - oldGeneratedFile, /home/kamil/STM32CubeIDE/workspace_1.19.0/PCB_STM/MXTmpFiles/usb_otg_fs_vars.tmp_save
2026-03-29 22:03:59,433 [INFO] CodeEngine:289 - Generated code: /home/kamil/STM32CubeIDE/workspace_1.19.0/PCB_STM/MXTmpFiles/usb_otg_fs_vars.tmp
2026-03-29 22:03:59,433 [INFO] CodeEngine:265 - oldGeneratedFile, /home/kamil/STM32CubeIDE/workspace_1.19.0/PCB_STM/MXTmpFiles/usb_otg_fs_inc.tmp_save
2026-03-29 22:03:59,507 [INFO] CodeEngine:289 - Generated code: /home/kamil/STM32CubeIDE/workspace_1.19.0/PCB_STM/MXTmpFiles/usb_otg_fs_inc.tmp
2026-03-29 22:03:59,509 [INFO] CodeEngine:265 - oldGeneratedFile, /home/kamil/STM32CubeIDE/workspace_1.19.0/PCB_STM/MXTmpFiles/usb_otg_fs_HalInit.tmp_save
2026-03-29 22:03:59,576 [INFO] CodeEngine:289 - Generated code: /home/kamil/STM32CubeIDE/workspace_1.19.0/PCB_STM/MXTmpFiles/usb_otg_fs_HalInit.tmp
2026-03-29 22:03:59,577 [INFO] CodeEngine:265 - oldGeneratedFile, /home/kamil/STM32CubeIDE/workspace_1.19.0/PCB_STM/MXTmpFiles/usb_otg_fs_Msp.tmp_save
2026-03-29 22:03:59,638 [INFO] CodeEngine:289 - Generated code: /home/kamil/STM32CubeIDE/workspace_1.19.0/PCB_STM/MXTmpFiles/usb_otg_fs_Msp.tmp
2026-03-29 22:03:59,851 [INFO] Middleware:1452 - No code input for Bsp Dependency
2026-03-29 22:03:59,860 [INFO] CodeEngine:265 - oldGeneratedFile, /home/kamil/STM32CubeIDE/workspace_1.19.0/PCB_STM/MXTmpFiles/dma.tmp_save
2026-03-29 22:03:59,913 [INFO] CodeEngine:289 - Generated code: /home/kamil/STM32CubeIDE/workspace_1.19.0/PCB_STM/MXTmpFiles/dma.tmp
2026-03-29 22:03:59,914 [INFO] CodeEngine:265 - oldGeneratedFile, /home/kamil/STM32CubeIDE/workspace_1.19.0/PCB_STM/MXTmpFiles/dma_GV.tmp_save
2026-03-29 22:03:59,977 [INFO] CodeEngine:289 - Generated code: /home/kamil/STM32CubeIDE/workspace_1.19.0/PCB_STM/MXTmpFiles/dma_GV.tmp
2026-03-29 22:03:59,992 [INFO] Middleware:1452 - No code input for Bsp Dependency
2026-03-29 22:03:59,995 [INFO] CodeEngine:265 - oldGeneratedFile, /home/kamil/STM32CubeIDE/workspace_1.19.0/PCB_STM/USB_DEVICE/App/usb_device.c_save
2026-03-29 22:04:00,052 [INFO] CodeEngine:289 - Generated code: /home/kamil/STM32CubeIDE/workspace_1.19.0/PCB_STM/USB_DEVICE/App/usb_device.c
2026-03-29 22:04:00,053 [INFO] CodeEngine:265 - oldGeneratedFile, /home/kamil/STM32CubeIDE/workspace_1.19.0/PCB_STM/USB_DEVICE/App/usb_device.h_save
2026-03-29 22:04:00,111 [INFO] CodeEngine:289 - Generated code: /home/kamil/STM32CubeIDE/workspace_1.19.0/PCB_STM/USB_DEVICE/App/usb_device.h
2026-03-29 22:04:00,113 [INFO] CodeEngine:265 - oldGeneratedFile, /home/kamil/STM32CubeIDE/workspace_1.19.0/PCB_STM/USB_DEVICE/Target/usbd_conf.h_save
2026-03-29 22:04:00,172 [INFO] CodeEngine:289 - Generated code: /home/kamil/STM32CubeIDE/workspace_1.19.0/PCB_STM/USB_DEVICE/Target/usbd_conf.h
2026-03-29 22:04:00,173 [INFO] CodeEngine:265 - oldGeneratedFile, /home/kamil/STM32CubeIDE/workspace_1.19.0/PCB_STM/USB_DEVICE/Target/usbd_conf.c_save
2026-03-29 22:04:00,236 [INFO] CodeEngine:289 - Generated code: /home/kamil/STM32CubeIDE/workspace_1.19.0/PCB_STM/USB_DEVICE/Target/usbd_conf.c
2026-03-29 22:04:00,238 [INFO] CodeEngine:265 - oldGeneratedFile, /home/kamil/STM32CubeIDE/workspace_1.19.0/PCB_STM/USB_DEVICE/App/usbd_desc.h_save
2026-03-29 22:04:00,286 [INFO] CodeEngine:289 - Generated code: /home/kamil/STM32CubeIDE/workspace_1.19.0/PCB_STM/USB_DEVICE/App/usbd_desc.h
2026-03-29 22:04:00,287 [INFO] CodeEngine:265 - oldGeneratedFile, /home/kamil/STM32CubeIDE/workspace_1.19.0/PCB_STM/USB_DEVICE/App/usbd_desc.c_save
2026-03-29 22:04:00,333 [INFO] CodeEngine:289 - Generated code: /home/kamil/STM32CubeIDE/workspace_1.19.0/PCB_STM/USB_DEVICE/App/usbd_desc.c
2026-03-29 22:04:00,334 [INFO] CodeEngine:265 - oldGeneratedFile, /home/kamil/STM32CubeIDE/workspace_1.19.0/PCB_STM/USB_DEVICE/App/usbd_cdc_if.h_save
2026-03-29 22:04:00,391 [INFO] CodeEngine:289 - Generated code: /home/kamil/STM32CubeIDE/workspace_1.19.0/PCB_STM/USB_DEVICE/App/usbd_cdc_if.h
2026-03-29 22:04:00,393 [INFO] CodeEngine:265 - oldGeneratedFile, /home/kamil/STM32CubeIDE/workspace_1.19.0/PCB_STM/USB_DEVICE/App/usbd_cdc_if.c_save
2026-03-29 22:04:00,461 [INFO] CodeEngine:289 - Generated code: /home/kamil/STM32CubeIDE/workspace_1.19.0/PCB_STM/USB_DEVICE/App/usbd_cdc_if.c
2026-03-29 22:04:00,468 [INFO] CodeEngine:265 - oldGeneratedFile, /home/kamil/STM32CubeIDE/workspace_1.19.0/PCB_STM/Core/Src/stm32f4xx_it.c_save
2026-03-29 22:04:00,546 [INFO] CodeEngine:289 - Generated code: /home/kamil/STM32CubeIDE/workspace_1.19.0/PCB_STM/Core/Src/stm32f4xx_it.c
2026-03-29 22:04:00,547 [INFO] CodeEngine:265 - oldGeneratedFile, /home/kamil/STM32CubeIDE/workspace_1.19.0/PCB_STM/Core/Inc/stm32f4xx_it.h_save
2026-03-29 22:04:00,594 [INFO] CodeEngine:289 - Generated code: /home/kamil/STM32CubeIDE/workspace_1.19.0/PCB_STM/Core/Inc/stm32f4xx_it.h
2026-03-29 22:04:00,601 [INFO] CodeEngine:265 - oldGeneratedFile, /home/kamil/STM32CubeIDE/workspace_1.19.0/PCB_STM/Core/Src/stm32f4xx_hal_msp.c_save
2026-03-29 22:04:00,662 [INFO] CodeEngine:289 - Generated code: /home/kamil/STM32CubeIDE/workspace_1.19.0/PCB_STM/Core/Src/stm32f4xx_hal_msp.c
2026-03-29 22:04:00,663 [INFO] CodeEngine:265 - oldGeneratedFile, /home/kamil/STM32CubeIDE/workspace_1.19.0/PCB_STM/MXTmpFiles/system.tmp_save
2026-03-29 22:04:00,696 [INFO] CodeEngine:289 - Generated code: /home/kamil/STM32CubeIDE/workspace_1.19.0/PCB_STM/MXTmpFiles/system.tmp
2026-03-29 22:04:00,697 [INFO] CodeEngine:265 - oldGeneratedFile, /home/kamil/STM32CubeIDE/workspace_1.19.0/PCB_STM/Core/Inc/stm32_assert.h_save
2026-03-29 22:04:00,734 [INFO] CodeEngine:289 - Generated code: /home/kamil/STM32CubeIDE/workspace_1.19.0/PCB_STM/Core/Inc/stm32_assert.h
2026-03-29 22:04:00,736 [INFO] CodeEngine:321 - oldGeneratedFile, /home/kamil/STM32CubeIDE/workspace_1.19.0/PCB_STM/Core/Inc/stm32f4xx_hal_conf.h_save
2026-03-29 22:04:00,777 [INFO] CodeEngine:345 - Generated code: /home/kamil/STM32CubeIDE/workspace_1.19.0/PCB_STM/Core/Inc/stm32f4xx_hal_conf.h
2026-03-29 22:04:00,789 [WARN] IPConfigManager:3238 - Warning: the RefConfig PLL2P_FOR_MCO is not available in your config.xml file
2026-03-29 22:04:00,793 [INFO] ApiDbMcu:532 - Load IP Config File for CAN1
2026-03-29 22:04:00,794 [INFO] ApiDbMcu:532 - Load IP Config File for I2C3
2026-03-29 22:04:00,799 [INFO] ApiDbMcu:532 - Load IP Config File for TIM6
2026-03-29 22:04:00,803 [INFO] ApiDbMcu:532 - Load IP Config File for TIM7
2026-03-29 22:04:00,808 [INFO] ApiDbMcu:532 - Load IP Config File for TIM10
2026-03-29 22:04:00,810 [INFO] ApiDbMcu:532 - Load IP Config File for USART2
2026-03-29 22:04:00,811 [INFO] ApiDbMcu:532 - Load IP Config File for RCC
2026-03-29 22:04:00,813 [WARN] IPConfigManager:3811 - IP not found : TIM
2026-03-29 22:04:00,813 [WARN] CodeGenerator:4259 - IP not found : null
2026-03-29 22:04:00,815 [INFO] CodeEngine:265 - oldGeneratedFile, /home/kamil/STM32CubeIDE/workspace_1.19.0/PCB_STM/Core/Inc/main.h_save
2026-03-29 22:04:00,860 [INFO] CodeEngine:289 - Generated code: /home/kamil/STM32CubeIDE/workspace_1.19.0/PCB_STM/Core/Inc/main.h
2026-03-29 22:04:00,861 [INFO] CodeEngine:265 - oldGeneratedFile, /home/kamil/STM32CubeIDE/workspace_1.19.0/PCB_STM/Core/Src/main.c_save
2026-03-29 22:04:00,952 [INFO] CodeEngine:289 - Generated code: /home/kamil/STM32CubeIDE/workspace_1.19.0/PCB_STM/Core/Src/main.c
2026-03-29 22:04:01,099 [INFO] ProjectBuilder:3606 - Time for Copy HAL[1] : 23mS.
2026-03-29 22:04:01,100 [INFO] ProjectBuilder:5216 - Project Generator version: 4.7.0-B52
2026-03-29 22:04:01,150 [INFO] ConfigFileManager:1595 - The Die is : DIE421
2026-03-29 22:04:01,151 [INFO] ApiDbMcu:532 - Load IP Config File for FATFS
2026-03-29 22:04:01,153 [INFO] ApiDbMcu:532 - Load IP Config File for FREERTOS
2026-03-29 22:04:01,154 [INFO] ApiDbMcu:532 - Load IP Config File for LIBJPEG
2026-03-29 22:04:01,156 [INFO] ApiDbMcu:532 - Load IP Config File for MBEDTLS
2026-03-29 22:04:01,157 [INFO] ApiDbMcu:532 - Load IP Config File for USB_HOST
2026-03-29 22:04:01,562 [INFO] ProjectBuilder:5496 - Time for Generating toolchain IDE Files: 462mS.
2026-03-29 22:04:01,562 [INFO] ProjectBuilder:3463 - Time for Copy CMSIS : 0mS.
2026-03-29 22:04:01,563 [INFO] ProjectBuilder:3463 - Time for Copy CMSIS : 0mS.
2026-03-29 22:06:01,151 [INFO] Activator:176 - 


2026-03-29 22:06:01,152 [INFO] Activator:177 - !SESSION log4j initialized
2026-03-29 22:06:04,062 [INFO] LogOutputStream:77 - [STDOUT_REDIRECT] 
2026-03-29 22:06:04,869 [INFO] ApplicationProperties:184 - Using Application install path: /opt/st/stm32cubeide_1.19.0/plugins/com.st.stm32cube.common.mx_6.15.0.202507011659
2026-03-29 22:06:04,881 [INFO] DbMcusXml:78 - Set database path to: /opt/st/stm32cubeide_1.19.0/plugins/com.st.stm32cube.common.mx_6.15.0.202507011659//db//mcu/
2026-03-29 22:06:04,881 [INFO] ApiDb:274 - Set plugin database path to: /opt/st/stm32cubeide_1.19.0/plugins/com.st.stm32cube.common.mx_6.15.0.202507011659//db//plugins/boardmanager/
2026-03-29 22:06:04,882 [WARN] ApiDb:259 - Overriding images path with different value:  => /opt/st/stm32cubeide_1.19.0/plugins/com.st.stm32cube.common.mx_6.15.0.202507011659//db//plugins/mcufinder/images/
2026-03-29 22:06:04,884 [INFO] ApiDb:250 - Set database path to: /home/kamil/.stmcufinder/plugins/mcufinder//mcu/
2026-03-29 22:06:04,884 [INFO] DbMcusAds:125 - Set database path to: /home/kamil/.stmcufinder/plugins/mcufinder//mcu/
2026-03-29 22:06:04,885 [INFO] CrossReferenceDbSqlite:203 - Set database path to: /home/kamil/.stmcufinder/plugins/mcufinder//mcu/cs/
2026-03-29 22:06:04,960 [INFO] RulesReader:64 - Compatibility file has been processed (317 Rules)
2026-03-29 22:06:05,003 [INFO] DbMcusXml:78 - Set database path to: /opt/st/stm32cubeide_1.19.0/plugins/com.st.stm32cube.common.mx_6.15.0.202507011659//db//mcu/
2026-03-29 22:06:05,003 [INFO] ApiDb:274 - Set plugin database path to: /opt/st/stm32cubeide_1.19.0/plugins/com.st.stm32cube.common.mx_6.15.0.202507011659//db//plugins/boardmanager/
2026-03-29 22:06:05,004 [INFO] ApiDb:261 - Set plugin images path to: /opt/st/stm32cubeide_1.19.0/plugins/com.st.stm32cube.common.mx_6.15.0.202507011659//db//plugins/mcufinder/images/
2026-03-29 22:06:05,004 [WARN] DbFile:41 - Overriding database path with different value: /home/kamil/.stmcufinder/plugins/mcufinder/ => /home/kamil/.stmcufinder/plugins/mcufinder
2026-03-29 22:06:05,004 [INFO] ApiDb:250 - Set database path to: /home/kamil/.stmcufinder/plugins/mcufinder//mcu/
2026-03-29 22:06:05,004 [WARN] DbFile:41 - Overriding database path with different value: /home/kamil/.stmcufinder/plugins/mcufinder/ => /home/kamil/.stmcufinder/plugins/mcufinder
2026-03-29 22:06:05,004 [INFO] DbMcusAds:125 - Set database path to: /home/kamil/.stmcufinder/plugins/mcufinder//mcu/
2026-03-29 22:06:05,004 [WARN] DbFile:41 - Overriding database path with different value: /home/kamil/.stmcufinder/plugins/mcufinder/ => /home/kamil/.stmcufinder/plugins/mcufinder
2026-03-29 22:06:05,004 [WARN] DbFile:41 - Overriding database path with different value: /home/kamil/.stmcufinder/plugins/mcufinder/ => /home/kamil/.stmcufinder/plugins/mcufinder
2026-03-29 22:06:05,004 [INFO] CrossReferenceDbSqlite:203 - Set database path to: /home/kamil/.stmcufinder/plugins/mcufinder//mcu/cs/
2026-03-29 22:06:05,042 [INFO] MainPanel:274 - HeapMemory: 268435456
2026-03-29 22:06:05,126 [INFO] DbMcusXml:78 - Set database path to: /opt/st/stm32cubeide_1.19.0/plugins/com.st.stm32cube.common.mx_6.15.0.202507011659//db//mcu/
2026-03-29 22:06:05,127 [INFO] ApiDb:274 - Set plugin database path to: /opt/st/stm32cubeide_1.19.0/plugins/com.st.stm32cube.common.mx_6.15.0.202507011659//db//plugins/boardmanager/
2026-03-29 22:06:05,127 [INFO] ApiDb:261 - Set plugin images path to: /opt/st/stm32cubeide_1.19.0/plugins/com.st.stm32cube.common.mx_6.15.0.202507011659//db//plugins/mcufinder/images/
2026-03-29 22:06:05,127 [WARN] DbFile:41 - Overriding database path with different value: /home/kamil/.stmcufinder/plugins/mcufinder/ => /home/kamil/.stmcufinder/plugins/mcufinder
2026-03-29 22:06:05,127 [INFO] ApiDb:250 - Set database path to: /home/kamil/.stmcufinder/plugins/mcufinder//mcu/
2026-03-29 22:06:05,127 [WARN] DbFile:41 - Overriding database path with different value: /home/kamil/.stmcufinder/plugins/mcufinder/ => /home/kamil/.stmcufinder/plugins/mcufinder
2026-03-29 22:06:05,127 [INFO] DbMcusAds:125 - Set database path to: /home/kamil/.stmcufinder/plugins/mcufinder//mcu/
2026-03-29 22:06:05,127 [WARN] DbFile:41 - Overriding database path with different value: /home/kamil/.stmcufinder/plugins/mcufinder/ => /home/kamil/.stmcufinder/plugins/mcufinder
2026-03-29 22:06:05,127 [WARN] DbFile:41 - Overriding database path with different value: /home/kamil/.stmcufinder/plugins/mcufinder/ => /home/kamil/.stmcufinder/plugins/mcufinder
2026-03-29 22:06:05,127 [INFO] CrossReferenceDbSqlite:203 - Set database path to: /home/kamil/.stmcufinder/plugins/mcufinder//mcu/cs/
2026-03-29 22:06:05,139 [INFO] ApplicationProperties:184 - Using Application install path: /opt/st/stm32cubeide_1.19.0/plugins/com.st.stm32cube.common.mx_6.15.0.202507011659
2026-03-29 22:06:05,140 [INFO] PluginManage:196 - Search for loadable plugins [exclusion list=, ]
2026-03-29 22:06:05,141 [INFO] PluginManage:310 - Check plugin analytics
2026-03-29 22:06:05,237 [INFO] AnalyticsPlugin:253 - Accepted Software Licenses: 
2026-03-29 22:06:05,237 [INFO] AnalyticsPlugin:255 - Accepted CMSIS Pack Licenses: 
2026-03-29 22:06:05,237 [INFO] AnalyticsPlugin:257 - Accepted Firmware Licenses: FW.F4.1.28.0
2026-03-29 22:06:05,238 [INFO] PluginManage:359 - Loaded plugin analytics (category:tool,tabindex:-1)
2026-03-29 22:06:05,238 [INFO] PluginManage:310 - Check plugin cadmodel
2026-03-29 22:06:05,240 [INFO] CADModel:105 - Init CAD model plugin
2026-03-29 22:06:05,240 [INFO] PluginManage:359 - Loaded plugin cadmodel (category:power,tabindex:5)
2026-03-29 22:06:05,240 [INFO] PluginManage:310 - Check plugin clock
2026-03-29 22:06:05,246 [INFO] PluginManage:359 - Loaded plugin clock (category:base,tabindex:2)
2026-03-29 22:06:05,246 [INFO] PluginManage:310 - Check plugin ddr
2026-03-29 22:06:05,247 [INFO] PluginManage:359 - Loaded plugin ddr (category:tool,tabindex:6)
2026-03-29 22:06:05,247 [INFO] PluginManage:310 - Check plugin filemanager
2026-03-29 22:06:05,341 [INFO] PluginManage:359 - Loaded plugin filemanager (category:base,tabindex:10)
2026-03-29 22:06:05,342 [INFO] PluginManage:310 - Check plugin ipmanager
2026-03-29 22:06:05,345 [INFO] PluginManage:359 - Loaded plugin ipmanager (category:base,tabindex:5)
2026-03-29 22:06:05,345 [INFO] PluginManage:310 - Check plugin lpbam
2026-03-29 22:06:05,351 [INFO] PluginManage:359 - Loaded plugin lpbam (category:base,tabindex:0)
2026-03-29 22:06:05,351 [INFO] PluginManage:310 - Check plugin memorymap
2026-03-29 22:06:05,357 [INFO] PluginManage:359 - Loaded plugin memorymap (category:base,tabindex:4)
2026-03-29 22:06:05,357 [INFO] PluginManage:310 - Check plugin pinoutandconfiguration
2026-03-29 22:06:05,361 [INFO] PluginManage:359 - Loaded plugin pinoutandconfiguration (category:base,tabindex:1)
2026-03-29 22:06:05,362 [INFO] PluginManage:310 - Check plugin pinoutconfig
2026-03-29 22:06:05,407 [WARN] SupportedApi:132 - Cannot load RTOS API schema: s4s-elt-must-match.1: The content of 'definitions' must match (annotation?, (simpleType | complexType)?, (unique | key | keyref)*)). A problem was found starting at: attribute.
2026-03-29 22:06:05,505 [INFO] PluginManage:359 - Loaded plugin pinoutconfig (category:base,tabindex:0)
2026-03-29 22:06:05,505 [INFO] PluginManage:310 - Check plugin power
2026-03-29 22:06:05,512 [INFO] PluginManage:359 - Loaded plugin power (category:power,tabindex:4)
2026-03-29 22:06:05,512 [INFO] PluginManage:310 - Check plugin projectmanager
2026-03-29 22:06:05,524 [INFO] PluginManage:359 - Loaded plugin projectmanager (category:projectmanager,tabindex:4)
2026-03-29 22:06:05,524 [INFO] PluginManage:310 - Check plugin rif
2026-03-29 22:06:05,530 [INFO] PluginManage:359 - Loaded plugin rif (category:base,tabindex:3)
2026-03-29 22:06:05,530 [INFO] PluginManage:310 - Check plugin thirdparty
2026-03-29 22:06:05,599 [INFO] PluginManage:359 - Loaded plugin thirdparty (category:base,tabindex:-1)
2026-03-29 22:06:05,599 [INFO] PluginManage:310 - Check plugin tools
2026-03-29 22:06:05,599 [WARN] IntegrityCheckThread:84 - waiting for thirdparty lock release [integrity check]
2026-03-29 22:06:05,599 [INFO] IntegrityCheckThread:86 - entering critical section [integrity check]
2026-03-29 22:06:05,600 [INFO] ThirdPartyUpdaterWithRetryManager:70 - Updater plugin not ready yet. [1/15]
2026-03-29 22:06:05,601 [INFO] PluginManage:359 - Loaded plugin tools (category:base,tabindex:7)
2026-03-29 22:06:05,601 [INFO] PluginManage:310 - Check plugin tutovideos
2026-03-29 22:06:05,709 [INFO] PluginManage:359 - Loaded plugin tutovideos (category:base,tabindex:-1)
2026-03-29 22:06:05,709 [INFO] PluginManage:310 - Check plugin updater
2026-03-29 22:06:05,722 [INFO] PluginManage:359 - Loaded plugin updater (category:base,tabindex:12)
2026-03-29 22:06:05,723 [INFO] PluginManage:310 - Check plugin userauth
2026-03-29 22:06:05,725 [INFO] UserAuth:118 - Init User Auth plugin
2026-03-29 22:06:05,726 [INFO] PluginManage:359 - Loaded plugin userauth (category:base,tabindex:14)
2026-03-29 22:06:05,726 [INFO] PluginManage:283 - PluginManage : Loaded plugins [18]
2026-03-29 22:06:05,834 [INFO] PinOutPanel:1589 - setPackage(No Configuration,No Configuration)
2026-03-29 22:06:05,880 [INFO] CADModel:165 - CPN selected for project level
2026-03-29 22:06:05,880 [INFO] CADModel:114 - Register for checkConnection events
2026-03-29 22:06:05,888 [INFO] IPUIPlugin:80 - create IPUIPlugin
2026-03-29 22:06:05,888 [INFO] PluginManager:220 - loadIPPluginJar : add tracer_emb
2026-03-29 22:06:05,890 [INFO] IPUIPlugin:80 - create IPUIPlugin
2026-03-29 22:06:05,890 [INFO] PluginManager:220 - loadIPPluginJar : add radio
2026-03-29 22:06:05,894 [INFO] IPUIPlugin:80 - create IPUIPlugin
2026-03-29 22:06:05,894 [INFO] PluginManager:220 - loadIPPluginJar : add ddr_ctrl_phy
2026-03-29 22:06:05,899 [INFO] IPUIPlugin:80 - create IPUIPlugin
2026-03-29 22:06:05,899 [INFO] PluginManager:220 - loadIPPluginJar : add mdma
2026-03-29 22:06:05,902 [INFO] IPUIPlugin:80 - create IPUIPlugin
2026-03-29 22:06:05,902 [INFO] PluginManager:220 - loadIPPluginJar : add touchsensing
2026-03-29 22:06:05,903 [INFO] IPUIPlugin:80 - create IPUIPlugin
2026-03-29 22:06:05,903 [INFO] PluginManager:220 - loadIPPluginJar : add ucpd
2026-03-29 22:06:05,908 [INFO] IPUIPlugin:80 - create IPUIPlugin
2026-03-29 22:06:05,910 [INFO] PluginManager:220 - loadIPPluginJar : add plateformsettings
2026-03-29 22:06:05,912 [INFO] IPUIPlugin:80 - create IPUIPlugin
2026-03-29 22:06:05,912 [INFO] PluginManager:220 - loadIPPluginJar : add ipddr
2026-03-29 22:06:05,916 [INFO] IPUIPlugin:80 - create IPUIPlugin
2026-03-29 22:06:05,916 [INFO] PluginManager:220 - loadIPPluginJar : add resmgrutility
2026-03-29 22:06:05,917 [INFO] IPUIPlugin:80 - create IPUIPlugin
2026-03-29 22:06:05,917 [INFO] PluginManager:220 - loadIPPluginJar : add ts
2026-03-29 22:06:05,919 [INFO] IPUIPlugin:80 - create IPUIPlugin
2026-03-29 22:06:05,919 [INFO] PluginManager:220 - loadIPPluginJar : add dma3
2026-03-29 22:06:05,921 [INFO] IPUIPlugin:80 - create IPUIPlugin
2026-03-29 22:06:05,921 [INFO] PluginManager:220 - loadIPPluginJar : add openamp
2026-03-29 22:06:05,922 [INFO] IPUIPlugin:80 - create IPUIPlugin
2026-03-29 22:06:05,922 [INFO] PluginManager:220 - loadIPPluginJar : add opamp
2026-03-29 22:06:05,924 [INFO] IPUIPlugin:80 - create IPUIPlugin
2026-03-29 22:06:05,924 [INFO] PluginManager:220 - loadIPPluginJar : add pdm2pcm
2026-03-29 22:06:05,925 [INFO] IPUIPlugin:80 - create IPUIPlugin
2026-03-29 22:06:05,925 [INFO] PluginManager:220 - loadIPPluginJar : add gfxmmu
2026-03-29 22:06:05,927 [INFO] IPUIPlugin:80 - create IPUIPlugin
2026-03-29 22:06:05,927 [INFO] PluginManager:220 - loadIPPluginJar : add aes
2026-03-29 22:06:05,929 [INFO] IPUIPlugin:80 - create IPUIPlugin
2026-03-29 22:06:05,929 [INFO] PluginManager:220 - loadIPPluginJar : add gtzc
2026-03-29 22:06:05,931 [INFO] IPUIPlugin:80 - create IPUIPlugin
2026-03-29 22:06:05,931 [INFO] PluginManager:220 - loadIPPluginJar : add sai
2026-03-29 22:06:05,932 [INFO] IPUIPlugin:80 - create IPUIPlugin
2026-03-29 22:06:05,932 [INFO] PluginManager:220 - loadIPPluginJar : add tsc
2026-03-29 22:06:05,934 [INFO] IPUIPlugin:80 - create IPUIPlugin
2026-03-29 22:06:05,935 [INFO] PluginManager:220 - loadIPPluginJar : add usbx
2026-03-29 22:06:05,936 [INFO] IPUIPlugin:80 - create IPUIPlugin
2026-03-29 22:06:05,936 [INFO] PluginManager:220 - loadIPPluginJar : add can
2026-03-29 22:06:05,938 [INFO] IPUIPlugin:80 - create IPUIPlugin
2026-03-29 22:06:05,938 [INFO] PluginManager:220 - loadIPPluginJar : add i2c
2026-03-29 22:06:05,940 [INFO] IPUIPlugin:80 - create IPUIPlugin
2026-03-29 22:06:05,940 [INFO] PluginManager:220 - loadIPPluginJar : add lorawan
2026-03-29 22:06:05,941 [INFO] IPUIPlugin:80 - create IPUIPlugin
2026-03-29 22:06:05,941 [INFO] PluginManager:220 - loadIPPluginJar : add spi
2026-03-29 22:06:05,947 [INFO] IPUIPlugin:80 - create IPUIPlugin
2026-03-29 22:06:05,947 [INFO] PluginManager:220 - loadIPPluginJar : add linkedlist
2026-03-29 22:06:05,951 [INFO] IPUIPlugin:80 - create IPUIPlugin
2026-03-29 22:06:05,951 [INFO] PluginManager:220 - loadIPPluginJar : add fmc
2026-03-29 22:06:05,953 [INFO] IPUIPlugin:80 - create IPUIPlugin
2026-03-29 22:06:05,953 [INFO] PluginManager:220 - loadIPPluginJar : add i3c
2026-03-29 22:06:05,953 [INFO] IPUIPlugin:80 - create IPUIPlugin
2026-03-29 22:06:05,954 [INFO] PluginManager:220 - loadIPPluginJar : add ltdc
2026-03-29 22:06:05,958 [INFO] IPUIPlugin:80 - create IPUIPlugin
2026-03-29 22:06:05,958 [INFO] PluginManager:220 - loadIPPluginJar : add dma
2026-03-29 22:06:05,962 [INFO] IPUIPlugin:80 - create IPUIPlugin
2026-03-29 22:06:05,962 [INFO] PluginManager:220 - loadIPPluginJar : add freertos
2026-03-29 22:06:05,964 [INFO] IPUIPlugin:80 - create IPUIPlugin
2026-03-29 22:06:05,964 [INFO] PluginManager:220 - loadIPPluginJar : add hash
2026-03-29 22:06:05,969 [INFO] IPUIPlugin:80 - create IPUIPlugin
2026-03-29 22:06:05,969 [INFO] PluginManager:220 - loadIPPluginJar : add adc
2026-03-29 22:06:05,970 [INFO] IPUIPlugin:80 - create IPUIPlugin
2026-03-29 22:06:05,971 [INFO] PluginManager:220 - loadIPPluginJar : add usart
2026-03-29 22:06:05,975 [INFO] IPUIPlugin:80 - create IPUIPlugin
2026-03-29 22:06:05,975 [INFO] PluginManager:220 - loadIPPluginJar : add stm32_wpan
2026-03-29 22:06:05,976 [INFO] IPUIPlugin:80 - create IPUIPlugin
2026-03-29 22:06:05,976 [INFO] PluginManager:220 - loadIPPluginJar : add genericplugin
2026-03-29 22:06:05,979 [INFO] IPUIPlugin:80 - create IPUIPlugin
2026-03-29 22:06:05,979 [INFO] PluginManager:220 - loadIPPluginJar : add gpio
2026-03-29 22:06:05,981 [INFO] IPUIPlugin:80 - create IPUIPlugin
2026-03-29 22:06:05,981 [INFO] PluginManager:220 - loadIPPluginJar : add nvic
2026-03-29 22:06:05,982 [INFO] IPUIPlugin:80 - create IPUIPlugin
2026-03-29 22:06:05,982 [INFO] PluginManager:220 - loadIPPluginJar : add dfsdm
2026-03-29 22:06:05,983 [INFO] IPUIPlugin:80 - create IPUIPlugin
2026-03-29 22:06:05,983 [INFO] PluginManager:220 - loadIPPluginJar : add fatfs
2026-03-29 22:06:05,984 [INFO] IPUIPlugin:80 - create IPUIPlugin
2026-03-29 22:06:05,984 [INFO] PluginManager:220 - loadIPPluginJar : add comp
2026-03-29 22:06:05,986 [INFO] IPUIPlugin:80 - create IPUIPlugin
2026-03-29 22:06:05,986 [INFO] PluginManager:220 - loadIPPluginJar : add i2s
2026-03-29 22:06:05,987 [INFO] IPUIPlugin:80 - create IPUIPlugin
2026-03-29 22:06:05,987 [INFO] PluginManager:220 - loadIPPluginJar : add cryp
2026-03-29 22:06:05,988 [INFO] IPUIPlugin:80 - create IPUIPlugin
2026-03-29 22:06:05,988 [INFO] PluginManager:220 - loadIPPluginJar : add quadspi
2026-03-29 22:06:05,992 [INFO] IPUIPlugin:80 - create IPUIPlugin
2026-03-29 22:06:05,992 [INFO] PluginManager:220 - loadIPPluginJar : add gic
2026-03-29 22:06:05,993 [INFO] IPUIPlugin:80 - create IPUIPlugin
2026-03-29 22:06:05,993 [INFO] PluginManager:220 - loadIPPluginJar : add tim
2026-03-29 22:06:05,995 [INFO] IPUIPlugin:80 - create IPUIPlugin
2026-03-29 22:06:05,995 [INFO] PluginManager:220 - loadIPPluginJar : add extmemmanager
2026-03-29 22:06:06,091 [FATAL] Updater:351 - Updater called before beeing initialized
2026-03-29 22:06:06,107 [INFO] RulesReader:64 - Compatibility file has been processed (317 Rules)
2026-03-29 22:06:06,113 [INFO] RulesReader:64 - Compatibility file has been processed (317 Rules)
2026-03-29 22:06:06,118 [INFO] CADModel:165 - CPN selected for project level
2026-03-29 22:06:06,118 [INFO] CADModel:114 - Register for checkConnection events
2026-03-29 22:06:06,118 [FATAL] Updater:351 - Updater called before beeing initialized
2026-03-29 22:06:06,118 [ERROR] CADModel:125 - Updater not yet initialized, retry later 
2026-03-29 22:06:06,192 [FATAL] Updater:351 - Updater called before beeing initialized
2026-03-29 22:06:06,193 [INFO] CADModel:165 - CPN selected for project level
2026-03-29 22:06:06,193 [INFO] CADModel:114 - Register for checkConnection events
2026-03-29 22:06:06,193 [FATAL] Updater:351 - Updater called before beeing initialized
2026-03-29 22:06:06,193 [ERROR] CADModel:125 - Updater not yet initialized, retry later 
2026-03-29 22:06:06,194 [FATAL] Updater:351 - Updater called before beeing initialized
2026-03-29 22:06:06,249 [FATAL] Updater:351 - Updater called before beeing initialized
2026-03-29 22:06:06,252 [INFO] DbMcusAds:53 - JSON generation date=Wed Feb 18 15:32:49 CET 2026 (1771425169371)
2026-03-29 22:06:06,252 [FATAL] Updater:351 - Updater called before beeing initialized
2026-03-29 22:06:06,277 [WARN] DetailPanel:346 - Failed to get advertising image, set to default
2026-03-29 22:06:06,333 [FATAL] Updater:351 - Updater called before beeing initialized
2026-03-29 22:06:06,334 [FATAL] Updater:351 - Updater called before beeing initialized
2026-03-29 22:06:06,334 [FATAL] Updater:351 - Updater called before beeing initialized
2026-03-29 22:06:06,334 [WARN] DetailPanel:346 - Failed to get advertising image, set to default
2026-03-29 22:06:06,335 [FATAL] Updater:351 - Updater called before beeing initialized
2026-03-29 22:06:06,352 [ERROR] Updater:1198 - MainUpdater not yet initialized. External WinMGr cannot be set.
2026-03-29 22:06:06,354 [INFO] Updater:1134 - Updater Version found : 6.15.0
2026-03-29 22:06:06,365 [INFO] ApplicationProperties:184 - Using Application install path: /opt/st/stm32cubeide_1.19.0/plugins/com.st.stm32cube.common.mx_6.15.0.202507011659
2026-03-29 22:06:06,678 [INFO] MainUpdater:2872 - connection check result : 10
2026-03-29 22:06:06,679 [INFO] MainUpdater:289 - Updater Check For Update Now.
2026-03-29 22:06:06,679 [INFO] MicroXplorer:498 - Change Database Version : DB.6.0.150
2026-03-29 22:06:06,683 [INFO] McuFinderGlobals:63 - Set McuFinder mode to 2 (CubeIDE integrated)
2026-03-29 22:06:06,684 [INFO] UserAuth:487 - Internet connection configuration mode: 1
2026-03-29 22:06:06,694 [INFO] JxBrowserEngine:152 - Initiate JxBrowser Engine with user profile folder
2026-03-29 22:06:06,837 [INFO] CheckServerUpdateThread:120 - End of CheckServer Thread
2026-03-29 22:06:07,110 [INFO] WebApp:169 - Instantiating new browser for Auth
2026-03-29 22:06:07,520 [INFO] WebApp:463 - Apply proxy settings
2026-03-29 22:06:07,521 [INFO] WebApp:548 - Chromium requires no authentication
2026-03-29 22:06:07,528 [INFO] WebApp:491 - Direct internet connection detected
2026-03-29 22:06:07,540 [INFO] WebApp:900 - Register for checkConnection events
2026-03-29 22:06:07,540 [INFO] WebApp:463 - Apply proxy settings
2026-03-29 22:06:07,540 [INFO] WebApp:548 - Chromium requires no authentication
2026-03-29 22:06:07,540 [INFO] WebApp:491 - Direct internet connection detected
2026-03-29 22:06:07,608 [INFO] WebApp:225 - Starting web application
2026-03-29 22:06:07,608 [INFO] WebApp:593 - Web application path used /opt/st/stm32cubeide_1.19.0/plugins/com.st.stm32cube.common.mx_6.15.0.202507011659/db/plugins/mcufinder/reactClient1/index.html
2026-03-29 22:06:07,671 [INFO] UserAuth:487 - Internet connection configuration mode: 1
2026-03-29 22:06:08,019 [INFO] WebApp:191 - Connection restablished
2026-03-29 22:06:08,700 [WARN] PackLoader:240 - Cannot read IP mode file for STMicroelectronics.X-CUBE-AZRTOS-H7.3.5.0
2026-03-29 22:06:08,708 [WARN] PackLoader:240 - Cannot read IP mode file for STMicroelectronics.FP-SNS-MOTENVWB1.1.4.0
2026-03-29 22:06:08,712 [WARN] PackLoader:240 - Cannot read IP mode file for STMicroelectronics.FP-ATR-ASTRA1.2.0.2
2026-03-29 22:06:08,716 [WARN] PackLoader:240 - Cannot read IP mode file for STMicroelectronics.X-CUBE-SMBUS.2.1.0
2026-03-29 22:06:08,718 [WARN] PackLoader:240 - Cannot read IP mode file for STMicroelectronics.X-CUBE-ST60.1.0.0
2026-03-29 22:06:08,737 [WARN] PackLoader:240 - Cannot read IP mode file for STMicroelectronics.X-CUBE-AZRTOS-F7.1.1.0
2026-03-29 22:06:08,741 [WARN] PackLoader:240 - Cannot read IP mode file for Cesanta.I-CUBE-Mongoose.7.19.0
2026-03-29 22:06:08,743 [WARN] PackLoader:240 - Cannot read IP mode file for STMicroelectronics.FP-SNS-MOTENV1.5.1.0
2026-03-29 22:06:08,749 [WARN] PackLoader:240 - Cannot read IP mode file for WES.I-CUBE-Cesium.1.4.0
2026-03-29 22:06:08,764 [WARN] PackLoader:240 - Cannot read IP mode file for Infineon.AIROC-Wi-Fi-Bluetooth-STM32.1.7.1
2026-03-29 22:06:08,782 [WARN] PackLoader:240 - Cannot read IP mode file for STMicroelectronics.X-CUBE-AZRTOS-H7.3.4.0
2026-03-29 22:06:08,789 [WARN] PackLoader:240 - Cannot read IP mode file for STMicroelectronics.X-CUBE-DISPLAY.3.0.0
2026-03-29 22:06:08,794 [WARN] PackLoader:240 - Cannot read IP mode file for STMicroelectronics.FP-SNS-MOTENVWB1.1.5.0
2026-03-29 22:06:08,798 [WARN] PackLoader:240 - Cannot read IP mode file for STMicroelectronics.X-CUBE-NFC10.1.0.0
2026-03-29 22:06:08,803 [WARN] PackLoader:240 - Cannot read IP mode file for STMicroelectronics.X-CUBE-ST60.1.1.0
2026-03-29 22:06:08,807 [WARN] PackLoader:240 - Cannot read IP mode file for emotas.I-CUBE-CANOPEN.1.3.0
2026-03-29 22:06:08,810 [WARN] PackLoader:240 - Cannot read IP mode file for STMicroelectronics.X-CUBE-GNSS1.7.1.0
2026-03-29 22:06:08,814 [WARN] PackLoader:240 - Cannot read IP mode file for STMicroelectronics.FP-SNS-SMARTAG2.1.2.0
2026-03-29 22:06:08,817 [WARN] PackLoader:240 - Cannot read IP mode file for STMicroelectronics.FP-SNS-FLIGHT1.5.1.0
2026-03-29 22:06:08,822 [INFO] LogOutputStream:77 - [STDOUT_REDIRECT] 1 : Invalid condition id : UX_CORESTACK_Condition cause : null
2026-03-29 22:06:08,823 [INFO] LogOutputStream:77 - [STDOUT_REDIRECT] 1 : Invalid condition id : UX_CORESTACK_Condition cause : null
2026-03-29 22:06:08,823 [INFO] LogOutputStream:77 - [STDOUT_REDIRECT] 1 : Invalid condition id : UX_CORESTACK_Condition cause : null
2026-03-29 22:06:08,823 [INFO] LogOutputStream:77 - [STDOUT_REDIRECT] 1 : Invalid condition id : UX_CORESTACK_Condition cause : null
2026-03-29 22:06:08,823 [INFO] LogOutputStream:77 - [STDOUT_REDIRECT] 1 : Invalid condition id : UX_CORESTACK_Condition cause : null
2026-03-29 22:06:08,825 [WARN] PackLoader:240 - Cannot read IP mode file for STMicroelectronics.X-CUBE-AZRTOS-WL.2.0.0
2026-03-29 22:06:08,828 [WARN] PackLoader:240 - Cannot read IP mode file for STMicroelectronics.FP-SNS-MOTENV1.5.0.0
2026-03-29 22:06:08,839 [WARN] PackLoader:240 - Cannot read IP mode file for STMicroelectronics.X-CUBE-AZRTOS-H7RS.1.2.0
2026-03-29 22:06:08,844 [WARN] PackLoader:240 - Cannot read IP mode file for STMicroelectronics.X-CUBE-BLE2.3.3.0
2026-03-29 22:06:08,856 [WARN] PackLoader:240 - Cannot read IP mode file for STMicroelectronics.X-CUBE-NFC9.1.0.0
2026-03-29 22:06:08,859 [WARN] PackLoader:240 - Cannot read IP mode file for wolfSSL.I-CUBE-wolfSSL.5.8.2
2026-03-29 22:06:08,862 [WARN] PackLoader:240 - Cannot read IP mode file for STMicroelectronics.X-CUBE-BLE1.7.1.0
2026-03-29 22:06:08,864 [WARN] PackLoader:240 - Cannot read IP mode file for wolfSSL.I-CUBE-wolfMQTT.1.19.2
2026-03-29 22:06:08,867 [WARN] PackLoader:240 - Cannot read IP mode file for STMicroelectronics.X-CUBE-FREERTOS.1.4.0
2026-03-29 22:06:08,871 [WARN] PackLoader:240 - Cannot read IP mode file for STMicroelectronics.X-CUBE-EEPRMA1.5.2.0
2026-03-29 22:06:08,876 [WARN] PackLoader:240 - Cannot read IP mode file for STMicroelectronics.X-CUBE-ST67W61.1.1.0
2026-03-29 22:06:08,904 [WARN] PackLoader:240 - Cannot read IP mode file for STMicroelectronics.X-CUBE-MEMS1.12.0.0
2026-03-29 22:06:09,017 [WARN] PackLoader:240 - Cannot read IP mode file for STMicroelectronics.X-CUBE-AZRTOS-G0.1.1.0
2026-03-29 22:06:09,022 [WARN] PackLoader:240 - Cannot read IP mode file for STMicroelectronics.X-CUBE-SAFEA1.1.2.2
2026-03-29 22:06:09,025 [WARN] PackLoader:240 - Cannot read IP mode file for STMicroelectronics.X-CUBE-NFC4.3.0.0
2026-03-29 22:06:09,031 [WARN] PackLoader:240 - Cannot read IP mode file for EmbeddedOffice.I-CUBE-FS-RTOS.1.0.1
2026-03-29 22:06:09,034 [WARN] PackLoader:240 - Cannot read IP mode file for STMicroelectronics.X-CUBE-WB05N.2.0.0
2026-03-29 22:06:09,037 [WARN] PackLoader:240 - Cannot read IP mode file for wolfSSL.I-CUBE-wolfTPM.3.8.0
2026-03-29 22:06:09,039 [WARN] PackLoader:240 - Cannot read IP mode file for STMicroelectronics.X-CUBE-TCPP.4.2.0
2026-03-29 22:06:09,043 [WARN] PackLoader:240 - Cannot read IP mode file for RealThread.X-CUBE-RT-Thread_Nano.4.1.1
2026-03-29 22:06:09,045 [WARN] PackLoader:240 - Cannot read IP mode file for STMicroelectronics.FP-ATR-SIGFOX1.3.2.0
2026-03-29 22:06:09,048 [WARN] PackLoader:240 - Cannot read IP mode file for STMicroelectronics.X-CUBE-FREERTOS.1.5.0
2026-03-29 22:06:09,051 [WARN] PackLoader:240 - Cannot read IP mode file for ITTIA_DB.I-CUBE-ITTIADB.8.9.0
2026-03-29 22:06:09,055 [WARN] PackLoader:240 - Cannot read IP mode file for STMicroelectronics.X-CUBE-NFC6.3.2.0
2026-03-29 22:06:09,072 [WARN] PackLoader:240 - Cannot read IP mode file for SEGGER.I-CUBE-embOS.1.3.1
2026-03-29 22:06:09,101 [WARN] PackLoader:240 - Cannot read IP mode file for STMicroelectronics.X-CUBE-ALGOBUILD.1.4.0
2026-03-29 22:06:09,125 [WARN] PackLoader:240 - Cannot read IP mode file for STMicroelectronics.X-CUBE-MEMS1.11.3.0
2026-03-29 22:06:09,191 [WARN] PackLoader:240 - Cannot read IP mode file for STMicroelectronics.X-CUBE-PM33A1.1.0.0
2026-03-29 22:06:09,199 [WARN] PackLoader:240 - Cannot read IP mode file for STMicroelectronics.X-CUBE-AZRTOS-F4.1.1.0
2026-03-29 22:06:09,203 [WARN] PackLoader:240 - Cannot read IP mode file for STMicroelectronics.X-CUBE-ISPU.2.1.0
2026-03-29 22:06:09,214 [WARN] PackLoader:240 - Cannot read IP mode file for STMicroelectronics.X-CUBE-IPS.3.2.0
2026-03-29 22:06:09,221 [WARN] PackLoader:240 - Cannot read IP mode file for STMicroelectronics.X-CUBE-NFC12.1.0.0
2026-03-29 22:06:09,230 [WARN] PackLoader:240 - Cannot read IP mode file for STMicroelectronics.X-CUBE-AZRTOS-L5.2.0.0
2026-03-29 22:06:09,235 [WARN] PackLoader:240 - Cannot read IP mode file for STMicroelectronics.X-CUBE-NFC6.3.1.0
2026-03-29 22:06:09,238 [WARN] PackLoader:240 - Cannot read IP mode file for STMicroelectronics.X-CUBE-FREERTOS.1.3.1
2026-03-29 22:06:09,241 [WARN] PackLoader:240 - Cannot read IP mode file for STMicroelectronics.X-CUBE-TOUCHGFX.4.26.0
2026-03-29 22:06:09,243 [WARN] PackLoader:240 - Cannot read IP mode file for STMicroelectronics.X-CUBE-TOUCHGFX.4.26.1
2026-03-29 22:06:09,245 [WARN] PackLoader:240 - Cannot read IP mode file for STMicroelectronics.X-CUBE-DPower.1.3.0
2026-03-29 22:06:09,252 [WARN] ConditionMgr:438 - getConditionDescription Invalid condition id : LAN8742 Phy interface Condition cause : null
2026-03-29 22:06:09,252 [WARN] PackLoader:240 - Cannot read IP mode file for STMicroelectronics.X-CUBE-AZRTOS-L4.2.0.0
2026-03-29 22:06:09,253 [WARN] ConditionMgr:1044 - genDependencies : Invalid condition id : LAN8742 Phy interface Condition cause : null
2026-03-29 22:06:09,253 [WARN] ConditionMgr:1044 - genDependencies : Invalid condition id : LAN8742 Phy interface Condition cause : null
2026-03-29 22:06:09,253 [WARN] ConditionMgr:1044 - genDependencies : Invalid condition id : LAN8742 Phy interface Condition cause : null
2026-03-29 22:06:09,257 [WARN] PackLoader:240 - Cannot read IP mode file for STMicroelectronics.X-CUBE-SFXS2LP1.4.0.0
2026-03-29 22:06:09,260 [WARN] PackLoader:240 - Cannot read IP mode file for STMicroelectronics.X-CUBE-ST67W61.1.2.0
2026-03-29 22:06:09,266 [WARN] PackLoader:240 - Cannot read IP mode file for STMicroelectronics.X-CUBE-BLEMGR.4.1.0
2026-03-29 22:06:09,275 [WARN] ConditionMgr:438 - getConditionDescription Invalid condition id : UX DEVICE CLASS RTOS Condition cause : null
2026-03-29 22:06:09,275 [WARN] ConditionMgr:438 - getConditionDescription Invalid condition id : UX DEVICE CLASS RTOS Condition cause : null
2026-03-29 22:06:09,276 [WARN] PackLoader:240 - Cannot read IP mode file for STMicroelectronics.X-CUBE-AZRTOS-WB.2.0.0
2026-03-29 22:06:09,276 [WARN] ConditionMgr:1044 - genDependencies : Invalid condition id : UX DEVICE CLASS RTOS Condition cause : null
2026-03-29 22:06:09,276 [WARN] ConditionMgr:1044 - genDependencies : Invalid condition id : UX DEVICE CLASS RTOS Condition cause : null
2026-03-29 22:06:09,276 [WARN] ConditionMgr:1044 - genDependencies : Invalid condition id : UX DEVICE CLASS RTOS Condition cause : null
2026-03-29 22:06:09,276 [WARN] ConditionMgr:1044 - genDependencies : Invalid condition id : UX DEVICE CLASS RTOS Condition cause : null
2026-03-29 22:06:09,276 [WARN] ConditionMgr:1044 - genDependencies : Invalid condition id : UX DEVICE CLASS RTOS Condition cause : null
2026-03-29 22:06:09,279 [WARN] PackLoader:240 - Cannot read IP mode file for STMicroelectronics.X-CUBE-GNSS1.7.0.1
2026-03-29 22:06:09,281 [WARN] ConditionMgr:438 - getConditionDescription Invalid condition id : Cortex-A Device cause : null
2026-03-29 22:06:09,286 [WARN] ConditionMgr:1044 - genDependencies : Invalid condition id : Cortex-A Device cause : null
2026-03-29 22:06:09,286 [WARN] ConditionMgr:1044 - genDependencies : Invalid condition id : Cortex-A Device cause : null
2026-03-29 22:06:09,286 [WARN] ConditionMgr:1044 - genDependencies : Invalid condition id : Cortex-A Device cause : null
2026-03-29 22:06:09,290 [WARN] PackLoader:240 - Cannot read IP mode file for STMicroelectronics.X-CUBE-STSE01.2.0.0
2026-03-29 22:06:09,296 [WARN] PackLoader:240 - Cannot read IP mode file for STMicroelectronics.X-CUBE-SUBG2.5.0.0
2026-03-29 22:06:09,306 [WARN] PackLoader:240 - Cannot read IP mode file for STMicroelectronics.X-CUBE-AZRTOS-H7RS.1.1.0
2026-03-29 22:06:09,315 [WARN] PackLoader:240 - Cannot read IP mode file for STMicroelectronics.X-CUBE-AZRTOS-G4.2.0.0
2026-03-29 22:06:09,318 [WARN] PackLoader:240 - Cannot read IP mode file for wolfSSL.I-CUBE-wolfSSH.1.4.20
2026-03-29 22:06:09,320 [WARN] PackLoader:240 - Cannot read IP mode file for STMicroelectronics.X-CUBE-NFC7.2.0.0
2026-03-29 22:06:09,322 [WARN] PackLoader:240 - Cannot read IP mode file for STMicroelectronics.X-CUBE-ALS.1.0.2
2026-03-29 22:06:09,325 [WARN] PackLoader:240 - Cannot read IP mode file for STMicroelectronics.X-CUBE-STSE01.1.0.0
2026-03-29 22:06:09,332 [WARN] PackLoader:240 - Cannot read IP mode file for STMicroelectronics.X-CUBE-TOF1.3.4.3
2026-03-29 22:06:09,340 [INFO] ThirdParty:978 - Integrity check success = true
2026-03-29 22:06:09,340 [INFO] IntegrityCheckThread:100 - exiting critical section [integrity check]
2026-03-29 22:06:09,340 [INFO] IntegrityCheckThread:103 - End integrity checks thread
2026-03-29 22:09:51,368 [ERROR] LogOutputStream:75 - [STDERR_REDIRECT] SWT SessionManagerDBus: Failed to UnregisterClient: GDBus.Error:org.freedesktop.DBus.Error.NoReply: Message recipient disconnected from message bus without replying
2026-03-29 22:11:13,751 [INFO] Activator:176 - 


2026-03-29 22:11:13,752 [INFO] Activator:177 - !SESSION log4j initialized
2026-03-29 22:11:16,473 [INFO] LogOutputStream:77 - [STDOUT_REDIRECT] 
2026-03-29 22:11:16,900 [INFO] ApplicationProperties:184 - Using Application install path: /opt/st/stm32cubeide_1.19.0/plugins/com.st.stm32cube.common.mx_6.15.0.202507011659
2026-03-29 22:11:16,911 [INFO] DbMcusXml:78 - Set database path to: /opt/st/stm32cubeide_1.19.0/plugins/com.st.stm32cube.common.mx_6.15.0.202507011659//db//mcu/
2026-03-29 22:11:16,912 [INFO] ApiDb:274 - Set plugin database path to: /opt/st/stm32cubeide_1.19.0/plugins/com.st.stm32cube.common.mx_6.15.0.202507011659//db//plugins/boardmanager/
2026-03-29 22:11:16,912 [WARN] ApiDb:259 - Overriding images path with different value:  => /opt/st/stm32cubeide_1.19.0/plugins/com.st.stm32cube.common.mx_6.15.0.202507011659//db//plugins/mcufinder/images/
2026-03-29 22:11:16,916 [INFO] ApiDb:250 - Set database path to: /home/kamil/.stmcufinder/plugins/mcufinder//mcu/
2026-03-29 22:11:16,917 [INFO] DbMcusAds:125 - Set database path to: /home/kamil/.stmcufinder/plugins/mcufinder//mcu/
2026-03-29 22:11:16,918 [INFO] CrossReferenceDbSqlite:203 - Set database path to: /home/kamil/.stmcufinder/plugins/mcufinder//mcu/cs/
2026-03-29 22:11:16,981 [INFO] RulesReader:64 - Compatibility file has been processed (317 Rules)
2026-03-29 22:11:17,025 [INFO] DbMcusXml:78 - Set database path to: /opt/st/stm32cubeide_1.19.0/plugins/com.st.stm32cube.common.mx_6.15.0.202507011659//db//mcu/
2026-03-29 22:11:17,025 [INFO] ApiDb:274 - Set plugin database path to: /opt/st/stm32cubeide_1.19.0/plugins/com.st.stm32cube.common.mx_6.15.0.202507011659//db//plugins/boardmanager/
2026-03-29 22:11:17,025 [INFO] ApiDb:261 - Set plugin images path to: /opt/st/stm32cubeide_1.19.0/plugins/com.st.stm32cube.common.mx_6.15.0.202507011659//db//plugins/mcufinder/images/
2026-03-29 22:11:17,025 [WARN] DbFile:41 - Overriding database path with different value: /home/kamil/.stmcufinder/plugins/mcufinder/ => /home/kamil/.stmcufinder/plugins/mcufinder
2026-03-29 22:11:17,025 [INFO] ApiDb:250 - Set database path to: /home/kamil/.stmcufinder/plugins/mcufinder//mcu/
2026-03-29 22:11:17,025 [WARN] DbFile:41 - Overriding database path with different value: /home/kamil/.stmcufinder/plugins/mcufinder/ => /home/kamil/.stmcufinder/plugins/mcufinder
2026-03-29 22:11:17,025 [INFO] DbMcusAds:125 - Set database path to: /home/kamil/.stmcufinder/plugins/mcufinder//mcu/
2026-03-29 22:11:17,026 [WARN] DbFile:41 - Overriding database path with different value: /home/kamil/.stmcufinder/plugins/mcufinder/ => /home/kamil/.stmcufinder/plugins/mcufinder
2026-03-29 22:11:17,026 [WARN] DbFile:41 - Overriding database path with different value: /home/kamil/.stmcufinder/plugins/mcufinder/ => /home/kamil/.stmcufinder/plugins/mcufinder
2026-03-29 22:11:17,026 [INFO] CrossReferenceDbSqlite:203 - Set database path to: /home/kamil/.stmcufinder/plugins/mcufinder//mcu/cs/
2026-03-29 22:11:17,069 [INFO] MainPanel:274 - HeapMemory: 268435456
2026-03-29 22:11:17,162 [INFO] DbMcusXml:78 - Set database path to: /opt/st/stm32cubeide_1.19.0/plugins/com.st.stm32cube.common.mx_6.15.0.202507011659//db//mcu/
2026-03-29 22:11:17,162 [INFO] ApiDb:274 - Set plugin database path to: /opt/st/stm32cubeide_1.19.0/plugins/com.st.stm32cube.common.mx_6.15.0.202507011659//db//plugins/boardmanager/
2026-03-29 22:11:17,162 [INFO] ApiDb:261 - Set plugin images path to: /opt/st/stm32cubeide_1.19.0/plugins/com.st.stm32cube.common.mx_6.15.0.202507011659//db//plugins/mcufinder/images/
2026-03-29 22:11:17,162 [WARN] DbFile:41 - Overriding database path with different value: /home/kamil/.stmcufinder/plugins/mcufinder/ => /home/kamil/.stmcufinder/plugins/mcufinder
2026-03-29 22:11:17,162 [INFO] ApiDb:250 - Set database path to: /home/kamil/.stmcufinder/plugins/mcufinder//mcu/
2026-03-29 22:11:17,162 [WARN] DbFile:41 - Overriding database path with different value: /home/kamil/.stmcufinder/plugins/mcufinder/ => /home/kamil/.stmcufinder/plugins/mcufinder
2026-03-29 22:11:17,162 [INFO] DbMcusAds:125 - Set database path to: /home/kamil/.stmcufinder/plugins/mcufinder//mcu/
2026-03-29 22:11:17,163 [WARN] DbFile:41 - Overriding database path with different value: /home/kamil/.stmcufinder/plugins/mcufinder/ => /home/kamil/.stmcufinder/plugins/mcufinder
2026-03-29 22:11:17,163 [WARN] DbFile:41 - Overriding database path with different value: /home/kamil/.stmcufinder/plugins/mcufinder/ => /home/kamil/.stmcufinder/plugins/mcufinder
2026-03-29 22:11:17,163 [INFO] CrossReferenceDbSqlite:203 - Set database path to: /home/kamil/.stmcufinder/plugins/mcufinder//mcu/cs/
2026-03-29 22:11:17,174 [INFO] ApplicationProperties:184 - Using Application install path: /opt/st/stm32cubeide_1.19.0/plugins/com.st.stm32cube.common.mx_6.15.0.202507011659
2026-03-29 22:11:17,175 [INFO] PluginManage:196 - Search for loadable plugins [exclusion list=, ]
2026-03-29 22:11:17,176 [INFO] PluginManage:310 - Check plugin analytics
2026-03-29 22:11:17,274 [INFO] AnalyticsPlugin:253 - Accepted Software Licenses: 
2026-03-29 22:11:17,274 [INFO] AnalyticsPlugin:255 - Accepted CMSIS Pack Licenses: 
2026-03-29 22:11:17,274 [INFO] AnalyticsPlugin:257 - Accepted Firmware Licenses: FW.F4.1.28.0
2026-03-29 22:11:17,275 [INFO] PluginManage:359 - Loaded plugin analytics (category:tool,tabindex:-1)
2026-03-29 22:11:17,276 [INFO] PluginManage:310 - Check plugin cadmodel
2026-03-29 22:11:17,280 [INFO] CADModel:105 - Init CAD model plugin
2026-03-29 22:11:17,280 [INFO] PluginManage:359 - Loaded plugin cadmodel (category:power,tabindex:5)
2026-03-29 22:11:17,280 [INFO] PluginManage:310 - Check plugin clock
2026-03-29 22:11:17,287 [INFO] PluginManage:359 - Loaded plugin clock (category:base,tabindex:2)
2026-03-29 22:11:17,287 [INFO] PluginManage:310 - Check plugin ddr
2026-03-29 22:11:17,289 [INFO] PluginManage:359 - Loaded plugin ddr (category:tool,tabindex:6)
2026-03-29 22:11:17,289 [INFO] PluginManage:310 - Check plugin filemanager
2026-03-29 22:11:17,376 [INFO] PluginManage:359 - Loaded plugin filemanager (category:base,tabindex:10)
2026-03-29 22:11:17,376 [INFO] PluginManage:310 - Check plugin ipmanager
2026-03-29 22:11:17,379 [INFO] PluginManage:359 - Loaded plugin ipmanager (category:base,tabindex:5)
2026-03-29 22:11:17,379 [INFO] PluginManage:310 - Check plugin lpbam
2026-03-29 22:11:17,385 [INFO] PluginManage:359 - Loaded plugin lpbam (category:base,tabindex:0)
2026-03-29 22:11:17,385 [INFO] PluginManage:310 - Check plugin memorymap
2026-03-29 22:11:17,392 [INFO] PluginManage:359 - Loaded plugin memorymap (category:base,tabindex:4)
2026-03-29 22:11:17,392 [INFO] PluginManage:310 - Check plugin pinoutandconfiguration
2026-03-29 22:11:17,399 [INFO] PluginManage:359 - Loaded plugin pinoutandconfiguration (category:base,tabindex:1)
2026-03-29 22:11:17,399 [INFO] PluginManage:310 - Check plugin pinoutconfig
2026-03-29 22:11:17,458 [WARN] SupportedApi:132 - Cannot load RTOS API schema: s4s-elt-must-match.1: The content of 'definitions' must match (annotation?, (simpleType | complexType)?, (unique | key | keyref)*)). A problem was found starting at: attribute.
2026-03-29 22:11:17,559 [INFO] PluginManage:359 - Loaded plugin pinoutconfig (category:base,tabindex:0)
2026-03-29 22:11:17,559 [INFO] PluginManage:310 - Check plugin power
2026-03-29 22:11:17,566 [INFO] PluginManage:359 - Loaded plugin power (category:power,tabindex:4)
2026-03-29 22:11:17,566 [INFO] PluginManage:310 - Check plugin projectmanager
2026-03-29 22:11:17,577 [INFO] PluginManage:359 - Loaded plugin projectmanager (category:projectmanager,tabindex:4)
2026-03-29 22:11:17,578 [INFO] PluginManage:310 - Check plugin rif
2026-03-29 22:11:17,585 [INFO] PluginManage:359 - Loaded plugin rif (category:base,tabindex:3)
2026-03-29 22:11:17,585 [INFO] PluginManage:310 - Check plugin thirdparty
2026-03-29 22:11:17,659 [INFO] PluginManage:359 - Loaded plugin thirdparty (category:base,tabindex:-1)
2026-03-29 22:11:17,660 [INFO] PluginManage:310 - Check plugin tools
2026-03-29 22:11:17,659 [WARN] IntegrityCheckThread:84 - waiting for thirdparty lock release [integrity check]
2026-03-29 22:11:17,660 [INFO] IntegrityCheckThread:86 - entering critical section [integrity check]
2026-03-29 22:11:17,660 [INFO] ThirdPartyUpdaterWithRetryManager:70 - Updater plugin not ready yet. [1/15]
2026-03-29 22:11:17,662 [INFO] PluginManage:359 - Loaded plugin tools (category:base,tabindex:7)
2026-03-29 22:11:17,662 [INFO] PluginManage:310 - Check plugin tutovideos
2026-03-29 22:11:17,779 [INFO] PluginManage:359 - Loaded plugin tutovideos (category:base,tabindex:-1)
2026-03-29 22:11:17,780 [INFO] PluginManage:310 - Check plugin updater
2026-03-29 22:11:17,795 [INFO] PluginManage:359 - Loaded plugin updater (category:base,tabindex:12)
2026-03-29 22:11:17,795 [INFO] PluginManage:310 - Check plugin userauth
2026-03-29 22:11:17,799 [INFO] UserAuth:118 - Init User Auth plugin
2026-03-29 22:11:17,799 [INFO] PluginManage:359 - Loaded plugin userauth (category:base,tabindex:14)
2026-03-29 22:11:17,799 [INFO] PluginManage:283 - PluginManage : Loaded plugins [18]
2026-03-29 22:11:17,891 [INFO] PinOutPanel:1589 - setPackage(No Configuration,No Configuration)
2026-03-29 22:11:17,929 [INFO] CADModel:165 - CPN selected for project level
2026-03-29 22:11:17,929 [INFO] CADModel:114 - Register for checkConnection events
2026-03-29 22:11:17,935 [INFO] IPUIPlugin:80 - create IPUIPlugin
2026-03-29 22:11:17,935 [INFO] PluginManager:220 - loadIPPluginJar : add tracer_emb
2026-03-29 22:11:17,936 [INFO] IPUIPlugin:80 - create IPUIPlugin
2026-03-29 22:11:17,936 [INFO] PluginManager:220 - loadIPPluginJar : add radio
2026-03-29 22:11:17,939 [INFO] IPUIPlugin:80 - create IPUIPlugin
2026-03-29 22:11:17,939 [INFO] PluginManager:220 - loadIPPluginJar : add ddr_ctrl_phy
2026-03-29 22:11:17,943 [INFO] IPUIPlugin:80 - create IPUIPlugin
2026-03-29 22:11:17,943 [INFO] PluginManager:220 - loadIPPluginJar : add mdma
2026-03-29 22:11:17,945 [INFO] IPUIPlugin:80 - create IPUIPlugin
2026-03-29 22:11:17,945 [INFO] PluginManager:220 - loadIPPluginJar : add touchsensing
2026-03-29 22:11:17,946 [INFO] IPUIPlugin:80 - create IPUIPlugin
2026-03-29 22:11:17,947 [INFO] PluginManager:220 - loadIPPluginJar : add ucpd
2026-03-29 22:11:17,951 [INFO] IPUIPlugin:80 - create IPUIPlugin
2026-03-29 22:11:17,953 [INFO] PluginManager:220 - loadIPPluginJar : add plateformsettings
2026-03-29 22:11:17,955 [INFO] IPUIPlugin:80 - create IPUIPlugin
2026-03-29 22:11:17,955 [INFO] PluginManager:220 - loadIPPluginJar : add ipddr
2026-03-29 22:11:17,957 [INFO] IPUIPlugin:80 - create IPUIPlugin
2026-03-29 22:11:17,957 [INFO] PluginManager:220 - loadIPPluginJar : add resmgrutility
2026-03-29 22:11:17,958 [INFO] IPUIPlugin:80 - create IPUIPlugin
2026-03-29 22:11:17,958 [INFO] PluginManager:220 - loadIPPluginJar : add ts
2026-03-29 22:11:17,959 [INFO] IPUIPlugin:80 - create IPUIPlugin
2026-03-29 22:11:17,959 [INFO] PluginManager:220 - loadIPPluginJar : add dma3
2026-03-29 22:11:17,960 [INFO] IPUIPlugin:80 - create IPUIPlugin
2026-03-29 22:11:17,960 [INFO] PluginManager:220 - loadIPPluginJar : add openamp
2026-03-29 22:11:17,961 [INFO] IPUIPlugin:80 - create IPUIPlugin
2026-03-29 22:11:17,962 [INFO] PluginManager:220 - loadIPPluginJar : add opamp
2026-03-29 22:11:17,963 [INFO] IPUIPlugin:80 - create IPUIPlugin
2026-03-29 22:11:17,963 [INFO] PluginManager:220 - loadIPPluginJar : add pdm2pcm
2026-03-29 22:11:17,964 [INFO] IPUIPlugin:80 - create IPUIPlugin
2026-03-29 22:11:17,964 [INFO] PluginManager:220 - loadIPPluginJar : add gfxmmu
2026-03-29 22:11:17,965 [INFO] IPUIPlugin:80 - create IPUIPlugin
2026-03-29 22:11:17,965 [INFO] PluginManager:220 - loadIPPluginJar : add aes
2026-03-29 22:11:17,967 [INFO] IPUIPlugin:80 - create IPUIPlugin
2026-03-29 22:11:17,967 [INFO] PluginManager:220 - loadIPPluginJar : add gtzc
2026-03-29 22:11:17,968 [INFO] IPUIPlugin:80 - create IPUIPlugin
2026-03-29 22:11:17,968 [INFO] PluginManager:220 - loadIPPluginJar : add sai
2026-03-29 22:11:17,969 [INFO] IPUIPlugin:80 - create IPUIPlugin
2026-03-29 22:11:17,969 [INFO] PluginManager:220 - loadIPPluginJar : add tsc
2026-03-29 22:11:17,970 [INFO] IPUIPlugin:80 - create IPUIPlugin
2026-03-29 22:11:17,971 [INFO] PluginManager:220 - loadIPPluginJar : add usbx
2026-03-29 22:11:17,972 [INFO] IPUIPlugin:80 - create IPUIPlugin
2026-03-29 22:11:17,972 [INFO] PluginManager:220 - loadIPPluginJar : add can
2026-03-29 22:11:17,973 [INFO] IPUIPlugin:80 - create IPUIPlugin
2026-03-29 22:11:17,973 [INFO] PluginManager:220 - loadIPPluginJar : add i2c
2026-03-29 22:11:17,974 [INFO] IPUIPlugin:80 - create IPUIPlugin
2026-03-29 22:11:17,974 [INFO] PluginManager:220 - loadIPPluginJar : add lorawan
2026-03-29 22:11:17,975 [INFO] IPUIPlugin:80 - create IPUIPlugin
2026-03-29 22:11:17,975 [INFO] PluginManager:220 - loadIPPluginJar : add spi
2026-03-29 22:11:17,979 [INFO] IPUIPlugin:80 - create IPUIPlugin
2026-03-29 22:11:17,980 [INFO] PluginManager:220 - loadIPPluginJar : add linkedlist
2026-03-29 22:11:17,982 [INFO] IPUIPlugin:80 - create IPUIPlugin
2026-03-29 22:11:17,982 [INFO] PluginManager:220 - loadIPPluginJar : add fmc
2026-03-29 22:11:17,984 [INFO] IPUIPlugin:80 - create IPUIPlugin
2026-03-29 22:11:17,984 [INFO] PluginManager:220 - loadIPPluginJar : add i3c
2026-03-29 22:11:17,984 [INFO] IPUIPlugin:80 - create IPUIPlugin
2026-03-29 22:11:17,984 [INFO] PluginManager:220 - loadIPPluginJar : add ltdc
2026-03-29 22:11:17,988 [INFO] IPUIPlugin:80 - create IPUIPlugin
2026-03-29 22:11:17,988 [INFO] PluginManager:220 - loadIPPluginJar : add dma
2026-03-29 22:11:17,991 [INFO] IPUIPlugin:80 - create IPUIPlugin
2026-03-29 22:11:17,991 [INFO] PluginManager:220 - loadIPPluginJar : add freertos
2026-03-29 22:11:17,992 [INFO] IPUIPlugin:80 - create IPUIPlugin
2026-03-29 22:11:17,992 [INFO] PluginManager:220 - loadIPPluginJar : add hash
2026-03-29 22:11:17,996 [INFO] IPUIPlugin:80 - create IPUIPlugin
2026-03-29 22:11:17,996 [INFO] PluginManager:220 - loadIPPluginJar : add adc
2026-03-29 22:11:17,998 [INFO] IPUIPlugin:80 - create IPUIPlugin
2026-03-29 22:11:17,998 [INFO] PluginManager:220 - loadIPPluginJar : add usart
2026-03-29 22:11:18,002 [INFO] IPUIPlugin:80 - create IPUIPlugin
2026-03-29 22:11:18,002 [INFO] PluginManager:220 - loadIPPluginJar : add stm32_wpan
2026-03-29 22:11:18,002 [INFO] IPUIPlugin:80 - create IPUIPlugin
2026-03-29 22:11:18,003 [INFO] PluginManager:220 - loadIPPluginJar : add genericplugin
2026-03-29 22:11:18,006 [INFO] IPUIPlugin:80 - create IPUIPlugin
2026-03-29 22:11:18,006 [INFO] PluginManager:220 - loadIPPluginJar : add gpio
2026-03-29 22:11:18,009 [INFO] IPUIPlugin:80 - create IPUIPlugin
2026-03-29 22:11:18,009 [INFO] PluginManager:220 - loadIPPluginJar : add nvic
2026-03-29 22:11:18,010 [INFO] IPUIPlugin:80 - create IPUIPlugin
2026-03-29 22:11:18,010 [INFO] PluginManager:220 - loadIPPluginJar : add dfsdm
2026-03-29 22:11:18,011 [INFO] IPUIPlugin:80 - create IPUIPlugin
2026-03-29 22:11:18,011 [INFO] PluginManager:220 - loadIPPluginJar : add fatfs
2026-03-29 22:11:18,012 [INFO] IPUIPlugin:80 - create IPUIPlugin
2026-03-29 22:11:18,012 [INFO] PluginManager:220 - loadIPPluginJar : add comp
2026-03-29 22:11:18,013 [INFO] IPUIPlugin:80 - create IPUIPlugin
2026-03-29 22:11:18,013 [INFO] PluginManager:220 - loadIPPluginJar : add i2s
2026-03-29 22:11:18,014 [INFO] IPUIPlugin:80 - create IPUIPlugin
2026-03-29 22:11:18,014 [INFO] PluginManager:220 - loadIPPluginJar : add cryp
2026-03-29 22:11:18,015 [INFO] IPUIPlugin:80 - create IPUIPlugin
2026-03-29 22:11:18,015 [INFO] PluginManager:220 - loadIPPluginJar : add quadspi
2026-03-29 22:11:18,019 [INFO] IPUIPlugin:80 - create IPUIPlugin
2026-03-29 22:11:18,019 [INFO] PluginManager:220 - loadIPPluginJar : add gic
2026-03-29 22:11:18,020 [INFO] IPUIPlugin:80 - create IPUIPlugin
2026-03-29 22:11:18,020 [INFO] PluginManager:220 - loadIPPluginJar : add tim
2026-03-29 22:11:18,021 [INFO] IPUIPlugin:80 - create IPUIPlugin
2026-03-29 22:11:18,021 [INFO] PluginManager:220 - loadIPPluginJar : add extmemmanager
2026-03-29 22:11:18,111 [FATAL] Updater:351 - Updater called before beeing initialized
2026-03-29 22:11:18,128 [INFO] RulesReader:64 - Compatibility file has been processed (317 Rules)
2026-03-29 22:11:18,134 [INFO] RulesReader:64 - Compatibility file has been processed (317 Rules)
2026-03-29 22:11:18,138 [INFO] CADModel:165 - CPN selected for project level
2026-03-29 22:11:18,138 [INFO] CADModel:114 - Register for checkConnection events
2026-03-29 22:11:18,138 [FATAL] Updater:351 - Updater called before beeing initialized
2026-03-29 22:11:18,138 [ERROR] CADModel:125 - Updater not yet initialized, retry later 
2026-03-29 22:11:18,226 [FATAL] Updater:351 - Updater called before beeing initialized
2026-03-29 22:11:18,227 [INFO] CADModel:165 - CPN selected for project level
2026-03-29 22:11:18,228 [INFO] CADModel:114 - Register for checkConnection events
2026-03-29 22:11:18,228 [FATAL] Updater:351 - Updater called before beeing initialized
2026-03-29 22:11:18,228 [ERROR] CADModel:125 - Updater not yet initialized, retry later 
2026-03-29 22:11:18,231 [FATAL] Updater:351 - Updater called before beeing initialized
2026-03-29 22:11:18,305 [FATAL] Updater:351 - Updater called before beeing initialized
2026-03-29 22:11:18,308 [INFO] DbMcusAds:53 - JSON generation date=Wed Feb 18 15:32:49 CET 2026 (1771425169371)
2026-03-29 22:11:18,308 [FATAL] Updater:351 - Updater called before beeing initialized
2026-03-29 22:11:18,327 [WARN] DetailPanel:346 - Failed to get advertising image, set to default
2026-03-29 22:11:18,371 [FATAL] Updater:351 - Updater called before beeing initialized
2026-03-29 22:11:18,373 [FATAL] Updater:351 - Updater called before beeing initialized
2026-03-29 22:11:18,373 [FATAL] Updater:351 - Updater called before beeing initialized
2026-03-29 22:11:18,373 [WARN] DetailPanel:346 - Failed to get advertising image, set to default
2026-03-29 22:11:18,373 [FATAL] Updater:351 - Updater called before beeing initialized
2026-03-29 22:11:18,389 [ERROR] Updater:1198 - MainUpdater not yet initialized. External WinMGr cannot be set.
2026-03-29 22:11:18,390 [INFO] Updater:1134 - Updater Version found : 6.15.0
2026-03-29 22:11:18,398 [INFO] ApplicationProperties:184 - Using Application install path: /opt/st/stm32cubeide_1.19.0/plugins/com.st.stm32cube.common.mx_6.15.0.202507011659
2026-03-29 22:11:18,555 [INFO] MainUpdater:2872 - connection check result : 10
2026-03-29 22:11:18,556 [INFO] MainUpdater:289 - Updater Check For Update Now.
2026-03-29 22:11:18,556 [INFO] MicroXplorer:498 - Change Database Version : DB.6.0.150
2026-03-29 22:11:18,559 [INFO] McuFinderGlobals:63 - Set McuFinder mode to 2 (CubeIDE integrated)
2026-03-29 22:11:18,560 [INFO] UserAuth:487 - Internet connection configuration mode: 1
2026-03-29 22:11:18,572 [INFO] JxBrowserEngine:152 - Initiate JxBrowser Engine with user profile folder
2026-03-29 22:11:18,717 [INFO] CheckServerUpdateThread:120 - End of CheckServer Thread
2026-03-29 22:11:19,112 [INFO] WebApp:169 - Instantiating new browser for Auth
2026-03-29 22:11:19,552 [INFO] WebApp:463 - Apply proxy settings
2026-03-29 22:11:19,552 [INFO] WebApp:548 - Chromium requires no authentication
2026-03-29 22:11:19,557 [INFO] WebApp:491 - Direct internet connection detected
2026-03-29 22:11:19,568 [INFO] WebApp:900 - Register for checkConnection events
2026-03-29 22:11:19,568 [INFO] WebApp:463 - Apply proxy settings
2026-03-29 22:11:19,568 [INFO] WebApp:548 - Chromium requires no authentication
2026-03-29 22:11:19,568 [INFO] WebApp:491 - Direct internet connection detected
2026-03-29 22:11:19,647 [INFO] WebApp:225 - Starting web application
2026-03-29 22:11:19,647 [INFO] WebApp:593 - Web application path used /opt/st/stm32cubeide_1.19.0/plugins/com.st.stm32cube.common.mx_6.15.0.202507011659/db/plugins/mcufinder/reactClient1/index.html
2026-03-29 22:11:19,713 [INFO] UserAuth:487 - Internet connection configuration mode: 1
2026-03-29 22:11:19,900 [INFO] WebApp:191 - Connection restablished
2026-03-29 22:11:20,772 [WARN] PackLoader:240 - Cannot read IP mode file for STMicroelectronics.X-CUBE-AZRTOS-H7.3.5.0
2026-03-29 22:11:20,780 [WARN] PackLoader:240 - Cannot read IP mode file for STMicroelectronics.FP-SNS-MOTENVWB1.1.4.0
2026-03-29 22:11:20,784 [WARN] PackLoader:240 - Cannot read IP mode file for STMicroelectronics.FP-ATR-ASTRA1.2.0.2
2026-03-29 22:11:20,789 [WARN] PackLoader:240 - Cannot read IP mode file for STMicroelectronics.X-CUBE-SMBUS.2.1.0
2026-03-29 22:11:20,792 [WARN] PackLoader:240 - Cannot read IP mode file for STMicroelectronics.X-CUBE-ST60.1.0.0
2026-03-29 22:11:20,808 [WARN] PackLoader:240 - Cannot read IP mode file for STMicroelectronics.X-CUBE-AZRTOS-F7.1.1.0
2026-03-29 22:11:20,814 [WARN] PackLoader:240 - Cannot read IP mode file for Cesanta.I-CUBE-Mongoose.7.19.0
2026-03-29 22:11:20,817 [WARN] PackLoader:240 - Cannot read IP mode file for STMicroelectronics.FP-SNS-MOTENV1.5.1.0
2026-03-29 22:11:20,823 [WARN] PackLoader:240 - Cannot read IP mode file for WES.I-CUBE-Cesium.1.4.0
2026-03-29 22:11:20,836 [WARN] PackLoader:240 - Cannot read IP mode file for Infineon.AIROC-Wi-Fi-Bluetooth-STM32.1.7.1
2026-03-29 22:11:20,859 [WARN] PackLoader:240 - Cannot read IP mode file for STMicroelectronics.X-CUBE-AZRTOS-H7.3.4.0
2026-03-29 22:11:20,867 [WARN] PackLoader:240 - Cannot read IP mode file for STMicroelectronics.X-CUBE-DISPLAY.3.0.0
2026-03-29 22:11:20,872 [WARN] PackLoader:240 - Cannot read IP mode file for STMicroelectronics.FP-SNS-MOTENVWB1.1.5.0
2026-03-29 22:11:20,877 [WARN] PackLoader:240 - Cannot read IP mode file for STMicroelectronics.X-CUBE-NFC10.1.0.0
2026-03-29 22:11:20,881 [WARN] PackLoader:240 - Cannot read IP mode file for STMicroelectronics.X-CUBE-ST60.1.1.0
2026-03-29 22:11:20,885 [WARN] PackLoader:240 - Cannot read IP mode file for emotas.I-CUBE-CANOPEN.1.3.0
2026-03-29 22:11:20,888 [WARN] PackLoader:240 - Cannot read IP mode file for STMicroelectronics.X-CUBE-GNSS1.7.1.0
2026-03-29 22:11:20,892 [WARN] PackLoader:240 - Cannot read IP mode file for STMicroelectronics.FP-SNS-SMARTAG2.1.2.0
2026-03-29 22:11:20,894 [WARN] PackLoader:240 - Cannot read IP mode file for STMicroelectronics.FP-SNS-FLIGHT1.5.1.0
2026-03-29 22:11:20,899 [INFO] LogOutputStream:77 - [STDOUT_REDIRECT] 1 : Invalid condition id : UX_CORESTACK_Condition cause : null
2026-03-29 22:11:20,900 [INFO] LogOutputStream:77 - [STDOUT_REDIRECT] 1 : Invalid condition id : UX_CORESTACK_Condition cause : null
2026-03-29 22:11:20,900 [INFO] LogOutputStream:77 - [STDOUT_REDIRECT] 1 : Invalid condition id : UX_CORESTACK_Condition cause : null
2026-03-29 22:11:20,900 [INFO] LogOutputStream:77 - [STDOUT_REDIRECT] 1 : Invalid condition id : UX_CORESTACK_Condition cause : null
2026-03-29 22:11:20,900 [INFO] LogOutputStream:77 - [STDOUT_REDIRECT] 1 : Invalid condition id : UX_CORESTACK_Condition cause : null
2026-03-29 22:11:20,902 [WARN] PackLoader:240 - Cannot read IP mode file for STMicroelectronics.X-CUBE-AZRTOS-WL.2.0.0
2026-03-29 22:11:20,905 [WARN] PackLoader:240 - Cannot read IP mode file for STMicroelectronics.FP-SNS-MOTENV1.5.0.0
2026-03-29 22:11:20,915 [WARN] PackLoader:240 - Cannot read IP mode file for STMicroelectronics.X-CUBE-AZRTOS-H7RS.1.2.0
2026-03-29 22:11:20,920 [WARN] PackLoader:240 - Cannot read IP mode file for STMicroelectronics.X-CUBE-BLE2.3.3.0
2026-03-29 22:11:20,932 [WARN] PackLoader:240 - Cannot read IP mode file for STMicroelectronics.X-CUBE-NFC9.1.0.0
2026-03-29 22:11:20,935 [WARN] PackLoader:240 - Cannot read IP mode file for wolfSSL.I-CUBE-wolfSSL.5.8.2
2026-03-29 22:11:20,937 [WARN] PackLoader:240 - Cannot read IP mode file for STMicroelectronics.X-CUBE-BLE1.7.1.0
2026-03-29 22:11:20,939 [WARN] PackLoader:240 - Cannot read IP mode file for wolfSSL.I-CUBE-wolfMQTT.1.19.2
2026-03-29 22:11:20,942 [WARN] PackLoader:240 - Cannot read IP mode file for STMicroelectronics.X-CUBE-FREERTOS.1.4.0
2026-03-29 22:11:20,945 [WARN] PackLoader:240 - Cannot read IP mode file for STMicroelectronics.X-CUBE-EEPRMA1.5.2.0
2026-03-29 22:11:20,950 [WARN] PackLoader:240 - Cannot read IP mode file for STMicroelectronics.X-CUBE-ST67W61.1.1.0
2026-03-29 22:11:20,973 [WARN] PackLoader:240 - Cannot read IP mode file for STMicroelectronics.X-CUBE-MEMS1.12.0.0
2026-03-29 22:11:21,081 [WARN] PackLoader:240 - Cannot read IP mode file for STMicroelectronics.X-CUBE-AZRTOS-G0.1.1.0
2026-03-29 22:11:21,088 [WARN] PackLoader:240 - Cannot read IP mode file for STMicroelectronics.X-CUBE-SAFEA1.1.2.2
2026-03-29 22:11:21,093 [WARN] PackLoader:240 - Cannot read IP mode file for STMicroelectronics.X-CUBE-NFC4.3.0.0
2026-03-29 22:11:21,100 [WARN] PackLoader:240 - Cannot read IP mode file for EmbeddedOffice.I-CUBE-FS-RTOS.1.0.1
2026-03-29 22:11:21,105 [WARN] PackLoader:240 - Cannot read IP mode file for STMicroelectronics.X-CUBE-WB05N.2.0.0
2026-03-29 22:11:21,108 [WARN] PackLoader:240 - Cannot read IP mode file for wolfSSL.I-CUBE-wolfTPM.3.8.0
2026-03-29 22:11:21,112 [WARN] PackLoader:240 - Cannot read IP mode file for STMicroelectronics.X-CUBE-TCPP.4.2.0
2026-03-29 22:11:21,117 [WARN] PackLoader:240 - Cannot read IP mode file for RealThread.X-CUBE-RT-Thread_Nano.4.1.1
2026-03-29 22:11:21,121 [WARN] PackLoader:240 - Cannot read IP mode file for STMicroelectronics.FP-ATR-SIGFOX1.3.2.0
2026-03-29 22:11:21,125 [WARN] PackLoader:240 - Cannot read IP mode file for STMicroelectronics.X-CUBE-FREERTOS.1.5.0
2026-03-29 22:11:21,129 [WARN] PackLoader:240 - Cannot read IP mode file for ITTIA_DB.I-CUBE-ITTIADB.8.9.0
2026-03-29 22:11:21,133 [WARN] PackLoader:240 - Cannot read IP mode file for STMicroelectronics.X-CUBE-NFC6.3.2.0
2026-03-29 22:11:21,152 [WARN] PackLoader:240 - Cannot read IP mode file for SEGGER.I-CUBE-embOS.1.3.1
2026-03-29 22:11:21,174 [WARN] PackLoader:240 - Cannot read IP mode file for STMicroelectronics.X-CUBE-ALGOBUILD.1.4.0
2026-03-29 22:11:21,198 [WARN] PackLoader:240 - Cannot read IP mode file for STMicroelectronics.X-CUBE-MEMS1.11.3.0
2026-03-29 22:11:21,274 [WARN] PackLoader:240 - Cannot read IP mode file for STMicroelectronics.X-CUBE-PM33A1.1.0.0
2026-03-29 22:11:21,283 [WARN] PackLoader:240 - Cannot read IP mode file for STMicroelectronics.X-CUBE-AZRTOS-F4.1.1.0
2026-03-29 22:11:21,286 [WARN] PackLoader:240 - Cannot read IP mode file for STMicroelectronics.X-CUBE-ISPU.2.1.0
2026-03-29 22:11:21,294 [WARN] PackLoader:240 - Cannot read IP mode file for STMicroelectronics.X-CUBE-IPS.3.2.0
2026-03-29 22:11:21,300 [WARN] PackLoader:240 - Cannot read IP mode file for STMicroelectronics.X-CUBE-NFC12.1.0.0
2026-03-29 22:11:21,309 [WARN] PackLoader:240 - Cannot read IP mode file for STMicroelectronics.X-CUBE-AZRTOS-L5.2.0.0
2026-03-29 22:11:21,314 [WARN] PackLoader:240 - Cannot read IP mode file for STMicroelectronics.X-CUBE-NFC6.3.1.0
2026-03-29 22:11:21,318 [WARN] PackLoader:240 - Cannot read IP mode file for STMicroelectronics.X-CUBE-FREERTOS.1.3.1
2026-03-29 22:11:21,320 [WARN] PackLoader:240 - Cannot read IP mode file for STMicroelectronics.X-CUBE-TOUCHGFX.4.26.0
2026-03-29 22:11:21,321 [WARN] PackLoader:240 - Cannot read IP mode file for STMicroelectronics.X-CUBE-TOUCHGFX.4.26.1
2026-03-29 22:11:21,324 [WARN] PackLoader:240 - Cannot read IP mode file for STMicroelectronics.X-CUBE-DPower.1.3.0
2026-03-29 22:11:21,334 [WARN] ConditionMgr:438 - getConditionDescription Invalid condition id : LAN8742 Phy interface Condition cause : null
2026-03-29 22:11:21,334 [WARN] PackLoader:240 - Cannot read IP mode file for STMicroelectronics.X-CUBE-AZRTOS-L4.2.0.0
2026-03-29 22:11:21,335 [WARN] ConditionMgr:1044 - genDependencies : Invalid condition id : LAN8742 Phy interface Condition cause : null
2026-03-29 22:11:21,335 [WARN] ConditionMgr:1044 - genDependencies : Invalid condition id : LAN8742 Phy interface Condition cause : null
2026-03-29 22:11:21,335 [WARN] ConditionMgr:1044 - genDependencies : Invalid condition id : LAN8742 Phy interface Condition cause : null
2026-03-29 22:11:21,339 [WARN] PackLoader:240 - Cannot read IP mode file for STMicroelectronics.X-CUBE-SFXS2LP1.4.0.0
2026-03-29 22:11:21,343 [WARN] PackLoader:240 - Cannot read IP mode file for STMicroelectronics.X-CUBE-ST67W61.1.2.0
2026-03-29 22:11:21,349 [WARN] PackLoader:240 - Cannot read IP mode file for STMicroelectronics.X-CUBE-BLEMGR.4.1.0
2026-03-29 22:11:21,357 [WARN] ConditionMgr:438 - getConditionDescription Invalid condition id : UX DEVICE CLASS RTOS Condition cause : null
2026-03-29 22:11:21,357 [WARN] ConditionMgr:438 - getConditionDescription Invalid condition id : UX DEVICE CLASS RTOS Condition cause : null
2026-03-29 22:11:21,358 [WARN] PackLoader:240 - Cannot read IP mode file for STMicroelectronics.X-CUBE-AZRTOS-WB.2.0.0
2026-03-29 22:11:21,358 [WARN] ConditionMgr:1044 - genDependencies : Invalid condition id : UX DEVICE CLASS RTOS Condition cause : null
2026-03-29 22:11:21,358 [WARN] ConditionMgr:1044 - genDependencies : Invalid condition id : UX DEVICE CLASS RTOS Condition cause : null
2026-03-29 22:11:21,359 [WARN] ConditionMgr:1044 - genDependencies : Invalid condition id : UX DEVICE CLASS RTOS Condition cause : null
2026-03-29 22:11:21,359 [WARN] ConditionMgr:1044 - genDependencies : Invalid condition id : UX DEVICE CLASS RTOS Condition cause : null
2026-03-29 22:11:21,359 [WARN] ConditionMgr:1044 - genDependencies : Invalid condition id : UX DEVICE CLASS RTOS Condition cause : null
2026-03-29 22:11:21,362 [WARN] PackLoader:240 - Cannot read IP mode file for STMicroelectronics.X-CUBE-GNSS1.7.0.1
2026-03-29 22:11:21,364 [WARN] ConditionMgr:438 - getConditionDescription Invalid condition id : Cortex-A Device cause : null
2026-03-29 22:11:21,369 [WARN] ConditionMgr:1044 - genDependencies : Invalid condition id : Cortex-A Device cause : null
2026-03-29 22:11:21,369 [WARN] ConditionMgr:1044 - genDependencies : Invalid condition id : Cortex-A Device cause : null
2026-03-29 22:11:21,369 [WARN] ConditionMgr:1044 - genDependencies : Invalid condition id : Cortex-A Device cause : null
2026-03-29 22:11:21,373 [WARN] PackLoader:240 - Cannot read IP mode file for STMicroelectronics.X-CUBE-STSE01.2.0.0
2026-03-29 22:11:21,378 [WARN] PackLoader:240 - Cannot read IP mode file for STMicroelectronics.X-CUBE-SUBG2.5.0.0
2026-03-29 22:11:21,389 [WARN] PackLoader:240 - Cannot read IP mode file for STMicroelectronics.X-CUBE-AZRTOS-H7RS.1.1.0
2026-03-29 22:11:21,401 [WARN] PackLoader:240 - Cannot read IP mode file for STMicroelectronics.X-CUBE-AZRTOS-G4.2.0.0
2026-03-29 22:11:21,406 [WARN] PackLoader:240 - Cannot read IP mode file for wolfSSL.I-CUBE-wolfSSH.1.4.20
2026-03-29 22:11:21,408 [WARN] PackLoader:240 - Cannot read IP mode file for STMicroelectronics.X-CUBE-NFC7.2.0.0
2026-03-29 22:11:21,411 [WARN] PackLoader:240 - Cannot read IP mode file for STMicroelectronics.X-CUBE-ALS.1.0.2
2026-03-29 22:11:21,415 [WARN] PackLoader:240 - Cannot read IP mode file for STMicroelectronics.X-CUBE-STSE01.1.0.0
2026-03-29 22:11:21,422 [WARN] PackLoader:240 - Cannot read IP mode file for STMicroelectronics.X-CUBE-TOF1.3.4.3
2026-03-29 22:11:21,428 [INFO] ThirdParty:978 - Integrity check success = true
2026-03-29 22:11:21,429 [INFO] IntegrityCheckThread:100 - exiting critical section [integrity check]
2026-03-29 22:11:21,429 [INFO] IntegrityCheckThread:103 - End integrity checks thread
2026-03-29 22:13:25,988 [INFO] McuFinderGlobals:63 - Set McuFinder mode to 2 (CubeIDE integrated)
2026-03-29 22:13:25,991 [INFO] MainUpdater:2872 - connection check result : 10
2026-03-29 22:13:25,992 [INFO] MainUpdater:2872 - connection check result : 10
2026-03-29 22:13:26,011 [INFO] MicroXplorer:468 - Change Database Path : 
2026-03-29 22:13:26,012 [INFO] MicroXplorer:498 - Change Database Version : DB.6.0.150
2026-03-29 22:13:26,016 [WARN] ThirdParty:871 - waiting for thirdparty lock release [close project]
2026-03-29 22:13:26,016 [INFO] ThirdParty:873 - entering critical section [close project]
2026-03-29 22:13:26,017 [INFO] ThirdParty:883 - exiting critical section [close project]
2026-03-29 22:13:26,020 [INFO] PinOutPanel:1589 - setPackage(No Configuration,No Configuration)
2026-03-29 22:13:26,022 [INFO] UtilMem:75 - Begin LoadConfig() Used Memory: 692926040 Bytes (1061158912)
2026-03-29 22:13:26,023 [INFO] MicroXplorer:468 - Change Database Path : 
2026-03-29 22:13:26,023 [INFO] MicroXplorer:498 - Change Database Version : DB.6.0.150
2026-03-29 22:13:26,023 [INFO] OpenFileManager:355 - Change cursor
2026-03-29 22:13:26,053 [INFO] Mcu:2029 - Initializing MCU STM32F446R(C-E)Tx STM32F446RETx STM32F446RET6
2026-03-29 22:13:27,004 [INFO] Context:786 - Trying to add GPIOservice into a context  which must be forbidden
2026-03-29 22:13:27,385 [INFO] ImportTextPane:234 - (OptionalMessage_ERROR) Pin18 (VP_RIF_VS_RIF1) cannot be retrieved for this MCU
2026-03-29 22:13:27,491 [INFO] RtosManager:558 - Registered RTOS mode: class=CMSIS, group=RTOS, mode=CMSIS_V1, owner=FREERTOS
2026-03-29 22:13:27,492 [INFO] RtosManager:558 - Registered RTOS mode: class=CMSIS, group=RTOS2, mode=CMSIS_V2, owner=FREERTOS
2026-03-29 22:13:27,492 [INFO] RtosManager:558 - Registered RTOS mode: class=RTOS, group=Core, mode=CMSIS_V1, owner=FREERTOS
2026-03-29 22:13:27,492 [INFO] RtosManager:558 - Registered RTOS mode: class=RTOS, group=Core, mode=CMSIS_V2, owner=FREERTOS
2026-03-29 22:13:27,492 [WARN] ModelIntegratedComponent:184 - Missing modes for component STMicroelectronics:FreeRTOS:0.0.1:STMicroelectronics:RTOS:FreeRTOS:Core:::10.2.0:
2026-03-29 22:13:27,509 [WARN] ModelIntegratedComponent:63 - No mode defined for component null
2026-03-29 22:13:27,510 [WARN] ModelIntegratedComponent:63 - No mode defined for component null
2026-03-29 22:13:27,510 [WARN] ModelIntegratedComponent:63 - No mode defined for component null
2026-03-29 22:13:27,510 [WARN] ModelIntegratedComponent:63 - No mode defined for component null
2026-03-29 22:13:27,510 [WARN] ModelIntegratedComponent:63 - No mode defined for component null
2026-03-29 22:13:27,510 [WARN] ModelIntegratedComponent:63 - No mode defined for component null
2026-03-29 22:13:27,510 [WARN] ModelIntegratedComponent:63 - No mode defined for component null
2026-03-29 22:13:27,510 [WARN] ModelIntegratedComponent:63 - No mode defined for component null
2026-03-29 22:13:27,510 [WARN] ModelIntegratedComponent:63 - No mode defined for component null
2026-03-29 22:13:27,510 [WARN] ModelIntegratedComponent:63 - No mode defined for component null
2026-03-29 22:13:27,510 [WARN] ModelIntegratedComponent:63 - No mode defined for component null
2026-03-29 22:13:27,510 [WARN] ModelIntegratedComponent:63 - No mode defined for component null
2026-03-29 22:13:27,510 [WARN] ModelIntegratedComponent:63 - No mode defined for component null
2026-03-29 22:13:27,510 [WARN] ModelIntegratedComponent:63 - No mode defined for component null
2026-03-29 22:13:27,510 [WARN] ModelIntegratedComponent:63 - No mode defined for component null
2026-03-29 22:13:27,511 [WARN] ModelIntegratedComponent:63 - No mode defined for component null
2026-03-29 22:13:27,511 [WARN] ModelIntegratedComponent:63 - No mode defined for component null
2026-03-29 22:13:27,511 [WARN] ModelIntegratedComponent:63 - No mode defined for component null
2026-03-29 22:13:27,511 [WARN] ModelIntegratedComponent:63 - No mode defined for component null
2026-03-29 22:13:27,511 [WARN] ModelIntegratedComponent:63 - No mode defined for component null
2026-03-29 22:13:27,511 [WARN] ModelIntegratedComponent:63 - No mode defined for component null
2026-03-29 22:13:27,511 [WARN] ModelIntegratedComponent:63 - No mode defined for component null
2026-03-29 22:13:27,511 [WARN] ModelIntegratedComponent:63 - No mode defined for component null
2026-03-29 22:13:27,511 [WARN] ModelIntegratedComponent:63 - No mode defined for component null
2026-03-29 22:13:27,511 [WARN] ModelIntegratedComponent:63 - No mode defined for component null
2026-03-29 22:13:27,511 [WARN] ModelIntegratedComponent:63 - No mode defined for component null
2026-03-29 22:13:27,511 [WARN] ModelIntegratedComponent:63 - No mode defined for component null
2026-03-29 22:13:27,511 [WARN] ModelIntegratedComponent:63 - No mode defined for component null
2026-03-29 22:13:27,511 [WARN] ModelIntegratedComponent:63 - No mode defined for component null
2026-03-29 22:13:27,511 [WARN] ModelIntegratedComponent:63 - No mode defined for component null
2026-03-29 22:13:27,511 [WARN] ModelIntegratedComponent:63 - No mode defined for component null
2026-03-29 22:13:27,512 [WARN] ModelIntegratedComponent:63 - No mode defined for component null
2026-03-29 22:13:27,512 [WARN] ModelIntegratedComponent:63 - No mode defined for component null
2026-03-29 22:13:27,512 [WARN] ModelIntegratedComponent:63 - No mode defined for component null
2026-03-29 22:13:27,512 [WARN] ModelIntegratedComponent:63 - No mode defined for component null
2026-03-29 22:13:27,512 [WARN] ModelPack:524 - Component already loaded: STMicroelectronics:HAL Drivers:0.0.0:STMicroelectronics:Device:STMicro_Driver:XSPI:HAL::0.0.1:HAL_XSPI
2026-03-29 22:13:27,598 [INFO] ThirdPartyModel:298 - Start build external matchings
2026-03-29 22:13:27,905 [INFO] ThirdPartyModel:316 - End build external matchings
2026-03-29 22:13:27,922 [INFO] ImportTextPane:234 - (OptionalMessage_ERROR) IP (DMA) : Parameter (Instance) has Id (I2C3_RX) currently not set
2026-03-29 22:13:27,922 [INFO] ImportTextPane:234 - (OptionalMessage_ERROR) IP (DMA) : Parameter (Channel) has Id (I2C3_RX) currently not set
2026-03-29 22:13:27,922 [INFO] ImportTextPane:234 - (OptionalMessage_ERROR) IP (DMA) : Parameter (Direction) has Id (I2C3_RX) currently not set
2026-03-29 22:13:27,922 [INFO] ImportTextPane:234 - (OptionalMessage_ERROR) IP (DMA) : Parameter (PeriphInc) has Id (I2C3_RX) currently not set
2026-03-29 22:13:27,922 [INFO] ImportTextPane:234 - (OptionalMessage_ERROR) IP (DMA) : Parameter (MemInc) has Id (I2C3_RX) currently not set
2026-03-29 22:13:27,922 [INFO] ImportTextPane:234 - (OptionalMessage_ERROR) IP (DMA) : Parameter (PeriphDataAlignment) has Id (I2C3_RX) currently not set
2026-03-29 22:13:27,923 [INFO] ImportTextPane:234 - (OptionalMessage_ERROR) IP (DMA) : Parameter (MemDataAlignment) has Id (I2C3_RX) currently not set
2026-03-29 22:13:27,923 [INFO] ImportTextPane:234 - (OptionalMessage_ERROR) IP (DMA) : Parameter (Mode) has Id (I2C3_RX) currently not set
2026-03-29 22:13:27,923 [INFO] ImportTextPane:234 - (OptionalMessage_ERROR) IP (DMA) : Parameter (Priority) has Id (I2C3_RX) currently not set
2026-03-29 22:13:27,923 [INFO] ImportTextPane:234 - (OptionalMessage_ERROR) IP (DMA) : Parameter (FIFOMode) has Id (I2C3_RX) currently not set
2026-03-29 22:13:27,924 [WARN] IP:2250 - I2C_Coeff_DF not found: check if there is a RefParameter without a condition.
2026-03-29 22:13:27,924 [WARN] IP:2250 - Analog_Filter not found: check if there is a RefParameter without a condition.
2026-03-29 22:13:27,924 [INFO] ImportTextPane:234 - (OptionalMessage_ERROR) IP (RCC) : Invalid parameter (FamilyName)
2026-03-29 22:13:27,924 [INFO] ImportTextPane:234 - (OptionalMessage_ERROR) IP (RCC) : Parameter (MCO2PinFreq_Value) has invalid value (168000000)
2026-03-29 22:13:27,929 [WARN] IP:2250 - DEVICE_SERIAL0_CDC_FS not found: check if there is a RefParameter without a condition.
2026-03-29 22:13:27,929 [WARN] IP:2250 - DEVICE_SERIAL1_CDC_FS not found: check if there is a RefParameter without a condition.
2026-03-29 22:13:27,929 [WARN] IP:2250 - DEVICE_SERIAL2_CDC_FS not found: check if there is a RefParameter without a condition.
2026-03-29 22:13:28,130 [INFO] ApiDb:581 - Connected to CubeFinder SQLite database (/home/kamil/.stmcufinder/plugins/mcufinder/mcu/cube-finder-db.db)
2026-03-29 22:13:28,171 [INFO] ApiDb:668 - CubeFinder database Data Model version=2.1
2026-03-29 22:13:28,172 [INFO] ApiDb:669 - CubeFinder database Configuration version=3.0.42
2026-03-29 22:13:28,172 [INFO] ApiDb:670 - CubeFinder database generation date=2026-02-13 (1770995876)
2026-03-29 22:13:28,172 [INFO] ApiDb:671 - CubeFinder database FW Pack versions=[FP-ATR-ASTRA1_V2.0.0, FP-SNS-FLIGHT1_V5.1.0, FP-SNS-MOTENV1_V5.1.0, FP-SNS-MOTENVWB1_V1.4.0, FP-SNS-SMARTAG2_V1.2.0, FP-SNS-STBOX1_V2.1.0, STM32Cube_FW_C0_V1.4.0, STM32Cube_FW_F4_V1.28.3, STM32Cube_FW_F7_V1.17.4, STM32Cube_FW_G0_V1.6.2, STM32Cube_FW_G4_V1.6.1, STM32Cube_FW_H5_V1.6.0, STM32Cube_FW_H7RS_V1.3.0, STM32Cube_FW_H7_V1.13.0, STM32Cube_FW_L0_V1.12.2, STM32Cube_FW_L4_V1.18.2, STM32Cube_FW_L5_V1.6.0, STM32Cube_FW_N6_V1.3.0, STM32Cube_FW_U0_V1.3.0, STM32Cube_FW_U3_V1.3.0, STM32Cube_FW_U5_V1.8.0, STM32Cube_FW_WB0_V1.4.0, STM32Cube_FW_WBA_V1.9.0, STM32Cube_FW_WB_V1.24.0, STM32Cube_FW_WL3_V1.4.0, STM32Cube_FW_WL_V1.5.0, X-CUBE-ALGOBUILD_V1.4.0, X-CUBE-ALS_V1.0.2, X-CUBE-AZRTOS-F4_V1.1.0, X-CUBE-AZRTOS-F7_V1.1.0, X-CUBE-AZRTOS-G0_V1.1.0, X-CUBE-AZRTOS-G4_V2.0.0, X-CUBE-AZRTOS-H7RS_V1.1.0, X-CUBE-AZRTOS-H7_V3.4.0, X-CUBE-AZRTOS-L4_V2.0.0, X-CUBE-AZRTOS-L5_V2.0.0, X-CUBE-AZRTOS-WB_V2.0.0, X-CUBE-AZRTOS-WL_V2.0.0, X-CUBE-BLE1_V7.1.0, X-CUBE-BLE2_V3.3.0, X-CUBE-BLEMGR_V4.1.0, X-CUBE-EEPRMA1_V5.2.0, X-CUBE-FREERTOS_V1.3.1, X-CUBE-GNSS1_V6.0.0, X-CUBE-MEMS1_V12.0.0, X-CUBE-NFC4_V3.0.0, X-CUBE-NFC7_V2.0.0, X-CUBE-SFXS2LP1_V4.0.0, X-CUBE-ST67W61_V1.1.0, X-CUBE-SUBG2_V5.0.0, X-CUBE-TOF1_V3.4.3]
2026-03-29 22:13:28,236 [INFO] DbBoardsSqlite:226 - include board P-NUCLEO-WB55-NUCLEO as a kit item of type 'Nucleo-64'
2026-03-29 22:13:28,236 [INFO] DbBoardsSqlite:226 - include board P-NUCLEO-WB55-USBDONGLE as a kit item of type 'Nucleo USB Dongle'
2026-03-29 22:13:28,237 [INFO] DbBoardsSqlite:226 - include board STEVAL-IDP005V1 as a kit item of type 'Evaluation Board'
2026-03-29 22:13:28,237 [INFO] DbBoardsSqlite:226 - include board STEVAL-IDP005V2 as a kit item of type 'Evaluation Board'
2026-03-29 22:13:28,315 [INFO] ApiDb:240 - Found 880 in-development CPN: [B-G473E-ZEST1S, B-WB1M-WPAN1, B-WBA5M-WPAN, B-WL5M-SUBG1, NUCLEO-C031C6, NUCLEO-C051C8, NUCLEO-C071RB, NUCLEO-C092RC, NUCLEO-H503RB, NUCLEO-H533RE, NUCLEO-H563ZI, NUCLEO-H7S3L8, NUCLEO-N657X0-Q, NUCLEO-U031R8, NUCLEO-U083RC, NUCLEO-U385RG-Q, NUCLEO-U545RE-Q, NUCLEO-U5A5ZJ-Q, NUCLEO-WB05KZ, NUCLEO-WB07CC, NUCLEO-WB09KE, NUCLEO-WBA52CG, NUCLEO-WBA55CG, NUCLEO-WL33CC1, NUCLEO-WL33CC2, STEVAL-PROTEUS1, STEVAL-SMARTAG2, STEVAL-STWINBX1, STM320518-EVAL, STM32C0116-DK, STM32C011D6Y3TR, STM32C011D6Y6TR, STM32C011F4P3, STM32C011F4P6, STM32C011F4U3, STM32C011F4U6TR, STM32C011F6P3, STM32C011F6P6, STM32C011F6U3, STM32C011F6U6TR, STM32C011J4M3, STM32C011J4M6, STM32C011J6M3, STM32C011J6M6, STM32C0316-DK, STM32C031C4T3, STM32C031C4T6, STM32C031C4U3, STM32C031C4U6, STM32C031C6T3, STM32C031C6T6, STM32C031C6U3, STM32C031C6U6, STM32C031F4P3, STM32C031F4P6, STM32C031F6P3, STM32C031F6P6, STM32C031G4U3, STM32C031G4U6, STM32C031G6U3, STM32C031G6U6, STM32C031K4T3, STM32C031K4T6, STM32C031K4U3, STM32C031K4U6, STM32C031K6T3, STM32C031K6T6, STM32C031K6U3, STM32C031K6U6, STM32C051C6T6, STM32C051C6U6, STM32C051C8T6, STM32C051C8U6, STM32C051D8Y6TR, STM32C051F6P6, STM32C051F8P6, STM32C051G6U6, STM32C051G8U6, STM32C051K6T6, STM32C051K6U6, STM32C051K8T6, STM32C071C8T6, STM32C071C8T6N, STM32C071C8U6, STM32C071C8U6N, STM32C071CBT6, STM32C071CBT6N, STM32C071CBU6, STM32C071CBU6N, STM32C071F8P6, STM32C071F8P6N, STM32C071FBP6, STM32C071FBP6N, STM32C071FBY6TR, STM32C071G8U6, STM32C071G8U6N, STM32C071GBU6, STM32C071GBU6N, STM32C071K8T6, STM32C071K8T6N, STM32C071K8U6, STM32C071K8U6N, STM32C071KBT6, STM32C071KBT6N, STM32C071KBU6, STM32C071KBU6N, STM32C071R8T6, STM32C071R8T6N, STM32C071RBI6N, STM32C071RBT6, STM32C071RBT6N, STM32C091CBT6, STM32C091CBU6, STM32C091CCT6, STM32C091CCU6, STM32C091ECY6TR, STM32C091FBP6, STM32C091FCP6, STM32C091GBU6, STM32C091GCU6, STM32C091KBT6, STM32C091KBU6, STM32C091KCT6, STM32C091KCU6, STM32C091RBT6, STM32C091RCI6, STM32C091RCT6, STM32C092CBT6, STM32C092CBU6, STM32C092CCT6, STM32C092CCU6, STM32C092ECY6TR, STM32C092FBP6, STM32C092FCP6, STM32C092GBU6, STM32C092GCU6, STM32C092KBT6, STM32C092KBU6, STM32C092KCT6, STM32C092KCU6, STM32C092RBT6, STM32C092RCI6, STM32C092RCT6, STM32G071K8TXN, STM32G071K8UXN, STM32G081GBU6N, STM32G081KBT6N, STM32G081KBUXN, STM32G0B1CCT6N, STM32G0B1KCT6, STM32G0B1NEY6TR, STM32G0B1RCT6N, STM32G0C1CCT6, STM32G0C1CCT6N, STM32G0C1CCU6N, STM32G0C1CET6N, STM32G0C1CEU6N, STM32G0C1KCT6, STM32G0C1NEY6TR, STM32G0C1RCI6N, STM32G0C1RCT6N, STM32G0C1REI6N, STM32G0C1RET6N, STM32G0C1VCI6, STM32G0C1VEI6, STM32G411C6T3, STM32G411C6T6, STM32G411C6U3, STM32G411C6U6, STM32G411C8T3, STM32G411C8T6, STM32G411C8U3, STM32G411C8U6, STM32G411CBT3, STM32G411CBT6, STM32G411CBU3, STM32G411CBU6, STM32G411K6T3, STM32G411K6T6, STM32G411K6U3, STM32G411K6U6, STM32G411K8T3, STM32G411K8T6, STM32G411K8U3, STM32G411K8U6, STM32G411KBT3, STM32G411KBT6, STM32G411KBU3, STM32G411KBU6, STM32G411M6T3, STM32G411M6T6, STM32G411M8T3, STM32G411M8T6, STM32G411MBT3, STM32G411MBT6, STM32G411R6T3, STM32G411R6T6, STM32G411R8T3, STM32G411R8T6, STM32G411RBT3, STM32G411RBT6, STM32G414CBT3, STM32G414CBT6, STM32G414CBU3, STM32G414CBU6, STM32G414CCT3, STM32G414CCT6, STM32G414CCU3, STM32G414CCU6, STM32G414MBT3, STM32G414MBT6, STM32G414MCT3, STM32G414MCT6, STM32G414RBT3, STM32G414RBT6, STM32G414RCT3, STM32G414RCT6, STM32G414VBT3, STM32G414VBT6, STM32G414VCT3, STM32G414VCT6, STM32G431CBT3Z, STM32G431RBT3Z, STM32G471CCT6, STM32G471CCU6, STM32G471CET3, STM32G471CET6, STM32G471CEU3, STM32G471CEU6, STM32G471MCT6, STM32G471MET3, STM32G471MET6, STM32G471MEY6TR, STM32G471QCT6, STM32G471QET3, STM32G471RCT6, STM32G471RET3, STM32G471RET6, STM32G471VCH6, STM32G471VCI6, STM32G471VCT6, STM32G471VEH3, STM32G471VEH6, STM32G471VEI3, STM32G471VEI6, STM32G471VET3, STM32G471VET6, STM32G473QET3Z, STM32G473RET3Z, STM32G474CCT6, STM32G491RET3Z, STM32H503CBT6, STM32H503CBU6, STM32H503EBY6TR, STM32H503KBU6, STM32H503RBT6, STM32H523CCT6, STM32H523CCU6, STM32H523CET6, STM32H523CEU6, STM32H523HEY6TR, STM32H523RCT6, STM32H523RET6, STM32H523VCI6, STM32H523VCT6, STM32H523VEI6, STM32H523VET6, STM32H523ZCJ6, STM32H523ZCT6, STM32H523ZEJ6, STM32H523ZET6, STM32H533CET6, STM32H533CEU6, STM32H533HEY6TR, STM32H533RET6, STM32H533VEI6, STM32H533VET6, STM32H533ZEJ6, STM32H533ZET6, STM32H562AGI6, STM32H562AII6, STM32H562IGK6, STM32H562IGT6, STM32H562IIK6, STM32H562IIT6, STM32H562RGT6, STM32H562RGV6, STM32H562RIT6, STM32H562RIV6, STM32H562VGT6, STM32H562VIT6, STM32H562ZGT6, STM32H562ZIT6, STM32H563AGI6, STM32H563AII3Q, STM32H563AII6, STM32H563IGK6, STM32H563IGT6, STM32H563IIK3Q, STM32H563IIK6, STM32H563IIT3Q, STM32H563IIT6, STM32H563MIY3QTR, STM32H563RGT6, STM32H563RGV6, STM32H563RIT6, STM32H563RIV6, STM32H563VGT6, STM32H563VIT3Q, STM32H563VIT6, STM32H563ZGT6, STM32H563ZIT3Q, STM32H563ZIT6, STM32H573AII3Q, STM32H573AII6, STM32H573I-DK, STM32H573IIK3Q, STM32H573IIK6, STM32H573IIT3Q, STM32H573IIT6, STM32H573MIY3QTR, STM32H573RIT6, STM32H573RIV6, STM32H573VIT3Q, STM32H573VIT6, STM32H573ZIT3Q, STM32H573ZIT6, STM32H7R3A8I6, STM32H7R3I8K6, STM32H7R3I8T6, STM32H7R3L8H6, STM32H7R3L8H6H, STM32H7R3R8V6, STM32H7R3V8H6, STM32H7R3V8T6, STM32H7R3V8Y6TR, STM32H7R3Z8J6, STM32H7R3Z8T6, STM32H7R7A8I6, STM32H7R7I8K6, STM32H7R7I8T6, STM32H7R7L8H6, STM32H7R7L8H6H, STM32H7R7Z8J6, STM32H7S3A8I6, STM32H7S3I8K6, STM32H7S3I8T6, STM32H7S3L8H6, STM32H7S3L8H6H, STM32H7S3R8V6, STM32H7S3V8H6, STM32H7S3V8T6, STM32H7S3V8Y6TR, STM32H7S3Z8J6, STM32H7S3Z8T6, STM32H7S78-DK, STM32H7S7A8I6, STM32H7S7I8K6, STM32H7S7I8T6, STM32H7S7L8H6, STM32H7S7L8H6H, STM32H7S7Z8J6, STM32L4R5QGI6STR, STM32MP131AAE3, STM32MP131AAF3, STM32MP131AAG3, STM32MP131CAE3, STM32MP131CAF3, STM32MP131CAG3, STM32MP131DAE7, STM32MP131DAF7, STM32MP131DAG7, STM32MP131FAE7, STM32MP131FAF7, STM32MP131FAG7, STM32MP133AAE3, STM32MP133AAF3, STM32MP133AAG3, STM32MP133CAE3, STM32MP133CAF3, STM32MP133CAG3, STM32MP133DAE7, STM32MP133DAF7, STM32MP133DAG7, STM32MP133FAE7, STM32MP133FAF7, STM32MP133FAG7, STM32MP135AAE3, STM32MP135AAF3, STM32MP135AAG3, STM32MP135CAE3, STM32MP135CAF3, STM32MP135CAG3, STM32MP135DAE7, STM32MP135DAF7, STM32MP135DAG7, STM32MP135F-DK, STM32MP135FAE7, STM32MP135FAF7, STM32MP135FAF7T, STM32MP135FAF7U, STM32MP135FAG7, STM32MP211AAL3, STM32MP211AAM3, STM32MP211AAN3, STM32MP211AAO3, STM32MP211CAL3, STM32MP211CAM3, STM32MP211CAN3, STM32MP211CAO3, STM32MP211DAL3, STM32MP211DAM3, STM32MP211DAN3, STM32MP211DAO3, STM32MP211FAL3, STM32MP211FAM3, STM32MP211FAN3, STM32MP211FAO3, STM32MP213AAL3, STM32MP213AAM3, STM32MP213AAN3, STM32MP213AAO3, STM32MP213CAL3, STM32MP213CAM3, STM32MP213CAN3, STM32MP213CAO3, STM32MP213DAL3, STM32MP213DAM3, STM32MP213DAN3, STM32MP213DAO3, STM32MP213FAL3, STM32MP213FAM3, STM32MP213FAN3, STM32MP213FAO3, STM32MP215AAL3, STM32MP215AAM3, STM32MP215AAN3, STM32MP215AAO3, STM32MP215CAL3, STM32MP215CAM3, STM32MP215CAN3, STM32MP215CAO3, STM32MP215DAL3, STM32MP215DAM3, STM32MP215DAN3, STM32MP215DAO3, STM32MP215F-DK, STM32MP215FAL3, STM32MP215FAM3, STM32MP215FAN3, STM32MP215FAO3, STM32MP231AAJ3, STM32MP231AAK3, STM32MP231AAL3, STM32MP231CAJ3, STM32MP231CAK3, STM32MP231CAL3, STM32MP231DAJ3, STM32MP231DAK3, STM32MP231DAL3, STM32MP231FAJ3, STM32MP231FAK3, STM32MP231FAL3, STM32MP233AAJ3, STM32MP233AAK3, STM32MP233AAL3, STM32MP233CAJ3, STM32MP233CAK3, STM32MP233CAL3, STM32MP233DAJ3, STM32MP233DAK3, STM32MP233DAL3, STM32MP233FAJ3, STM32MP233FAK3, STM32MP233FAL3, STM32MP235AAJ3, STM32MP235AAK3, STM32MP235AAL3, STM32MP235CAJ3, STM32MP235CAK3, STM32MP235CAL3, STM32MP235DAJ3, STM32MP235DAK3, STM32MP235DAL3, STM32MP235FAJ3, STM32MP235FAK3, STM32MP235FAL3, STM32MP251AAI3, STM32MP251AAK3, STM32MP251AAL3, STM32MP251CAI3, STM32MP251CAK3, STM32MP251CAL3, STM32MP251DAI3, STM32MP251DAK3, STM32MP251DAL3, STM32MP251FAI3, STM32MP251FAK3, STM32MP251FAL3, STM32MP253AAI3, STM32MP253AAK3, STM32MP253AAL3, STM32MP253CAI3, STM32MP253CAK3, STM32MP253CAL3, STM32MP253DAI3, STM32MP253DAK3, STM32MP253DAL3, STM32MP253FAI3, STM32MP253FAK3, STM32MP253FAL3, STM32MP255AAI3, STM32MP255AAK3, STM32MP255AAL3, STM32MP255CAI3, STM32MP255CAK3, STM32MP255CAL3, STM32MP255DAI3, STM32MP255DAK3, STM32MP255DAL3, STM32MP255FAI3, STM32MP255FAK3, STM32MP255FAL3, STM32MP257AAI3, STM32MP257AAK3, STM32MP257AAL3, STM32MP257CAI3, STM32MP257CAK3, STM32MP257CAL3, STM32MP257DAI3, STM32MP257DAK3, STM32MP257DAL3, STM32MP257F-DK, STM32MP257F-EV1, STM32MP257FAI3, STM32MP257FAK3, STM32MP257FAL3, STM32N645A0H3Q, STM32N645B0H3Q, STM32N645I0H3Q, STM32N645L0H3Q, STM32N645X0H3Q, STM32N645Z0H3Q, STM32N647A0H3Q, STM32N647B0H3Q, STM32N647I0H3Q, STM32N647L0H3Q, STM32N647X0H3Q, STM32N647Z0H3Q, STM32N655A0H3Q, STM32N655B0H3Q, STM32N655I0H3Q, STM32N655L0H3Q, STM32N655X0H3Q, STM32N655Z0H3Q, STM32N6570-DK, STM32N657A0H3Q, STM32N657B0H3Q, STM32N657I0H3Q, STM32N657L0H3Q, STM32N657X0H3Q, STM32N657Z0H3Q, STM32U031C6T6, STM32U031C6U6, STM32U031C8T6, STM32U031C8U6, STM32U031F4P6, STM32U031F6P6, STM32U031F8P6, STM32U031G6Y6TR, STM32U031G8Y6TR, STM32U031K4U6, STM32U031K6U6, STM32U031K8U6, STM32U031R6I6, STM32U031R6T6, STM32U031R8I6, STM32U031R8T6, STM32U073C8T6, STM32U073C8U6, STM32U073CBT6, STM32U073CBU6, STM32U073CCT6, STM32U073CCU6, STM32U073H8Y6TR, STM32U073HBY6TR, STM32U073HCY6TR, STM32U073K8U6, STM32U073KBU6, STM32U073KCU6, STM32U073M8I6, STM32U073M8T6, STM32U073MBI6, STM32U073MBT6, STM32U073MCI6, STM32U073MCT6, STM32U073R8I6, STM32U073R8T6, STM32U073RBI6, STM32U073RBT6, STM32U073RCI6, STM32U073RCT6, STM32U083C-DK, STM32U083CCT6, STM32U083CCU6, STM32U083HCY6TR, STM32U083KCU6, STM32U083MCI6, STM32U083MCT6, STM32U083RCI6, STM32U083RCT6, STM32U375CET6, STM32U375CET6Q, STM32U375CEU6, STM32U375CEU6Q, STM32U375CEY6QTR, STM32U375CGT6, STM32U375CGT6Q, STM32U375CGU6, STM32U375CGU6Q, STM32U375CGY6QTR, STM32U375KEU6, STM32U375KGU6, STM32U375REI6, STM32U375REI6Q, STM32U375RET6, STM32U375RET6Q, STM32U375REY6GTR, STM32U375REY6QTR, STM32U375RGI6, STM32U375RGI6Q, STM32U375RGT6, STM32U375RGT6Q, STM32U375RGY6GTR, STM32U375RGY6QTR, STM32U375VEI6, STM32U375VEI6Q, STM32U375VET6, STM32U375VET6Q, STM32U375VGI6, STM32U375VGI6Q, STM32U375VGT6, STM32U375VGT6Q, STM32U385CGT6, STM32U385CGT6Q, STM32U385CGU6, STM32U385CGU6Q, STM32U385CGY6QTR, STM32U385KGU6, STM32U385RGI6, STM32U385RGI6Q, STM32U385RGT6, STM32U385RGT6Q, STM32U385RGY6GTR, STM32U385RGY6QTR, STM32U385VGI6, STM32U385VGI6Q, STM32U385VGT6, STM32U385VGT6Q, STM32U535CBT6, STM32U535CBT6Q, STM32U535CBU6, STM32U535CBU6Q, STM32U535CCT6, STM32U535CCT6Q, STM32U535CCU6, STM32U535CCU6Q, STM32U535CET6, STM32U535CET6Q, STM32U535CEU6, STM32U535CEU6Q, STM32U535JEY6QTR, STM32U535NCY6QTR, STM32U535NEY6QTR, STM32U535RBI6, STM32U535RBI6Q, STM32U535RBT6, STM32U535RBT6Q, STM32U535RCI6, STM32U535RCI6Q, STM32U535RCT6, STM32U535RCT6Q, STM32U535REI6, STM32U535REI6Q, STM32U535RET6, STM32U535RET6Q, STM32U535VCI6, STM32U535VCI6Q, STM32U535VCT6, STM32U535VCT6Q, STM32U535VEI6, STM32U535VEI6Q, STM32U535VET6, STM32U535VET6Q, STM32U545CET6, STM32U545CET6Q, STM32U545CEU6, STM32U545CEU6Q, STM32U545JEY6QTR, STM32U545NEY6QTR, STM32U545REI6, STM32U545REI6Q, STM32U545RET6, STM32U545RET6Q, STM32U545VEI6, STM32U545VEI6Q, STM32U545VET6, STM32U545VET6Q, STM32U595AIH6, STM32U595AIH6Q, STM32U595AJH6, STM32U595AJH6Q, STM32U595QII6, STM32U595QII6Q, STM32U595QJI6, STM32U595QJI6Q, STM32U595RIT6, STM32U595RIT6Q, STM32U595RJT6, STM32U595RJT6Q, STM32U595VIT6, STM32U595VIT6Q, STM32U595VJT6, STM32U595VJT6Q, STM32U595ZIT6, STM32U595ZIT6Q, STM32U595ZIY6QTR, STM32U595ZJT6, STM32U595ZJT6Q, STM32U595ZJY6QTR, STM32U599BJY6QTR, STM32U599NIH6Q, STM32U599NJH6Q, STM32U599VIT6Q, STM32U599VJT6, STM32U599VJT6Q, STM32U599ZIT6Q, STM32U599ZIY6QTR, STM32U599ZJT6Q, STM32U599ZJY6QTR, STM32U5A5AJH6, STM32U5A5AJH6Q, STM32U5A5QII3Q , STM32U5A5QJI6, STM32U5A5QJI6Q, STM32U5A5RJT6, STM32U5A5RJT6Q, STM32U5A5VJT6, STM32U5A5VJT6Q, STM32U5A5ZJT6, STM32U5A5ZJT6Q, STM32U5A5ZJY6QTR, STM32U5A9BJY6QTR, STM32U5A9J-DK, STM32U5A9NJH6Q, STM32U5A9VJT6Q, STM32U5A9ZJT6Q, STM32U5A9ZJY6QTR, STM32U5F7VIT6, STM32U5F7VIT6Q, STM32U5F7VJT6, STM32U5F7VJT6Q, STM32U5F9BJY6QTR, STM32U5F9NJH6Q, STM32U5F9VIT6Q, STM32U5F9VJT6Q, STM32U5F9ZIJ6QTR, STM32U5F9ZIT6Q, STM32U5F9ZJJ6QTR, STM32U5F9ZJT6Q, STM32U5G7VJT6, STM32U5G7VJT6Q, STM32U5G9BJY6QTR, STM32U5G9J-DK1, STM32U5G9J-DK2, STM32U5G9NJH6Q, STM32U5G9VJT6Q, STM32U5G9ZJJ6QTR, STM32U5G9ZJT6Q, STM32WB05KZV6TR, STM32WB05KZV7TR, STM32WB05TZF6TR, STM32WB05TZF7TR, STM32WB06CCF6TR, STM32WB06CCF7TR, STM32WB06CCV6TR, STM32WB06CCV7TR, STM32WB06KCV6TR, STM32WB06KCV7TR, STM32WB07CCF6TR, STM32WB07CCF7TR, STM32WB07CCV6TR, STM32WB07CCV7TR, STM32WB07KCV6TR, STM32WB07KCV7TR, STM32WB09KEV6TR, STM32WB09KEV7TR, STM32WB09TEF6TR, STM32WB09TEF7TR, STM32WB1MMCH6, STM32WBA50KGU6, STM32WBA50KGU6TR, STM32WBA52CEU6, STM32WBA52CEU6TR, STM32WBA52CEU7, STM32WBA52CEU7TR, STM32WBA52CGU6, STM32WBA52CGU6TR, STM32WBA52CGU6U, STM32WBA52CGU7, STM32WBA52CGU7TR, STM32WBA52KEU6, STM32WBA52KEU6TR, STM32WBA52KGU6, STM32WBA52KGU6TR, STM32WBA54CEU6, STM32WBA54CEU6TR, STM32WBA54CEU7, STM32WBA54CEU7TR, STM32WBA54CGU6, STM32WBA54CGU6TR, STM32WBA54CGU7, STM32WBA54CGU7TR, STM32WBA54KEU6, STM32WBA54KEU6TR, STM32WBA54KEU7, STM32WBA54KEU7TR, STM32WBA54KGU6, STM32WBA54KGU6TR, STM32WBA54KGU7, STM32WBA54KGU7TR, STM32WBA55CEU6, STM32WBA55CEU6TR, STM32WBA55CEU7, STM32WBA55CEU7TR, STM32WBA55CGU6, STM32WBA55CGU6TR, STM32WBA55CGU6U, STM32WBA55CGU7, STM32WBA55CGU7TR, STM32WBA55G-DK1, STM32WBA55HEF6, STM32WBA55HEF7, STM32WBA55HGF6, STM32WBA55HGF7, STM32WBA55UEI6, STM32WBA55UEI6TR, STM32WBA55UEI7, STM32WBA55UEI7TR, STM32WBA55UGI6, STM32WBA55UGI6TR, STM32WBA55UGI7, STM32WBA55UGI7TR, STM32WBA5MMGH6TR, STM32WBA62MGF6, STM32WBA62MIF6, STM32WBA65MGF7, STM32WBA65MIF6, STM32WBA65MIF7, STM32WL30K8V6, STM32WL30KBV6, STM32WL31C8V6, STM32WL31CBV6, STM32WL31K8V6, STM32WL31KBV6, STM32WL33C8V6, STM32WL33C8V6X, STM32WL33CBV6, STM32WL33CBV6X, STM32WL33CCV6, STM32WL33CCV6A, STM32WL33CCV6X, STM32WL33K8V7, STM32WL33K8V7X, STM32WL33KBV7 , STM32WL33KBV7X, STM32WL33KCV7, STM32WL33KCV7X, STM32WL5MOCH6, STM32WL5MOCH6TR]
2026-03-29 22:13:28,318 [INFO] ApiDb:668 - CubeFinder database Data Model version=2.1
2026-03-29 22:13:28,318 [INFO] ApiDb:669 - CubeFinder database Configuration version=3.0.42
2026-03-29 22:13:28,318 [INFO] ApiDb:670 - CubeFinder database generation date=2026-02-13 (1770995876)
2026-03-29 22:13:28,318 [INFO] ApiDb:671 - CubeFinder database FW Pack versions=[FP-ATR-ASTRA1_V2.0.0, FP-SNS-FLIGHT1_V5.1.0, FP-SNS-MOTENV1_V5.1.0, FP-SNS-MOTENVWB1_V1.4.0, FP-SNS-SMARTAG2_V1.2.0, FP-SNS-STBOX1_V2.1.0, STM32Cube_FW_C0_V1.4.0, STM32Cube_FW_F4_V1.28.3, STM32Cube_FW_F7_V1.17.4, STM32Cube_FW_G0_V1.6.2, STM32Cube_FW_G4_V1.6.1, STM32Cube_FW_H5_V1.6.0, STM32Cube_FW_H7RS_V1.3.0, STM32Cube_FW_H7_V1.13.0, STM32Cube_FW_L0_V1.12.2, STM32Cube_FW_L4_V1.18.2, STM32Cube_FW_L5_V1.6.0, STM32Cube_FW_N6_V1.3.0, STM32Cube_FW_U0_V1.3.0, STM32Cube_FW_U3_V1.3.0, STM32Cube_FW_U5_V1.8.0, STM32Cube_FW_WB0_V1.4.0, STM32Cube_FW_WBA_V1.9.0, STM32Cube_FW_WB_V1.24.0, STM32Cube_FW_WL3_V1.4.0, STM32Cube_FW_WL_V1.5.0, X-CUBE-ALGOBUILD_V1.4.0, X-CUBE-ALS_V1.0.2, X-CUBE-AZRTOS-F4_V1.1.0, X-CUBE-AZRTOS-F7_V1.1.0, X-CUBE-AZRTOS-G0_V1.1.0, X-CUBE-AZRTOS-G4_V2.0.0, X-CUBE-AZRTOS-H7RS_V1.1.0, X-CUBE-AZRTOS-H7_V3.4.0, X-CUBE-AZRTOS-L4_V2.0.0, X-CUBE-AZRTOS-L5_V2.0.0, X-CUBE-AZRTOS-WB_V2.0.0, X-CUBE-AZRTOS-WL_V2.0.0, X-CUBE-BLE1_V7.1.0, X-CUBE-BLE2_V3.3.0, X-CUBE-BLEMGR_V4.1.0, X-CUBE-EEPRMA1_V5.2.0, X-CUBE-FREERTOS_V1.3.1, X-CUBE-GNSS1_V6.0.0, X-CUBE-MEMS1_V12.0.0, X-CUBE-NFC4_V3.0.0, X-CUBE-NFC7_V2.0.0, X-CUBE-SFXS2LP1_V4.0.0, X-CUBE-ST67W61_V1.1.0, X-CUBE-SUBG2_V5.0.0, X-CUBE-TOF1_V3.4.3]
2026-03-29 22:13:29,925 [INFO] ApiDb:240 - Found 880 in-development CPN: [B-G473E-ZEST1S, B-WB1M-WPAN1, B-WBA5M-WPAN, B-WL5M-SUBG1, NUCLEO-C031C6, NUCLEO-C051C8, NUCLEO-C071RB, NUCLEO-C092RC, NUCLEO-H503RB, NUCLEO-H533RE, NUCLEO-H563ZI, NUCLEO-H7S3L8, NUCLEO-N657X0-Q, NUCLEO-U031R8, NUCLEO-U083RC, NUCLEO-U385RG-Q, NUCLEO-U545RE-Q, NUCLEO-U5A5ZJ-Q, NUCLEO-WB05KZ, NUCLEO-WB07CC, NUCLEO-WB09KE, NUCLEO-WBA52CG, NUCLEO-WBA55CG, NUCLEO-WL33CC1, NUCLEO-WL33CC2, STEVAL-PROTEUS1, STEVAL-SMARTAG2, STEVAL-STWINBX1, STM320518-EVAL, STM32C0116-DK, STM32C011D6Y3TR, STM32C011D6Y6TR, STM32C011F4P3, STM32C011F4P6, STM32C011F4U3, STM32C011F4U6TR, STM32C011F6P3, STM32C011F6P6, STM32C011F6U3, STM32C011F6U6TR, STM32C011J4M3, STM32C011J4M6, STM32C011J6M3, STM32C011J6M6, STM32C0316-DK, STM32C031C4T3, STM32C031C4T6, STM32C031C4U3, STM32C031C4U6, STM32C031C6T3, STM32C031C6T6, STM32C031C6U3, STM32C031C6U6, STM32C031F4P3, STM32C031F4P6, STM32C031F6P3, STM32C031F6P6, STM32C031G4U3, STM32C031G4U6, STM32C031G6U3, STM32C031G6U6, STM32C031K4T3, STM32C031K4T6, STM32C031K4U3, STM32C031K4U6, STM32C031K6T3, STM32C031K6T6, STM32C031K6U3, STM32C031K6U6, STM32C051C6T6, STM32C051C6U6, STM32C051C8T6, STM32C051C8U6, STM32C051D8Y6TR, STM32C051F6P6, STM32C051F8P6, STM32C051G6U6, STM32C051G8U6, STM32C051K6T6, STM32C051K6U6, STM32C051K8T6, STM32C071C8T6, STM32C071C8T6N, STM32C071C8U6, STM32C071C8U6N, STM32C071CBT6, STM32C071CBT6N, STM32C071CBU6, STM32C071CBU6N, STM32C071F8P6, STM32C071F8P6N, STM32C071FBP6, STM32C071FBP6N, STM32C071FBY6TR, STM32C071G8U6, STM32C071G8U6N, STM32C071GBU6, STM32C071GBU6N, STM32C071K8T6, STM32C071K8T6N, STM32C071K8U6, STM32C071K8U6N, STM32C071KBT6, STM32C071KBT6N, STM32C071KBU6, STM32C071KBU6N, STM32C071R8T6, STM32C071R8T6N, STM32C071RBI6N, STM32C071RBT6, STM32C071RBT6N, STM32C091CBT6, STM32C091CBU6, STM32C091CCT6, STM32C091CCU6, STM32C091ECY6TR, STM32C091FBP6, STM32C091FCP6, STM32C091GBU6, STM32C091GCU6, STM32C091KBT6, STM32C091KBU6, STM32C091KCT6, STM32C091KCU6, STM32C091RBT6, STM32C091RCI6, STM32C091RCT6, STM32C092CBT6, STM32C092CBU6, STM32C092CCT6, STM32C092CCU6, STM32C092ECY6TR, STM32C092FBP6, STM32C092FCP6, STM32C092GBU6, STM32C092GCU6, STM32C092KBT6, STM32C092KBU6, STM32C092KCT6, STM32C092KCU6, STM32C092RBT6, STM32C092RCI6, STM32C092RCT6, STM32G071K8TXN, STM32G071K8UXN, STM32G081GBU6N, STM32G081KBT6N, STM32G081KBUXN, STM32G0B1CCT6N, STM32G0B1KCT6, STM32G0B1NEY6TR, STM32G0B1RCT6N, STM32G0C1CCT6, STM32G0C1CCT6N, STM32G0C1CCU6N, STM32G0C1CET6N, STM32G0C1CEU6N, STM32G0C1KCT6, STM32G0C1NEY6TR, STM32G0C1RCI6N, STM32G0C1RCT6N, STM32G0C1REI6N, STM32G0C1RET6N, STM32G0C1VCI6, STM32G0C1VEI6, STM32G411C6T3, STM32G411C6T6, STM32G411C6U3, STM32G411C6U6, STM32G411C8T3, STM32G411C8T6, STM32G411C8U3, STM32G411C8U6, STM32G411CBT3, STM32G411CBT6, STM32G411CBU3, STM32G411CBU6, STM32G411K6T3, STM32G411K6T6, STM32G411K6U3, STM32G411K6U6, STM32G411K8T3, STM32G411K8T6, STM32G411K8U3, STM32G411K8U6, STM32G411KBT3, STM32G411KBT6, STM32G411KBU3, STM32G411KBU6, STM32G411M6T3, STM32G411M6T6, STM32G411M8T3, STM32G411M8T6, STM32G411MBT3, STM32G411MBT6, STM32G411R6T3, STM32G411R6T6, STM32G411R8T3, STM32G411R8T6, STM32G411RBT3, STM32G411RBT6, STM32G414CBT3, STM32G414CBT6, STM32G414CBU3, STM32G414CBU6, STM32G414CCT3, STM32G414CCT6, STM32G414CCU3, STM32G414CCU6, STM32G414MBT3, STM32G414MBT6, STM32G414MCT3, STM32G414MCT6, STM32G414RBT3, STM32G414RBT6, STM32G414RCT3, STM32G414RCT6, STM32G414VBT3, STM32G414VBT6, STM32G414VCT3, STM32G414VCT6, STM32G431CBT3Z, STM32G431RBT3Z, STM32G471CCT6, STM32G471CCU6, STM32G471CET3, STM32G471CET6, STM32G471CEU3, STM32G471CEU6, STM32G471MCT6, STM32G471MET3, STM32G471MET6, STM32G471MEY6TR, STM32G471QCT6, STM32G471QET3, STM32G471RCT6, STM32G471RET3, STM32G471RET6, STM32G471VCH6, STM32G471VCI6, STM32G471VCT6, STM32G471VEH3, STM32G471VEH6, STM32G471VEI3, STM32G471VEI6, STM32G471VET3, STM32G471VET6, STM32G473QET3Z, STM32G473RET3Z, STM32G474CCT6, STM32G491RET3Z, STM32H503CBT6, STM32H503CBU6, STM32H503EBY6TR, STM32H503KBU6, STM32H503RBT6, STM32H523CCT6, STM32H523CCU6, STM32H523CET6, STM32H523CEU6, STM32H523HEY6TR, STM32H523RCT6, STM32H523RET6, STM32H523VCI6, STM32H523VCT6, STM32H523VEI6, STM32H523VET6, STM32H523ZCJ6, STM32H523ZCT6, STM32H523ZEJ6, STM32H523ZET6, STM32H533CET6, STM32H533CEU6, STM32H533HEY6TR, STM32H533RET6, STM32H533VEI6, STM32H533VET6, STM32H533ZEJ6, STM32H533ZET6, STM32H562AGI6, STM32H562AII6, STM32H562IGK6, STM32H562IGT6, STM32H562IIK6, STM32H562IIT6, STM32H562RGT6, STM32H562RGV6, STM32H562RIT6, STM32H562RIV6, STM32H562VGT6, STM32H562VIT6, STM32H562ZGT6, STM32H562ZIT6, STM32H563AGI6, STM32H563AII3Q, STM32H563AII6, STM32H563IGK6, STM32H563IGT6, STM32H563IIK3Q, STM32H563IIK6, STM32H563IIT3Q, STM32H563IIT6, STM32H563MIY3QTR, STM32H563RGT6, STM32H563RGV6, STM32H563RIT6, STM32H563RIV6, STM32H563VGT6, STM32H563VIT3Q, STM32H563VIT6, STM32H563ZGT6, STM32H563ZIT3Q, STM32H563ZIT6, STM32H573AII3Q, STM32H573AII6, STM32H573I-DK, STM32H573IIK3Q, STM32H573IIK6, STM32H573IIT3Q, STM32H573IIT6, STM32H573MIY3QTR, STM32H573RIT6, STM32H573RIV6, STM32H573VIT3Q, STM32H573VIT6, STM32H573ZIT3Q, STM32H573ZIT6, STM32H7R3A8I6, STM32H7R3I8K6, STM32H7R3I8T6, STM32H7R3L8H6, STM32H7R3L8H6H, STM32H7R3R8V6, STM32H7R3V8H6, STM32H7R3V8T6, STM32H7R3V8Y6TR, STM32H7R3Z8J6, STM32H7R3Z8T6, STM32H7R7A8I6, STM32H7R7I8K6, STM32H7R7I8T6, STM32H7R7L8H6, STM32H7R7L8H6H, STM32H7R7Z8J6, STM32H7S3A8I6, STM32H7S3I8K6, STM32H7S3I8T6, STM32H7S3L8H6, STM32H7S3L8H6H, STM32H7S3R8V6, STM32H7S3V8H6, STM32H7S3V8T6, STM32H7S3V8Y6TR, STM32H7S3Z8J6, STM32H7S3Z8T6, STM32H7S78-DK, STM32H7S7A8I6, STM32H7S7I8K6, STM32H7S7I8T6, STM32H7S7L8H6, STM32H7S7L8H6H, STM32H7S7Z8J6, STM32L4R5QGI6STR, STM32MP131AAE3, STM32MP131AAF3, STM32MP131AAG3, STM32MP131CAE3, STM32MP131CAF3, STM32MP131CAG3, STM32MP131DAE7, STM32MP131DAF7, STM32MP131DAG7, STM32MP131FAE7, STM32MP131FAF7, STM32MP131FAG7, STM32MP133AAE3, STM32MP133AAF3, STM32MP133AAG3, STM32MP133CAE3, STM32MP133CAF3, STM32MP133CAG3, STM32MP133DAE7, STM32MP133DAF7, STM32MP133DAG7, STM32MP133FAE7, STM32MP133FAF7, STM32MP133FAG7, STM32MP135AAE3, STM32MP135AAF3, STM32MP135AAG3, STM32MP135CAE3, STM32MP135CAF3, STM32MP135CAG3, STM32MP135DAE7, STM32MP135DAF7, STM32MP135DAG7, STM32MP135F-DK, STM32MP135FAE7, STM32MP135FAF7, STM32MP135FAF7T, STM32MP135FAF7U, STM32MP135FAG7, STM32MP211AAL3, STM32MP211AAM3, STM32MP211AAN3, STM32MP211AAO3, STM32MP211CAL3, STM32MP211CAM3, STM32MP211CAN3, STM32MP211CAO3, STM32MP211DAL3, STM32MP211DAM3, STM32MP211DAN3, STM32MP211DAO3, STM32MP211FAL3, STM32MP211FAM3, STM32MP211FAN3, STM32MP211FAO3, STM32MP213AAL3, STM32MP213AAM3, STM32MP213AAN3, STM32MP213AAO3, STM32MP213CAL3, STM32MP213CAM3, STM32MP213CAN3, STM32MP213CAO3, STM32MP213DAL3, STM32MP213DAM3, STM32MP213DAN3, STM32MP213DAO3, STM32MP213FAL3, STM32MP213FAM3, STM32MP213FAN3, STM32MP213FAO3, STM32MP215AAL3, STM32MP215AAM3, STM32MP215AAN3, STM32MP215AAO3, STM32MP215CAL3, STM32MP215CAM3, STM32MP215CAN3, STM32MP215CAO3, STM32MP215DAL3, STM32MP215DAM3, STM32MP215DAN3, STM32MP215DAO3, STM32MP215F-DK, STM32MP215FAL3, STM32MP215FAM3, STM32MP215FAN3, STM32MP215FAO3, STM32MP231AAJ3, STM32MP231AAK3, STM32MP231AAL3, STM32MP231CAJ3, STM32MP231CAK3, STM32MP231CAL3, STM32MP231DAJ3, STM32MP231DAK3, STM32MP231DAL3, STM32MP231FAJ3, STM32MP231FAK3, STM32MP231FAL3, STM32MP233AAJ3, STM32MP233AAK3, STM32MP233AAL3, STM32MP233CAJ3, STM32MP233CAK3, STM32MP233CAL3, STM32MP233DAJ3, STM32MP233DAK3, STM32MP233DAL3, STM32MP233FAJ3, STM32MP233FAK3, STM32MP233FAL3, STM32MP235AAJ3, STM32MP235AAK3, STM32MP235AAL3, STM32MP235CAJ3, STM32MP235CAK3, STM32MP235CAL3, STM32MP235DAJ3, STM32MP235DAK3, STM32MP235DAL3, STM32MP235FAJ3, STM32MP235FAK3, STM32MP235FAL3, STM32MP251AAI3, STM32MP251AAK3, STM32MP251AAL3, STM32MP251CAI3, STM32MP251CAK3, STM32MP251CAL3, STM32MP251DAI3, STM32MP251DAK3, STM32MP251DAL3, STM32MP251FAI3, STM32MP251FAK3, STM32MP251FAL3, STM32MP253AAI3, STM32MP253AAK3, STM32MP253AAL3, STM32MP253CAI3, STM32MP253CAK3, STM32MP253CAL3, STM32MP253DAI3, STM32MP253DAK3, STM32MP253DAL3, STM32MP253FAI3, STM32MP253FAK3, STM32MP253FAL3, STM32MP255AAI3, STM32MP255AAK3, STM32MP255AAL3, STM32MP255CAI3, STM32MP255CAK3, STM32MP255CAL3, STM32MP255DAI3, STM32MP255DAK3, STM32MP255DAL3, STM32MP255FAI3, STM32MP255FAK3, STM32MP255FAL3, STM32MP257AAI3, STM32MP257AAK3, STM32MP257AAL3, STM32MP257CAI3, STM32MP257CAK3, STM32MP257CAL3, STM32MP257DAI3, STM32MP257DAK3, STM32MP257DAL3, STM32MP257F-DK, STM32MP257F-EV1, STM32MP257FAI3, STM32MP257FAK3, STM32MP257FAL3, STM32N645A0H3Q, STM32N645B0H3Q, STM32N645I0H3Q, STM32N645L0H3Q, STM32N645X0H3Q, STM32N645Z0H3Q, STM32N647A0H3Q, STM32N647B0H3Q, STM32N647I0H3Q, STM32N647L0H3Q, STM32N647X0H3Q, STM32N647Z0H3Q, STM32N655A0H3Q, STM32N655B0H3Q, STM32N655I0H3Q, STM32N655L0H3Q, STM32N655X0H3Q, STM32N655Z0H3Q, STM32N6570-DK, STM32N657A0H3Q, STM32N657B0H3Q, STM32N657I0H3Q, STM32N657L0H3Q, STM32N657X0H3Q, STM32N657Z0H3Q, STM32U031C6T6, STM32U031C6U6, STM32U031C8T6, STM32U031C8U6, STM32U031F4P6, STM32U031F6P6, STM32U031F8P6, STM32U031G6Y6TR, STM32U031G8Y6TR, STM32U031K4U6, STM32U031K6U6, STM32U031K8U6, STM32U031R6I6, STM32U031R6T6, STM32U031R8I6, STM32U031R8T6, STM32U073C8T6, STM32U073C8U6, STM32U073CBT6, STM32U073CBU6, STM32U073CCT6, STM32U073CCU6, STM32U073H8Y6TR, STM32U073HBY6TR, STM32U073HCY6TR, STM32U073K8U6, STM32U073KBU6, STM32U073KCU6, STM32U073M8I6, STM32U073M8T6, STM32U073MBI6, STM32U073MBT6, STM32U073MCI6, STM32U073MCT6, STM32U073R8I6, STM32U073R8T6, STM32U073RBI6, STM32U073RBT6, STM32U073RCI6, STM32U073RCT6, STM32U083C-DK, STM32U083CCT6, STM32U083CCU6, STM32U083HCY6TR, STM32U083KCU6, STM32U083MCI6, STM32U083MCT6, STM32U083RCI6, STM32U083RCT6, STM32U375CET6, STM32U375CET6Q, STM32U375CEU6, STM32U375CEU6Q, STM32U375CEY6QTR, STM32U375CGT6, STM32U375CGT6Q, STM32U375CGU6, STM32U375CGU6Q, STM32U375CGY6QTR, STM32U375KEU6, STM32U375KGU6, STM32U375REI6, STM32U375REI6Q, STM32U375RET6, STM32U375RET6Q, STM32U375REY6GTR, STM32U375REY6QTR, STM32U375RGI6, STM32U375RGI6Q, STM32U375RGT6, STM32U375RGT6Q, STM32U375RGY6GTR, STM32U375RGY6QTR, STM32U375VEI6, STM32U375VEI6Q, STM32U375VET6, STM32U375VET6Q, STM32U375VGI6, STM32U375VGI6Q, STM32U375VGT6, STM32U375VGT6Q, STM32U385CGT6, STM32U385CGT6Q, STM32U385CGU6, STM32U385CGU6Q, STM32U385CGY6QTR, STM32U385KGU6, STM32U385RGI6, STM32U385RGI6Q, STM32U385RGT6, STM32U385RGT6Q, STM32U385RGY6GTR, STM32U385RGY6QTR, STM32U385VGI6, STM32U385VGI6Q, STM32U385VGT6, STM32U385VGT6Q, STM32U535CBT6, STM32U535CBT6Q, STM32U535CBU6, STM32U535CBU6Q, STM32U535CCT6, STM32U535CCT6Q, STM32U535CCU6, STM32U535CCU6Q, STM32U535CET6, STM32U535CET6Q, STM32U535CEU6, STM32U535CEU6Q, STM32U535JEY6QTR, STM32U535NCY6QTR, STM32U535NEY6QTR, STM32U535RBI6, STM32U535RBI6Q, STM32U535RBT6, STM32U535RBT6Q, STM32U535RCI6, STM32U535RCI6Q, STM32U535RCT6, STM32U535RCT6Q, STM32U535REI6, STM32U535REI6Q, STM32U535RET6, STM32U535RET6Q, STM32U535VCI6, STM32U535VCI6Q, STM32U535VCT6, STM32U535VCT6Q, STM32U535VEI6, STM32U535VEI6Q, STM32U535VET6, STM32U535VET6Q, STM32U545CET6, STM32U545CET6Q, STM32U545CEU6, STM32U545CEU6Q, STM32U545JEY6QTR, STM32U545NEY6QTR, STM32U545REI6, STM32U545REI6Q, STM32U545RET6, STM32U545RET6Q, STM32U545VEI6, STM32U545VEI6Q, STM32U545VET6, STM32U545VET6Q, STM32U595AIH6, STM32U595AIH6Q, STM32U595AJH6, STM32U595AJH6Q, STM32U595QII6, STM32U595QII6Q, STM32U595QJI6, STM32U595QJI6Q, STM32U595RIT6, STM32U595RIT6Q, STM32U595RJT6, STM32U595RJT6Q, STM32U595VIT6, STM32U595VIT6Q, STM32U595VJT6, STM32U595VJT6Q, STM32U595ZIT6, STM32U595ZIT6Q, STM32U595ZIY6QTR, STM32U595ZJT6, STM32U595ZJT6Q, STM32U595ZJY6QTR, STM32U599BJY6QTR, STM32U599NIH6Q, STM32U599NJH6Q, STM32U599VIT6Q, STM32U599VJT6, STM32U599VJT6Q, STM32U599ZIT6Q, STM32U599ZIY6QTR, STM32U599ZJT6Q, STM32U599ZJY6QTR, STM32U5A5AJH6, STM32U5A5AJH6Q, STM32U5A5QII3Q , STM32U5A5QJI6, STM32U5A5QJI6Q, STM32U5A5RJT6, STM32U5A5RJT6Q, STM32U5A5VJT6, STM32U5A5VJT6Q, STM32U5A5ZJT6, STM32U5A5ZJT6Q, STM32U5A5ZJY6QTR, STM32U5A9BJY6QTR, STM32U5A9J-DK, STM32U5A9NJH6Q, STM32U5A9VJT6Q, STM32U5A9ZJT6Q, STM32U5A9ZJY6QTR, STM32U5F7VIT6, STM32U5F7VIT6Q, STM32U5F7VJT6, STM32U5F7VJT6Q, STM32U5F9BJY6QTR, STM32U5F9NJH6Q, STM32U5F9VIT6Q, STM32U5F9VJT6Q, STM32U5F9ZIJ6QTR, STM32U5F9ZIT6Q, STM32U5F9ZJJ6QTR, STM32U5F9ZJT6Q, STM32U5G7VJT6, STM32U5G7VJT6Q, STM32U5G9BJY6QTR, STM32U5G9J-DK1, STM32U5G9J-DK2, STM32U5G9NJH6Q, STM32U5G9VJT6Q, STM32U5G9ZJJ6QTR, STM32U5G9ZJT6Q, STM32WB05KZV6TR, STM32WB05KZV7TR, STM32WB05TZF6TR, STM32WB05TZF7TR, STM32WB06CCF6TR, STM32WB06CCF7TR, STM32WB06CCV6TR, STM32WB06CCV7TR, STM32WB06KCV6TR, STM32WB06KCV7TR, STM32WB07CCF6TR, STM32WB07CCF7TR, STM32WB07CCV6TR, STM32WB07CCV7TR, STM32WB07KCV6TR, STM32WB07KCV7TR, STM32WB09KEV6TR, STM32WB09KEV7TR, STM32WB09TEF6TR, STM32WB09TEF7TR, STM32WB1MMCH6, STM32WBA50KGU6, STM32WBA50KGU6TR, STM32WBA52CEU6, STM32WBA52CEU6TR, STM32WBA52CEU7, STM32WBA52CEU7TR, STM32WBA52CGU6, STM32WBA52CGU6TR, STM32WBA52CGU6U, STM32WBA52CGU7, STM32WBA52CGU7TR, STM32WBA52KEU6, STM32WBA52KEU6TR, STM32WBA52KGU6, STM32WBA52KGU6TR, STM32WBA54CEU6, STM32WBA54CEU6TR, STM32WBA54CEU7, STM32WBA54CEU7TR, STM32WBA54CGU6, STM32WBA54CGU6TR, STM32WBA54CGU7, STM32WBA54CGU7TR, STM32WBA54KEU6, STM32WBA54KEU6TR, STM32WBA54KEU7, STM32WBA54KEU7TR, STM32WBA54KGU6, STM32WBA54KGU6TR, STM32WBA54KGU7, STM32WBA54KGU7TR, STM32WBA55CEU6, STM32WBA55CEU6TR, STM32WBA55CEU7, STM32WBA55CEU7TR, STM32WBA55CGU6, STM32WBA55CGU6TR, STM32WBA55CGU6U, STM32WBA55CGU7, STM32WBA55CGU7TR, STM32WBA55G-DK1, STM32WBA55HEF6, STM32WBA55HEF7, STM32WBA55HGF6, STM32WBA55HGF7, STM32WBA55UEI6, STM32WBA55UEI6TR, STM32WBA55UEI7, STM32WBA55UEI7TR, STM32WBA55UGI6, STM32WBA55UGI6TR, STM32WBA55UGI7, STM32WBA55UGI7TR, STM32WBA5MMGH6TR, STM32WBA62MGF6, STM32WBA62MIF6, STM32WBA65MGF7, STM32WBA65MIF6, STM32WBA65MIF7, STM32WL30K8V6, STM32WL30KBV6, STM32WL31C8V6, STM32WL31CBV6, STM32WL31K8V6, STM32WL31KBV6, STM32WL33C8V6, STM32WL33C8V6X, STM32WL33CBV6, STM32WL33CBV6X, STM32WL33CCV6, STM32WL33CCV6A, STM32WL33CCV6X, STM32WL33K8V7, STM32WL33K8V7X, STM32WL33KBV7 , STM32WL33KBV7X, STM32WL33KCV7, STM32WL33KCV7X, STM32WL5MOCH6, STM32WL5MOCH6TR]
2026-03-29 22:13:29,929 [INFO] DbMcus:218 - Found 4922 MCUs, 4922 are supported
2026-03-29 22:13:29,929 [INFO] ApiDb:423 - Load user favorites file /home/kamil/.stm32cubeide/favorites.mcus.txt: 0 item(s)
2026-03-29 22:13:29,929 [INFO] ApiDb:427 - User favorites MCUs=[]
2026-03-29 22:13:29,929 [INFO] DbMcus:224 - Set 0 / 0 favorites MCUs
2026-03-29 22:13:30,259 [INFO] BoardInfo:889 - No configuration file found for board P-NUCLEO-WB55
2026-03-29 22:13:30,260 [INFO] DbBoards:161 - Kit is not supported: P-NUCLEO-WB55
2026-03-29 22:13:30,262 [INFO] BoardInfo:889 - No configuration file found for board STEVAL-BFA001V1B
2026-03-29 22:13:30,262 [INFO] DbBoards:161 - Kit is not supported: STEVAL-BFA001V1B
2026-03-29 22:13:30,262 [INFO] BoardInfo:889 - No configuration file found for board STEVAL-BFA001V2B
2026-03-29 22:13:30,262 [INFO] DbBoards:161 - Kit is not supported: STEVAL-BFA001V2B
2026-03-29 22:13:30,312 [INFO] DbBoards:168 - Found 212 boards, 209 are supported
2026-03-29 22:13:30,312 [INFO] DbBoards:169 - Found 212 boards, 43 of them is supported for  Bsp
2026-03-29 22:13:30,314 [INFO] ApiDb:423 - Load user favorites file /home/kamil/.stm32cubeide/favorites.boards.txt: 0 item(s)
2026-03-29 22:13:30,314 [INFO] ApiDb:427 - User favorites Boards=[]
2026-03-29 22:13:30,315 [INFO] DbBoards:198 - Set 0 / 0 favorites Boards
2026-03-29 22:13:30,359 [INFO] UtilMem:75 - End LoadConfig() Used Memory: 783684408 Bytes (1073741824)
2026-03-29 22:13:30,448 [WARN] ThirdParty:833 - waiting for thirdparty lock release [change project]
2026-03-29 22:13:30,448 [INFO] ThirdParty:835 - entering critical section [change project]
2026-03-29 22:13:30,448 [INFO] ThirdParty:1030 - CMSIS Pack Vendor :STMicroelectronics X-CUBE-AZRTOS-H7 3.5.0
2026-03-29 22:13:30,448 [INFO] ThirdParty:1030 - CMSIS Pack Vendor :STMicroelectronics X-CUBE-PM33A1 1.0.0
2026-03-29 22:13:30,448 [INFO] ThirdParty:1030 - CMSIS Pack Vendor :STMicroelectronics USBPD 4.1
2026-03-29 22:13:30,448 [INFO] ThirdParty:1030 - CMSIS Pack Vendor :STMicroelectronics X-CUBE-NFC9 1.0.0
2026-03-29 22:13:30,448 [INFO] ThirdParty:1030 - CMSIS Pack Vendor :STMicroelectronics USB_HOST 2.0.0
2026-03-29 22:13:30,448 [INFO] ThirdParty:1030 - CMSIS Pack Vendor :STMicroelectronics FP-SNS-MOTENVWB1 1.4.0
2026-03-29 22:13:30,448 [INFO] ThirdParty:1030 - CMSIS Pack Vendor :STMicroelectronics X-CUBE-AZRTOS-F4 1.1.0
2026-03-29 22:13:30,448 [INFO] ThirdParty:1030 - CMSIS Pack Vendor :STMicroelectronics LIBJPEG 8.0.0
2026-03-29 22:13:30,448 [INFO] ThirdParty:1030 - CMSIS Pack Vendor :STMicroelectronics FP-ATR-ASTRA1 2.0.2
2026-03-29 22:13:30,448 [INFO] ThirdParty:1030 - CMSIS Pack Vendor :wolfSSL I-CUBE-wolfSSL 5.8.2
2026-03-29 22:13:30,448 [INFO] ThirdParty:1030 - CMSIS Pack Vendor :STMicroelectronics X-CUBE-BLE1 7.1.0
2026-03-29 22:13:30,448 [INFO] ThirdParty:1030 - CMSIS Pack Vendor :STMicroelectronics X-CUBE-SMBUS 2.1.0
2026-03-29 22:13:30,448 [INFO] ThirdParty:1030 - CMSIS Pack Vendor :wolfSSL I-CUBE-wolfMQTT 1.19.2
2026-03-29 22:13:30,448 [INFO] ThirdParty:1030 - CMSIS Pack Vendor :STMicroelectronics USB_DEVICE 3.0.0
2026-03-29 22:13:30,448 [INFO] ThirdParty:1030 - CMSIS Pack Vendor :STMicroelectronics X-CUBE-ISPU 2.1.0
2026-03-29 22:13:30,448 [INFO] ThirdParty:1030 - CMSIS Pack Vendor :STMicroelectronics X-CUBE-FREERTOS 1.4.0
2026-03-29 22:13:30,448 [INFO] ThirdParty:1030 - CMSIS Pack Vendor :STMicroelectronics X-CUBE-EEPRMA1 5.2.0
2026-03-29 22:13:30,448 [INFO] ThirdParty:1030 - CMSIS Pack Vendor :STMicroelectronics X-CUBE-IPS 3.2.0
2026-03-29 22:13:30,448 [INFO] ThirdParty:1030 - CMSIS Pack Vendor :STMicroelectronics X-CUBE-BLEMGR 4.1.0
2026-03-29 22:13:30,448 [INFO] ThirdParty:1030 - CMSIS Pack Vendor :STMicroelectronics X-CUBE-AZRTOS-WB 2.0.0
2026-03-29 22:13:30,448 [INFO] ThirdParty:1030 - CMSIS Pack Vendor :STMicroelectronics X-CUBE-ST60 1.0.0
2026-03-29 22:13:30,449 [INFO] ThirdParty:1030 - CMSIS Pack Vendor :STMicroelectronics X-CUBE-GNSS1 7.0.1
2026-03-29 22:13:30,449 [INFO] ThirdParty:1030 - CMSIS Pack Vendor :STMicroelectronics X-CUBE-NFC12 1.0.0
2026-03-29 22:13:30,449 [INFO] ThirdParty:1030 - CMSIS Pack Vendor :STMicroelectronics X-CUBE-AZRTOS-F7 1.1.0
2026-03-29 22:13:30,449 [INFO] ThirdParty:1030 - CMSIS Pack Vendor :STMicroelectronics X-CUBE-AZRTOS-L5 2.0.0
2026-03-29 22:13:30,449 [INFO] ThirdParty:1030 - CMSIS Pack Vendor :STMicroelectronics USB_DEVICE 2.0.0
2026-03-29 22:13:30,449 [INFO] ThirdParty:1030 - CMSIS Pack Vendor :STMicroelectronics X-CUBE-NFC6 3.1.0
2026-03-29 22:13:30,449 [INFO] ThirdParty:1030 - CMSIS Pack Vendor :STMicroelectronics X-CUBE-ST67W61 1.1.0
2026-03-29 22:13:30,449 [INFO] ThirdParty:1030 - CMSIS Pack Vendor :Cesanta I-CUBE-Mongoose 7.19.0
2026-03-29 22:13:30,449 [INFO] ThirdParty:1030 - CMSIS Pack Vendor :quantropi X-CUBE-qispace-sdk-base 2.1.0
2026-03-29 22:13:30,449 [INFO] ThirdParty:1030 - CMSIS Pack Vendor :STMicroelectronics X-CUBE-MEMS1 12.0.0
2026-03-29 22:13:30,449 [INFO] ThirdParty:1030 - CMSIS Pack Vendor :STMicroelectronics X-CUBE-STSE01 2.0.0
2026-03-29 22:13:30,449 [INFO] ThirdParty:1030 - CMSIS Pack Vendor :STMicroelectronics FP-SNS-MOTENV1 5.1.0
2026-03-29 22:13:30,449 [INFO] ThirdParty:1030 - CMSIS Pack Vendor :STMicroelectronics FreeRTOS 0.0.1
2026-03-29 22:13:30,449 [INFO] ThirdParty:1030 - CMSIS Pack Vendor :STMicroelectronics X-CUBE-AZRTOS-G0 1.1.0
2026-03-29 22:13:30,449 [INFO] ThirdParty:1030 - CMSIS Pack Vendor :STMicroelectronics X-CUBE-SAFEA1 1.2.2
2026-03-29 22:13:30,449 [INFO] ThirdParty:1030 - CMSIS Pack Vendor :STMicroelectronics X-CUBE-NFC4 3.0.0
2026-03-29 22:13:30,449 [INFO] ThirdParty:1030 - CMSIS Pack Vendor :STMicroelectronics X-CUBE-SUBG2 5.0.0
2026-03-29 22:13:30,449 [INFO] ThirdParty:1030 - CMSIS Pack Vendor :STMicroelectronics X-CUBE-AZRTOS-H7RS 1.1.0
2026-03-29 22:13:30,449 [INFO] ThirdParty:1030 - CMSIS Pack Vendor :STMicroelectronics STM32_WPAN 1.0.0
2026-03-29 22:13:30,449 [INFO] ThirdParty:1030 - CMSIS Pack Vendor :EmbeddedOffice I-CUBE-FS-RTOS 1.0.1
2026-03-29 22:13:30,449 [INFO] ThirdParty:1030 - CMSIS Pack Vendor :STMicroelectronics lwIP 2.0.3
2026-03-29 22:13:30,449 [INFO] ThirdParty:1030 - CMSIS Pack Vendor :WES I-CUBE-Cesium 1.4.0
2026-03-29 22:13:30,449 [INFO] ThirdParty:1030 - CMSIS Pack Vendor :STMicroelectronics USB_HOST 1.0.0
2026-03-29 22:13:30,449 [INFO] ThirdParty:1030 - CMSIS Pack Vendor :Infineon AIROC-Wi-Fi-Bluetooth-STM32 1.7.1
2026-03-29 22:13:30,449 [INFO] ThirdParty:1030 - CMSIS Pack Vendor :STMicroelectronics X-CUBE-AZRTOS-G4 2.0.0
2026-03-29 22:13:30,449 [INFO] ThirdParty:1030 - CMSIS Pack Vendor :STMicroelectronics X-CUBE-WB05N 2.0.0
2026-03-29 22:13:30,449 [INFO] ThirdParty:1030 - CMSIS Pack Vendor :STMicroelectronics PDM2PCM 3.1.0
2026-03-29 22:13:30,449 [INFO] ThirdParty:1030 - CMSIS Pack Vendor :STMicroelectronics PDM2PCM 3.3.0
2026-03-29 22:13:30,449 [INFO] ThirdParty:1030 - CMSIS Pack Vendor :wolfSSL I-CUBE-wolfTPM 3.8.0
2026-03-29 22:13:30,449 [INFO] ThirdParty:1030 - CMSIS Pack Vendor :STMicroelectronics X-CUBE-AZRTOS-H7 3.4.0
2026-03-29 22:13:30,449 [INFO] ThirdParty:1030 - CMSIS Pack Vendor :STMicroelectronics X-CUBE-DISPLAY 3.0.0
2026-03-29 22:13:30,449 [INFO] ThirdParty:1030 - CMSIS Pack Vendor :wolfSSL I-CUBE-wolfSSH 1.4.20
2026-03-29 22:13:30,449 [INFO] ThirdParty:1030 - CMSIS Pack Vendor :STMicroelectronics X-CUBE-NFC7 2.0.0
2026-03-29 22:13:30,449 [INFO] ThirdParty:1030 - CMSIS Pack Vendor :STMicroelectronics FP-SNS-MOTENVWB1 1.5.0
2026-03-29 22:13:30,449 [INFO] ThirdParty:1030 - CMSIS Pack Vendor :STMicroelectronics X-CUBE-TCPP 4.2.0
2026-03-29 22:13:30,449 [INFO] ThirdParty:1030 - CMSIS Pack Vendor :RealThread X-CUBE-RT-Thread_Nano 4.1.1
2026-03-29 22:13:30,449 [INFO] ThirdParty:1030 - CMSIS Pack Vendor :STMicroelectronics FP-ATR-SIGFOX1 3.2.0
2026-03-29 22:13:30,449 [INFO] ThirdParty:1030 - CMSIS Pack Vendor :STMicroelectronics X-CUBE-NFC10 1.0.0
2026-03-29 22:13:30,449 [INFO] ThirdParty:1030 - CMSIS Pack Vendor :STMicroelectronics X-CUBE-FREERTOS 1.3.1
2026-03-29 22:13:30,449 [INFO] ThirdParty:1030 - CMSIS Pack Vendor :STMicroelectronics HAL Drivers 0.0.0
2026-03-29 22:13:30,449 [INFO] ThirdParty:1030 - CMSIS Pack Vendor :STMicroelectronics X-CUBE-FREERTOS 1.5.0
2026-03-29 22:13:30,449 [INFO] ThirdParty:1030 - CMSIS Pack Vendor :STMicroelectronics MBEDTLS 2.16.2
2026-03-29 22:13:30,449 [INFO] ThirdParty:1030 - CMSIS Pack Vendor :STMicroelectronics X-CUBE-ST60 1.1.0
2026-03-29 22:13:30,449 [INFO] ThirdParty:1030 - CMSIS Pack Vendor :STMicroelectronics X-CUBE-ALS 1.0.2
2026-03-29 22:13:30,449 [INFO] ThirdParty:1030 - CMSIS Pack Vendor :emotas I-CUBE-CANOPEN 1.3.0
2026-03-29 22:13:30,449 [INFO] ThirdParty:1030 - CMSIS Pack Vendor :STMicroelectronics MBEDTLS 2.14.1
2026-03-29 22:13:30,449 [INFO] ThirdParty:1030 - CMSIS Pack Vendor :STMicroelectronics X-CUBE-GNSS1 7.1.0
2026-03-29 22:13:30,449 [INFO] ThirdParty:1030 - CMSIS Pack Vendor :ITTIA_DB I-CUBE-ITTIADB 8.9.0
2026-03-29 22:13:30,449 [INFO] ThirdParty:1030 - CMSIS Pack Vendor :STMicroelectronics X-CUBE-TOUCHGFX 4.26.0
2026-03-29 22:13:30,449 [INFO] ThirdParty:1030 - CMSIS Pack Vendor :STMicroelectronics X-CUBE-STSE01 1.0.0
2026-03-29 22:13:30,449 [INFO] ThirdParty:1030 - CMSIS Pack Vendor :STMicroelectronics X-CUBE-TOUCHGFX 4.26.1
2026-03-29 22:13:30,449 [INFO] ThirdParty:1030 - CMSIS Pack Vendor :STMicroelectronics X-CUBE-NFC6 3.2.0
2026-03-29 22:13:30,449 [INFO] ThirdParty:1030 - CMSIS Pack Vendor :STMicroelectronics ThreadX 1.0.0
2026-03-29 22:13:30,449 [INFO] ThirdParty:1030 - CMSIS Pack Vendor :STMicroelectronics FP-SNS-SMARTAG2 1.2.0
2026-03-29 22:13:30,449 [INFO] ThirdParty:1030 - CMSIS Pack Vendor :STMicroelectronics FP-SNS-FLIGHT1 5.1.0
2026-03-29 22:13:30,449 [INFO] ThirdParty:1030 - CMSIS Pack Vendor :STMicroelectronics X-CUBE-AZRTOS-WL 2.0.0
2026-03-29 22:13:30,449 [INFO] ThirdParty:1030 - CMSIS Pack Vendor :SEGGER I-CUBE-embOS 1.3.1
2026-03-29 22:13:30,449 [INFO] ThirdParty:1030 - CMSIS Pack Vendor :STMicroelectronics X-CUBE-ALGOBUILD 1.4.0
2026-03-29 22:13:30,449 [INFO] ThirdParty:1030 - CMSIS Pack Vendor :STMicroelectronics X-CUBE-DPower 1.3.0
2026-03-29 22:13:30,449 [INFO] ThirdParty:1030 - CMSIS Pack Vendor :STMicroelectronics X-CUBE-MEMS1 11.3.0
2026-03-29 22:13:30,449 [INFO] ThirdParty:1030 - CMSIS Pack Vendor :STMicroelectronics FP-SNS-MOTENV1 5.0.0
2026-03-29 22:13:30,449 [INFO] ThirdParty:1030 - CMSIS Pack Vendor :STMicroelectronics USB_DEVICE 1.0.0
2026-03-29 22:13:30,449 [INFO] ThirdParty:1030 - CMSIS Pack Vendor :STMicroelectronics X-CUBE-AZRTOS-H7RS 1.2.0
2026-03-29 22:13:30,449 [INFO] ThirdParty:1030 - CMSIS Pack Vendor :STMicroelectronics X-CUBE-AZRTOS-L4 2.0.0
2026-03-29 22:13:30,449 [INFO] ThirdParty:1030 - CMSIS Pack Vendor :STMicroelectronics ThreadX 0.0.2
2026-03-29 22:13:30,449 [INFO] ThirdParty:1030 - CMSIS Pack Vendor :STMicroelectronics lwIP 2.1.2
2026-03-29 22:13:30,449 [INFO] ThirdParty:1030 - CMSIS Pack Vendor :STMicroelectronics X-CUBE-SFXS2LP1 4.0.0
2026-03-29 22:13:30,449 [INFO] ThirdParty:1030 - CMSIS Pack Vendor :STMicroelectronics X-CUBE-BLE2 3.3.0
2026-03-29 22:13:30,449 [INFO] ThirdParty:1030 - CMSIS Pack Vendor :Avnet-IOTCONNECT X-CUBE-iotc-st67-sdk 1.0.0
2026-03-29 22:13:30,449 [INFO] ThirdParty:1030 - CMSIS Pack Vendor :STMicroelectronics X-CUBE-TOF1 3.4.3
2026-03-29 22:13:30,449 [INFO] ThirdParty:1030 - CMSIS Pack Vendor :STMicroelectronics PDM2PCM 3.2.0
2026-03-29 22:13:30,450 [INFO] ThirdParty:1030 - CMSIS Pack Vendor :STMicroelectronics X-CUBE-ST67W61 1.2.0
2026-03-29 22:13:30,450 [INFO] ThirdParty:841 - exiting critical section [change project]
2026-03-29 22:13:30,765 [INFO] PinOutPanel:1589 - setPackage(No Configuration,No Configuration)
2026-03-29 22:13:30,767 [INFO] PinOutPanel:1589 - setPackage(STM32F446RETx,LQFP64)
2026-03-29 22:13:31,336 [INFO] UtilMem:75 - Before build in PCC Used Memory: 845459040 Bytes (1073741824)
2026-03-29 22:13:31,821 [INFO] UtilMem:75 - After build in PCC Used Memory: 682712968 Bytes (1073741824)
2026-03-29 22:13:31,871 [INFO] ApiDbMcu:532 - Load IP Config File for USB_DEVICE
2026-03-29 22:13:31,896 [INFO] IPUIPlugin:80 - create IPUIPlugin
2026-03-29 22:13:31,896 [INFO] IPUIPlugin:80 - create IPUIPlugin
2026-03-29 22:13:31,896 [INFO] IPUIPlugin:80 - create IPUIPlugin
2026-03-29 22:13:31,896 [INFO] IPUIPlugin:80 - create IPUIPlugin
2026-03-29 22:13:31,896 [INFO] IPUIPlugin:80 - create IPUIPlugin
2026-03-29 22:13:31,896 [INFO] IPUIPlugin:80 - create IPUIPlugin
2026-03-29 22:13:31,896 [INFO] IPUIPlugin:80 - create IPUIPlugin
2026-03-29 22:13:31,896 [INFO] IPUIPlugin:80 - create IPUIPlugin
2026-03-29 22:13:31,896 [INFO] IPUIPlugin:80 - create IPUIPlugin
2026-03-29 22:13:31,897 [INFO] IPUIPlugin:80 - create IPUIPlugin
2026-03-29 22:13:31,897 [INFO] IPUIPlugin:80 - create IPUIPlugin
2026-03-29 22:13:31,897 [INFO] IPUIPlugin:80 - create IPUIPlugin
2026-03-29 22:13:31,897 [INFO] IPUIPlugin:80 - create IPUIPlugin
2026-03-29 22:13:31,897 [INFO] IPUIPlugin:80 - create IPUIPlugin
2026-03-29 22:13:31,897 [INFO] IPUIPlugin:80 - create IPUIPlugin
2026-03-29 22:13:31,897 [INFO] IPUIPlugin:80 - create IPUIPlugin
2026-03-29 22:13:31,897 [INFO] IPUIPlugin:80 - create IPUIPlugin
2026-03-29 22:13:31,897 [INFO] IPUIPlugin:80 - create IPUIPlugin
2026-03-29 22:13:31,897 [INFO] IPUIPlugin:80 - create IPUIPlugin
2026-03-29 22:13:31,897 [INFO] IPUIPlugin:80 - create IPUIPlugin
2026-03-29 22:13:31,898 [INFO] IPUIPlugin:80 - create IPUIPlugin
2026-03-29 22:13:31,898 [INFO] IPUIPlugin:80 - create IPUIPlugin
2026-03-29 22:13:31,898 [INFO] IPUIPlugin:80 - create IPUIPlugin
2026-03-29 22:13:31,898 [INFO] IPUIPlugin:80 - create IPUIPlugin
2026-03-29 22:13:31,898 [INFO] IPUIPlugin:80 - create IPUIPlugin
2026-03-29 22:13:31,898 [INFO] IPUIPlugin:80 - create IPUIPlugin
2026-03-29 22:13:31,898 [INFO] IPUIPlugin:80 - create IPUIPlugin
2026-03-29 22:13:31,898 [INFO] IPUIPlugin:80 - create IPUIPlugin
2026-03-29 22:13:31,898 [INFO] IPUIPlugin:80 - create IPUIPlugin
2026-03-29 22:13:31,898 [INFO] IPUIPlugin:80 - create IPUIPlugin
2026-03-29 22:13:31,899 [INFO] IPUIPlugin:80 - create IPUIPlugin
2026-03-29 22:13:31,899 [INFO] IPUIPlugin:80 - create IPUIPlugin
2026-03-29 22:13:31,899 [INFO] IPUIPlugin:80 - create IPUIPlugin
2026-03-29 22:13:31,899 [INFO] IPUIPlugin:80 - create IPUIPlugin
2026-03-29 22:13:31,899 [INFO] IPUIPlugin:80 - create IPUIPlugin
2026-03-29 22:13:31,899 [INFO] IPUIPlugin:80 - create IPUIPlugin
2026-03-29 22:13:31,900 [INFO] IPUIPlugin:80 - create IPUIPlugin
2026-03-29 22:13:31,900 [INFO] IPUIPlugin:80 - create IPUIPlugin
2026-03-29 22:13:31,900 [INFO] IPUIPlugin:80 - create IPUIPlugin
2026-03-29 22:13:31,900 [INFO] IPUIPlugin:80 - create IPUIPlugin
2026-03-29 22:13:31,900 [INFO] IPUIPlugin:80 - create IPUIPlugin
2026-03-29 22:13:31,901 [INFO] IPUIPlugin:80 - create IPUIPlugin
2026-03-29 22:13:31,901 [INFO] IPUIPlugin:80 - create IPUIPlugin
2026-03-29 22:13:31,901 [INFO] IPUIPlugin:80 - create IPUIPlugin
2026-03-29 22:13:31,901 [INFO] IPUIPlugin:80 - create IPUIPlugin
2026-03-29 22:13:31,901 [INFO] IPUIPlugin:80 - create IPUIPlugin
2026-03-29 22:13:31,901 [INFO] IPUIPlugin:80 - create IPUIPlugin
2026-03-29 22:13:31,902 [INFO] IPUIPlugin:80 - create IPUIPlugin
2026-03-29 22:13:31,902 [INFO] IPUIPlugin:80 - create IPUIPlugin
2026-03-29 22:13:31,902 [INFO] IPUIPlugin:80 - create IPUIPlugin
2026-03-29 22:13:31,902 [INFO] IPUIPlugin:80 - create IPUIPlugin
2026-03-29 22:13:31,902 [INFO] IPUIPlugin:80 - create IPUIPlugin
2026-03-29 22:13:31,902 [INFO] IPUIPlugin:80 - create IPUIPlugin
2026-03-29 22:13:31,903 [INFO] IPUIPlugin:80 - create IPUIPlugin
2026-03-29 22:13:31,903 [INFO] IPUIPlugin:80 - create IPUIPlugin
2026-03-29 22:13:31,903 [INFO] IPUIPlugin:80 - create IPUIPlugin
2026-03-29 22:13:31,903 [INFO] IPUIPlugin:80 - create IPUIPlugin
2026-03-29 22:13:31,903 [INFO] IPUIPlugin:80 - create IPUIPlugin
2026-03-29 22:13:31,904 [INFO] IPUIPlugin:80 - create IPUIPlugin
2026-03-29 22:13:31,904 [INFO] IPUIPlugin:80 - create IPUIPlugin
2026-03-29 22:13:31,910 [INFO] ApiDbMcu:532 - Load IP Config File for PDM2PCM
2026-03-29 22:13:31,917 [INFO] Can:71 - Can Add PropertyChangeListener com.st.microxplorer.plugins.ip.can.Can@3abefe5d
2026-03-29 22:13:31,919 [WARN] IP:2250 - I2C_Coeff_DF not found: check if there is a RefParameter without a condition.
2026-03-29 22:13:31,919 [WARN] IP:2250 - Analog_Filter not found: check if there is a RefParameter without a condition.
2026-03-29 22:13:32,043 [INFO] CADModel:165 - CPN selected for project levelSTM32F446RET6
2026-03-29 22:13:32,043 [INFO] CADModel:114 - Register for checkConnection events
2026-03-29 22:13:32,081 [INFO] OpenFileManager:386 - Restore cursor
2026-03-29 22:13:32,206 [WARN] IP:2250 - DEVICE_SERIAL0_CDC_FS not found: check if there is a RefParameter without a condition.
2026-03-29 22:13:32,206 [WARN] IP:2250 - DEVICE_SERIAL1_CDC_FS not found: check if there is a RefParameter without a condition.
2026-03-29 22:13:32,206 [WARN] IP:2250 - DEVICE_SERIAL2_CDC_FS not found: check if there is a RefParameter without a condition.
2026-03-29 22:13:32,207 [WARN] IP:2250 - DEVICE_SERIAL0_CDC_FS not found: check if there is a RefParameter without a condition.
2026-03-29 22:13:32,207 [WARN] IP:2250 - DEVICE_SERIAL1_CDC_FS not found: check if there is a RefParameter without a condition.
2026-03-29 22:13:32,207 [WARN] IP:2250 - DEVICE_SERIAL2_CDC_FS not found: check if there is a RefParameter without a condition.
2026-03-29 22:13:32,253 [WARN] IP:2250 - I2C_Coeff_DF not found: check if there is a RefParameter without a condition.
2026-03-29 22:13:32,254 [WARN] IP:2250 - Analog_Filter not found: check if there is a RefParameter without a condition.
2026-03-29 22:13:32,254 [WARN] IP:2250 - I2C_Coeff_DF not found: check if there is a RefParameter without a condition.
2026-03-29 22:13:32,254 [WARN] IP:2250 - Analog_Filter not found: check if there is a RefParameter without a condition.
2026-03-29 22:13:40,051 [WARN] IP:2250 - I2C_Coeff_DF not found: check if there is a RefParameter without a condition.
2026-03-29 22:13:40,051 [WARN] IP:2250 - Analog_Filter not found: check if there is a RefParameter without a condition.
2026-03-29 22:13:40,052 [WARN] IP:2250 - I2C_Coeff_DF not found: check if there is a RefParameter without a condition.
2026-03-29 22:13:40,052 [WARN] IP:2250 - Analog_Filter not found: check if there is a RefParameter without a condition.
2026-03-29 22:13:44,480 [INFO] Gpio:278 - dependency for GPIO [CAN1, I2C3, RCC, SYS, USART2, USB_OTG_FS]
2026-03-29 22:13:46,283 [INFO] UtilMem:75 - End SaveConfig() Used Memory: 812145216 Bytes (1073741824)
2026-03-29 22:13:48,152 [INFO] UtilMem:75 - End SaveConfig() Used Memory: 942694976 Bytes (1073741824)
2026-03-29 22:13:48,507 [INFO] BlockDiagram:2775 - set Specific Code input for plugin: TIM6_7
2026-03-29 22:13:48,507 [INFO] BlockDiagram:2775 - set Specific Code input for plugin: TIM6_7
2026-03-29 22:13:48,507 [INFO] BlockDiagram:2775 - set Specific Code input for plugin: CAN
2026-03-29 22:13:48,507 [INFO] BlockDiagram:2775 - set Specific Code input for plugin: USB_DEVICE
2026-03-29 22:13:48,507 [INFO] BlockDiagram:2775 - set Specific Code input for plugin: SYS
2026-03-29 22:13:48,507 [INFO] BlockDiagram:2775 - set Specific Code input for plugin: RCC
2026-03-29 22:13:48,507 [INFO] BlockDiagram:2775 - set Specific Code input for plugin: I2C
2026-03-29 22:13:48,507 [INFO] BlockDiagram:2775 - set Specific Code input for plugin: USB_OTG_FS
2026-03-29 22:13:48,507 [INFO] BlockDiagram:2775 - set Specific Code input for plugin: NVIC
2026-03-29 22:13:48,507 [INFO] BlockDiagram:2775 - set Specific Code input for plugin: USART
2026-03-29 22:13:48,507 [INFO] BlockDiagram:2775 - set Specific Code input for plugin: TIM1_8
2026-03-29 22:13:48,507 [INFO] BlockDiagram:2775 - set Specific Code input for plugin: DMA
2026-03-29 22:13:48,508 [INFO] BlockDiagram:2775 - set Specific Code input for plugin: GPIO
2026-03-29 22:13:48,508 [INFO] CodeGenerator:892 - code generatio: config db path: /opt/st/stm32cubeide_1.19.0/plugins/com.st.stm32cube.common.mx_6.15.0.202507011659//db/
2026-03-29 22:13:48,515 [WARN] IP:2250 - I2C_Coeff_DF not found: check if there is a RefParameter without a condition.
2026-03-29 22:13:48,515 [WARN] IP:2250 - Analog_Filter not found: check if there is a RefParameter without a condition.
2026-03-29 22:13:48,543 [WARN] IP:2250 - DEVICE_SERIAL0_CDC_FS not found: check if there is a RefParameter without a condition.
2026-03-29 22:13:48,543 [WARN] IP:2250 - DEVICE_SERIAL1_CDC_FS not found: check if there is a RefParameter without a condition.
2026-03-29 22:13:48,543 [WARN] IP:2250 - DEVICE_SERIAL2_CDC_FS not found: check if there is a RefParameter without a condition.
2026-03-29 22:13:48,637 [INFO] CodeEngine:265 - oldGeneratedFile, /home/kamil/STM32CubeIDE/workspace_1.19.0/PCB_STM/MXTmpFiles/license.tmp_save
2026-03-29 22:13:48,943 [INFO] CodeEngine:289 - Generated code: /home/kamil/STM32CubeIDE/workspace_1.19.0/PCB_STM/MXTmpFiles/license.tmp
2026-03-29 22:13:48,996 [INFO] CodeEngine:265 - oldGeneratedFile, /home/kamil/STM32CubeIDE/workspace_1.19.0/PCB_STM/MXTmpFiles/gpio.tmp_save
2026-03-29 22:13:49,096 [INFO] CodeEngine:289 - Generated code: /home/kamil/STM32CubeIDE/workspace_1.19.0/PCB_STM/MXTmpFiles/gpio.tmp
2026-03-29 22:13:49,144 [WARN] IPConfigManager:3238 - Warning: the RefConfig PWREx_EnableUSBVoltageDetector is not available in your config.xml file
2026-03-29 22:13:49,149 [INFO] CodeEngine:265 - oldGeneratedFile, /home/kamil/STM32CubeIDE/workspace_1.19.0/PCB_STM/MXTmpFiles/usb_otg_fs_vars.tmp_save
2026-03-29 22:13:49,218 [INFO] CodeEngine:289 - Generated code: /home/kamil/STM32CubeIDE/workspace_1.19.0/PCB_STM/MXTmpFiles/usb_otg_fs_vars.tmp
2026-03-29 22:13:49,220 [INFO] CodeEngine:265 - oldGeneratedFile, /home/kamil/STM32CubeIDE/workspace_1.19.0/PCB_STM/MXTmpFiles/usb_otg_fs_inc.tmp_save
2026-03-29 22:13:49,280 [INFO] CodeEngine:289 - Generated code: /home/kamil/STM32CubeIDE/workspace_1.19.0/PCB_STM/MXTmpFiles/usb_otg_fs_inc.tmp
2026-03-29 22:13:49,282 [INFO] CodeEngine:265 - oldGeneratedFile, /home/kamil/STM32CubeIDE/workspace_1.19.0/PCB_STM/MXTmpFiles/usb_otg_fs_HalInit.tmp_save
2026-03-29 22:13:49,360 [INFO] CodeEngine:289 - Generated code: /home/kamil/STM32CubeIDE/workspace_1.19.0/PCB_STM/MXTmpFiles/usb_otg_fs_HalInit.tmp
2026-03-29 22:13:49,362 [INFO] CodeEngine:265 - oldGeneratedFile, /home/kamil/STM32CubeIDE/workspace_1.19.0/PCB_STM/MXTmpFiles/usb_otg_fs_Msp.tmp_save
2026-03-29 22:13:49,446 [INFO] CodeEngine:289 - Generated code: /home/kamil/STM32CubeIDE/workspace_1.19.0/PCB_STM/MXTmpFiles/usb_otg_fs_Msp.tmp
2026-03-29 22:13:49,794 [INFO] Middleware:1452 - No code input for Bsp Dependency
2026-03-29 22:13:49,803 [INFO] CodeEngine:265 - oldGeneratedFile, /home/kamil/STM32CubeIDE/workspace_1.19.0/PCB_STM/MXTmpFiles/dma.tmp_save
2026-03-29 22:13:49,866 [INFO] CodeEngine:289 - Generated code: /home/kamil/STM32CubeIDE/workspace_1.19.0/PCB_STM/MXTmpFiles/dma.tmp
2026-03-29 22:13:49,868 [INFO] CodeEngine:265 - oldGeneratedFile, /home/kamil/STM32CubeIDE/workspace_1.19.0/PCB_STM/MXTmpFiles/dma_GV.tmp_save
2026-03-29 22:13:49,920 [INFO] CodeEngine:289 - Generated code: /home/kamil/STM32CubeIDE/workspace_1.19.0/PCB_STM/MXTmpFiles/dma_GV.tmp
2026-03-29 22:13:49,960 [INFO] Middleware:1452 - No code input for Bsp Dependency
2026-03-29 22:13:49,965 [INFO] CodeEngine:265 - oldGeneratedFile, /home/kamil/STM32CubeIDE/workspace_1.19.0/PCB_STM/USB_DEVICE/App/usb_device.c_save
2026-03-29 22:13:50,026 [INFO] CodeEngine:289 - Generated code: /home/kamil/STM32CubeIDE/workspace_1.19.0/PCB_STM/USB_DEVICE/App/usb_device.c
2026-03-29 22:13:50,027 [INFO] CodeEngine:265 - oldGeneratedFile, /home/kamil/STM32CubeIDE/workspace_1.19.0/PCB_STM/USB_DEVICE/App/usb_device.h_save
2026-03-29 22:13:50,068 [INFO] CodeEngine:289 - Generated code: /home/kamil/STM32CubeIDE/workspace_1.19.0/PCB_STM/USB_DEVICE/App/usb_device.h
2026-03-29 22:13:50,069 [INFO] CodeEngine:265 - oldGeneratedFile, /home/kamil/STM32CubeIDE/workspace_1.19.0/PCB_STM/USB_DEVICE/Target/usbd_conf.h_save
2026-03-29 22:13:50,108 [INFO] CodeEngine:289 - Generated code: /home/kamil/STM32CubeIDE/workspace_1.19.0/PCB_STM/USB_DEVICE/Target/usbd_conf.h
2026-03-29 22:13:50,109 [INFO] CodeEngine:265 - oldGeneratedFile, /home/kamil/STM32CubeIDE/workspace_1.19.0/PCB_STM/USB_DEVICE/Target/usbd_conf.c_save
2026-03-29 22:13:50,151 [INFO] CodeEngine:289 - Generated code: /home/kamil/STM32CubeIDE/workspace_1.19.0/PCB_STM/USB_DEVICE/Target/usbd_conf.c
2026-03-29 22:13:50,152 [INFO] CodeEngine:265 - oldGeneratedFile, /home/kamil/STM32CubeIDE/workspace_1.19.0/PCB_STM/USB_DEVICE/App/usbd_desc.h_save
2026-03-29 22:13:50,188 [INFO] CodeEngine:289 - Generated code: /home/kamil/STM32CubeIDE/workspace_1.19.0/PCB_STM/USB_DEVICE/App/usbd_desc.h
2026-03-29 22:13:50,189 [INFO] CodeEngine:265 - oldGeneratedFile, /home/kamil/STM32CubeIDE/workspace_1.19.0/PCB_STM/USB_DEVICE/App/usbd_desc.c_save
2026-03-29 22:13:50,228 [INFO] CodeEngine:289 - Generated code: /home/kamil/STM32CubeIDE/workspace_1.19.0/PCB_STM/USB_DEVICE/App/usbd_desc.c
2026-03-29 22:13:50,229 [INFO] CodeEngine:265 - oldGeneratedFile, /home/kamil/STM32CubeIDE/workspace_1.19.0/PCB_STM/USB_DEVICE/App/usbd_cdc_if.h_save
2026-03-29 22:13:50,264 [INFO] CodeEngine:289 - Generated code: /home/kamil/STM32CubeIDE/workspace_1.19.0/PCB_STM/USB_DEVICE/App/usbd_cdc_if.h
2026-03-29 22:13:50,265 [INFO] CodeEngine:265 - oldGeneratedFile, /home/kamil/STM32CubeIDE/workspace_1.19.0/PCB_STM/USB_DEVICE/App/usbd_cdc_if.c_save
2026-03-29 22:13:50,308 [INFO] CodeEngine:289 - Generated code: /home/kamil/STM32CubeIDE/workspace_1.19.0/PCB_STM/USB_DEVICE/App/usbd_cdc_if.c
2026-03-29 22:13:50,314 [INFO] CodeEngine:265 - oldGeneratedFile, /home/kamil/STM32CubeIDE/workspace_1.19.0/PCB_STM/Core/Src/stm32f4xx_it.c_save
2026-03-29 22:13:50,394 [INFO] CodeEngine:289 - Generated code: /home/kamil/STM32CubeIDE/workspace_1.19.0/PCB_STM/Core/Src/stm32f4xx_it.c
2026-03-29 22:13:50,396 [INFO] CodeEngine:265 - oldGeneratedFile, /home/kamil/STM32CubeIDE/workspace_1.19.0/PCB_STM/Core/Inc/stm32f4xx_it.h_save
2026-03-29 22:13:50,441 [INFO] CodeEngine:289 - Generated code: /home/kamil/STM32CubeIDE/workspace_1.19.0/PCB_STM/Core/Inc/stm32f4xx_it.h
2026-03-29 22:13:50,450 [INFO] CodeEngine:265 - oldGeneratedFile, /home/kamil/STM32CubeIDE/workspace_1.19.0/PCB_STM/Core/Src/stm32f4xx_hal_msp.c_save
2026-03-29 22:13:50,518 [INFO] CodeEngine:289 - Generated code: /home/kamil/STM32CubeIDE/workspace_1.19.0/PCB_STM/Core/Src/stm32f4xx_hal_msp.c
2026-03-29 22:13:50,519 [INFO] CodeEngine:265 - oldGeneratedFile, /home/kamil/STM32CubeIDE/workspace_1.19.0/PCB_STM/MXTmpFiles/system.tmp_save
2026-03-29 22:13:50,553 [INFO] CodeEngine:289 - Generated code: /home/kamil/STM32CubeIDE/workspace_1.19.0/PCB_STM/MXTmpFiles/system.tmp
2026-03-29 22:13:50,555 [INFO] CodeEngine:265 - oldGeneratedFile, /home/kamil/STM32CubeIDE/workspace_1.19.0/PCB_STM/Core/Inc/stm32_assert.h_save
2026-03-29 22:13:50,591 [INFO] CodeEngine:289 - Generated code: /home/kamil/STM32CubeIDE/workspace_1.19.0/PCB_STM/Core/Inc/stm32_assert.h
2026-03-29 22:13:50,594 [INFO] CodeEngine:321 - oldGeneratedFile, /home/kamil/STM32CubeIDE/workspace_1.19.0/PCB_STM/Core/Inc/stm32f4xx_hal_conf.h_save
2026-03-29 22:13:50,632 [INFO] CodeEngine:345 - Generated code: /home/kamil/STM32CubeIDE/workspace_1.19.0/PCB_STM/Core/Inc/stm32f4xx_hal_conf.h
2026-03-29 22:13:50,649 [WARN] IPConfigManager:3238 - Warning: the RefConfig PLL2P_FOR_MCO is not available in your config.xml file
2026-03-29 22:13:50,653 [INFO] ApiDbMcu:532 - Load IP Config File for CAN1
2026-03-29 22:13:50,654 [INFO] ApiDbMcu:532 - Load IP Config File for I2C3
2026-03-29 22:13:50,660 [INFO] ApiDbMcu:532 - Load IP Config File for TIM6
2026-03-29 22:13:50,666 [INFO] ApiDbMcu:532 - Load IP Config File for TIM7
2026-03-29 22:13:50,673 [INFO] ApiDbMcu:532 - Load IP Config File for TIM10
2026-03-29 22:13:50,674 [INFO] ApiDbMcu:532 - Load IP Config File for USART2
2026-03-29 22:13:50,677 [INFO] ApiDbMcu:532 - Load IP Config File for RCC
2026-03-29 22:13:50,679 [WARN] IPConfigManager:3811 - IP not found : TIM
2026-03-29 22:13:50,679 [WARN] CodeGenerator:4259 - IP not found : null
2026-03-29 22:13:50,681 [INFO] CodeEngine:265 - oldGeneratedFile, /home/kamil/STM32CubeIDE/workspace_1.19.0/PCB_STM/Core/Inc/main.h_save
2026-03-29 22:13:50,741 [INFO] CodeEngine:289 - Generated code: /home/kamil/STM32CubeIDE/workspace_1.19.0/PCB_STM/Core/Inc/main.h
2026-03-29 22:13:50,743 [INFO] CodeEngine:265 - oldGeneratedFile, /home/kamil/STM32CubeIDE/workspace_1.19.0/PCB_STM/Core/Src/main.c_save
2026-03-29 22:13:50,873 [INFO] CodeEngine:289 - Generated code: /home/kamil/STM32CubeIDE/workspace_1.19.0/PCB_STM/Core/Src/main.c
2026-03-29 22:13:51,131 [INFO] ProjectBuilder:3606 - Time for Copy HAL[1] : 70mS.
2026-03-29 22:13:51,138 [INFO] ProjectBuilder:5216 - Project Generator version: 4.7.0-B52
2026-03-29 22:13:51,218 [INFO] ConfigFileManager:1595 - The Die is : DIE421
2026-03-29 22:13:51,223 [INFO] ApiDbMcu:532 - Load IP Config File for FATFS
2026-03-29 22:13:51,227 [INFO] ApiDbMcu:532 - Load IP Config File for FREERTOS
2026-03-29 22:13:51,229 [INFO] ApiDbMcu:532 - Load IP Config File for LIBJPEG
2026-03-29 22:13:51,234 [INFO] ApiDbMcu:532 - Load IP Config File for MBEDTLS
2026-03-29 22:13:51,237 [INFO] ApiDbMcu:532 - Load IP Config File for USB_HOST
2026-03-29 22:13:51,479 [INFO] LogOutputStream:77 - [STDOUT_REDIRECT] 
2026-03-29 22:13:51,972 [INFO] ProjectBuilder:5496 - Time for Generating toolchain IDE Files: 833mS.
2026-03-29 22:13:51,972 [INFO] ProjectBuilder:3463 - Time for Copy CMSIS : 0mS.
2026-03-29 22:13:51,974 [INFO] ProjectBuilder:3463 - Time for Copy CMSIS : 0mS.
2026-03-29 22:16:37,695 [INFO] MainUpdater:2872 - connection check result : 10
2026-03-29 22:16:37,695 [INFO] MainUpdater:2872 - connection check result : 10
2026-03-29 22:16:37,722 [INFO] MicroXplorer:468 - Change Database Path : 
2026-03-29 22:16:37,722 [INFO] MicroXplorer:498 - Change Database Version : DB.6.0.150
2026-03-29 22:16:37,732 [ERROR] ProjectManagerView:395 - 
java.lang.NullPointerException: Cannot invoke "javax.swing.JTextField.getText()" because the return value of "java.util.List.get(int)" is null
	at com.st.microxplorer.plugins.projectmanager.gui.ProjectChoiceTab$9.caretUpdate(ProjectChoiceTab.java:2706) ~[filemanager.jar:?]
	at javax.swing.text.JTextComponent.fireCaretUpdate(JTextComponent.java:408) ~[?:?]
	at javax.swing.text.JTextComponent$MutableCaretEvent.fire(JTextComponent.java:4484) ~[?:?]
	at javax.swing.text.JTextComponent$MutableCaretEvent.stateChanged(JTextComponent.java:4506) ~[?:?]
	at javax.swing.text.DefaultCaret.fireStateChanged(DefaultCaret.java:857) ~[?:?]
	at javax.swing.text.DefaultCaret.changeCaretPosition(DefaultCaret.java:1343) ~[?:?]
	at javax.swing.text.DefaultCaret.handleSetDot(DefaultCaret.java:1242) ~[?:?]
	at javax.swing.text.DefaultCaret.setDot(DefaultCaret.java:1223) ~[?:?]
	at javax.swing.text.DefaultCaret$Handler.insertUpdate(DefaultCaret.java:1819) ~[?:?]
	at javax.swing.text.AbstractDocument.fireInsertUpdate(AbstractDocument.java:227) ~[?:?]
	at javax.swing.text.AbstractDocument.handleInsertString(AbstractDocument.java:781) ~[?:?]
	at javax.swing.text.AbstractDocument.insertString(AbstractDocument.java:740) ~[?:?]
	at javax.swing.text.PlainDocument.insertString(PlainDocument.java:131) ~[?:?]
	at javax.swing.text.AbstractDocument.replace(AbstractDocument.java:699) ~[?:?]
	at javax.swing.text.JTextComponent.setText(JTextComponent.java:1725) ~[?:?]
	at com.st.microxplorer.plugins.projectmanager.gui.ProjectChoiceTab.createHeapStackFields(ProjectChoiceTab.java:993) ~[filemanager.jar:?]
	at com.st.microxplorer.plugins.projectmanager.gui.ProjectChoiceTab.buildLinkSettingsPanel(ProjectChoiceTab.java:3813) ~[filemanager.jar:?]
	at com.st.microxplorer.plugins.projectmanager.gui.ProjectChoiceTab.defineWindowsFields(ProjectChoiceTab.java:1987) ~[filemanager.jar:?]
	at com.st.microxplorer.plugins.projectmanager.gui.ProjectChoiceTab.updateSettings(ProjectChoiceTab.java:558) ~[filemanager.jar:?]
	at com.st.microxplorer.plugins.projectmanager.gui.ProjectSettingsPanel.UpdateDialog(ProjectSettingsPanel.java:247) ~[filemanager.jar:?]
	at com.st.microxplorer.plugins.projectmanager.ProjectManagerView.propertyChange(ProjectManagerView.java:392) ~[filemanager.jar:?]
	at java.beans.PropertyChangeSupport.fire(PropertyChangeSupport.java:343) ~[?:?]
	at java.beans.PropertyChangeSupport.firePropertyChange(PropertyChangeSupport.java:335) ~[?:?]
	at java.beans.PropertyChangeSupport.firePropertyChange(PropertyChangeSupport.java:268) ~[?:?]
	at com.st.microxplorer.util.MXPropertyChangeSupport.firePropertyChange(MXPropertyChangeSupport.java:54) ~[STM32CubeMX.jar:?]
	at com.st.microxplorer.mxsystem.MxSystem.closeConfig(MxSystem.java:899) ~[STM32CubeMX.jar:?]
	at com.st.microxplorer.maingui.MainPanel.closeConfig(MainPanel.java:792) ~[STM32CubeMX.jar:?]
	at com.st.microxplorer.plugins.filemanager.engine.OpenFileManager.loadConfigurationFile(OpenFileManager.java:288) ~[filemanager.jar:?]
	at com.st.microxplorer.plugins.filemanager.engine.MainFileManager.userLoadConfig(MainFileManager.java:364) ~[filemanager.jar:?]
	at com.st.microxplorer.plugins.filemanager.engine.MainFileManager.userLoadConfig(MainFileManager.java:342) ~[filemanager.jar:?]
	at com.st.microxplorer.plugins.filemanager.FileManagerView.getSpecificTask(FileManagerView.java:264) ~[filemanager.jar:?]
	at com.st.stm32cube.common.mx.editor.CubeMxEditor.getMxTabbedPaneInstance(CubeMxEditor.java:1198) ~[com.st.stm32cube.common.mx_6.15.0.202507011659/:?]
	at com.st.stm32cube.common.mx.editor.CubeMxEditor$12$1.createSwingComponent(CubeMxEditor.java:1068) ~[com.st.stm32cube.common.mx_6.15.0.202507011659/:?]
	at com.st.stm32cube.common.mx.oss.core.awtswtbridge.EmbeddedSwingComposite.doComponentCreation(EmbeddedSwingComposite.java:492) ~[com.st.stm32cube.common.mx.oss_6.15.0.202507011659/:?]
	at com.st.stm32cube.common.mx.oss.core.awtswtbridge.EmbeddedSwingComposite$4.run(EmbeddedSwingComposite.java:291) ~[com.st.stm32cube.common.mx.oss_6.15.0.202507011659/:?]
	at com.st.stm32cube.common.mx.oss.core.awtswtbridge.AwtEnvironment$2.run(AwtEnvironment.java:166) ~[com.st.stm32cube.common.mx.oss_6.15.0.202507011659/:?]
	at java.awt.event.InvocationEvent.dispatch(InvocationEvent.java:318) ~[?:?]
	at java.awt.EventQueue.dispatchEventImpl(EventQueue.java:773) ~[?:?]
	at java.awt.EventQueue$4.run(EventQueue.java:720) ~[?:?]
	at java.awt.EventQueue$4.run(EventQueue.java:714) ~[?:?]
	at java.security.AccessController.doPrivileged(AccessController.java:400) ~[?:?]
	at java.security.ProtectionDomain$JavaSecurityAccessImpl.doIntersectionPrivilege(ProtectionDomain.java:87) ~[?:?]
	at java.awt.EventQueue.dispatchEvent(EventQueue.java:742) ~[?:?]
	at java.awt.EventDispatchThread.pumpOneEventForFilters(EventDispatchThread.java:203) ~[?:?]
	at java.awt.EventDispatchThread.pumpEventsForFilter(EventDispatchThread.java:124) ~[?:?]
	at java.awt.EventDispatchThread.pumpEventsForHierarchy(EventDispatchThread.java:113) ~[?:?]
	at java.awt.EventDispatchThread.pumpEvents(EventDispatchThread.java:109) ~[?:?]
	at java.awt.EventDispatchThread.pumpEvents(EventDispatchThread.java:101) ~[?:?]
	at java.awt.EventDispatchThread.run(EventDispatchThread.java:90) ~[?:?]
2026-03-29 22:16:37,737 [WARN] ThirdParty:871 - waiting for thirdparty lock release [close project]
2026-03-29 22:16:37,737 [INFO] ThirdParty:873 - entering critical section [close project]
2026-03-29 22:16:37,737 [INFO] ThirdParty:883 - exiting critical section [close project]
2026-03-29 22:16:37,739 [INFO] PinOutPanel:1589 - setPackage(No Configuration,No Configuration)
2026-03-29 22:16:37,749 [WARN] IpParametersView:155 - Warning: This peripheral hasn't parameters
2026-03-29 22:16:37,761 [WARN] MainPanel:289 - <html><b><center>Warning: This peripheral has no parameters to be configured<br></b></html>
2026-03-29 22:16:37,768 [INFO] UtilMem:75 - Begin LoadConfig() Used Memory: 887728000 Bytes (1073741824)
2026-03-29 22:16:37,769 [INFO] MicroXplorer:468 - Change Database Path : 
2026-03-29 22:16:37,769 [INFO] MicroXplorer:498 - Change Database Version : DB.6.0.150
2026-03-29 22:16:37,769 [INFO] OpenFileManager:355 - Change cursor
2026-03-29 22:16:37,797 [INFO] RulesReader:64 - Compatibility file has been processed (317 Rules)
2026-03-29 22:16:37,801 [INFO] Mcu:2029 - Initializing MCU STM32F446R(C-E)Tx STM32F446RETx STM32F446RET6
2026-03-29 22:16:38,579 [INFO] Context:786 - Trying to add GPIOservice into a context  which must be forbidden
2026-03-29 22:16:39,060 [INFO] ImportTextPane:234 - (OptionalMessage_ERROR) Pin18 (VP_RIF_VS_RIF1) cannot be retrieved for this MCU
2026-03-29 22:16:39,223 [INFO] RtosManager:558 - Registered RTOS mode: class=CMSIS, group=RTOS, mode=CMSIS_V1, owner=FREERTOS
2026-03-29 22:16:39,223 [INFO] RtosManager:558 - Registered RTOS mode: class=CMSIS, group=RTOS2, mode=CMSIS_V2, owner=FREERTOS
2026-03-29 22:16:39,223 [INFO] RtosManager:558 - Registered RTOS mode: class=RTOS, group=Core, mode=CMSIS_V1, owner=FREERTOS
2026-03-29 22:16:39,223 [INFO] RtosManager:558 - Registered RTOS mode: class=RTOS, group=Core, mode=CMSIS_V2, owner=FREERTOS
2026-03-29 22:16:39,223 [WARN] ModelIntegratedComponent:184 - Missing modes for component STMicroelectronics:FreeRTOS:0.0.1:STMicroelectronics:RTOS:FreeRTOS:Core:::10.2.0:
2026-03-29 22:16:39,229 [WARN] ModelIntegratedComponent:63 - No mode defined for component null
2026-03-29 22:16:39,229 [WARN] ModelIntegratedComponent:63 - No mode defined for component null
2026-03-29 22:16:39,229 [WARN] ModelIntegratedComponent:63 - No mode defined for component null
2026-03-29 22:16:39,229 [WARN] ModelIntegratedComponent:63 - No mode defined for component null
2026-03-29 22:16:39,229 [WARN] ModelIntegratedComponent:63 - No mode defined for component null
2026-03-29 22:16:39,229 [WARN] ModelIntegratedComponent:63 - No mode defined for component null
2026-03-29 22:16:39,229 [WARN] ModelIntegratedComponent:63 - No mode defined for component null
2026-03-29 22:16:39,229 [WARN] ModelIntegratedComponent:63 - No mode defined for component null
2026-03-29 22:16:39,229 [WARN] ModelIntegratedComponent:63 - No mode defined for component null
2026-03-29 22:16:39,229 [WARN] ModelIntegratedComponent:63 - No mode defined for component null
2026-03-29 22:16:39,229 [WARN] ModelIntegratedComponent:63 - No mode defined for component null
2026-03-29 22:16:39,229 [WARN] ModelIntegratedComponent:63 - No mode defined for component null
2026-03-29 22:16:39,229 [WARN] ModelIntegratedComponent:63 - No mode defined for component null
2026-03-29 22:16:39,229 [WARN] ModelIntegratedComponent:63 - No mode defined for component null
2026-03-29 22:16:39,229 [WARN] ModelIntegratedComponent:63 - No mode defined for component null
2026-03-29 22:16:39,229 [WARN] ModelIntegratedComponent:63 - No mode defined for component null
2026-03-29 22:16:39,229 [WARN] ModelIntegratedComponent:63 - No mode defined for component null
2026-03-29 22:16:39,229 [WARN] ModelIntegratedComponent:63 - No mode defined for component null
2026-03-29 22:16:39,230 [WARN] ModelIntegratedComponent:63 - No mode defined for component null
2026-03-29 22:16:39,230 [WARN] ModelIntegratedComponent:63 - No mode defined for component null
2026-03-29 22:16:39,230 [WARN] ModelIntegratedComponent:63 - No mode defined for component null
2026-03-29 22:16:39,230 [WARN] ModelIntegratedComponent:63 - No mode defined for component null
2026-03-29 22:16:39,230 [WARN] ModelIntegratedComponent:63 - No mode defined for component null
2026-03-29 22:16:39,230 [WARN] ModelIntegratedComponent:63 - No mode defined for component null
2026-03-29 22:16:39,230 [WARN] ModelIntegratedComponent:63 - No mode defined for component null
2026-03-29 22:16:39,230 [WARN] ModelIntegratedComponent:63 - No mode defined for component null
2026-03-29 22:16:39,230 [WARN] ModelIntegratedComponent:63 - No mode defined for component null
2026-03-29 22:16:39,230 [WARN] ModelIntegratedComponent:63 - No mode defined for component null
2026-03-29 22:16:39,230 [WARN] ModelIntegratedComponent:63 - No mode defined for component null
2026-03-29 22:16:39,230 [WARN] ModelIntegratedComponent:63 - No mode defined for component null
2026-03-29 22:16:39,230 [WARN] ModelIntegratedComponent:63 - No mode defined for component null
2026-03-29 22:16:39,230 [WARN] ModelIntegratedComponent:63 - No mode defined for component null
2026-03-29 22:16:39,230 [WARN] ModelIntegratedComponent:63 - No mode defined for component null
2026-03-29 22:16:39,230 [WARN] ModelIntegratedComponent:63 - No mode defined for component null
2026-03-29 22:16:39,230 [WARN] ModelIntegratedComponent:63 - No mode defined for component null
2026-03-29 22:16:39,230 [WARN] ModelPack:524 - Component already loaded: STMicroelectronics:HAL Drivers:0.0.0:STMicroelectronics:Device:STMicro_Driver:XSPI:HAL::0.0.1:HAL_XSPI
2026-03-29 22:16:39,274 [INFO] ThirdPartyModel:298 - Start build external matchings
2026-03-29 22:16:39,558 [INFO] ThirdPartyModel:316 - End build external matchings
2026-03-29 22:16:39,576 [INFO] ImportTextPane:234 - (OptionalMessage_ERROR) IP (DMA) : Parameter (Instance) has Id (I2C3_RX) currently not set
2026-03-29 22:16:39,576 [INFO] ImportTextPane:234 - (OptionalMessage_ERROR) IP (DMA) : Parameter (Channel) has Id (I2C3_RX) currently not set
2026-03-29 22:16:39,576 [INFO] ImportTextPane:234 - (OptionalMessage_ERROR) IP (DMA) : Parameter (Direction) has Id (I2C3_RX) currently not set
2026-03-29 22:16:39,576 [INFO] ImportTextPane:234 - (OptionalMessage_ERROR) IP (DMA) : Parameter (PeriphInc) has Id (I2C3_RX) currently not set
2026-03-29 22:16:39,576 [INFO] ImportTextPane:234 - (OptionalMessage_ERROR) IP (DMA) : Parameter (MemInc) has Id (I2C3_RX) currently not set
2026-03-29 22:16:39,576 [INFO] ImportTextPane:234 - (OptionalMessage_ERROR) IP (DMA) : Parameter (PeriphDataAlignment) has Id (I2C3_RX) currently not set
2026-03-29 22:16:39,576 [INFO] ImportTextPane:234 - (OptionalMessage_ERROR) IP (DMA) : Parameter (MemDataAlignment) has Id (I2C3_RX) currently not set
2026-03-29 22:16:39,577 [INFO] ImportTextPane:234 - (OptionalMessage_ERROR) IP (DMA) : Parameter (Mode) has Id (I2C3_RX) currently not set
2026-03-29 22:16:39,577 [INFO] ImportTextPane:234 - (OptionalMessage_ERROR) IP (DMA) : Parameter (Priority) has Id (I2C3_RX) currently not set
2026-03-29 22:16:39,577 [INFO] ImportTextPane:234 - (OptionalMessage_ERROR) IP (DMA) : Parameter (FIFOMode) has Id (I2C3_RX) currently not set
2026-03-29 22:16:39,577 [WARN] IP:2250 - I2C_Coeff_DF not found: check if there is a RefParameter without a condition.
2026-03-29 22:16:39,577 [WARN] IP:2250 - Analog_Filter not found: check if there is a RefParameter without a condition.
2026-03-29 22:16:39,578 [INFO] ImportTextPane:234 - (OptionalMessage_ERROR) IP (RCC) : Invalid parameter (FamilyName)
2026-03-29 22:16:39,578 [INFO] ImportTextPane:234 - (OptionalMessage_ERROR) IP (RCC) : Parameter (MCO2PinFreq_Value) has invalid value (168000000)
2026-03-29 22:16:39,582 [WARN] IP:2250 - DEVICE_SERIAL0_CDC_FS not found: check if there is a RefParameter without a condition.
2026-03-29 22:16:39,582 [WARN] IP:2250 - DEVICE_SERIAL1_CDC_FS not found: check if there is a RefParameter without a condition.
2026-03-29 22:16:39,582 [WARN] IP:2250 - DEVICE_SERIAL2_CDC_FS not found: check if there is a RefParameter without a condition.
2026-03-29 22:16:39,730 [INFO] UtilMem:75 - End LoadConfig() Used Memory: 861417736 Bytes (1073741824)
2026-03-29 22:16:39,739 [WARN] ThirdParty:833 - waiting for thirdparty lock release [change project]
2026-03-29 22:16:39,739 [INFO] ThirdParty:835 - entering critical section [change project]
2026-03-29 22:16:39,739 [INFO] ThirdParty:1030 - CMSIS Pack Vendor :STMicroelectronics X-CUBE-AZRTOS-H7 3.5.0
2026-03-29 22:16:39,739 [INFO] ThirdParty:1030 - CMSIS Pack Vendor :STMicroelectronics X-CUBE-PM33A1 1.0.0
2026-03-29 22:16:39,739 [INFO] ThirdParty:1030 - CMSIS Pack Vendor :STMicroelectronics USBPD 4.1
2026-03-29 22:16:39,739 [INFO] ThirdParty:1030 - CMSIS Pack Vendor :STMicroelectronics X-CUBE-NFC9 1.0.0
2026-03-29 22:16:39,739 [INFO] ThirdParty:1030 - CMSIS Pack Vendor :STMicroelectronics USB_HOST 2.0.0
2026-03-29 22:16:39,739 [INFO] ThirdParty:1030 - CMSIS Pack Vendor :STMicroelectronics FP-SNS-MOTENVWB1 1.4.0
2026-03-29 22:16:39,739 [INFO] ThirdParty:1030 - CMSIS Pack Vendor :STMicroelectronics X-CUBE-AZRTOS-F4 1.1.0
2026-03-29 22:16:39,739 [INFO] ThirdParty:1030 - CMSIS Pack Vendor :STMicroelectronics LIBJPEG 8.0.0
2026-03-29 22:16:39,739 [INFO] ThirdParty:1030 - CMSIS Pack Vendor :STMicroelectronics FP-ATR-ASTRA1 2.0.2
2026-03-29 22:16:39,739 [INFO] ThirdParty:1030 - CMSIS Pack Vendor :wolfSSL I-CUBE-wolfSSL 5.8.2
2026-03-29 22:16:39,739 [INFO] ThirdParty:1030 - CMSIS Pack Vendor :STMicroelectronics X-CUBE-BLE1 7.1.0
2026-03-29 22:16:39,739 [INFO] ThirdParty:1030 - CMSIS Pack Vendor :STMicroelectronics X-CUBE-SMBUS 2.1.0
2026-03-29 22:16:39,739 [INFO] ThirdParty:1030 - CMSIS Pack Vendor :wolfSSL I-CUBE-wolfMQTT 1.19.2
2026-03-29 22:16:39,739 [INFO] ThirdParty:1030 - CMSIS Pack Vendor :STMicroelectronics USB_DEVICE 3.0.0
2026-03-29 22:16:39,739 [INFO] ThirdParty:1030 - CMSIS Pack Vendor :STMicroelectronics X-CUBE-ISPU 2.1.0
2026-03-29 22:16:39,739 [INFO] ThirdParty:1030 - CMSIS Pack Vendor :STMicroelectronics X-CUBE-FREERTOS 1.4.0
2026-03-29 22:16:39,739 [INFO] ThirdParty:1030 - CMSIS Pack Vendor :STMicroelectronics X-CUBE-EEPRMA1 5.2.0
2026-03-29 22:16:39,739 [INFO] ThirdParty:1030 - CMSIS Pack Vendor :STMicroelectronics X-CUBE-IPS 3.2.0
2026-03-29 22:16:39,739 [INFO] ThirdParty:1030 - CMSIS Pack Vendor :STMicroelectronics X-CUBE-BLEMGR 4.1.0
2026-03-29 22:16:39,739 [INFO] ThirdParty:1030 - CMSIS Pack Vendor :STMicroelectronics X-CUBE-AZRTOS-WB 2.0.0
2026-03-29 22:16:39,739 [INFO] ThirdParty:1030 - CMSIS Pack Vendor :STMicroelectronics X-CUBE-ST60 1.0.0
2026-03-29 22:16:39,739 [INFO] ThirdParty:1030 - CMSIS Pack Vendor :STMicroelectronics X-CUBE-GNSS1 7.0.1
2026-03-29 22:16:39,739 [INFO] ThirdParty:1030 - CMSIS Pack Vendor :STMicroelectronics X-CUBE-NFC12 1.0.0
2026-03-29 22:16:39,739 [INFO] ThirdParty:1030 - CMSIS Pack Vendor :STMicroelectronics X-CUBE-AZRTOS-F7 1.1.0
2026-03-29 22:16:39,739 [INFO] ThirdParty:1030 - CMSIS Pack Vendor :STMicroelectronics X-CUBE-AZRTOS-L5 2.0.0
2026-03-29 22:16:39,739 [INFO] ThirdParty:1030 - CMSIS Pack Vendor :STMicroelectronics USB_DEVICE 2.0.0
2026-03-29 22:16:39,739 [INFO] ThirdParty:1030 - CMSIS Pack Vendor :STMicroelectronics X-CUBE-NFC6 3.1.0
2026-03-29 22:16:39,739 [INFO] ThirdParty:1030 - CMSIS Pack Vendor :STMicroelectronics X-CUBE-ST67W61 1.1.0
2026-03-29 22:16:39,739 [INFO] ThirdParty:1030 - CMSIS Pack Vendor :Cesanta I-CUBE-Mongoose 7.19.0
2026-03-29 22:16:39,739 [INFO] ThirdParty:1030 - CMSIS Pack Vendor :quantropi X-CUBE-qispace-sdk-base 2.1.0
2026-03-29 22:16:39,739 [INFO] ThirdParty:1030 - CMSIS Pack Vendor :STMicroelectronics X-CUBE-MEMS1 12.0.0
2026-03-29 22:16:39,740 [INFO] ThirdParty:1030 - CMSIS Pack Vendor :STMicroelectronics X-CUBE-STSE01 2.0.0
2026-03-29 22:16:39,740 [INFO] ThirdParty:1030 - CMSIS Pack Vendor :STMicroelectronics FP-SNS-MOTENV1 5.1.0
2026-03-29 22:16:39,740 [INFO] ThirdParty:1030 - CMSIS Pack Vendor :STMicroelectronics FreeRTOS 0.0.1
2026-03-29 22:16:39,740 [INFO] ThirdParty:1030 - CMSIS Pack Vendor :STMicroelectronics X-CUBE-AZRTOS-G0 1.1.0
2026-03-29 22:16:39,740 [INFO] ThirdParty:1030 - CMSIS Pack Vendor :STMicroelectronics X-CUBE-SAFEA1 1.2.2
2026-03-29 22:16:39,740 [INFO] ThirdParty:1030 - CMSIS Pack Vendor :STMicroelectronics X-CUBE-NFC4 3.0.0
2026-03-29 22:16:39,740 [INFO] ThirdParty:1030 - CMSIS Pack Vendor :STMicroelectronics X-CUBE-SUBG2 5.0.0
2026-03-29 22:16:39,740 [INFO] ThirdParty:1030 - CMSIS Pack Vendor :STMicroelectronics X-CUBE-AZRTOS-H7RS 1.1.0
2026-03-29 22:16:39,740 [INFO] ThirdParty:1030 - CMSIS Pack Vendor :STMicroelectronics STM32_WPAN 1.0.0
2026-03-29 22:16:39,740 [INFO] ThirdParty:1030 - CMSIS Pack Vendor :EmbeddedOffice I-CUBE-FS-RTOS 1.0.1
2026-03-29 22:16:39,740 [INFO] ThirdParty:1030 - CMSIS Pack Vendor :STMicroelectronics lwIP 2.0.3
2026-03-29 22:16:39,740 [INFO] ThirdParty:1030 - CMSIS Pack Vendor :WES I-CUBE-Cesium 1.4.0
2026-03-29 22:16:39,740 [INFO] ThirdParty:1030 - CMSIS Pack Vendor :STMicroelectronics USB_HOST 1.0.0
2026-03-29 22:16:39,740 [INFO] ThirdParty:1030 - CMSIS Pack Vendor :Infineon AIROC-Wi-Fi-Bluetooth-STM32 1.7.1
2026-03-29 22:16:39,740 [INFO] ThirdParty:1030 - CMSIS Pack Vendor :STMicroelectronics X-CUBE-AZRTOS-G4 2.0.0
2026-03-29 22:16:39,740 [INFO] ThirdParty:1030 - CMSIS Pack Vendor :STMicroelectronics X-CUBE-WB05N 2.0.0
2026-03-29 22:16:39,740 [INFO] ThirdParty:1030 - CMSIS Pack Vendor :STMicroelectronics PDM2PCM 3.1.0
2026-03-29 22:16:39,740 [INFO] ThirdParty:1030 - CMSIS Pack Vendor :STMicroelectronics PDM2PCM 3.3.0
2026-03-29 22:16:39,740 [INFO] ThirdParty:1030 - CMSIS Pack Vendor :wolfSSL I-CUBE-wolfTPM 3.8.0
2026-03-29 22:16:39,740 [INFO] ThirdParty:1030 - CMSIS Pack Vendor :STMicroelectronics X-CUBE-AZRTOS-H7 3.4.0
2026-03-29 22:16:39,740 [INFO] ThirdParty:1030 - CMSIS Pack Vendor :STMicroelectronics X-CUBE-DISPLAY 3.0.0
2026-03-29 22:16:39,740 [INFO] ThirdParty:1030 - CMSIS Pack Vendor :wolfSSL I-CUBE-wolfSSH 1.4.20
2026-03-29 22:16:39,740 [INFO] ThirdParty:1030 - CMSIS Pack Vendor :STMicroelectronics X-CUBE-NFC7 2.0.0
2026-03-29 22:16:39,740 [INFO] ThirdParty:1030 - CMSIS Pack Vendor :STMicroelectronics FP-SNS-MOTENVWB1 1.5.0
2026-03-29 22:16:39,740 [INFO] ThirdParty:1030 - CMSIS Pack Vendor :STMicroelectronics X-CUBE-TCPP 4.2.0
2026-03-29 22:16:39,740 [INFO] ThirdParty:1030 - CMSIS Pack Vendor :RealThread X-CUBE-RT-Thread_Nano 4.1.1
2026-03-29 22:16:39,740 [INFO] ThirdParty:1030 - CMSIS Pack Vendor :STMicroelectronics FP-ATR-SIGFOX1 3.2.0
2026-03-29 22:16:39,740 [INFO] ThirdParty:1030 - CMSIS Pack Vendor :STMicroelectronics X-CUBE-NFC10 1.0.0
2026-03-29 22:16:39,740 [INFO] ThirdParty:1030 - CMSIS Pack Vendor :STMicroelectronics X-CUBE-FREERTOS 1.3.1
2026-03-29 22:16:39,740 [INFO] ThirdParty:1030 - CMSIS Pack Vendor :STMicroelectronics HAL Drivers 0.0.0
2026-03-29 22:16:39,740 [INFO] ThirdParty:1030 - CMSIS Pack Vendor :STMicroelectronics X-CUBE-FREERTOS 1.5.0
2026-03-29 22:16:39,740 [INFO] ThirdParty:1030 - CMSIS Pack Vendor :STMicroelectronics MBEDTLS 2.16.2
2026-03-29 22:16:39,740 [INFO] ThirdParty:1030 - CMSIS Pack Vendor :STMicroelectronics X-CUBE-ST60 1.1.0
2026-03-29 22:16:39,740 [INFO] ThirdParty:1030 - CMSIS Pack Vendor :STMicroelectronics X-CUBE-ALS 1.0.2
2026-03-29 22:16:39,740 [INFO] ThirdParty:1030 - CMSIS Pack Vendor :emotas I-CUBE-CANOPEN 1.3.0
2026-03-29 22:16:39,740 [INFO] ThirdParty:1030 - CMSIS Pack Vendor :STMicroelectronics MBEDTLS 2.14.1
2026-03-29 22:16:39,740 [INFO] ThirdParty:1030 - CMSIS Pack Vendor :STMicroelectronics X-CUBE-GNSS1 7.1.0
2026-03-29 22:16:39,740 [INFO] ThirdParty:1030 - CMSIS Pack Vendor :ITTIA_DB I-CUBE-ITTIADB 8.9.0
2026-03-29 22:16:39,740 [INFO] ThirdParty:1030 - CMSIS Pack Vendor :STMicroelectronics X-CUBE-TOUCHGFX 4.26.0
2026-03-29 22:16:39,740 [INFO] ThirdParty:1030 - CMSIS Pack Vendor :STMicroelectronics X-CUBE-STSE01 1.0.0
2026-03-29 22:16:39,740 [INFO] ThirdParty:1030 - CMSIS Pack Vendor :STMicroelectronics X-CUBE-TOUCHGFX 4.26.1
2026-03-29 22:16:39,740 [INFO] ThirdParty:1030 - CMSIS Pack Vendor :STMicroelectronics X-CUBE-NFC6 3.2.0
2026-03-29 22:16:39,740 [INFO] ThirdParty:1030 - CMSIS Pack Vendor :STMicroelectronics ThreadX 1.0.0
2026-03-29 22:16:39,740 [INFO] ThirdParty:1030 - CMSIS Pack Vendor :STMicroelectronics FP-SNS-SMARTAG2 1.2.0
2026-03-29 22:16:39,740 [INFO] ThirdParty:1030 - CMSIS Pack Vendor :STMicroelectronics FP-SNS-FLIGHT1 5.1.0
2026-03-29 22:16:39,740 [INFO] ThirdParty:1030 - CMSIS Pack Vendor :STMicroelectronics X-CUBE-AZRTOS-WL 2.0.0
2026-03-29 22:16:39,740 [INFO] ThirdParty:1030 - CMSIS Pack Vendor :SEGGER I-CUBE-embOS 1.3.1
2026-03-29 22:16:39,740 [INFO] ThirdParty:1030 - CMSIS Pack Vendor :STMicroelectronics X-CUBE-ALGOBUILD 1.4.0
2026-03-29 22:16:39,740 [INFO] ThirdParty:1030 - CMSIS Pack Vendor :STMicroelectronics X-CUBE-DPower 1.3.0
2026-03-29 22:16:39,740 [INFO] ThirdParty:1030 - CMSIS Pack Vendor :STMicroelectronics X-CUBE-MEMS1 11.3.0
2026-03-29 22:16:39,740 [INFO] ThirdParty:1030 - CMSIS Pack Vendor :STMicroelectronics FP-SNS-MOTENV1 5.0.0
2026-03-29 22:16:39,740 [INFO] ThirdParty:1030 - CMSIS Pack Vendor :STMicroelectronics USB_DEVICE 1.0.0
2026-03-29 22:16:39,740 [INFO] ThirdParty:1030 - CMSIS Pack Vendor :STMicroelectronics X-CUBE-AZRTOS-H7RS 1.2.0
2026-03-29 22:16:39,741 [INFO] ThirdParty:1030 - CMSIS Pack Vendor :STMicroelectronics X-CUBE-AZRTOS-L4 2.0.0
2026-03-29 22:16:39,741 [INFO] ThirdParty:1030 - CMSIS Pack Vendor :STMicroelectronics ThreadX 0.0.2
2026-03-29 22:16:39,741 [INFO] ThirdParty:1030 - CMSIS Pack Vendor :STMicroelectronics lwIP 2.1.2
2026-03-29 22:16:39,741 [INFO] ThirdParty:1030 - CMSIS Pack Vendor :STMicroelectronics X-CUBE-SFXS2LP1 4.0.0
2026-03-29 22:16:39,741 [INFO] ThirdParty:1030 - CMSIS Pack Vendor :STMicroelectronics X-CUBE-BLE2 3.3.0
2026-03-29 22:16:39,741 [INFO] ThirdParty:1030 - CMSIS Pack Vendor :Avnet-IOTCONNECT X-CUBE-iotc-st67-sdk 1.0.0
2026-03-29 22:16:39,741 [INFO] ThirdParty:1030 - CMSIS Pack Vendor :STMicroelectronics X-CUBE-TOF1 3.4.3
2026-03-29 22:16:39,741 [INFO] ThirdParty:1030 - CMSIS Pack Vendor :STMicroelectronics PDM2PCM 3.2.0
2026-03-29 22:16:39,741 [INFO] ThirdParty:1030 - CMSIS Pack Vendor :STMicroelectronics X-CUBE-ST67W61 1.2.0
2026-03-29 22:16:39,741 [INFO] ThirdParty:841 - exiting critical section [change project]
2026-03-29 22:16:39,944 [INFO] PinOutPanel:1589 - setPackage(No Configuration,No Configuration)
2026-03-29 22:16:39,945 [INFO] PinOutPanel:1589 - setPackage(STM32F446RETx,LQFP64)
2026-03-29 22:16:40,190 [INFO] UtilMem:75 - Before build in PCC Used Memory: 807796368 Bytes (1073741824)
2026-03-29 22:16:40,455 [INFO] UtilMem:75 - After build in PCC Used Memory: 859176592 Bytes (1073741824)
2026-03-29 22:16:40,466 [INFO] ApiDbMcu:532 - Load IP Config File for USB_DEVICE
2026-03-29 22:16:40,487 [INFO] IPUIPlugin:80 - create IPUIPlugin
2026-03-29 22:16:40,488 [INFO] IPUIPlugin:80 - create IPUIPlugin
2026-03-29 22:16:40,488 [INFO] IPUIPlugin:80 - create IPUIPlugin
2026-03-29 22:16:40,488 [INFO] IPUIPlugin:80 - create IPUIPlugin
2026-03-29 22:16:40,488 [INFO] IPUIPlugin:80 - create IPUIPlugin
2026-03-29 22:16:40,488 [INFO] IPUIPlugin:80 - create IPUIPlugin
2026-03-29 22:16:40,488 [INFO] IPUIPlugin:80 - create IPUIPlugin
2026-03-29 22:16:40,488 [INFO] IPUIPlugin:80 - create IPUIPlugin
2026-03-29 22:16:40,488 [INFO] IPUIPlugin:80 - create IPUIPlugin
2026-03-29 22:16:40,488 [INFO] IPUIPlugin:80 - create IPUIPlugin
2026-03-29 22:16:40,489 [INFO] IPUIPlugin:80 - create IPUIPlugin
2026-03-29 22:16:40,489 [INFO] IPUIPlugin:80 - create IPUIPlugin
2026-03-29 22:16:40,489 [INFO] IPUIPlugin:80 - create IPUIPlugin
2026-03-29 22:16:40,489 [INFO] IPUIPlugin:80 - create IPUIPlugin
2026-03-29 22:16:40,489 [INFO] IPUIPlugin:80 - create IPUIPlugin
2026-03-29 22:16:40,489 [INFO] IPUIPlugin:80 - create IPUIPlugin
2026-03-29 22:16:40,489 [INFO] IPUIPlugin:80 - create IPUIPlugin
2026-03-29 22:16:40,489 [INFO] IPUIPlugin:80 - create IPUIPlugin
2026-03-29 22:16:40,489 [INFO] IPUIPlugin:80 - create IPUIPlugin
2026-03-29 22:16:40,489 [INFO] IPUIPlugin:80 - create IPUIPlugin
2026-03-29 22:16:40,490 [INFO] IPUIPlugin:80 - create IPUIPlugin
2026-03-29 22:16:40,490 [INFO] IPUIPlugin:80 - create IPUIPlugin
2026-03-29 22:16:40,490 [INFO] IPUIPlugin:80 - create IPUIPlugin
2026-03-29 22:16:40,490 [INFO] IPUIPlugin:80 - create IPUIPlugin
2026-03-29 22:16:40,491 [INFO] IPUIPlugin:80 - create IPUIPlugin
2026-03-29 22:16:40,491 [INFO] IPUIPlugin:80 - create IPUIPlugin
2026-03-29 22:16:40,491 [INFO] IPUIPlugin:80 - create IPUIPlugin
2026-03-29 22:16:40,491 [INFO] IPUIPlugin:80 - create IPUIPlugin
2026-03-29 22:16:40,491 [INFO] IPUIPlugin:80 - create IPUIPlugin
2026-03-29 22:16:40,491 [INFO] IPUIPlugin:80 - create IPUIPlugin
2026-03-29 22:16:40,492 [INFO] IPUIPlugin:80 - create IPUIPlugin
2026-03-29 22:16:40,492 [INFO] IPUIPlugin:80 - create IPUIPlugin
2026-03-29 22:16:40,492 [INFO] IPUIPlugin:80 - create IPUIPlugin
2026-03-29 22:16:40,492 [INFO] IPUIPlugin:80 - create IPUIPlugin
2026-03-29 22:16:40,492 [INFO] IPUIPlugin:80 - create IPUIPlugin
2026-03-29 22:16:40,492 [INFO] IPUIPlugin:80 - create IPUIPlugin
2026-03-29 22:16:40,492 [INFO] IPUIPlugin:80 - create IPUIPlugin
2026-03-29 22:16:40,493 [INFO] IPUIPlugin:80 - create IPUIPlugin
2026-03-29 22:16:40,493 [INFO] IPUIPlugin:80 - create IPUIPlugin
2026-03-29 22:16:40,493 [INFO] IPUIPlugin:80 - create IPUIPlugin
2026-03-29 22:16:40,493 [INFO] IPUIPlugin:80 - create IPUIPlugin
2026-03-29 22:16:40,494 [INFO] IPUIPlugin:80 - create IPUIPlugin
2026-03-29 22:16:40,494 [INFO] IPUIPlugin:80 - create IPUIPlugin
2026-03-29 22:16:40,494 [INFO] IPUIPlugin:80 - create IPUIPlugin
2026-03-29 22:16:40,494 [INFO] IPUIPlugin:80 - create IPUIPlugin
2026-03-29 22:16:40,495 [INFO] IPUIPlugin:80 - create IPUIPlugin
2026-03-29 22:16:40,495 [INFO] IPUIPlugin:80 - create IPUIPlugin
2026-03-29 22:16:40,495 [INFO] IPUIPlugin:80 - create IPUIPlugin
2026-03-29 22:16:40,496 [INFO] IPUIPlugin:80 - create IPUIPlugin
2026-03-29 22:16:40,496 [INFO] IPUIPlugin:80 - create IPUIPlugin
2026-03-29 22:16:40,496 [INFO] IPUIPlugin:80 - create IPUIPlugin
2026-03-29 22:16:40,496 [INFO] IPUIPlugin:80 - create IPUIPlugin
2026-03-29 22:16:40,496 [INFO] IPUIPlugin:80 - create IPUIPlugin
2026-03-29 22:16:40,497 [INFO] IPUIPlugin:80 - create IPUIPlugin
2026-03-29 22:16:40,497 [INFO] IPUIPlugin:80 - create IPUIPlugin
2026-03-29 22:16:40,497 [INFO] IPUIPlugin:80 - create IPUIPlugin
2026-03-29 22:16:40,497 [INFO] IPUIPlugin:80 - create IPUIPlugin
2026-03-29 22:16:40,498 [INFO] IPUIPlugin:80 - create IPUIPlugin
2026-03-29 22:16:40,498 [INFO] IPUIPlugin:80 - create IPUIPlugin
2026-03-29 22:16:40,498 [INFO] IPUIPlugin:80 - create IPUIPlugin
2026-03-29 22:16:40,500 [INFO] ApiDbMcu:532 - Load IP Config File for PDM2PCM
2026-03-29 22:16:40,502 [INFO] Can:71 - Can Add PropertyChangeListener com.st.microxplorer.plugins.ip.can.Can@b2e46c0
2026-03-29 22:16:40,503 [WARN] IP:2250 - I2C_Coeff_DF not found: check if there is a RefParameter without a condition.
2026-03-29 22:16:40,503 [WARN] IP:2250 - Analog_Filter not found: check if there is a RefParameter without a condition.
2026-03-29 22:16:40,554 [INFO] CADModel:165 - CPN selected for project levelSTM32F446RET6
2026-03-29 22:16:40,554 [INFO] CADModel:114 - Register for checkConnection events
2026-03-29 22:16:40,591 [INFO] OpenFileManager:386 - Restore cursor
2026-03-29 22:16:40,703 [WARN] IP:2250 - DEVICE_SERIAL0_CDC_FS not found: check if there is a RefParameter without a condition.
2026-03-29 22:16:40,703 [WARN] IP:2250 - DEVICE_SERIAL1_CDC_FS not found: check if there is a RefParameter without a condition.
2026-03-29 22:16:40,703 [WARN] IP:2250 - DEVICE_SERIAL2_CDC_FS not found: check if there is a RefParameter without a condition.
2026-03-29 22:16:40,704 [WARN] IP:2250 - DEVICE_SERIAL0_CDC_FS not found: check if there is a RefParameter without a condition.
2026-03-29 22:16:40,704 [WARN] IP:2250 - DEVICE_SERIAL1_CDC_FS not found: check if there is a RefParameter without a condition.
2026-03-29 22:16:40,704 [WARN] IP:2250 - DEVICE_SERIAL2_CDC_FS not found: check if there is a RefParameter without a condition.
2026-03-29 22:16:40,748 [WARN] IP:2250 - I2C_Coeff_DF not found: check if there is a RefParameter without a condition.
2026-03-29 22:16:40,748 [WARN] IP:2250 - Analog_Filter not found: check if there is a RefParameter without a condition.
2026-03-29 22:16:40,748 [WARN] IP:2250 - I2C_Coeff_DF not found: check if there is a RefParameter without a condition.
2026-03-29 22:16:40,749 [WARN] IP:2250 - Analog_Filter not found: check if there is a RefParameter without a condition.
2026-03-29 22:16:46,873 [WARN] IP:2250 - I2C_Coeff_DF not found: check if there is a RefParameter without a condition.
2026-03-29 22:16:46,873 [WARN] IP:2250 - Analog_Filter not found: check if there is a RefParameter without a condition.
2026-03-29 22:16:46,873 [WARN] IP:2250 - I2C_Coeff_DF not found: check if there is a RefParameter without a condition.
2026-03-29 22:16:46,873 [WARN] IP:2250 - Analog_Filter not found: check if there is a RefParameter without a condition.
2026-03-29 22:16:50,221 [INFO] UtilMem:75 - End SaveConfig() Used Memory: 886439568 Bytes (1073741824)
2026-03-29 22:16:52,184 [INFO] UtilMem:75 - End SaveConfig() Used Memory: 712090144 Bytes (1073741824)
2026-03-29 22:16:52,378 [INFO] BlockDiagram:2775 - set Specific Code input for plugin: TIM6_7
2026-03-29 22:16:52,378 [INFO] BlockDiagram:2775 - set Specific Code input for plugin: TIM6_7
2026-03-29 22:16:52,378 [INFO] BlockDiagram:2775 - set Specific Code input for plugin: CAN
2026-03-29 22:16:52,378 [INFO] BlockDiagram:2775 - set Specific Code input for plugin: USB_DEVICE
2026-03-29 22:16:52,378 [INFO] BlockDiagram:2775 - set Specific Code input for plugin: SYS
2026-03-29 22:16:52,378 [INFO] BlockDiagram:2775 - set Specific Code input for plugin: RCC
2026-03-29 22:16:52,378 [INFO] BlockDiagram:2775 - set Specific Code input for plugin: I2C
2026-03-29 22:16:52,378 [INFO] BlockDiagram:2775 - set Specific Code input for plugin: USB_OTG_FS
2026-03-29 22:16:52,378 [INFO] BlockDiagram:2775 - set Specific Code input for plugin: NVIC
2026-03-29 22:16:52,378 [INFO] BlockDiagram:2775 - set Specific Code input for plugin: USART
2026-03-29 22:16:52,378 [INFO] BlockDiagram:2775 - set Specific Code input for plugin: TIM1_8
2026-03-29 22:16:52,378 [INFO] BlockDiagram:2775 - set Specific Code input for plugin: DMA
2026-03-29 22:16:52,378 [INFO] BlockDiagram:2775 - set Specific Code input for plugin: GPIO
2026-03-29 22:16:52,379 [INFO] CodeGenerator:892 - code generatio: config db path: /opt/st/stm32cubeide_1.19.0/plugins/com.st.stm32cube.common.mx_6.15.0.202507011659//db/
2026-03-29 22:16:52,381 [WARN] IP:2250 - I2C_Coeff_DF not found: check if there is a RefParameter without a condition.
2026-03-29 22:16:52,381 [WARN] IP:2250 - Analog_Filter not found: check if there is a RefParameter without a condition.
2026-03-29 22:16:52,382 [INFO] Argument:325 - Argument : hdmavalue: null
2026-03-29 22:16:52,382 [INFO] Argument:327 - 	 sub Args: 
2026-03-29 22:16:52,382 [INFO] Argument:325 - Argument : Instancevalue: DMA1_Stream2
2026-03-29 22:16:52,382 [INFO] Argument:335 - Argument : Instancevalue: DMA1_Stream2
2026-03-29 22:16:52,382 [INFO] Argument:325 - Argument : Initvalue: null
2026-03-29 22:16:52,382 [INFO] Argument:327 - 	 sub Args: 
2026-03-29 22:16:52,382 [INFO] Argument:325 - Argument : Channelvalue: DMA_CHANNEL_3
2026-03-29 22:16:52,382 [INFO] Argument:335 - Argument : Channelvalue: DMA_CHANNEL_3
2026-03-29 22:16:52,382 [INFO] Argument:325 - Argument : Directionvalue: DMA_PERIPH_TO_MEMORY
2026-03-29 22:16:52,383 [INFO] Argument:335 - Argument : Directionvalue: DMA_PERIPH_TO_MEMORY
2026-03-29 22:16:52,383 [INFO] Argument:325 - Argument : PeriphIncvalue: DMA_PINC_DISABLE
2026-03-29 22:16:52,383 [INFO] Argument:335 - Argument : PeriphIncvalue: DMA_PINC_DISABLE
2026-03-29 22:16:52,383 [INFO] Argument:325 - Argument : MemIncvalue: DMA_MINC_ENABLE
2026-03-29 22:16:52,383 [INFO] Argument:335 - Argument : MemIncvalue: DMA_MINC_ENABLE
2026-03-29 22:16:52,383 [INFO] Argument:325 - Argument : PeriphDataAlignmentvalue: DMA_PDATAALIGN_BYTE
2026-03-29 22:16:52,383 [INFO] Argument:335 - Argument : PeriphDataAlignmentvalue: DMA_PDATAALIGN_BYTE
2026-03-29 22:16:52,383 [INFO] Argument:325 - Argument : MemDataAlignmentvalue: DMA_MDATAALIGN_BYTE
2026-03-29 22:16:52,383 [INFO] Argument:335 - Argument : MemDataAlignmentvalue: DMA_MDATAALIGN_BYTE
2026-03-29 22:16:52,383 [INFO] Argument:325 - Argument : Modevalue: DMA_CIRCULAR
2026-03-29 22:16:52,383 [INFO] Argument:335 - Argument : Modevalue: DMA_CIRCULAR
2026-03-29 22:16:52,383 [INFO] Argument:325 - Argument : Priorityvalue: DMA_PRIORITY_HIGH
2026-03-29 22:16:52,383 [INFO] Argument:335 - Argument : Priorityvalue: DMA_PRIORITY_HIGH
2026-03-29 22:16:52,383 [INFO] Argument:325 - Argument : FIFOModevalue: DMA_FIFOMODE_DISABLE
2026-03-29 22:16:52,383 [INFO] Argument:335 - Argument : FIFOModevalue: DMA_FIFOMODE_DISABLE
2026-03-29 22:16:52,383 [INFO] Argument:325 - Argument : FIFOThresholdvalue: null
2026-03-29 22:16:52,383 [INFO] Argument:335 - Argument : FIFOThresholdvalue: null
2026-03-29 22:16:52,383 [INFO] Argument:325 - Argument : MemBurstvalue: null
2026-03-29 22:16:52,383 [INFO] Argument:335 - Argument : MemBurstvalue: null
2026-03-29 22:16:52,383 [INFO] Argument:325 - Argument : PeriphBurstvalue: null
2026-03-29 22:16:52,383 [INFO] Argument:335 - Argument : PeriphBurstvalue: null
2026-03-29 22:16:52,383 [INFO] Argument:325 - Argument : Lockvalue: null
2026-03-29 22:16:52,383 [INFO] Argument:335 - Argument : Lockvalue: null
2026-03-29 22:16:52,383 [INFO] Argument:325 - Argument : Statevalue: null
2026-03-29 22:16:52,383 [INFO] Argument:335 - Argument : Statevalue: null
2026-03-29 22:16:52,383 [INFO] Argument:325 - Argument : Parentvalue: null
2026-03-29 22:16:52,383 [INFO] Argument:335 - Argument : Parentvalue: null
2026-03-29 22:16:52,383 [INFO] Argument:325 - Argument : XferCpltCallbackvalue: null
2026-03-29 22:16:52,383 [INFO] Argument:335 - Argument : XferCpltCallbackvalue: null
2026-03-29 22:16:52,383 [INFO] Argument:325 - Argument : XferHalfCpltCallbackvalue: null
2026-03-29 22:16:52,383 [INFO] Argument:335 - Argument : XferHalfCpltCallbackvalue: null
2026-03-29 22:16:52,383 [INFO] Argument:325 - Argument : XferM1CpltCallbackvalue: null
2026-03-29 22:16:52,383 [INFO] Argument:335 - Argument : XferM1CpltCallbackvalue: null
2026-03-29 22:16:52,383 [INFO] Argument:325 - Argument : XferErrorCallbackvalue: null
2026-03-29 22:16:52,383 [INFO] Argument:335 - Argument : XferErrorCallbackvalue: null
2026-03-29 22:16:52,383 [INFO] Argument:325 - Argument : ErrorCodevalue: null
2026-03-29 22:16:52,383 [INFO] Argument:335 - Argument : ErrorCodevalue: null
2026-03-29 22:16:52,407 [WARN] IP:2250 - DEVICE_SERIAL0_CDC_FS not found: check if there is a RefParameter without a condition.
2026-03-29 22:16:52,407 [WARN] IP:2250 - DEVICE_SERIAL1_CDC_FS not found: check if there is a RefParameter without a condition.
2026-03-29 22:16:52,407 [WARN] IP:2250 - DEVICE_SERIAL2_CDC_FS not found: check if there is a RefParameter without a condition.
2026-03-29 22:16:52,476 [INFO] CodeEngine:265 - oldGeneratedFile, /home/kamil/STM32CubeIDE/workspace_1.19.0/PCB_STM/MXTmpFiles/license.tmp_save
2026-03-29 22:16:52,659 [INFO] CodeEngine:289 - Generated code: /home/kamil/STM32CubeIDE/workspace_1.19.0/PCB_STM/MXTmpFiles/license.tmp
2026-03-29 22:16:52,712 [INFO] CodeEngine:265 - oldGeneratedFile, /home/kamil/STM32CubeIDE/workspace_1.19.0/PCB_STM/MXTmpFiles/gpio.tmp_save
2026-03-29 22:16:52,846 [INFO] CodeEngine:289 - Generated code: /home/kamil/STM32CubeIDE/workspace_1.19.0/PCB_STM/MXTmpFiles/gpio.tmp
2026-03-29 22:16:52,876 [WARN] IPConfigManager:3238 - Warning: the RefConfig PWREx_EnableUSBVoltageDetector is not available in your config.xml file
2026-03-29 22:16:52,880 [INFO] CodeEngine:265 - oldGeneratedFile, /home/kamil/STM32CubeIDE/workspace_1.19.0/PCB_STM/MXTmpFiles/usb_otg_fs_vars.tmp_save
2026-03-29 22:16:52,967 [INFO] CodeEngine:289 - Generated code: /home/kamil/STM32CubeIDE/workspace_1.19.0/PCB_STM/MXTmpFiles/usb_otg_fs_vars.tmp
2026-03-29 22:16:52,968 [INFO] CodeEngine:265 - oldGeneratedFile, /home/kamil/STM32CubeIDE/workspace_1.19.0/PCB_STM/MXTmpFiles/usb_otg_fs_inc.tmp_save
2026-03-29 22:16:53,029 [INFO] CodeEngine:289 - Generated code: /home/kamil/STM32CubeIDE/workspace_1.19.0/PCB_STM/MXTmpFiles/usb_otg_fs_inc.tmp
2026-03-29 22:16:53,030 [INFO] CodeEngine:265 - oldGeneratedFile, /home/kamil/STM32CubeIDE/workspace_1.19.0/PCB_STM/MXTmpFiles/usb_otg_fs_HalInit.tmp_save
2026-03-29 22:16:53,089 [INFO] CodeEngine:289 - Generated code: /home/kamil/STM32CubeIDE/workspace_1.19.0/PCB_STM/MXTmpFiles/usb_otg_fs_HalInit.tmp
2026-03-29 22:16:53,090 [INFO] CodeEngine:265 - oldGeneratedFile, /home/kamil/STM32CubeIDE/workspace_1.19.0/PCB_STM/MXTmpFiles/usb_otg_fs_Msp.tmp_save
2026-03-29 22:16:53,140 [INFO] CodeEngine:289 - Generated code: /home/kamil/STM32CubeIDE/workspace_1.19.0/PCB_STM/MXTmpFiles/usb_otg_fs_Msp.tmp
2026-03-29 22:16:53,336 [INFO] Middleware:1452 - No code input for Bsp Dependency
2026-03-29 22:16:53,341 [INFO] CodeEngine:265 - oldGeneratedFile, /home/kamil/STM32CubeIDE/workspace_1.19.0/PCB_STM/MXTmpFiles/dma.tmp_save
2026-03-29 22:16:53,384 [INFO] CodeEngine:289 - Generated code: /home/kamil/STM32CubeIDE/workspace_1.19.0/PCB_STM/MXTmpFiles/dma.tmp
2026-03-29 22:16:53,385 [INFO] CodeEngine:265 - oldGeneratedFile, /home/kamil/STM32CubeIDE/workspace_1.19.0/PCB_STM/MXTmpFiles/dma_GV.tmp_save
2026-03-29 22:16:53,435 [INFO] CodeEngine:289 - Generated code: /home/kamil/STM32CubeIDE/workspace_1.19.0/PCB_STM/MXTmpFiles/dma_GV.tmp
2026-03-29 22:16:53,468 [INFO] Middleware:1452 - No code input for Bsp Dependency
2026-03-29 22:16:53,471 [INFO] CodeEngine:265 - oldGeneratedFile, /home/kamil/STM32CubeIDE/workspace_1.19.0/PCB_STM/USB_DEVICE/App/usb_device.c_save
2026-03-29 22:16:53,533 [INFO] CodeEngine:289 - Generated code: /home/kamil/STM32CubeIDE/workspace_1.19.0/PCB_STM/USB_DEVICE/App/usb_device.c
2026-03-29 22:16:53,534 [INFO] CodeEngine:265 - oldGeneratedFile, /home/kamil/STM32CubeIDE/workspace_1.19.0/PCB_STM/USB_DEVICE/App/usb_device.h_save
2026-03-29 22:16:53,580 [INFO] CodeEngine:289 - Generated code: /home/kamil/STM32CubeIDE/workspace_1.19.0/PCB_STM/USB_DEVICE/App/usb_device.h
2026-03-29 22:16:53,581 [INFO] CodeEngine:265 - oldGeneratedFile, /home/kamil/STM32CubeIDE/workspace_1.19.0/PCB_STM/USB_DEVICE/Target/usbd_conf.h_save
2026-03-29 22:16:53,616 [INFO] CodeEngine:289 - Generated code: /home/kamil/STM32CubeIDE/workspace_1.19.0/PCB_STM/USB_DEVICE/Target/usbd_conf.h
2026-03-29 22:16:53,617 [INFO] CodeEngine:265 - oldGeneratedFile, /home/kamil/STM32CubeIDE/workspace_1.19.0/PCB_STM/USB_DEVICE/Target/usbd_conf.c_save
2026-03-29 22:16:53,655 [INFO] CodeEngine:289 - Generated code: /home/kamil/STM32CubeIDE/workspace_1.19.0/PCB_STM/USB_DEVICE/Target/usbd_conf.c
2026-03-29 22:16:53,656 [INFO] CodeEngine:265 - oldGeneratedFile, /home/kamil/STM32CubeIDE/workspace_1.19.0/PCB_STM/USB_DEVICE/App/usbd_desc.h_save
2026-03-29 22:16:53,692 [INFO] CodeEngine:289 - Generated code: /home/kamil/STM32CubeIDE/workspace_1.19.0/PCB_STM/USB_DEVICE/App/usbd_desc.h
2026-03-29 22:16:53,693 [INFO] CodeEngine:265 - oldGeneratedFile, /home/kamil/STM32CubeIDE/workspace_1.19.0/PCB_STM/USB_DEVICE/App/usbd_desc.c_save
2026-03-29 22:16:53,730 [INFO] CodeEngine:289 - Generated code: /home/kamil/STM32CubeIDE/workspace_1.19.0/PCB_STM/USB_DEVICE/App/usbd_desc.c
2026-03-29 22:16:53,731 [INFO] CodeEngine:265 - oldGeneratedFile, /home/kamil/STM32CubeIDE/workspace_1.19.0/PCB_STM/USB_DEVICE/App/usbd_cdc_if.h_save
2026-03-29 22:16:53,767 [INFO] CodeEngine:289 - Generated code: /home/kamil/STM32CubeIDE/workspace_1.19.0/PCB_STM/USB_DEVICE/App/usbd_cdc_if.h
2026-03-29 22:16:53,768 [INFO] CodeEngine:265 - oldGeneratedFile, /home/kamil/STM32CubeIDE/workspace_1.19.0/PCB_STM/USB_DEVICE/App/usbd_cdc_if.c_save
2026-03-29 22:16:53,810 [INFO] CodeEngine:289 - Generated code: /home/kamil/STM32CubeIDE/workspace_1.19.0/PCB_STM/USB_DEVICE/App/usbd_cdc_if.c
2026-03-29 22:16:53,815 [INFO] CodeEngine:265 - oldGeneratedFile, /home/kamil/STM32CubeIDE/workspace_1.19.0/PCB_STM/Core/Src/stm32f4xx_it.c_save
2026-03-29 22:16:53,862 [INFO] CodeEngine:289 - Generated code: /home/kamil/STM32CubeIDE/workspace_1.19.0/PCB_STM/Core/Src/stm32f4xx_it.c
2026-03-29 22:16:53,863 [INFO] CodeEngine:265 - oldGeneratedFile, /home/kamil/STM32CubeIDE/workspace_1.19.0/PCB_STM/Core/Inc/stm32f4xx_it.h_save
2026-03-29 22:16:53,900 [INFO] CodeEngine:289 - Generated code: /home/kamil/STM32CubeIDE/workspace_1.19.0/PCB_STM/Core/Inc/stm32f4xx_it.h
2026-03-29 22:16:53,907 [INFO] CodeEngine:265 - oldGeneratedFile, /home/kamil/STM32CubeIDE/workspace_1.19.0/PCB_STM/Core/Src/stm32f4xx_hal_msp.c_save
2026-03-29 22:16:53,970 [INFO] CodeEngine:289 - Generated code: /home/kamil/STM32CubeIDE/workspace_1.19.0/PCB_STM/Core/Src/stm32f4xx_hal_msp.c
2026-03-29 22:16:53,971 [INFO] CodeEngine:265 - oldGeneratedFile, /home/kamil/STM32CubeIDE/workspace_1.19.0/PCB_STM/MXTmpFiles/system.tmp_save
2026-03-29 22:16:54,006 [INFO] CodeEngine:289 - Generated code: /home/kamil/STM32CubeIDE/workspace_1.19.0/PCB_STM/MXTmpFiles/system.tmp
2026-03-29 22:16:54,007 [INFO] CodeEngine:265 - oldGeneratedFile, /home/kamil/STM32CubeIDE/workspace_1.19.0/PCB_STM/Core/Inc/stm32_assert.h_save
2026-03-29 22:16:54,042 [INFO] CodeEngine:289 - Generated code: /home/kamil/STM32CubeIDE/workspace_1.19.0/PCB_STM/Core/Inc/stm32_assert.h
2026-03-29 22:16:54,043 [INFO] CodeEngine:321 - oldGeneratedFile, /home/kamil/STM32CubeIDE/workspace_1.19.0/PCB_STM/Core/Inc/stm32f4xx_hal_conf.h_save
2026-03-29 22:16:54,082 [INFO] CodeEngine:345 - Generated code: /home/kamil/STM32CubeIDE/workspace_1.19.0/PCB_STM/Core/Inc/stm32f4xx_hal_conf.h
2026-03-29 22:16:54,098 [WARN] IPConfigManager:3238 - Warning: the RefConfig PLL2P_FOR_MCO is not available in your config.xml file
2026-03-29 22:16:54,101 [INFO] ApiDbMcu:532 - Load IP Config File for CAN1
2026-03-29 22:16:54,102 [INFO] ApiDbMcu:532 - Load IP Config File for I2C3
2026-03-29 22:16:54,106 [INFO] ApiDbMcu:532 - Load IP Config File for TIM6
2026-03-29 22:16:54,111 [INFO] ApiDbMcu:532 - Load IP Config File for TIM7
2026-03-29 22:16:54,115 [INFO] ApiDbMcu:532 - Load IP Config File for TIM10
2026-03-29 22:16:54,117 [INFO] ApiDbMcu:532 - Load IP Config File for USART2
2026-03-29 22:16:54,118 [INFO] ApiDbMcu:532 - Load IP Config File for RCC
2026-03-29 22:16:54,120 [WARN] IPConfigManager:3811 - IP not found : TIM
2026-03-29 22:16:54,120 [WARN] CodeGenerator:4259 - IP not found : null
2026-03-29 22:16:54,122 [INFO] CodeEngine:265 - oldGeneratedFile, /home/kamil/STM32CubeIDE/workspace_1.19.0/PCB_STM/Core/Inc/main.h_save
2026-03-29 22:16:54,161 [INFO] CodeEngine:289 - Generated code: /home/kamil/STM32CubeIDE/workspace_1.19.0/PCB_STM/Core/Inc/main.h
2026-03-29 22:16:54,162 [INFO] CodeEngine:265 - oldGeneratedFile, /home/kamil/STM32CubeIDE/workspace_1.19.0/PCB_STM/Core/Src/main.c_save
2026-03-29 22:16:54,235 [INFO] CodeEngine:289 - Generated code: /home/kamil/STM32CubeIDE/workspace_1.19.0/PCB_STM/Core/Src/main.c
2026-03-29 22:16:54,374 [INFO] ProjectBuilder:3606 - Time for Copy HAL[1] : 25mS.
2026-03-29 22:16:54,375 [INFO] ProjectBuilder:5216 - Project Generator version: 4.7.0-B52
2026-03-29 22:16:54,440 [INFO] ConfigFileManager:1595 - The Die is : DIE421
2026-03-29 22:16:54,442 [INFO] ApiDbMcu:532 - Load IP Config File for FATFS
2026-03-29 22:16:54,445 [INFO] ApiDbMcu:532 - Load IP Config File for FREERTOS
2026-03-29 22:16:54,446 [INFO] ApiDbMcu:532 - Load IP Config File for LIBJPEG
2026-03-29 22:16:54,448 [INFO] ApiDbMcu:532 - Load IP Config File for MBEDTLS
2026-03-29 22:16:54,450 [INFO] ApiDbMcu:532 - Load IP Config File for USB_HOST
2026-03-29 22:16:55,063 [INFO] ProjectBuilder:5496 - Time for Generating toolchain IDE Files: 688mS.
2026-03-29 22:16:55,064 [INFO] ProjectBuilder:3463 - Time for Copy CMSIS : 0mS.
2026-03-29 22:16:55,065 [INFO] ProjectBuilder:3463 - Time for Copy CMSIS : 0mS.
2026-03-29 22:17:03,730 [INFO] Gpio:278 - dependency for GPIO [CAN1, I2C3, RCC, SYS, USART2, USB_OTG_FS]
2026-03-29 23:10:48,357 [INFO] WebApp:194 - Connection lost
2026-03-29 23:10:54,388 [INFO] WebApp:191 - Connection restablished
2026-03-29 23:10:56,548 [INFO] WebApp:194 - Connection lost
2026-03-29 23:10:56,640 [INFO] WebApp:191 - Connection restablished
2026-03-29 23:54:48,258 [ERROR] LogOutputStream:75 - [STDERR_REDIRECT] 
2026-03-29 23:54:57,342 [INFO] Activator:176 - 


2026-03-29 23:54:57,343 [INFO] Activator:177 - !SESSION log4j initialized
2026-03-29 23:55:00,038 [INFO] LogOutputStream:77 - [STDOUT_REDIRECT] 
2026-03-29 23:55:00,959 [INFO] ApplicationProperties:184 - Using Application install path: /opt/st/stm32cubeide_1.19.0/plugins/com.st.stm32cube.common.mx_6.15.0.202507011659
2026-03-29 23:55:00,971 [INFO] DbMcusXml:78 - Set database path to: /opt/st/stm32cubeide_1.19.0/plugins/com.st.stm32cube.common.mx_6.15.0.202507011659//db//mcu/
2026-03-29 23:55:00,971 [INFO] ApiDb:274 - Set plugin database path to: /opt/st/stm32cubeide_1.19.0/plugins/com.st.stm32cube.common.mx_6.15.0.202507011659//db//plugins/boardmanager/
2026-03-29 23:55:00,971 [WARN] ApiDb:259 - Overriding images path with different value:  => /opt/st/stm32cubeide_1.19.0/plugins/com.st.stm32cube.common.mx_6.15.0.202507011659//db//plugins/mcufinder/images/
2026-03-29 23:55:00,973 [INFO] ApiDb:250 - Set database path to: /home/kamil/.stmcufinder/plugins/mcufinder//mcu/
2026-03-29 23:55:00,974 [INFO] DbMcusAds:125 - Set database path to: /home/kamil/.stmcufinder/plugins/mcufinder//mcu/
2026-03-29 23:55:00,975 [INFO] CrossReferenceDbSqlite:203 - Set database path to: /home/kamil/.stmcufinder/plugins/mcufinder//mcu/cs/
2026-03-29 23:55:01,052 [INFO] RulesReader:64 - Compatibility file has been processed (317 Rules)
2026-03-29 23:55:01,104 [INFO] DbMcusXml:78 - Set database path to: /opt/st/stm32cubeide_1.19.0/plugins/com.st.stm32cube.common.mx_6.15.0.202507011659//db//mcu/
2026-03-29 23:55:01,104 [INFO] ApiDb:274 - Set plugin database path to: /opt/st/stm32cubeide_1.19.0/plugins/com.st.stm32cube.common.mx_6.15.0.202507011659//db//plugins/boardmanager/
2026-03-29 23:55:01,104 [INFO] ApiDb:261 - Set plugin images path to: /opt/st/stm32cubeide_1.19.0/plugins/com.st.stm32cube.common.mx_6.15.0.202507011659//db//plugins/mcufinder/images/
2026-03-29 23:55:01,104 [WARN] DbFile:41 - Overriding database path with different value: /home/kamil/.stmcufinder/plugins/mcufinder/ => /home/kamil/.stmcufinder/plugins/mcufinder
2026-03-29 23:55:01,104 [INFO] ApiDb:250 - Set database path to: /home/kamil/.stmcufinder/plugins/mcufinder//mcu/
2026-03-29 23:55:01,104 [WARN] DbFile:41 - Overriding database path with different value: /home/kamil/.stmcufinder/plugins/mcufinder/ => /home/kamil/.stmcufinder/plugins/mcufinder
2026-03-29 23:55:01,104 [INFO] DbMcusAds:125 - Set database path to: /home/kamil/.stmcufinder/plugins/mcufinder//mcu/
2026-03-29 23:55:01,104 [WARN] DbFile:41 - Overriding database path with different value: /home/kamil/.stmcufinder/plugins/mcufinder/ => /home/kamil/.stmcufinder/plugins/mcufinder
2026-03-29 23:55:01,104 [WARN] DbFile:41 - Overriding database path with different value: /home/kamil/.stmcufinder/plugins/mcufinder/ => /home/kamil/.stmcufinder/plugins/mcufinder
2026-03-29 23:55:01,105 [INFO] CrossReferenceDbSqlite:203 - Set database path to: /home/kamil/.stmcufinder/plugins/mcufinder//mcu/cs/
2026-03-29 23:55:01,152 [INFO] MainPanel:274 - HeapMemory: 268435456
2026-03-29 23:55:01,232 [INFO] DbMcusXml:78 - Set database path to: /opt/st/stm32cubeide_1.19.0/plugins/com.st.stm32cube.common.mx_6.15.0.202507011659//db//mcu/
2026-03-29 23:55:01,232 [INFO] ApiDb:274 - Set plugin database path to: /opt/st/stm32cubeide_1.19.0/plugins/com.st.stm32cube.common.mx_6.15.0.202507011659//db//plugins/boardmanager/
2026-03-29 23:55:01,232 [INFO] ApiDb:261 - Set plugin images path to: /opt/st/stm32cubeide_1.19.0/plugins/com.st.stm32cube.common.mx_6.15.0.202507011659//db//plugins/mcufinder/images/
2026-03-29 23:55:01,232 [WARN] DbFile:41 - Overriding database path with different value: /home/kamil/.stmcufinder/plugins/mcufinder/ => /home/kamil/.stmcufinder/plugins/mcufinder
2026-03-29 23:55:01,232 [INFO] ApiDb:250 - Set database path to: /home/kamil/.stmcufinder/plugins/mcufinder//mcu/
2026-03-29 23:55:01,232 [WARN] DbFile:41 - Overriding database path with different value: /home/kamil/.stmcufinder/plugins/mcufinder/ => /home/kamil/.stmcufinder/plugins/mcufinder
2026-03-29 23:55:01,232 [INFO] DbMcusAds:125 - Set database path to: /home/kamil/.stmcufinder/plugins/mcufinder//mcu/
2026-03-29 23:55:01,233 [WARN] DbFile:41 - Overriding database path with different value: /home/kamil/.stmcufinder/plugins/mcufinder/ => /home/kamil/.stmcufinder/plugins/mcufinder
2026-03-29 23:55:01,233 [WARN] DbFile:41 - Overriding database path with different value: /home/kamil/.stmcufinder/plugins/mcufinder/ => /home/kamil/.stmcufinder/plugins/mcufinder
2026-03-29 23:55:01,233 [INFO] CrossReferenceDbSqlite:203 - Set database path to: /home/kamil/.stmcufinder/plugins/mcufinder//mcu/cs/
2026-03-29 23:55:01,244 [INFO] ApplicationProperties:184 - Using Application install path: /opt/st/stm32cubeide_1.19.0/plugins/com.st.stm32cube.common.mx_6.15.0.202507011659
2026-03-29 23:55:01,245 [INFO] PluginManage:196 - Search for loadable plugins [exclusion list=, ]
2026-03-29 23:55:01,246 [INFO] PluginManage:310 - Check plugin analytics
2026-03-29 23:55:01,349 [INFO] AnalyticsPlugin:253 - Accepted Software Licenses: 
2026-03-29 23:55:01,349 [INFO] AnalyticsPlugin:255 - Accepted CMSIS Pack Licenses: 
2026-03-29 23:55:01,349 [INFO] AnalyticsPlugin:257 - Accepted Firmware Licenses: FW.F4.1.28.0
2026-03-29 23:55:01,350 [INFO] PluginManage:359 - Loaded plugin analytics (category:tool,tabindex:-1)
2026-03-29 23:55:01,350 [INFO] PluginManage:310 - Check plugin cadmodel
2026-03-29 23:55:01,352 [INFO] CADModel:105 - Init CAD model plugin
2026-03-29 23:55:01,352 [INFO] PluginManage:359 - Loaded plugin cadmodel (category:power,tabindex:5)
2026-03-29 23:55:01,352 [INFO] PluginManage:310 - Check plugin clock
2026-03-29 23:55:01,356 [INFO] PluginManage:359 - Loaded plugin clock (category:base,tabindex:2)
2026-03-29 23:55:01,356 [INFO] PluginManage:310 - Check plugin ddr
2026-03-29 23:55:01,357 [INFO] PluginManage:359 - Loaded plugin ddr (category:tool,tabindex:6)
2026-03-29 23:55:01,357 [INFO] PluginManage:310 - Check plugin filemanager
2026-03-29 23:55:01,437 [INFO] PluginManage:359 - Loaded plugin filemanager (category:base,tabindex:10)
2026-03-29 23:55:01,437 [INFO] PluginManage:310 - Check plugin ipmanager
2026-03-29 23:55:01,441 [INFO] PluginManage:359 - Loaded plugin ipmanager (category:base,tabindex:5)
2026-03-29 23:55:01,441 [INFO] PluginManage:310 - Check plugin lpbam
2026-03-29 23:55:01,446 [INFO] PluginManage:359 - Loaded plugin lpbam (category:base,tabindex:0)
2026-03-29 23:55:01,446 [INFO] PluginManage:310 - Check plugin memorymap
2026-03-29 23:55:01,454 [INFO] PluginManage:359 - Loaded plugin memorymap (category:base,tabindex:4)
2026-03-29 23:55:01,454 [INFO] PluginManage:310 - Check plugin pinoutandconfiguration
2026-03-29 23:55:01,459 [INFO] PluginManage:359 - Loaded plugin pinoutandconfiguration (category:base,tabindex:1)
2026-03-29 23:55:01,459 [INFO] PluginManage:310 - Check plugin pinoutconfig
2026-03-29 23:55:01,515 [WARN] SupportedApi:132 - Cannot load RTOS API schema: s4s-elt-must-match.1: The content of 'definitions' must match (annotation?, (simpleType | complexType)?, (unique | key | keyref)*)). A problem was found starting at: attribute.
2026-03-29 23:55:01,587 [INFO] PluginManage:359 - Loaded plugin pinoutconfig (category:base,tabindex:0)
2026-03-29 23:55:01,587 [INFO] PluginManage:310 - Check plugin power
2026-03-29 23:55:01,592 [INFO] PluginManage:359 - Loaded plugin power (category:power,tabindex:4)
2026-03-29 23:55:01,592 [INFO] PluginManage:310 - Check plugin projectmanager
2026-03-29 23:55:01,602 [INFO] PluginManage:359 - Loaded plugin projectmanager (category:projectmanager,tabindex:4)
2026-03-29 23:55:01,602 [INFO] PluginManage:310 - Check plugin rif
2026-03-29 23:55:01,608 [INFO] PluginManage:359 - Loaded plugin rif (category:base,tabindex:3)
2026-03-29 23:55:01,608 [INFO] PluginManage:310 - Check plugin thirdparty
2026-03-29 23:55:01,685 [INFO] PluginManage:359 - Loaded plugin thirdparty (category:base,tabindex:-1)
2026-03-29 23:55:01,685 [WARN] IntegrityCheckThread:84 - waiting for thirdparty lock release [integrity check]
2026-03-29 23:55:01,686 [INFO] PluginManage:310 - Check plugin tools
2026-03-29 23:55:01,686 [INFO] IntegrityCheckThread:86 - entering critical section [integrity check]
2026-03-29 23:55:01,686 [INFO] ThirdPartyUpdaterWithRetryManager:70 - Updater plugin not ready yet. [1/15]
2026-03-29 23:55:01,687 [INFO] PluginManage:359 - Loaded plugin tools (category:base,tabindex:7)
2026-03-29 23:55:01,687 [INFO] PluginManage:310 - Check plugin tutovideos
2026-03-29 23:55:01,813 [INFO] PluginManage:359 - Loaded plugin tutovideos (category:base,tabindex:-1)
2026-03-29 23:55:01,813 [INFO] PluginManage:310 - Check plugin updater
2026-03-29 23:55:01,828 [INFO] PluginManage:359 - Loaded plugin updater (category:base,tabindex:12)
2026-03-29 23:55:01,828 [INFO] PluginManage:310 - Check plugin userauth
2026-03-29 23:55:01,831 [INFO] UserAuth:118 - Init User Auth plugin
2026-03-29 23:55:01,832 [INFO] PluginManage:359 - Loaded plugin userauth (category:base,tabindex:14)
2026-03-29 23:55:01,832 [INFO] PluginManage:283 - PluginManage : Loaded plugins [18]
2026-03-29 23:55:01,936 [INFO] PinOutPanel:1589 - setPackage(No Configuration,No Configuration)
2026-03-29 23:55:01,978 [INFO] CADModel:165 - CPN selected for project level
2026-03-29 23:55:01,978 [INFO] CADModel:114 - Register for checkConnection events
2026-03-29 23:55:01,984 [INFO] IPUIPlugin:80 - create IPUIPlugin
2026-03-29 23:55:01,984 [INFO] PluginManager:220 - loadIPPluginJar : add tracer_emb
2026-03-29 23:55:01,985 [INFO] IPUIPlugin:80 - create IPUIPlugin
2026-03-29 23:55:01,985 [INFO] PluginManager:220 - loadIPPluginJar : add radio
2026-03-29 23:55:01,988 [INFO] IPUIPlugin:80 - create IPUIPlugin
2026-03-29 23:55:01,988 [INFO] PluginManager:220 - loadIPPluginJar : add ddr_ctrl_phy
2026-03-29 23:55:01,992 [INFO] IPUIPlugin:80 - create IPUIPlugin
2026-03-29 23:55:01,992 [INFO] PluginManager:220 - loadIPPluginJar : add mdma
2026-03-29 23:55:01,993 [INFO] IPUIPlugin:80 - create IPUIPlugin
2026-03-29 23:55:01,993 [INFO] PluginManager:220 - loadIPPluginJar : add touchsensing
2026-03-29 23:55:01,994 [INFO] IPUIPlugin:80 - create IPUIPlugin
2026-03-29 23:55:01,994 [INFO] PluginManager:220 - loadIPPluginJar : add ucpd
2026-03-29 23:55:01,997 [INFO] IPUIPlugin:80 - create IPUIPlugin
2026-03-29 23:55:01,999 [INFO] PluginManager:220 - loadIPPluginJar : add plateformsettings
2026-03-29 23:55:02,000 [INFO] IPUIPlugin:80 - create IPUIPlugin
2026-03-29 23:55:02,000 [INFO] PluginManager:220 - loadIPPluginJar : add ipddr
2026-03-29 23:55:02,003 [INFO] IPUIPlugin:80 - create IPUIPlugin
2026-03-29 23:55:02,003 [INFO] PluginManager:220 - loadIPPluginJar : add resmgrutility
2026-03-29 23:55:02,004 [INFO] IPUIPlugin:80 - create IPUIPlugin
2026-03-29 23:55:02,004 [INFO] PluginManager:220 - loadIPPluginJar : add ts
2026-03-29 23:55:02,006 [INFO] IPUIPlugin:80 - create IPUIPlugin
2026-03-29 23:55:02,006 [INFO] PluginManager:220 - loadIPPluginJar : add dma3
2026-03-29 23:55:02,007 [INFO] IPUIPlugin:80 - create IPUIPlugin
2026-03-29 23:55:02,007 [INFO] PluginManager:220 - loadIPPluginJar : add openamp
2026-03-29 23:55:02,008 [INFO] IPUIPlugin:80 - create IPUIPlugin
2026-03-29 23:55:02,008 [INFO] PluginManager:220 - loadIPPluginJar : add opamp
2026-03-29 23:55:02,009 [INFO] IPUIPlugin:80 - create IPUIPlugin
2026-03-29 23:55:02,009 [INFO] PluginManager:220 - loadIPPluginJar : add pdm2pcm
2026-03-29 23:55:02,010 [INFO] IPUIPlugin:80 - create IPUIPlugin
2026-03-29 23:55:02,010 [INFO] PluginManager:220 - loadIPPluginJar : add gfxmmu
2026-03-29 23:55:02,012 [INFO] IPUIPlugin:80 - create IPUIPlugin
2026-03-29 23:55:02,012 [INFO] PluginManager:220 - loadIPPluginJar : add aes
2026-03-29 23:55:02,013 [INFO] IPUIPlugin:80 - create IPUIPlugin
2026-03-29 23:55:02,013 [INFO] PluginManager:220 - loadIPPluginJar : add gtzc
2026-03-29 23:55:02,014 [INFO] IPUIPlugin:80 - create IPUIPlugin
2026-03-29 23:55:02,014 [INFO] PluginManager:220 - loadIPPluginJar : add sai
2026-03-29 23:55:02,015 [INFO] IPUIPlugin:80 - create IPUIPlugin
2026-03-29 23:55:02,015 [INFO] PluginManager:220 - loadIPPluginJar : add tsc
2026-03-29 23:55:02,016 [INFO] IPUIPlugin:80 - create IPUIPlugin
2026-03-29 23:55:02,016 [INFO] PluginManager:220 - loadIPPluginJar : add usbx
2026-03-29 23:55:02,018 [INFO] IPUIPlugin:80 - create IPUIPlugin
2026-03-29 23:55:02,018 [INFO] PluginManager:220 - loadIPPluginJar : add can
2026-03-29 23:55:02,019 [INFO] IPUIPlugin:80 - create IPUIPlugin
2026-03-29 23:55:02,019 [INFO] PluginManager:220 - loadIPPluginJar : add i2c
2026-03-29 23:55:02,020 [INFO] IPUIPlugin:80 - create IPUIPlugin
2026-03-29 23:55:02,021 [INFO] PluginManager:220 - loadIPPluginJar : add lorawan
2026-03-29 23:55:02,021 [INFO] IPUIPlugin:80 - create IPUIPlugin
2026-03-29 23:55:02,022 [INFO] PluginManager:220 - loadIPPluginJar : add spi
2026-03-29 23:55:02,027 [INFO] IPUIPlugin:80 - create IPUIPlugin
2026-03-29 23:55:02,027 [INFO] PluginManager:220 - loadIPPluginJar : add linkedlist
2026-03-29 23:55:02,029 [INFO] IPUIPlugin:80 - create IPUIPlugin
2026-03-29 23:55:02,029 [INFO] PluginManager:220 - loadIPPluginJar : add fmc
2026-03-29 23:55:02,030 [INFO] IPUIPlugin:80 - create IPUIPlugin
2026-03-29 23:55:02,030 [INFO] PluginManager:220 - loadIPPluginJar : add i3c
2026-03-29 23:55:02,031 [INFO] IPUIPlugin:80 - create IPUIPlugin
2026-03-29 23:55:02,031 [INFO] PluginManager:220 - loadIPPluginJar : add ltdc
2026-03-29 23:55:02,035 [INFO] IPUIPlugin:80 - create IPUIPlugin
2026-03-29 23:55:02,035 [INFO] PluginManager:220 - loadIPPluginJar : add dma
2026-03-29 23:55:02,039 [INFO] IPUIPlugin:80 - create IPUIPlugin
2026-03-29 23:55:02,039 [INFO] PluginManager:220 - loadIPPluginJar : add freertos
2026-03-29 23:55:02,040 [INFO] IPUIPlugin:80 - create IPUIPlugin
2026-03-29 23:55:02,040 [INFO] PluginManager:220 - loadIPPluginJar : add hash
2026-03-29 23:55:02,044 [INFO] IPUIPlugin:80 - create IPUIPlugin
2026-03-29 23:55:02,044 [INFO] PluginManager:220 - loadIPPluginJar : add adc
2026-03-29 23:55:02,045 [INFO] IPUIPlugin:80 - create IPUIPlugin
2026-03-29 23:55:02,045 [INFO] PluginManager:220 - loadIPPluginJar : add usart
2026-03-29 23:55:02,049 [INFO] IPUIPlugin:80 - create IPUIPlugin
2026-03-29 23:55:02,049 [INFO] PluginManager:220 - loadIPPluginJar : add stm32_wpan
2026-03-29 23:55:02,050 [INFO] IPUIPlugin:80 - create IPUIPlugin
2026-03-29 23:55:02,050 [INFO] PluginManager:220 - loadIPPluginJar : add genericplugin
2026-03-29 23:55:02,052 [INFO] IPUIPlugin:80 - create IPUIPlugin
2026-03-29 23:55:02,052 [INFO] PluginManager:220 - loadIPPluginJar : add gpio
2026-03-29 23:55:02,054 [INFO] IPUIPlugin:80 - create IPUIPlugin
2026-03-29 23:55:02,054 [INFO] PluginManager:220 - loadIPPluginJar : add nvic
2026-03-29 23:55:02,055 [INFO] IPUIPlugin:80 - create IPUIPlugin
2026-03-29 23:55:02,055 [INFO] PluginManager:220 - loadIPPluginJar : add dfsdm
2026-03-29 23:55:02,056 [INFO] IPUIPlugin:80 - create IPUIPlugin
2026-03-29 23:55:02,056 [INFO] PluginManager:220 - loadIPPluginJar : add fatfs
2026-03-29 23:55:02,057 [INFO] IPUIPlugin:80 - create IPUIPlugin
2026-03-29 23:55:02,057 [INFO] PluginManager:220 - loadIPPluginJar : add comp
2026-03-29 23:55:02,058 [INFO] IPUIPlugin:80 - create IPUIPlugin
2026-03-29 23:55:02,058 [INFO] PluginManager:220 - loadIPPluginJar : add i2s
2026-03-29 23:55:02,059 [INFO] IPUIPlugin:80 - create IPUIPlugin
2026-03-29 23:55:02,059 [INFO] PluginManager:220 - loadIPPluginJar : add cryp
2026-03-29 23:55:02,060 [INFO] IPUIPlugin:80 - create IPUIPlugin
2026-03-29 23:55:02,060 [INFO] PluginManager:220 - loadIPPluginJar : add quadspi
2026-03-29 23:55:02,063 [INFO] IPUIPlugin:80 - create IPUIPlugin
2026-03-29 23:55:02,063 [INFO] PluginManager:220 - loadIPPluginJar : add gic
2026-03-29 23:55:02,064 [INFO] IPUIPlugin:80 - create IPUIPlugin
2026-03-29 23:55:02,064 [INFO] PluginManager:220 - loadIPPluginJar : add tim
2026-03-29 23:55:02,066 [INFO] IPUIPlugin:80 - create IPUIPlugin
2026-03-29 23:55:02,066 [INFO] PluginManager:220 - loadIPPluginJar : add extmemmanager
2026-03-29 23:55:02,156 [FATAL] Updater:351 - Updater called before beeing initialized
2026-03-29 23:55:02,172 [INFO] RulesReader:64 - Compatibility file has been processed (317 Rules)
2026-03-29 23:55:02,178 [INFO] RulesReader:64 - Compatibility file has been processed (317 Rules)
2026-03-29 23:55:02,183 [INFO] CADModel:165 - CPN selected for project level
2026-03-29 23:55:02,183 [INFO] CADModel:114 - Register for checkConnection events
2026-03-29 23:55:02,183 [FATAL] Updater:351 - Updater called before beeing initialized
2026-03-29 23:55:02,183 [ERROR] CADModel:125 - Updater not yet initialized, retry later 
2026-03-29 23:55:02,272 [FATAL] Updater:351 - Updater called before beeing initialized
2026-03-29 23:55:02,273 [INFO] CADModel:165 - CPN selected for project level
2026-03-29 23:55:02,273 [INFO] CADModel:114 - Register for checkConnection events
2026-03-29 23:55:02,273 [FATAL] Updater:351 - Updater called before beeing initialized
2026-03-29 23:55:02,273 [ERROR] CADModel:125 - Updater not yet initialized, retry later 
2026-03-29 23:55:02,277 [FATAL] Updater:351 - Updater called before beeing initialized
2026-03-29 23:55:02,358 [FATAL] Updater:351 - Updater called before beeing initialized
2026-03-29 23:55:02,362 [INFO] DbMcusAds:53 - JSON generation date=Wed Feb 18 15:32:49 CET 2026 (1771425169371)
2026-03-29 23:55:02,362 [FATAL] Updater:351 - Updater called before beeing initialized
2026-03-29 23:55:02,389 [WARN] DetailPanel:346 - Failed to get advertising image, set to default
2026-03-29 23:55:02,454 [FATAL] Updater:351 - Updater called before beeing initialized
2026-03-29 23:55:02,456 [FATAL] Updater:351 - Updater called before beeing initialized
2026-03-29 23:55:02,456 [FATAL] Updater:351 - Updater called before beeing initialized
2026-03-29 23:55:02,456 [WARN] DetailPanel:346 - Failed to get advertising image, set to default
2026-03-29 23:55:02,457 [FATAL] Updater:351 - Updater called before beeing initialized
2026-03-29 23:55:02,481 [ERROR] Updater:1198 - MainUpdater not yet initialized. External WinMGr cannot be set.
2026-03-29 23:55:02,482 [INFO] Updater:1134 - Updater Version found : 6.15.0
2026-03-29 23:55:02,494 [INFO] ApplicationProperties:184 - Using Application install path: /opt/st/stm32cubeide_1.19.0/plugins/com.st.stm32cube.common.mx_6.15.0.202507011659
2026-03-29 23:55:02,883 [INFO] MainUpdater:2872 - connection check result : 10
2026-03-29 23:55:02,883 [INFO] MainUpdater:289 - Updater Check For Update Now.
2026-03-29 23:55:02,883 [INFO] MicroXplorer:498 - Change Database Version : DB.6.0.150
2026-03-29 23:55:02,887 [INFO] McuFinderGlobals:63 - Set McuFinder mode to 2 (CubeIDE integrated)
2026-03-29 23:55:02,887 [INFO] UserAuth:487 - Internet connection configuration mode: 1
2026-03-29 23:55:02,900 [INFO] JxBrowserEngine:152 - Initiate JxBrowser Engine with user profile folder
2026-03-29 23:55:03,041 [INFO] CheckServerUpdateThread:120 - End of CheckServer Thread
2026-03-29 23:55:03,524 [INFO] WebApp:169 - Instantiating new browser for Auth
2026-03-29 23:55:04,082 [INFO] WebApp:463 - Apply proxy settings
2026-03-29 23:55:04,083 [INFO] WebApp:548 - Chromium requires no authentication
2026-03-29 23:55:04,088 [INFO] WebApp:491 - Direct internet connection detected
2026-03-29 23:55:04,102 [INFO] WebApp:900 - Register for checkConnection events
2026-03-29 23:55:04,102 [INFO] WebApp:463 - Apply proxy settings
2026-03-29 23:55:04,102 [INFO] WebApp:548 - Chromium requires no authentication
2026-03-29 23:55:04,102 [INFO] WebApp:491 - Direct internet connection detected
2026-03-29 23:55:04,187 [INFO] WebApp:225 - Starting web application
2026-03-29 23:55:04,188 [INFO] WebApp:593 - Web application path used /opt/st/stm32cubeide_1.19.0/plugins/com.st.stm32cube.common.mx_6.15.0.202507011659/db/plugins/mcufinder/reactClient1/index.html
2026-03-29 23:55:04,255 [INFO] UserAuth:487 - Internet connection configuration mode: 1
2026-03-29 23:55:04,529 [INFO] WebApp:191 - Connection restablished
2026-03-29 23:55:04,819 [WARN] PackLoader:240 - Cannot read IP mode file for STMicroelectronics.X-CUBE-AZRTOS-H7.3.5.0
2026-03-29 23:55:04,831 [WARN] PackLoader:240 - Cannot read IP mode file for STMicroelectronics.FP-SNS-MOTENVWB1.1.4.0
2026-03-29 23:55:04,836 [WARN] PackLoader:240 - Cannot read IP mode file for STMicroelectronics.FP-ATR-ASTRA1.2.0.2
2026-03-29 23:55:04,842 [WARN] PackLoader:240 - Cannot read IP mode file for STMicroelectronics.X-CUBE-SMBUS.2.1.0
2026-03-29 23:55:04,846 [WARN] PackLoader:240 - Cannot read IP mode file for STMicroelectronics.X-CUBE-ST60.1.0.0
2026-03-29 23:55:04,881 [WARN] PackLoader:240 - Cannot read IP mode file for STMicroelectronics.X-CUBE-AZRTOS-F7.1.1.0
2026-03-29 23:55:04,891 [WARN] PackLoader:240 - Cannot read IP mode file for Cesanta.I-CUBE-Mongoose.7.19.0
2026-03-29 23:55:04,895 [WARN] PackLoader:240 - Cannot read IP mode file for STMicroelectronics.FP-SNS-MOTENV1.5.1.0
2026-03-29 23:55:04,905 [WARN] PackLoader:240 - Cannot read IP mode file for WES.I-CUBE-Cesium.1.4.0
2026-03-29 23:55:04,925 [WARN] PackLoader:240 - Cannot read IP mode file for Infineon.AIROC-Wi-Fi-Bluetooth-STM32.1.7.1
2026-03-29 23:55:04,982 [WARN] PackLoader:240 - Cannot read IP mode file for STMicroelectronics.X-CUBE-AZRTOS-H7.3.4.0
2026-03-29 23:55:04,995 [WARN] PackLoader:240 - Cannot read IP mode file for STMicroelectronics.X-CUBE-DISPLAY.3.0.0
2026-03-29 23:55:05,003 [WARN] PackLoader:240 - Cannot read IP mode file for STMicroelectronics.FP-SNS-MOTENVWB1.1.5.0
2026-03-29 23:55:05,011 [WARN] PackLoader:240 - Cannot read IP mode file for STMicroelectronics.X-CUBE-NFC10.1.0.0
2026-03-29 23:55:05,017 [WARN] PackLoader:240 - Cannot read IP mode file for STMicroelectronics.X-CUBE-ST60.1.1.0
2026-03-29 23:55:05,021 [WARN] PackLoader:240 - Cannot read IP mode file for emotas.I-CUBE-CANOPEN.1.3.0
2026-03-29 23:55:05,026 [WARN] PackLoader:240 - Cannot read IP mode file for STMicroelectronics.X-CUBE-GNSS1.7.1.0
2026-03-29 23:55:05,032 [WARN] PackLoader:240 - Cannot read IP mode file for STMicroelectronics.FP-SNS-SMARTAG2.1.2.0
2026-03-29 23:55:05,035 [WARN] PackLoader:240 - Cannot read IP mode file for STMicroelectronics.FP-SNS-FLIGHT1.5.1.0
2026-03-29 23:55:05,042 [INFO] LogOutputStream:77 - [STDOUT_REDIRECT] 1 : Invalid condition id : UX_CORESTACK_Condition cause : null
2026-03-29 23:55:05,043 [INFO] LogOutputStream:77 - [STDOUT_REDIRECT] 1 : Invalid condition id : UX_CORESTACK_Condition cause : null
2026-03-29 23:55:05,043 [INFO] LogOutputStream:77 - [STDOUT_REDIRECT] 1 : Invalid condition id : UX_CORESTACK_Condition cause : null
2026-03-29 23:55:05,044 [INFO] LogOutputStream:77 - [STDOUT_REDIRECT] 1 : Invalid condition id : UX_CORESTACK_Condition cause : null
2026-03-29 23:55:05,044 [INFO] LogOutputStream:77 - [STDOUT_REDIRECT] 1 : Invalid condition id : UX_CORESTACK_Condition cause : null
2026-03-29 23:55:05,047 [WARN] PackLoader:240 - Cannot read IP mode file for STMicroelectronics.X-CUBE-AZRTOS-WL.2.0.0
2026-03-29 23:55:05,050 [WARN] PackLoader:240 - Cannot read IP mode file for STMicroelectronics.FP-SNS-MOTENV1.5.0.0
2026-03-29 23:55:05,063 [WARN] PackLoader:240 - Cannot read IP mode file for STMicroelectronics.X-CUBE-AZRTOS-H7RS.1.2.0
2026-03-29 23:55:05,068 [WARN] PackLoader:240 - Cannot read IP mode file for STMicroelectronics.X-CUBE-BLE2.3.3.0
2026-03-29 23:55:05,079 [WARN] PackLoader:240 - Cannot read IP mode file for STMicroelectronics.X-CUBE-NFC9.1.0.0
2026-03-29 23:55:05,082 [WARN] PackLoader:240 - Cannot read IP mode file for wolfSSL.I-CUBE-wolfSSL.5.8.2
2026-03-29 23:55:05,085 [WARN] PackLoader:240 - Cannot read IP mode file for STMicroelectronics.X-CUBE-BLE1.7.1.0
2026-03-29 23:55:05,087 [WARN] PackLoader:240 - Cannot read IP mode file for wolfSSL.I-CUBE-wolfMQTT.1.19.2
2026-03-29 23:55:05,094 [WARN] PackLoader:240 - Cannot read IP mode file for STMicroelectronics.X-CUBE-FREERTOS.1.4.0
2026-03-29 23:55:05,098 [WARN] PackLoader:240 - Cannot read IP mode file for STMicroelectronics.X-CUBE-EEPRMA1.5.2.0
2026-03-29 23:55:05,103 [WARN] PackLoader:240 - Cannot read IP mode file for STMicroelectronics.X-CUBE-ST67W61.1.1.0
2026-03-29 23:55:05,130 [WARN] PackLoader:240 - Cannot read IP mode file for STMicroelectronics.X-CUBE-MEMS1.12.0.0
2026-03-29 23:55:05,187 [WARN] PackLoader:240 - Cannot read IP mode file for STMicroelectronics.X-CUBE-AZRTOS-G0.1.1.0
2026-03-29 23:55:05,190 [WARN] PackLoader:240 - Cannot read IP mode file for STMicroelectronics.X-CUBE-SAFEA1.1.2.2
2026-03-29 23:55:05,193 [WARN] PackLoader:240 - Cannot read IP mode file for STMicroelectronics.X-CUBE-NFC4.3.0.0
2026-03-29 23:55:05,197 [WARN] PackLoader:240 - Cannot read IP mode file for EmbeddedOffice.I-CUBE-FS-RTOS.1.0.1
2026-03-29 23:55:05,200 [WARN] PackLoader:240 - Cannot read IP mode file for STMicroelectronics.X-CUBE-WB05N.2.0.0
2026-03-29 23:55:05,202 [WARN] PackLoader:240 - Cannot read IP mode file for wolfSSL.I-CUBE-wolfTPM.3.8.0
2026-03-29 23:55:05,204 [WARN] PackLoader:240 - Cannot read IP mode file for STMicroelectronics.X-CUBE-TCPP.4.2.0
2026-03-29 23:55:05,207 [WARN] PackLoader:240 - Cannot read IP mode file for RealThread.X-CUBE-RT-Thread_Nano.4.1.1
2026-03-29 23:55:05,209 [WARN] PackLoader:240 - Cannot read IP mode file for STMicroelectronics.FP-ATR-SIGFOX1.3.2.0
2026-03-29 23:55:05,211 [WARN] PackLoader:240 - Cannot read IP mode file for STMicroelectronics.X-CUBE-FREERTOS.1.5.0
2026-03-29 23:55:05,214 [WARN] PackLoader:240 - Cannot read IP mode file for ITTIA_DB.I-CUBE-ITTIADB.8.9.0
2026-03-29 23:55:05,218 [WARN] PackLoader:240 - Cannot read IP mode file for STMicroelectronics.X-CUBE-NFC6.3.2.0
2026-03-29 23:55:05,240 [WARN] PackLoader:240 - Cannot read IP mode file for SEGGER.I-CUBE-embOS.1.3.1
2026-03-29 23:55:05,260 [WARN] PackLoader:240 - Cannot read IP mode file for STMicroelectronics.X-CUBE-ALGOBUILD.1.4.0
2026-03-29 23:55:05,283 [WARN] PackLoader:240 - Cannot read IP mode file for STMicroelectronics.X-CUBE-MEMS1.11.3.0
2026-03-29 23:55:05,370 [WARN] PackLoader:240 - Cannot read IP mode file for STMicroelectronics.X-CUBE-PM33A1.1.0.0
2026-03-29 23:55:05,385 [WARN] PackLoader:240 - Cannot read IP mode file for STMicroelectronics.X-CUBE-AZRTOS-F4.1.1.0
2026-03-29 23:55:05,391 [WARN] PackLoader:240 - Cannot read IP mode file for STMicroelectronics.X-CUBE-ISPU.2.1.0
2026-03-29 23:55:05,410 [WARN] PackLoader:240 - Cannot read IP mode file for STMicroelectronics.X-CUBE-IPS.3.2.0
2026-03-29 23:55:05,427 [WARN] PackLoader:240 - Cannot read IP mode file for STMicroelectronics.X-CUBE-NFC12.1.0.0
2026-03-29 23:55:05,444 [WARN] PackLoader:240 - Cannot read IP mode file for STMicroelectronics.X-CUBE-AZRTOS-L5.2.0.0
2026-03-29 23:55:05,450 [WARN] PackLoader:240 - Cannot read IP mode file for STMicroelectronics.X-CUBE-NFC6.3.1.0
2026-03-29 23:55:05,455 [WARN] PackLoader:240 - Cannot read IP mode file for STMicroelectronics.X-CUBE-FREERTOS.1.3.1
2026-03-29 23:55:05,458 [WARN] PackLoader:240 - Cannot read IP mode file for STMicroelectronics.X-CUBE-TOUCHGFX.4.26.0
2026-03-29 23:55:05,459 [WARN] PackLoader:240 - Cannot read IP mode file for STMicroelectronics.X-CUBE-TOUCHGFX.4.26.1
2026-03-29 23:55:05,462 [WARN] PackLoader:240 - Cannot read IP mode file for STMicroelectronics.X-CUBE-DPower.1.3.0
2026-03-29 23:55:05,477 [WARN] ConditionMgr:438 - getConditionDescription Invalid condition id : LAN8742 Phy interface Condition cause : null
2026-03-29 23:55:05,477 [WARN] PackLoader:240 - Cannot read IP mode file for STMicroelectronics.X-CUBE-AZRTOS-L4.2.0.0
2026-03-29 23:55:05,479 [WARN] ConditionMgr:1044 - genDependencies : Invalid condition id : LAN8742 Phy interface Condition cause : null
2026-03-29 23:55:05,479 [WARN] ConditionMgr:1044 - genDependencies : Invalid condition id : LAN8742 Phy interface Condition cause : null
2026-03-29 23:55:05,480 [WARN] ConditionMgr:1044 - genDependencies : Invalid condition id : LAN8742 Phy interface Condition cause : null
2026-03-29 23:55:05,484 [WARN] PackLoader:240 - Cannot read IP mode file for STMicroelectronics.X-CUBE-SFXS2LP1.4.0.0
2026-03-29 23:55:05,488 [WARN] PackLoader:240 - Cannot read IP mode file for STMicroelectronics.X-CUBE-ST67W61.1.2.0
2026-03-29 23:55:05,498 [WARN] PackLoader:240 - Cannot read IP mode file for STMicroelectronics.X-CUBE-BLEMGR.4.1.0
2026-03-29 23:55:05,510 [WARN] ConditionMgr:438 - getConditionDescription Invalid condition id : UX DEVICE CLASS RTOS Condition cause : null
2026-03-29 23:55:05,511 [WARN] ConditionMgr:438 - getConditionDescription Invalid condition id : UX DEVICE CLASS RTOS Condition cause : null
2026-03-29 23:55:05,512 [WARN] PackLoader:240 - Cannot read IP mode file for STMicroelectronics.X-CUBE-AZRTOS-WB.2.0.0
2026-03-29 23:55:05,512 [WARN] ConditionMgr:1044 - genDependencies : Invalid condition id : UX DEVICE CLASS RTOS Condition cause : null
2026-03-29 23:55:05,512 [WARN] ConditionMgr:1044 - genDependencies : Invalid condition id : UX DEVICE CLASS RTOS Condition cause : null
2026-03-29 23:55:05,513 [WARN] ConditionMgr:1044 - genDependencies : Invalid condition id : UX DEVICE CLASS RTOS Condition cause : null
2026-03-29 23:55:05,517 [WARN] ConditionMgr:1044 - genDependencies : Invalid condition id : UX DEVICE CLASS RTOS Condition cause : null
2026-03-29 23:55:05,517 [WARN] ConditionMgr:1044 - genDependencies : Invalid condition id : UX DEVICE CLASS RTOS Condition cause : null
2026-03-29 23:55:05,520 [WARN] PackLoader:240 - Cannot read IP mode file for STMicroelectronics.X-CUBE-GNSS1.7.0.1
2026-03-29 23:55:05,523 [WARN] ConditionMgr:438 - getConditionDescription Invalid condition id : Cortex-A Device cause : null
2026-03-29 23:55:05,528 [WARN] ConditionMgr:1044 - genDependencies : Invalid condition id : Cortex-A Device cause : null
2026-03-29 23:55:05,528 [WARN] ConditionMgr:1044 - genDependencies : Invalid condition id : Cortex-A Device cause : null
2026-03-29 23:55:05,528 [WARN] ConditionMgr:1044 - genDependencies : Invalid condition id : Cortex-A Device cause : null
2026-03-29 23:55:05,532 [WARN] PackLoader:240 - Cannot read IP mode file for STMicroelectronics.X-CUBE-STSE01.2.0.0
2026-03-29 23:55:05,537 [WARN] PackLoader:240 - Cannot read IP mode file for STMicroelectronics.X-CUBE-SUBG2.5.0.0
2026-03-29 23:55:05,548 [WARN] PackLoader:240 - Cannot read IP mode file for STMicroelectronics.X-CUBE-AZRTOS-H7RS.1.1.0
2026-03-29 23:55:05,557 [WARN] PackLoader:240 - Cannot read IP mode file for STMicroelectronics.X-CUBE-AZRTOS-G4.2.0.0
2026-03-29 23:55:05,559 [WARN] PackLoader:240 - Cannot read IP mode file for wolfSSL.I-CUBE-wolfSSH.1.4.20
2026-03-29 23:55:05,561 [WARN] PackLoader:240 - Cannot read IP mode file for STMicroelectronics.X-CUBE-NFC7.2.0.0
2026-03-29 23:55:05,564 [WARN] PackLoader:240 - Cannot read IP mode file for STMicroelectronics.X-CUBE-ALS.1.0.2
2026-03-29 23:55:05,568 [WARN] PackLoader:240 - Cannot read IP mode file for STMicroelectronics.X-CUBE-STSE01.1.0.0
2026-03-29 23:55:05,574 [WARN] PackLoader:240 - Cannot read IP mode file for STMicroelectronics.X-CUBE-TOF1.3.4.3
2026-03-29 23:55:05,579 [INFO] ThirdParty:978 - Integrity check success = true
2026-03-29 23:55:05,580 [INFO] IntegrityCheckThread:100 - exiting critical section [integrity check]
2026-03-29 23:55:05,580 [INFO] IntegrityCheckThread:103 - End integrity checks thread
