2026-03-26 15:05:57,989 [INFO] Activator:176 - 


2026-03-26 15:05:57,991 [INFO] Activator:177 - !SESSION log4j initialized
2026-03-26 15:06:00,882 [INFO] LogOutputStream:77 - [STDOUT_REDIRECT] 
2026-03-26 15:06:01,594 [INFO] ApplicationProperties:184 - Using Application install path: /opt/st/stm32cubeide_1.19.0/plugins/com.st.stm32cube.common.mx_6.15.0.202507011659
2026-03-26 15:06:01,612 [INFO] DbMcusXml:78 - Set database path to: /opt/st/stm32cubeide_1.19.0/plugins/com.st.stm32cube.common.mx_6.15.0.202507011659//db//mcu/
2026-03-26 15:06:01,612 [INFO] ApiDb:274 - Set plugin database path to: /opt/st/stm32cubeide_1.19.0/plugins/com.st.stm32cube.common.mx_6.15.0.202507011659//db//plugins/boardmanager/
2026-03-26 15:06:01,612 [WARN] ApiDb:259 - Overriding images path with different value:  => /opt/st/stm32cubeide_1.19.0/plugins/com.st.stm32cube.common.mx_6.15.0.202507011659//db//plugins/mcufinder/images/
2026-03-26 15:06:01,618 [INFO] ApiDb:250 - Set database path to: /home/kamil/.stmcufinder/plugins/mcufinder//mcu/
2026-03-26 15:06:01,620 [INFO] DbMcusAds:125 - Set database path to: /home/kamil/.stmcufinder/plugins/mcufinder//mcu/
2026-03-26 15:06:01,622 [INFO] CrossReferenceDbSqlite:203 - Set database path to: /home/kamil/.stmcufinder/plugins/mcufinder//mcu/cs/
2026-03-26 15:06:01,700 [INFO] RulesReader:64 - Compatibility file has been processed (317 Rules)
2026-03-26 15:06:01,746 [INFO] DbMcusXml:78 - Set database path to: /opt/st/stm32cubeide_1.19.0/plugins/com.st.stm32cube.common.mx_6.15.0.202507011659//db//mcu/
2026-03-26 15:06:01,746 [INFO] ApiDb:274 - Set plugin database path to: /opt/st/stm32cubeide_1.19.0/plugins/com.st.stm32cube.common.mx_6.15.0.202507011659//db//plugins/boardmanager/
2026-03-26 15:06:01,747 [INFO] ApiDb:261 - Set plugin images path to: /opt/st/stm32cubeide_1.19.0/plugins/com.st.stm32cube.common.mx_6.15.0.202507011659//db//plugins/mcufinder/images/
2026-03-26 15:06:01,747 [WARN] DbFile:41 - Overriding database path with different value: /home/kamil/.stmcufinder/plugins/mcufinder/ => /home/kamil/.stmcufinder/plugins/mcufinder
2026-03-26 15:06:01,747 [INFO] ApiDb:250 - Set database path to: /home/kamil/.stmcufinder/plugins/mcufinder//mcu/
2026-03-26 15:06:01,747 [WARN] DbFile:41 - Overriding database path with different value: /home/kamil/.stmcufinder/plugins/mcufinder/ => /home/kamil/.stmcufinder/plugins/mcufinder
2026-03-26 15:06:01,747 [INFO] DbMcusAds:125 - Set database path to: /home/kamil/.stmcufinder/plugins/mcufinder//mcu/
2026-03-26 15:06:01,747 [WARN] DbFile:41 - Overriding database path with different value: /home/kamil/.stmcufinder/plugins/mcufinder/ => /home/kamil/.stmcufinder/plugins/mcufinder
2026-03-26 15:06:01,747 [WARN] DbFile:41 - Overriding database path with different value: /home/kamil/.stmcufinder/plugins/mcufinder/ => /home/kamil/.stmcufinder/plugins/mcufinder
2026-03-26 15:06:01,747 [INFO] CrossReferenceDbSqlite:203 - Set database path to: /home/kamil/.stmcufinder/plugins/mcufinder//mcu/cs/
2026-03-26 15:06:01,800 [INFO] MainPanel:274 - HeapMemory: 268435456
2026-03-26 15:06:01,898 [INFO] DbMcusXml:78 - Set database path to: /opt/st/stm32cubeide_1.19.0/plugins/com.st.stm32cube.common.mx_6.15.0.202507011659//db//mcu/
2026-03-26 15:06:01,898 [INFO] ApiDb:274 - Set plugin database path to: /opt/st/stm32cubeide_1.19.0/plugins/com.st.stm32cube.common.mx_6.15.0.202507011659//db//plugins/boardmanager/
2026-03-26 15:06:01,898 [INFO] ApiDb:261 - Set plugin images path to: /opt/st/stm32cubeide_1.19.0/plugins/com.st.stm32cube.common.mx_6.15.0.202507011659//db//plugins/mcufinder/images/
2026-03-26 15:06:01,899 [WARN] DbFile:41 - Overriding database path with different value: /home/kamil/.stmcufinder/plugins/mcufinder/ => /home/kamil/.stmcufinder/plugins/mcufinder
2026-03-26 15:06:01,899 [INFO] ApiDb:250 - Set database path to: /home/kamil/.stmcufinder/plugins/mcufinder//mcu/
2026-03-26 15:06:01,899 [WARN] DbFile:41 - Overriding database path with different value: /home/kamil/.stmcufinder/plugins/mcufinder/ => /home/kamil/.stmcufinder/plugins/mcufinder
2026-03-26 15:06:01,899 [INFO] DbMcusAds:125 - Set database path to: /home/kamil/.stmcufinder/plugins/mcufinder//mcu/
2026-03-26 15:06:01,899 [WARN] DbFile:41 - Overriding database path with different value: /home/kamil/.stmcufinder/plugins/mcufinder/ => /home/kamil/.stmcufinder/plugins/mcufinder
2026-03-26 15:06:01,899 [WARN] DbFile:41 - Overriding database path with different value: /home/kamil/.stmcufinder/plugins/mcufinder/ => /home/kamil/.stmcufinder/plugins/mcufinder
2026-03-26 15:06:01,899 [INFO] CrossReferenceDbSqlite:203 - Set database path to: /home/kamil/.stmcufinder/plugins/mcufinder//mcu/cs/
2026-03-26 15:06:01,912 [INFO] ApplicationProperties:184 - Using Application install path: /opt/st/stm32cubeide_1.19.0/plugins/com.st.stm32cube.common.mx_6.15.0.202507011659
2026-03-26 15:06:01,913 [INFO] PluginManage:196 - Search for loadable plugins [exclusion list=, ]
2026-03-26 15:06:01,914 [INFO] PluginManage:310 - Check plugin analytics
2026-03-26 15:06:02,025 [INFO] AnalyticsPlugin:253 - Accepted Software Licenses: 
2026-03-26 15:06:02,026 [INFO] AnalyticsPlugin:255 - Accepted CMSIS Pack Licenses: 
2026-03-26 15:06:02,026 [INFO] AnalyticsPlugin:257 - Accepted Firmware Licenses: FW.F4.1.28.0
2026-03-26 15:06:02,028 [INFO] PluginManage:359 - Loaded plugin analytics (category:tool,tabindex:-1)
2026-03-26 15:06:02,028 [INFO] PluginManage:310 - Check plugin cadmodel
2026-03-26 15:06:02,032 [INFO] CADModel:105 - Init CAD model plugin
2026-03-26 15:06:02,032 [INFO] PluginManage:359 - Loaded plugin cadmodel (category:power,tabindex:5)
2026-03-26 15:06:02,033 [INFO] PluginManage:310 - Check plugin clock
2026-03-26 15:06:02,040 [INFO] PluginManage:359 - Loaded plugin clock (category:base,tabindex:2)
2026-03-26 15:06:02,041 [INFO] PluginManage:310 - Check plugin ddr
2026-03-26 15:06:02,043 [INFO] PluginManage:359 - Loaded plugin ddr (category:tool,tabindex:6)
2026-03-26 15:06:02,043 [INFO] PluginManage:310 - Check plugin filemanager
2026-03-26 15:06:02,133 [INFO] PluginManage:359 - Loaded plugin filemanager (category:base,tabindex:10)
2026-03-26 15:06:02,133 [INFO] PluginManage:310 - Check plugin ipmanager
2026-03-26 15:06:02,136 [INFO] PluginManage:359 - Loaded plugin ipmanager (category:base,tabindex:5)
2026-03-26 15:06:02,137 [INFO] PluginManage:310 - Check plugin lpbam
2026-03-26 15:06:02,143 [INFO] PluginManage:359 - Loaded plugin lpbam (category:base,tabindex:0)
2026-03-26 15:06:02,143 [INFO] PluginManage:310 - Check plugin memorymap
2026-03-26 15:06:02,149 [INFO] PluginManage:359 - Loaded plugin memorymap (category:base,tabindex:4)
2026-03-26 15:06:02,150 [INFO] PluginManage:310 - Check plugin pinoutandconfiguration
2026-03-26 15:06:02,155 [INFO] PluginManage:359 - Loaded plugin pinoutandconfiguration (category:base,tabindex:1)
2026-03-26 15:06:02,155 [INFO] PluginManage:310 - Check plugin pinoutconfig
2026-03-26 15:06:02,202 [WARN] SupportedApi:132 - Cannot load RTOS API schema: s4s-elt-must-match.1: The content of 'definitions' must match (annotation?, (simpleType | complexType)?, (unique | key | keyref)*)). A problem was found starting at: attribute.
2026-03-26 15:06:02,274 [INFO] PluginManage:359 - Loaded plugin pinoutconfig (category:base,tabindex:0)
2026-03-26 15:06:02,274 [INFO] PluginManage:310 - Check plugin power
2026-03-26 15:06:02,280 [INFO] PluginManage:359 - Loaded plugin power (category:power,tabindex:4)
2026-03-26 15:06:02,280 [INFO] PluginManage:310 - Check plugin projectmanager
2026-03-26 15:06:02,292 [INFO] PluginManage:359 - Loaded plugin projectmanager (category:projectmanager,tabindex:4)
2026-03-26 15:06:02,292 [INFO] PluginManage:310 - Check plugin rif
2026-03-26 15:06:02,299 [INFO] PluginManage:359 - Loaded plugin rif (category:base,tabindex:3)
2026-03-26 15:06:02,299 [INFO] PluginManage:310 - Check plugin thirdparty
2026-03-26 15:06:02,391 [INFO] PluginManage:359 - Loaded plugin thirdparty (category:base,tabindex:-1)
2026-03-26 15:06:02,392 [INFO] PluginManage:310 - Check plugin tools
2026-03-26 15:06:02,391 [WARN] IntegrityCheckThread:84 - waiting for thirdparty lock release [integrity check]
2026-03-26 15:06:02,392 [INFO] IntegrityCheckThread:86 - entering critical section [integrity check]
2026-03-26 15:06:02,392 [INFO] ThirdPartyUpdaterWithRetryManager:70 - Updater plugin not ready yet. [1/15]
2026-03-26 15:06:02,393 [INFO] PluginManage:359 - Loaded plugin tools (category:base,tabindex:7)
2026-03-26 15:06:02,393 [INFO] PluginManage:310 - Check plugin tutovideos
2026-03-26 15:06:02,512 [INFO] PluginManage:359 - Loaded plugin tutovideos (category:base,tabindex:-1)
2026-03-26 15:06:02,512 [INFO] PluginManage:310 - Check plugin updater
2026-03-26 15:06:02,529 [INFO] PluginManage:359 - Loaded plugin updater (category:base,tabindex:12)
2026-03-26 15:06:02,530 [INFO] PluginManage:310 - Check plugin userauth
2026-03-26 15:06:02,532 [INFO] UserAuth:118 - Init User Auth plugin
2026-03-26 15:06:02,533 [INFO] PluginManage:359 - Loaded plugin userauth (category:base,tabindex:14)
2026-03-26 15:06:02,533 [INFO] PluginManage:283 - PluginManage : Loaded plugins [18]
2026-03-26 15:06:02,647 [INFO] PinOutPanel:1589 - setPackage(No Configuration,No Configuration)
2026-03-26 15:06:02,700 [INFO] CADModel:165 - CPN selected for project level
2026-03-26 15:06:02,700 [INFO] CADModel:114 - Register for checkConnection events
2026-03-26 15:06:02,708 [INFO] IPUIPlugin:80 - create IPUIPlugin
2026-03-26 15:06:02,709 [INFO] PluginManager:220 - loadIPPluginJar : add tracer_emb
2026-03-26 15:06:02,710 [INFO] IPUIPlugin:80 - create IPUIPlugin
2026-03-26 15:06:02,711 [INFO] PluginManager:220 - loadIPPluginJar : add radio
2026-03-26 15:06:02,715 [INFO] IPUIPlugin:80 - create IPUIPlugin
2026-03-26 15:06:02,715 [INFO] PluginManager:220 - loadIPPluginJar : add ddr_ctrl_phy
2026-03-26 15:06:02,720 [INFO] IPUIPlugin:80 - create IPUIPlugin
2026-03-26 15:06:02,720 [INFO] PluginManager:220 - loadIPPluginJar : add mdma
2026-03-26 15:06:02,723 [INFO] IPUIPlugin:80 - create IPUIPlugin
2026-03-26 15:06:02,723 [INFO] PluginManager:220 - loadIPPluginJar : add touchsensing
2026-03-26 15:06:02,724 [INFO] IPUIPlugin:80 - create IPUIPlugin
2026-03-26 15:06:02,724 [INFO] PluginManager:220 - loadIPPluginJar : add ucpd
2026-03-26 15:06:02,730 [INFO] IPUIPlugin:80 - create IPUIPlugin
2026-03-26 15:06:02,732 [INFO] PluginManager:220 - loadIPPluginJar : add plateformsettings
2026-03-26 15:06:02,735 [INFO] IPUIPlugin:80 - create IPUIPlugin
2026-03-26 15:06:02,735 [INFO] PluginManager:220 - loadIPPluginJar : add ipddr
2026-03-26 15:06:02,739 [INFO] IPUIPlugin:80 - create IPUIPlugin
2026-03-26 15:06:02,739 [INFO] PluginManager:220 - loadIPPluginJar : add resmgrutility
2026-03-26 15:06:02,740 [INFO] IPUIPlugin:80 - create IPUIPlugin
2026-03-26 15:06:02,741 [INFO] PluginManager:220 - loadIPPluginJar : add ts
2026-03-26 15:06:02,742 [INFO] IPUIPlugin:80 - create IPUIPlugin
2026-03-26 15:06:02,742 [INFO] PluginManager:220 - loadIPPluginJar : add dma3
2026-03-26 15:06:02,745 [INFO] IPUIPlugin:80 - create IPUIPlugin
2026-03-26 15:06:02,745 [INFO] PluginManager:220 - loadIPPluginJar : add openamp
2026-03-26 15:06:02,746 [INFO] IPUIPlugin:80 - create IPUIPlugin
2026-03-26 15:06:02,746 [INFO] PluginManager:220 - loadIPPluginJar : add opamp
2026-03-26 15:06:02,748 [INFO] IPUIPlugin:80 - create IPUIPlugin
2026-03-26 15:06:02,748 [INFO] PluginManager:220 - loadIPPluginJar : add pdm2pcm
2026-03-26 15:06:02,750 [INFO] IPUIPlugin:80 - create IPUIPlugin
2026-03-26 15:06:02,750 [INFO] PluginManager:220 - loadIPPluginJar : add gfxmmu
2026-03-26 15:06:02,751 [INFO] IPUIPlugin:80 - create IPUIPlugin
2026-03-26 15:06:02,751 [INFO] PluginManager:220 - loadIPPluginJar : add aes
2026-03-26 15:06:02,753 [INFO] IPUIPlugin:80 - create IPUIPlugin
2026-03-26 15:06:02,753 [INFO] PluginManager:220 - loadIPPluginJar : add gtzc
2026-03-26 15:06:02,755 [INFO] IPUIPlugin:80 - create IPUIPlugin
2026-03-26 15:06:02,755 [INFO] PluginManager:220 - loadIPPluginJar : add sai
2026-03-26 15:06:02,756 [INFO] IPUIPlugin:80 - create IPUIPlugin
2026-03-26 15:06:02,757 [INFO] PluginManager:220 - loadIPPluginJar : add tsc
2026-03-26 15:06:02,759 [INFO] IPUIPlugin:80 - create IPUIPlugin
2026-03-26 15:06:02,759 [INFO] PluginManager:220 - loadIPPluginJar : add usbx
2026-03-26 15:06:02,760 [INFO] IPUIPlugin:80 - create IPUIPlugin
2026-03-26 15:06:02,760 [INFO] PluginManager:220 - loadIPPluginJar : add can
2026-03-26 15:06:02,762 [INFO] IPUIPlugin:80 - create IPUIPlugin
2026-03-26 15:06:02,762 [INFO] PluginManager:220 - loadIPPluginJar : add i2c
2026-03-26 15:06:02,764 [INFO] IPUIPlugin:80 - create IPUIPlugin
2026-03-26 15:06:02,764 [INFO] PluginManager:220 - loadIPPluginJar : add lorawan
2026-03-26 15:06:02,765 [INFO] IPUIPlugin:80 - create IPUIPlugin
2026-03-26 15:06:02,765 [INFO] PluginManager:220 - loadIPPluginJar : add spi
2026-03-26 15:06:02,771 [INFO] IPUIPlugin:80 - create IPUIPlugin
2026-03-26 15:06:02,771 [INFO] PluginManager:220 - loadIPPluginJar : add linkedlist
2026-03-26 15:06:02,774 [INFO] IPUIPlugin:80 - create IPUIPlugin
2026-03-26 15:06:02,774 [INFO] PluginManager:220 - loadIPPluginJar : add fmc
2026-03-26 15:06:02,776 [INFO] IPUIPlugin:80 - create IPUIPlugin
2026-03-26 15:06:02,776 [INFO] PluginManager:220 - loadIPPluginJar : add i3c
2026-03-26 15:06:02,777 [INFO] IPUIPlugin:80 - create IPUIPlugin
2026-03-26 15:06:02,778 [INFO] PluginManager:220 - loadIPPluginJar : add ltdc
2026-03-26 15:06:02,782 [INFO] IPUIPlugin:80 - create IPUIPlugin
2026-03-26 15:06:02,782 [INFO] PluginManager:220 - loadIPPluginJar : add dma
2026-03-26 15:06:02,787 [INFO] IPUIPlugin:80 - create IPUIPlugin
2026-03-26 15:06:02,787 [INFO] PluginManager:220 - loadIPPluginJar : add freertos
2026-03-26 15:06:02,788 [INFO] IPUIPlugin:80 - create IPUIPlugin
2026-03-26 15:06:02,789 [INFO] PluginManager:220 - loadIPPluginJar : add hash
2026-03-26 15:06:02,794 [INFO] IPUIPlugin:80 - create IPUIPlugin
2026-03-26 15:06:02,794 [INFO] PluginManager:220 - loadIPPluginJar : add adc
2026-03-26 15:06:02,795 [INFO] IPUIPlugin:80 - create IPUIPlugin
2026-03-26 15:06:02,796 [INFO] PluginManager:220 - loadIPPluginJar : add usart
2026-03-26 15:06:02,801 [INFO] IPUIPlugin:80 - create IPUIPlugin
2026-03-26 15:06:02,801 [INFO] PluginManager:220 - loadIPPluginJar : add stm32_wpan
2026-03-26 15:06:02,802 [INFO] IPUIPlugin:80 - create IPUIPlugin
2026-03-26 15:06:02,802 [INFO] PluginManager:220 - loadIPPluginJar : add genericplugin
2026-03-26 15:06:02,805 [INFO] IPUIPlugin:80 - create IPUIPlugin
2026-03-26 15:06:02,805 [INFO] PluginManager:220 - loadIPPluginJar : add gpio
2026-03-26 15:06:02,807 [INFO] IPUIPlugin:80 - create IPUIPlugin
2026-03-26 15:06:02,807 [INFO] PluginManager:220 - loadIPPluginJar : add nvic
2026-03-26 15:06:02,808 [INFO] IPUIPlugin:80 - create IPUIPlugin
2026-03-26 15:06:02,809 [INFO] PluginManager:220 - loadIPPluginJar : add dfsdm
2026-03-26 15:06:02,809 [INFO] IPUIPlugin:80 - create IPUIPlugin
2026-03-26 15:06:02,809 [INFO] PluginManager:220 - loadIPPluginJar : add fatfs
2026-03-26 15:06:02,810 [INFO] IPUIPlugin:80 - create IPUIPlugin
2026-03-26 15:06:02,810 [INFO] PluginManager:220 - loadIPPluginJar : add comp
2026-03-26 15:06:02,811 [INFO] IPUIPlugin:80 - create IPUIPlugin
2026-03-26 15:06:02,811 [INFO] PluginManager:220 - loadIPPluginJar : add i2s
2026-03-26 15:06:02,813 [INFO] IPUIPlugin:80 - create IPUIPlugin
2026-03-26 15:06:02,813 [INFO] PluginManager:220 - loadIPPluginJar : add cryp
2026-03-26 15:06:02,813 [INFO] IPUIPlugin:80 - create IPUIPlugin
2026-03-26 15:06:02,813 [INFO] PluginManager:220 - loadIPPluginJar : add quadspi
2026-03-26 15:06:02,816 [INFO] IPUIPlugin:80 - create IPUIPlugin
2026-03-26 15:06:02,816 [INFO] PluginManager:220 - loadIPPluginJar : add gic
2026-03-26 15:06:02,819 [INFO] IPUIPlugin:80 - create IPUIPlugin
2026-03-26 15:06:02,819 [INFO] PluginManager:220 - loadIPPluginJar : add tim
2026-03-26 15:06:02,822 [INFO] IPUIPlugin:80 - create IPUIPlugin
2026-03-26 15:06:02,822 [INFO] PluginManager:220 - loadIPPluginJar : add extmemmanager
2026-03-26 15:06:02,912 [FATAL] Updater:351 - Updater called before beeing initialized
2026-03-26 15:06:02,928 [INFO] RulesReader:64 - Compatibility file has been processed (317 Rules)
2026-03-26 15:06:02,935 [INFO] RulesReader:64 - Compatibility file has been processed (317 Rules)
2026-03-26 15:06:02,940 [INFO] CADModel:165 - CPN selected for project level
2026-03-26 15:06:02,941 [INFO] CADModel:114 - Register for checkConnection events
2026-03-26 15:06:02,941 [FATAL] Updater:351 - Updater called before beeing initialized
2026-03-26 15:06:02,941 [ERROR] CADModel:125 - Updater not yet initialized, retry later 
2026-03-26 15:06:03,033 [FATAL] Updater:351 - Updater called before beeing initialized
2026-03-26 15:06:03,035 [INFO] CADModel:165 - CPN selected for project level
2026-03-26 15:06:03,035 [INFO] CADModel:114 - Register for checkConnection events
2026-03-26 15:06:03,035 [FATAL] Updater:351 - Updater called before beeing initialized
2026-03-26 15:06:03,035 [ERROR] CADModel:125 - Updater not yet initialized, retry later 
2026-03-26 15:06:03,038 [FATAL] Updater:351 - Updater called before beeing initialized
2026-03-26 15:06:03,115 [FATAL] Updater:351 - Updater called before beeing initialized
2026-03-26 15:06:03,117 [INFO] DbMcusAds:53 - JSON generation date=Wed Feb 18 15:32:49 CET 2026 (1771425169371)
2026-03-26 15:06:03,118 [FATAL] Updater:351 - Updater called before beeing initialized
2026-03-26 15:06:03,138 [WARN] DetailPanel:346 - Failed to get advertising image, set to default
2026-03-26 15:06:03,186 [FATAL] Updater:351 - Updater called before beeing initialized
2026-03-26 15:06:03,188 [FATAL] Updater:351 - Updater called before beeing initialized
2026-03-26 15:06:03,188 [FATAL] Updater:351 - Updater called before beeing initialized
2026-03-26 15:06:03,188 [WARN] DetailPanel:346 - Failed to get advertising image, set to default
2026-03-26 15:06:03,188 [FATAL] Updater:351 - Updater called before beeing initialized
2026-03-26 15:06:03,207 [ERROR] Updater:1198 - MainUpdater not yet initialized. External WinMGr cannot be set.
2026-03-26 15:06:03,208 [INFO] Updater:1134 - Updater Version found : 6.15.0
2026-03-26 15:06:03,218 [INFO] ApplicationProperties:184 - Using Application install path: /opt/st/stm32cubeide_1.19.0/plugins/com.st.stm32cube.common.mx_6.15.0.202507011659
2026-03-26 15:06:03,377 [INFO] MainUpdater:2872 - connection check result : 10
2026-03-26 15:06:03,378 [INFO] MainUpdater:289 - Updater Check For Update Now.
2026-03-26 15:06:03,378 [INFO] MicroXplorer:498 - Change Database Version : DB.6.0.150
2026-03-26 15:06:03,381 [INFO] McuFinderGlobals:63 - Set McuFinder mode to 2 (CubeIDE integrated)
2026-03-26 15:06:03,382 [INFO] UserAuth:487 - Internet connection configuration mode: 1
2026-03-26 15:06:03,397 [INFO] JxBrowserEngine:152 - Initiate JxBrowser Engine with user profile folder
2026-03-26 15:06:03,539 [INFO] CheckServerUpdateThread:120 - End of CheckServer Thread
2026-03-26 15:06:04,006 [INFO] WebApp:169 - Instantiating new browser for Auth
2026-03-26 15:06:04,434 [INFO] WebApp:463 - Apply proxy settings
2026-03-26 15:06:04,434 [INFO] WebApp:548 - Chromium requires no authentication
2026-03-26 15:06:04,438 [INFO] WebApp:491 - Direct internet connection detected
2026-03-26 15:06:04,450 [INFO] WebApp:900 - Register for checkConnection events
2026-03-26 15:06:04,451 [INFO] WebApp:463 - Apply proxy settings
2026-03-26 15:06:04,451 [INFO] WebApp:548 - Chromium requires no authentication
2026-03-26 15:06:04,451 [INFO] WebApp:491 - Direct internet connection detected
2026-03-26 15:06:04,527 [INFO] WebApp:225 - Starting web application
2026-03-26 15:06:04,527 [INFO] WebApp:593 - Web application path used /opt/st/stm32cubeide_1.19.0/plugins/com.st.stm32cube.common.mx_6.15.0.202507011659/db/plugins/mcufinder/reactClient1/index.html
2026-03-26 15:06:04,602 [INFO] UserAuth:487 - Internet connection configuration mode: 1
2026-03-26 15:06:04,833 [INFO] WebApp:191 - Connection restablished
2026-03-26 15:06:05,514 [WARN] PackLoader:240 - Cannot read IP mode file for STMicroelectronics.X-CUBE-AZRTOS-H7.3.5.0
2026-03-26 15:06:05,522 [WARN] PackLoader:240 - Cannot read IP mode file for STMicroelectronics.FP-SNS-MOTENVWB1.1.4.0
2026-03-26 15:06:05,526 [WARN] PackLoader:240 - Cannot read IP mode file for STMicroelectronics.FP-ATR-ASTRA1.2.0.2
2026-03-26 15:06:05,531 [WARN] PackLoader:240 - Cannot read IP mode file for STMicroelectronics.X-CUBE-SMBUS.2.1.0
2026-03-26 15:06:05,534 [WARN] PackLoader:240 - Cannot read IP mode file for STMicroelectronics.X-CUBE-ST60.1.0.0
2026-03-26 15:06:05,549 [WARN] PackLoader:240 - Cannot read IP mode file for STMicroelectronics.X-CUBE-AZRTOS-F7.1.1.0
2026-03-26 15:06:05,554 [WARN] PackLoader:240 - Cannot read IP mode file for Cesanta.I-CUBE-Mongoose.7.19.0
2026-03-26 15:06:05,557 [WARN] PackLoader:240 - Cannot read IP mode file for STMicroelectronics.FP-SNS-MOTENV1.5.1.0
2026-03-26 15:06:05,564 [WARN] PackLoader:240 - Cannot read IP mode file for WES.I-CUBE-Cesium.1.4.0
2026-03-26 15:06:05,578 [WARN] PackLoader:240 - Cannot read IP mode file for Infineon.AIROC-Wi-Fi-Bluetooth-STM32.1.7.1
2026-03-26 15:06:05,595 [WARN] PackLoader:240 - Cannot read IP mode file for STMicroelectronics.X-CUBE-AZRTOS-H7.3.4.0
2026-03-26 15:06:05,602 [WARN] PackLoader:240 - Cannot read IP mode file for STMicroelectronics.X-CUBE-DISPLAY.3.0.0
2026-03-26 15:06:05,617 [WARN] PackLoader:240 - Cannot read IP mode file for STMicroelectronics.FP-SNS-MOTENVWB1.1.5.0
2026-03-26 15:06:05,624 [WARN] PackLoader:240 - Cannot read IP mode file for STMicroelectronics.X-CUBE-NFC10.1.0.0
2026-03-26 15:06:05,630 [WARN] PackLoader:240 - Cannot read IP mode file for STMicroelectronics.X-CUBE-ST60.1.1.0
2026-03-26 15:06:05,634 [WARN] PackLoader:240 - Cannot read IP mode file for emotas.I-CUBE-CANOPEN.1.3.0
2026-03-26 15:06:05,639 [WARN] PackLoader:240 - Cannot read IP mode file for STMicroelectronics.X-CUBE-GNSS1.7.1.0
2026-03-26 15:06:05,644 [WARN] PackLoader:240 - Cannot read IP mode file for STMicroelectronics.FP-SNS-SMARTAG2.1.2.0
2026-03-26 15:06:05,647 [WARN] PackLoader:240 - Cannot read IP mode file for STMicroelectronics.FP-SNS-FLIGHT1.5.1.0
2026-03-26 15:06:05,655 [INFO] LogOutputStream:77 - [STDOUT_REDIRECT] 1 : Invalid condition id : UX_CORESTACK_Condition cause : null
2026-03-26 15:06:05,656 [INFO] LogOutputStream:77 - [STDOUT_REDIRECT] 1 : Invalid condition id : UX_CORESTACK_Condition cause : null
2026-03-26 15:06:05,656 [INFO] LogOutputStream:77 - [STDOUT_REDIRECT] 1 : Invalid condition id : UX_CORESTACK_Condition cause : null
2026-03-26 15:06:05,657 [INFO] LogOutputStream:77 - [STDOUT_REDIRECT] 1 : Invalid condition id : UX_CORESTACK_Condition cause : null
2026-03-26 15:06:05,657 [INFO] LogOutputStream:77 - [STDOUT_REDIRECT] 1 : Invalid condition id : UX_CORESTACK_Condition cause : null
2026-03-26 15:06:05,660 [WARN] PackLoader:240 - Cannot read IP mode file for STMicroelectronics.X-CUBE-AZRTOS-WL.2.0.0
2026-03-26 15:06:05,665 [WARN] PackLoader:240 - Cannot read IP mode file for STMicroelectronics.FP-SNS-MOTENV1.5.0.0
2026-03-26 15:06:05,677 [WARN] PackLoader:240 - Cannot read IP mode file for STMicroelectronics.X-CUBE-AZRTOS-H7RS.1.2.0
2026-03-26 15:06:05,683 [WARN] PackLoader:240 - Cannot read IP mode file for STMicroelectronics.X-CUBE-BLE2.3.3.0
2026-03-26 15:06:05,701 [WARN] PackLoader:240 - Cannot read IP mode file for STMicroelectronics.X-CUBE-NFC9.1.0.0
2026-03-26 15:06:05,706 [WARN] PackLoader:240 - Cannot read IP mode file for wolfSSL.I-CUBE-wolfSSL.5.8.2
2026-03-26 15:06:05,710 [WARN] PackLoader:240 - Cannot read IP mode file for STMicroelectronics.X-CUBE-BLE1.7.1.0
2026-03-26 15:06:05,713 [WARN] PackLoader:240 - Cannot read IP mode file for wolfSSL.I-CUBE-wolfMQTT.1.19.2
2026-03-26 15:06:05,718 [WARN] PackLoader:240 - Cannot read IP mode file for STMicroelectronics.X-CUBE-FREERTOS.1.4.0
2026-03-26 15:06:05,723 [WARN] PackLoader:240 - Cannot read IP mode file for STMicroelectronics.X-CUBE-EEPRMA1.5.2.0
2026-03-26 15:06:05,729 [WARN] PackLoader:240 - Cannot read IP mode file for STMicroelectronics.X-CUBE-ST67W61.1.1.0
2026-03-26 15:06:05,763 [WARN] PackLoader:240 - Cannot read IP mode file for STMicroelectronics.X-CUBE-MEMS1.12.0.0
2026-03-26 15:06:05,928 [WARN] PackLoader:240 - Cannot read IP mode file for STMicroelectronics.X-CUBE-AZRTOS-G0.1.1.0
2026-03-26 15:06:05,937 [WARN] PackLoader:240 - Cannot read IP mode file for STMicroelectronics.X-CUBE-SAFEA1.1.2.2
2026-03-26 15:06:05,942 [WARN] PackLoader:240 - Cannot read IP mode file for STMicroelectronics.X-CUBE-NFC4.3.0.0
2026-03-26 15:06:05,950 [WARN] PackLoader:240 - Cannot read IP mode file for EmbeddedOffice.I-CUBE-FS-RTOS.1.0.1
2026-03-26 15:06:05,954 [WARN] PackLoader:240 - Cannot read IP mode file for STMicroelectronics.X-CUBE-WB05N.2.0.0
2026-03-26 15:06:05,958 [WARN] PackLoader:240 - Cannot read IP mode file for wolfSSL.I-CUBE-wolfTPM.3.8.0
2026-03-26 15:06:05,962 [WARN] PackLoader:240 - Cannot read IP mode file for STMicroelectronics.X-CUBE-TCPP.4.2.0
2026-03-26 15:06:05,966 [WARN] PackLoader:240 - Cannot read IP mode file for RealThread.X-CUBE-RT-Thread_Nano.4.1.1
2026-03-26 15:06:05,969 [WARN] PackLoader:240 - Cannot read IP mode file for STMicroelectronics.FP-ATR-SIGFOX1.3.2.0
2026-03-26 15:06:05,972 [WARN] PackLoader:240 - Cannot read IP mode file for STMicroelectronics.X-CUBE-FREERTOS.1.5.0
2026-03-26 15:06:05,975 [WARN] PackLoader:240 - Cannot read IP mode file for ITTIA_DB.I-CUBE-ITTIADB.8.9.0
2026-03-26 15:06:05,979 [WARN] PackLoader:240 - Cannot read IP mode file for STMicroelectronics.X-CUBE-NFC6.3.2.0
2026-03-26 15:06:05,999 [WARN] PackLoader:240 - Cannot read IP mode file for SEGGER.I-CUBE-embOS.1.3.1
2026-03-26 15:06:06,020 [WARN] PackLoader:240 - Cannot read IP mode file for STMicroelectronics.X-CUBE-ALGOBUILD.1.4.0
2026-03-26 15:06:06,045 [WARN] PackLoader:240 - Cannot read IP mode file for STMicroelectronics.X-CUBE-MEMS1.11.3.0
2026-03-26 15:06:06,139 [WARN] PackLoader:240 - Cannot read IP mode file for STMicroelectronics.X-CUBE-PM33A1.1.0.0
2026-03-26 15:06:06,151 [WARN] PackLoader:240 - Cannot read IP mode file for STMicroelectronics.X-CUBE-AZRTOS-F4.1.1.0
2026-03-26 15:06:06,156 [WARN] PackLoader:240 - Cannot read IP mode file for STMicroelectronics.X-CUBE-ISPU.2.1.0
2026-03-26 15:06:06,165 [WARN] PackLoader:240 - Cannot read IP mode file for STMicroelectronics.X-CUBE-IPS.3.2.0
2026-03-26 15:06:06,172 [WARN] PackLoader:240 - Cannot read IP mode file for STMicroelectronics.X-CUBE-NFC12.1.0.0
2026-03-26 15:06:06,183 [WARN] PackLoader:240 - Cannot read IP mode file for STMicroelectronics.X-CUBE-AZRTOS-L5.2.0.0
2026-03-26 15:06:06,189 [WARN] PackLoader:240 - Cannot read IP mode file for STMicroelectronics.X-CUBE-NFC6.3.1.0
2026-03-26 15:06:06,193 [WARN] PackLoader:240 - Cannot read IP mode file for STMicroelectronics.X-CUBE-FREERTOS.1.3.1
2026-03-26 15:06:06,197 [WARN] PackLoader:240 - Cannot read IP mode file for STMicroelectronics.X-CUBE-TOUCHGFX.4.26.0
2026-03-26 15:06:06,199 [WARN] PackLoader:240 - Cannot read IP mode file for STMicroelectronics.X-CUBE-TOUCHGFX.4.26.1
2026-03-26 15:06:06,202 [WARN] PackLoader:240 - Cannot read IP mode file for STMicroelectronics.X-CUBE-DPower.1.3.0
2026-03-26 15:06:06,215 [WARN] ConditionMgr:438 - getConditionDescription Invalid condition id : LAN8742 Phy interface Condition cause : null
2026-03-26 15:06:06,215 [WARN] PackLoader:240 - Cannot read IP mode file for STMicroelectronics.X-CUBE-AZRTOS-L4.2.0.0
2026-03-26 15:06:06,216 [WARN] ConditionMgr:1044 - genDependencies : Invalid condition id : LAN8742 Phy interface Condition cause : null
2026-03-26 15:06:06,216 [WARN] ConditionMgr:1044 - genDependencies : Invalid condition id : LAN8742 Phy interface Condition cause : null
2026-03-26 15:06:06,216 [WARN] ConditionMgr:1044 - genDependencies : Invalid condition id : LAN8742 Phy interface Condition cause : null
2026-03-26 15:06:06,221 [WARN] PackLoader:240 - Cannot read IP mode file for STMicroelectronics.X-CUBE-SFXS2LP1.4.0.0
2026-03-26 15:06:06,225 [WARN] PackLoader:240 - Cannot read IP mode file for STMicroelectronics.X-CUBE-ST67W61.1.2.0
2026-03-26 15:06:06,233 [WARN] PackLoader:240 - Cannot read IP mode file for STMicroelectronics.X-CUBE-BLEMGR.4.1.0
2026-03-26 15:06:06,243 [WARN] ConditionMgr:438 - getConditionDescription Invalid condition id : UX DEVICE CLASS RTOS Condition cause : null
2026-03-26 15:06:06,243 [WARN] ConditionMgr:438 - getConditionDescription Invalid condition id : UX DEVICE CLASS RTOS Condition cause : null
2026-03-26 15:06:06,244 [WARN] PackLoader:240 - Cannot read IP mode file for STMicroelectronics.X-CUBE-AZRTOS-WB.2.0.0
2026-03-26 15:06:06,244 [WARN] ConditionMgr:1044 - genDependencies : Invalid condition id : UX DEVICE CLASS RTOS Condition cause : null
2026-03-26 15:06:06,245 [WARN] ConditionMgr:1044 - genDependencies : Invalid condition id : UX DEVICE CLASS RTOS Condition cause : null
2026-03-26 15:06:06,245 [WARN] ConditionMgr:1044 - genDependencies : Invalid condition id : UX DEVICE CLASS RTOS Condition cause : null
2026-03-26 15:06:06,245 [WARN] ConditionMgr:1044 - genDependencies : Invalid condition id : UX DEVICE CLASS RTOS Condition cause : null
2026-03-26 15:06:06,245 [WARN] ConditionMgr:1044 - genDependencies : Invalid condition id : UX DEVICE CLASS RTOS Condition cause : null
2026-03-26 15:06:06,248 [WARN] PackLoader:240 - Cannot read IP mode file for STMicroelectronics.X-CUBE-GNSS1.7.0.1
2026-03-26 15:06:06,252 [WARN] ConditionMgr:438 - getConditionDescription Invalid condition id : Cortex-A Device cause : null
2026-03-26 15:06:06,260 [WARN] ConditionMgr:1044 - genDependencies : Invalid condition id : Cortex-A Device cause : null
2026-03-26 15:06:06,260 [WARN] ConditionMgr:1044 - genDependencies : Invalid condition id : Cortex-A Device cause : null
2026-03-26 15:06:06,260 [WARN] ConditionMgr:1044 - genDependencies : Invalid condition id : Cortex-A Device cause : null
2026-03-26 15:06:06,265 [WARN] PackLoader:240 - Cannot read IP mode file for STMicroelectronics.X-CUBE-STSE01.2.0.0
2026-03-26 15:06:06,278 [WARN] PackLoader:240 - Cannot read IP mode file for STMicroelectronics.X-CUBE-SUBG2.5.0.0
2026-03-26 15:06:06,302 [WARN] PackLoader:240 - Cannot read IP mode file for STMicroelectronics.X-CUBE-AZRTOS-H7RS.1.1.0
2026-03-26 15:06:06,317 [WARN] PackLoader:240 - Cannot read IP mode file for STMicroelectronics.X-CUBE-AZRTOS-G4.2.0.0
2026-03-26 15:06:06,323 [WARN] PackLoader:240 - Cannot read IP mode file for wolfSSL.I-CUBE-wolfSSH.1.4.20
2026-03-26 15:06:06,327 [WARN] PackLoader:240 - Cannot read IP mode file for STMicroelectronics.X-CUBE-NFC7.2.0.0
2026-03-26 15:06:06,330 [WARN] PackLoader:240 - Cannot read IP mode file for STMicroelectronics.X-CUBE-ALS.1.0.2
2026-03-26 15:06:06,335 [WARN] PackLoader:240 - Cannot read IP mode file for STMicroelectronics.X-CUBE-STSE01.1.0.0
2026-03-26 15:06:06,352 [WARN] PackLoader:240 - Cannot read IP mode file for STMicroelectronics.X-CUBE-TOF1.3.4.3
2026-03-26 15:06:06,365 [INFO] ThirdParty:978 - Integrity check success = true
2026-03-26 15:06:06,365 [INFO] IntegrityCheckThread:100 - exiting critical section [integrity check]
2026-03-26 15:06:06,365 [INFO] IntegrityCheckThread:103 - End integrity checks thread
2026-03-26 15:11:05,561 [INFO] WebApp:194 - Connection lost
2026-03-26 15:11:05,773 [INFO] WebApp:191 - Connection restablished
2026-03-26 15:11:46,794 [INFO] WebApp:194 - Connection lost
2026-03-26 15:11:46,918 [INFO] WebApp:191 - Connection restablished
2026-03-26 15:15:17,037 [INFO] WebApp:194 - Connection lost
2026-03-26 15:15:17,160 [INFO] WebApp:191 - Connection restablished
2026-03-26 15:15:28,153 [INFO] WebApp:194 - Connection lost
2026-03-26 15:15:28,276 [INFO] WebApp:191 - Connection restablished
2026-03-26 15:59:41,752 [INFO] McuFinderGlobals:63 - Set McuFinder mode to 2 (CubeIDE integrated)
2026-03-26 15:59:41,758 [INFO] MainUpdater:2872 - connection check result : 10
2026-03-26 15:59:41,759 [INFO] MainUpdater:2872 - connection check result : 10
2026-03-26 15:59:41,795 [INFO] MicroXplorer:468 - Change Database Path : 
2026-03-26 15:59:41,795 [INFO] MicroXplorer:498 - Change Database Version : DB.6.0.150
2026-03-26 15:59:41,802 [WARN] ThirdParty:871 - waiting for thirdparty lock release [close project]
2026-03-26 15:59:41,802 [INFO] ThirdParty:873 - entering critical section [close project]
2026-03-26 15:59:41,804 [INFO] ThirdParty:883 - exiting critical section [close project]
2026-03-26 15:59:41,808 [INFO] PinOutPanel:1589 - setPackage(No Configuration,No Configuration)
2026-03-26 15:59:41,813 [INFO] UtilMem:75 - Begin LoadConfig() Used Memory: 520126752 Bytes (1001390080)
2026-03-26 15:59:41,816 [INFO] MicroXplorer:468 - Change Database Path : 
2026-03-26 15:59:41,816 [INFO] MicroXplorer:498 - Change Database Version : DB.6.0.150
2026-03-26 15:59:41,817 [INFO] OpenFileManager:355 - Change cursor
2026-03-26 15:59:41,875 [INFO] Mcu:2029 - Initializing MCU STM32F446R(C-E)Tx STM32F446RETx STM32F446RET6
2026-03-26 15:59:43,328 [INFO] Context:786 - Trying to add GPIOservice into a context  which must be forbidden
2026-03-26 15:59:43,683 [INFO] ImportTextPane:234 - (OptionalMessage_ERROR) Pin21 (VP_RIF_VS_RIF1) cannot be retrieved for this MCU
2026-03-26 15:59:43,827 [INFO] RtosManager:558 - Registered RTOS mode: class=CMSIS, group=RTOS, mode=CMSIS_V1, owner=FREERTOS
2026-03-26 15:59:43,828 [INFO] RtosManager:558 - Registered RTOS mode: class=CMSIS, group=RTOS2, mode=CMSIS_V2, owner=FREERTOS
2026-03-26 15:59:43,828 [INFO] RtosManager:558 - Registered RTOS mode: class=RTOS, group=Core, mode=CMSIS_V1, owner=FREERTOS
2026-03-26 15:59:43,828 [INFO] RtosManager:558 - Registered RTOS mode: class=RTOS, group=Core, mode=CMSIS_V2, owner=FREERTOS
2026-03-26 15:59:43,828 [WARN] ModelIntegratedComponent:184 - Missing modes for component STMicroelectronics:FreeRTOS:0.0.1:STMicroelectronics:RTOS:FreeRTOS:Core:::10.2.0:
2026-03-26 15:59:43,849 [WARN] ModelIntegratedComponent:63 - No mode defined for component null
2026-03-26 15:59:43,850 [WARN] ModelIntegratedComponent:63 - No mode defined for component null
2026-03-26 15:59:43,850 [WARN] ModelIntegratedComponent:63 - No mode defined for component null
2026-03-26 15:59:43,850 [WARN] ModelIntegratedComponent:63 - No mode defined for component null
2026-03-26 15:59:43,850 [WARN] ModelIntegratedComponent:63 - No mode defined for component null
2026-03-26 15:59:43,850 [WARN] ModelIntegratedComponent:63 - No mode defined for component null
2026-03-26 15:59:43,850 [WARN] ModelIntegratedComponent:63 - No mode defined for component null
2026-03-26 15:59:43,850 [WARN] ModelIntegratedComponent:63 - No mode defined for component null
2026-03-26 15:59:43,850 [WARN] ModelIntegratedComponent:63 - No mode defined for component null
2026-03-26 15:59:43,850 [WARN] ModelIntegratedComponent:63 - No mode defined for component null
2026-03-26 15:59:43,850 [WARN] ModelIntegratedComponent:63 - No mode defined for component null
2026-03-26 15:59:43,850 [WARN] ModelIntegratedComponent:63 - No mode defined for component null
2026-03-26 15:59:43,850 [WARN] ModelIntegratedComponent:63 - No mode defined for component null
2026-03-26 15:59:43,850 [WARN] ModelIntegratedComponent:63 - No mode defined for component null
2026-03-26 15:59:43,850 [WARN] ModelIntegratedComponent:63 - No mode defined for component null
2026-03-26 15:59:43,850 [WARN] ModelIntegratedComponent:63 - No mode defined for component null
2026-03-26 15:59:43,850 [WARN] ModelIntegratedComponent:63 - No mode defined for component null
2026-03-26 15:59:43,850 [WARN] ModelIntegratedComponent:63 - No mode defined for component null
2026-03-26 15:59:43,850 [WARN] ModelIntegratedComponent:63 - No mode defined for component null
2026-03-26 15:59:43,850 [WARN] ModelIntegratedComponent:63 - No mode defined for component null
2026-03-26 15:59:43,850 [WARN] ModelIntegratedComponent:63 - No mode defined for component null
2026-03-26 15:59:43,850 [WARN] ModelIntegratedComponent:63 - No mode defined for component null
2026-03-26 15:59:43,850 [WARN] ModelIntegratedComponent:63 - No mode defined for component null
2026-03-26 15:59:43,850 [WARN] ModelIntegratedComponent:63 - No mode defined for component null
2026-03-26 15:59:43,850 [WARN] ModelIntegratedComponent:63 - No mode defined for component null
2026-03-26 15:59:43,850 [WARN] ModelIntegratedComponent:63 - No mode defined for component null
2026-03-26 15:59:43,850 [WARN] ModelIntegratedComponent:63 - No mode defined for component null
2026-03-26 15:59:43,850 [WARN] ModelIntegratedComponent:63 - No mode defined for component null
2026-03-26 15:59:43,851 [WARN] ModelIntegratedComponent:63 - No mode defined for component null
2026-03-26 15:59:43,851 [WARN] ModelIntegratedComponent:63 - No mode defined for component null
2026-03-26 15:59:43,851 [WARN] ModelIntegratedComponent:63 - No mode defined for component null
2026-03-26 15:59:43,851 [WARN] ModelIntegratedComponent:63 - No mode defined for component null
2026-03-26 15:59:43,851 [WARN] ModelIntegratedComponent:63 - No mode defined for component null
2026-03-26 15:59:43,851 [WARN] ModelIntegratedComponent:63 - No mode defined for component null
2026-03-26 15:59:43,851 [WARN] ModelIntegratedComponent:63 - No mode defined for component null
2026-03-26 15:59:43,851 [WARN] ModelPack:524 - Component already loaded: STMicroelectronics:HAL Drivers:0.0.0:STMicroelectronics:Device:STMicro_Driver:XSPI:HAL::0.0.1:HAL_XSPI
2026-03-26 15:59:43,943 [INFO] ThirdPartyModel:298 - Start build external matchings
2026-03-26 15:59:44,283 [INFO] ThirdPartyModel:316 - End build external matchings
2026-03-26 15:59:44,307 [INFO] ImportTextPane:234 - (OptionalMessage_ERROR) IP (DMA) : Parameter (Instance) has Id (I2C1_RX) currently not set
2026-03-26 15:59:44,308 [INFO] ImportTextPane:234 - (OptionalMessage_ERROR) IP (DMA) : Parameter (Channel) has Id (I2C1_RX) currently not set
2026-03-26 15:59:44,308 [INFO] ImportTextPane:234 - (OptionalMessage_ERROR) IP (DMA) : Parameter (Direction) has Id (I2C1_RX) currently not set
2026-03-26 15:59:44,308 [INFO] ImportTextPane:234 - (OptionalMessage_ERROR) IP (DMA) : Parameter (PeriphInc) has Id (I2C1_RX) currently not set
2026-03-26 15:59:44,308 [INFO] ImportTextPane:234 - (OptionalMessage_ERROR) IP (DMA) : Parameter (MemInc) has Id (I2C1_RX) currently not set
2026-03-26 15:59:44,308 [INFO] ImportTextPane:234 - (OptionalMessage_ERROR) IP (DMA) : Parameter (PeriphDataAlignment) has Id (I2C1_RX) currently not set
2026-03-26 15:59:44,308 [INFO] ImportTextPane:234 - (OptionalMessage_ERROR) IP (DMA) : Parameter (MemDataAlignment) has Id (I2C1_RX) currently not set
2026-03-26 15:59:44,309 [INFO] ImportTextPane:234 - (OptionalMessage_ERROR) IP (DMA) : Parameter (Mode) has Id (I2C1_RX) currently not set
2026-03-26 15:59:44,309 [INFO] ImportTextPane:234 - (OptionalMessage_ERROR) IP (DMA) : Parameter (Priority) has Id (I2C1_RX) currently not set
2026-03-26 15:59:44,309 [INFO] ImportTextPane:234 - (OptionalMessage_ERROR) IP (DMA) : Parameter (FIFOMode) has Id (I2C1_RX) currently not set
2026-03-26 15:59:44,310 [WARN] IP:2250 - I2C_Coeff_DF not found: check if there is a RefParameter without a condition.
2026-03-26 15:59:44,310 [WARN] IP:2250 - Analog_Filter not found: check if there is a RefParameter without a condition.
2026-03-26 15:59:44,310 [INFO] ImportTextPane:234 - (OptionalMessage_ERROR) IP (RCC) : Invalid parameter (48MHZClocksFreq_Value)
2026-03-26 15:59:44,311 [INFO] ImportTextPane:234 - (OptionalMessage_ERROR) IP (RCC) : Invalid parameter (EthernetFreq_Value)
2026-03-26 15:59:44,311 [INFO] ImportTextPane:234 - (OptionalMessage_ERROR) IP (RCC) : Parameter (FLatency) has Id (AdvancedSettings) currently not set
2026-03-26 15:59:44,312 [INFO] ImportTextPane:234 - (OptionalMessage_ERROR) IP (RCC) : Invalid parameter (FamilyName)
2026-03-26 15:59:44,312 [INFO] ImportTextPane:234 - (OptionalMessage_ERROR) IP (RCC) : Invalid parameter (I2SClocksFreq_Value)
2026-03-26 15:59:44,312 [INFO] ImportTextPane:234 - (OptionalMessage_ERROR) IP (RCC) : Invalid parameter (VCOInputMFreq_Value)
2026-03-26 15:59:44,313 [INFO] ImportTextPane:234 - (OptionalMessage_ERROR) IP (RCC) : Invalid parameter (VcooutputI2S)
2026-03-26 15:59:44,545 [INFO] ApiDb:581 - Connected to CubeFinder SQLite database (/home/kamil/.stmcufinder/plugins/mcufinder/mcu/cube-finder-db.db)
2026-03-26 15:59:44,598 [INFO] ApiDb:668 - CubeFinder database Data Model version=2.1
2026-03-26 15:59:44,598 [INFO] ApiDb:669 - CubeFinder database Configuration version=3.0.42
2026-03-26 15:59:44,599 [INFO] ApiDb:670 - CubeFinder database generation date=2026-02-13 (1770995876)
2026-03-26 15:59:44,599 [INFO] ApiDb:671 - CubeFinder database FW Pack versions=[FP-ATR-ASTRA1_V2.0.0, FP-SNS-FLIGHT1_V5.1.0, FP-SNS-MOTENV1_V5.1.0, FP-SNS-MOTENVWB1_V1.4.0, FP-SNS-SMARTAG2_V1.2.0, FP-SNS-STBOX1_V2.1.0, STM32Cube_FW_C0_V1.4.0, STM32Cube_FW_F4_V1.28.3, STM32Cube_FW_F7_V1.17.4, STM32Cube_FW_G0_V1.6.2, STM32Cube_FW_G4_V1.6.1, STM32Cube_FW_H5_V1.6.0, STM32Cube_FW_H7RS_V1.3.0, STM32Cube_FW_H7_V1.13.0, STM32Cube_FW_L0_V1.12.2, STM32Cube_FW_L4_V1.18.2, STM32Cube_FW_L5_V1.6.0, STM32Cube_FW_N6_V1.3.0, STM32Cube_FW_U0_V1.3.0, STM32Cube_FW_U3_V1.3.0, STM32Cube_FW_U5_V1.8.0, STM32Cube_FW_WB0_V1.4.0, STM32Cube_FW_WBA_V1.9.0, STM32Cube_FW_WB_V1.24.0, STM32Cube_FW_WL3_V1.4.0, STM32Cube_FW_WL_V1.5.0, X-CUBE-ALGOBUILD_V1.4.0, X-CUBE-ALS_V1.0.2, X-CUBE-AZRTOS-F4_V1.1.0, X-CUBE-AZRTOS-F7_V1.1.0, X-CUBE-AZRTOS-G0_V1.1.0, X-CUBE-AZRTOS-G4_V2.0.0, X-CUBE-AZRTOS-H7RS_V1.1.0, X-CUBE-AZRTOS-H7_V3.4.0, X-CUBE-AZRTOS-L4_V2.0.0, X-CUBE-AZRTOS-L5_V2.0.0, X-CUBE-AZRTOS-WB_V2.0.0, X-CUBE-AZRTOS-WL_V2.0.0, X-CUBE-BLE1_V7.1.0, X-CUBE-BLE2_V3.3.0, X-CUBE-BLEMGR_V4.1.0, X-CUBE-EEPRMA1_V5.2.0, X-CUBE-FREERTOS_V1.3.1, X-CUBE-GNSS1_V6.0.0, X-CUBE-MEMS1_V12.0.0, X-CUBE-NFC4_V3.0.0, X-CUBE-NFC7_V2.0.0, X-CUBE-SFXS2LP1_V4.0.0, X-CUBE-ST67W61_V1.1.0, X-CUBE-SUBG2_V5.0.0, X-CUBE-TOF1_V3.4.3]
2026-03-26 15:59:44,677 [INFO] DbBoardsSqlite:226 - include board P-NUCLEO-WB55-NUCLEO as a kit item of type 'Nucleo-64'
2026-03-26 15:59:44,677 [INFO] DbBoardsSqlite:226 - include board P-NUCLEO-WB55-USBDONGLE as a kit item of type 'Nucleo USB Dongle'
2026-03-26 15:59:44,678 [INFO] DbBoardsSqlite:226 - include board STEVAL-IDP005V1 as a kit item of type 'Evaluation Board'
2026-03-26 15:59:44,678 [INFO] DbBoardsSqlite:226 - include board STEVAL-IDP005V2 as a kit item of type 'Evaluation Board'
2026-03-26 15:59:44,766 [INFO] ApiDb:240 - Found 880 in-development CPN: [B-G473E-ZEST1S, B-WB1M-WPAN1, B-WBA5M-WPAN, B-WL5M-SUBG1, NUCLEO-C031C6, NUCLEO-C051C8, NUCLEO-C071RB, NUCLEO-C092RC, NUCLEO-H503RB, NUCLEO-H533RE, NUCLEO-H563ZI, NUCLEO-H7S3L8, NUCLEO-N657X0-Q, NUCLEO-U031R8, NUCLEO-U083RC, NUCLEO-U385RG-Q, NUCLEO-U545RE-Q, NUCLEO-U5A5ZJ-Q, NUCLEO-WB05KZ, NUCLEO-WB07CC, NUCLEO-WB09KE, NUCLEO-WBA52CG, NUCLEO-WBA55CG, NUCLEO-WL33CC1, NUCLEO-WL33CC2, STEVAL-PROTEUS1, STEVAL-SMARTAG2, STEVAL-STWINBX1, STM320518-EVAL, STM32C0116-DK, STM32C011D6Y3TR, STM32C011D6Y6TR, STM32C011F4P3, STM32C011F4P6, STM32C011F4U3, STM32C011F4U6TR, STM32C011F6P3, STM32C011F6P6, STM32C011F6U3, STM32C011F6U6TR, STM32C011J4M3, STM32C011J4M6, STM32C011J6M3, STM32C011J6M6, STM32C0316-DK, STM32C031C4T3, STM32C031C4T6, STM32C031C4U3, STM32C031C4U6, STM32C031C6T3, STM32C031C6T6, STM32C031C6U3, STM32C031C6U6, STM32C031F4P3, STM32C031F4P6, STM32C031F6P3, STM32C031F6P6, STM32C031G4U3, STM32C031G4U6, STM32C031G6U3, STM32C031G6U6, STM32C031K4T3, STM32C031K4T6, STM32C031K4U3, STM32C031K4U6, STM32C031K6T3, STM32C031K6T6, STM32C031K6U3, STM32C031K6U6, STM32C051C6T6, STM32C051C6U6, STM32C051C8T6, STM32C051C8U6, STM32C051D8Y6TR, STM32C051F6P6, STM32C051F8P6, STM32C051G6U6, STM32C051G8U6, STM32C051K6T6, STM32C051K6U6, STM32C051K8T6, STM32C071C8T6, STM32C071C8T6N, STM32C071C8U6, STM32C071C8U6N, STM32C071CBT6, STM32C071CBT6N, STM32C071CBU6, STM32C071CBU6N, STM32C071F8P6, STM32C071F8P6N, STM32C071FBP6, STM32C071FBP6N, STM32C071FBY6TR, STM32C071G8U6, STM32C071G8U6N, STM32C071GBU6, STM32C071GBU6N, STM32C071K8T6, STM32C071K8T6N, STM32C071K8U6, STM32C071K8U6N, STM32C071KBT6, STM32C071KBT6N, STM32C071KBU6, STM32C071KBU6N, STM32C071R8T6, STM32C071R8T6N, STM32C071RBI6N, STM32C071RBT6, STM32C071RBT6N, STM32C091CBT6, STM32C091CBU6, STM32C091CCT6, STM32C091CCU6, STM32C091ECY6TR, STM32C091FBP6, STM32C091FCP6, STM32C091GBU6, STM32C091GCU6, STM32C091KBT6, STM32C091KBU6, STM32C091KCT6, STM32C091KCU6, STM32C091RBT6, STM32C091RCI6, STM32C091RCT6, STM32C092CBT6, STM32C092CBU6, STM32C092CCT6, STM32C092CCU6, STM32C092ECY6TR, STM32C092FBP6, STM32C092FCP6, STM32C092GBU6, STM32C092GCU6, STM32C092KBT6, STM32C092KBU6, STM32C092KCT6, STM32C092KCU6, STM32C092RBT6, STM32C092RCI6, STM32C092RCT6, STM32G071K8TXN, STM32G071K8UXN, STM32G081GBU6N, STM32G081KBT6N, STM32G081KBUXN, STM32G0B1CCT6N, STM32G0B1KCT6, STM32G0B1NEY6TR, STM32G0B1RCT6N, STM32G0C1CCT6, STM32G0C1CCT6N, STM32G0C1CCU6N, STM32G0C1CET6N, STM32G0C1CEU6N, STM32G0C1KCT6, STM32G0C1NEY6TR, STM32G0C1RCI6N, STM32G0C1RCT6N, STM32G0C1REI6N, STM32G0C1RET6N, STM32G0C1VCI6, STM32G0C1VEI6, STM32G411C6T3, STM32G411C6T6, STM32G411C6U3, STM32G411C6U6, STM32G411C8T3, STM32G411C8T6, STM32G411C8U3, STM32G411C8U6, STM32G411CBT3, STM32G411CBT6, STM32G411CBU3, STM32G411CBU6, STM32G411K6T3, STM32G411K6T6, STM32G411K6U3, STM32G411K6U6, STM32G411K8T3, STM32G411K8T6, STM32G411K8U3, STM32G411K8U6, STM32G411KBT3, STM32G411KBT6, STM32G411KBU3, STM32G411KBU6, STM32G411M6T3, STM32G411M6T6, STM32G411M8T3, STM32G411M8T6, STM32G411MBT3, STM32G411MBT6, STM32G411R6T3, STM32G411R6T6, STM32G411R8T3, STM32G411R8T6, STM32G411RBT3, STM32G411RBT6, STM32G414CBT3, STM32G414CBT6, STM32G414CBU3, STM32G414CBU6, STM32G414CCT3, STM32G414CCT6, STM32G414CCU3, STM32G414CCU6, STM32G414MBT3, STM32G414MBT6, STM32G414MCT3, STM32G414MCT6, STM32G414RBT3, STM32G414RBT6, STM32G414RCT3, STM32G414RCT6, STM32G414VBT3, STM32G414VBT6, STM32G414VCT3, STM32G414VCT6, STM32G431CBT3Z, STM32G431RBT3Z, STM32G471CCT6, STM32G471CCU6, STM32G471CET3, STM32G471CET6, STM32G471CEU3, STM32G471CEU6, STM32G471MCT6, STM32G471MET3, STM32G471MET6, STM32G471MEY6TR, STM32G471QCT6, STM32G471QET3, STM32G471RCT6, STM32G471RET3, STM32G471RET6, STM32G471VCH6, STM32G471VCI6, STM32G471VCT6, STM32G471VEH3, STM32G471VEH6, STM32G471VEI3, STM32G471VEI6, STM32G471VET3, STM32G471VET6, STM32G473QET3Z, STM32G473RET3Z, STM32G474CCT6, STM32G491RET3Z, STM32H503CBT6, STM32H503CBU6, STM32H503EBY6TR, STM32H503KBU6, STM32H503RBT6, STM32H523CCT6, STM32H523CCU6, STM32H523CET6, STM32H523CEU6, STM32H523HEY6TR, STM32H523RCT6, STM32H523RET6, STM32H523VCI6, STM32H523VCT6, STM32H523VEI6, STM32H523VET6, STM32H523ZCJ6, STM32H523ZCT6, STM32H523ZEJ6, STM32H523ZET6, STM32H533CET6, STM32H533CEU6, STM32H533HEY6TR, STM32H533RET6, STM32H533VEI6, STM32H533VET6, STM32H533ZEJ6, STM32H533ZET6, STM32H562AGI6, STM32H562AII6, STM32H562IGK6, STM32H562IGT6, STM32H562IIK6, STM32H562IIT6, STM32H562RGT6, STM32H562RGV6, STM32H562RIT6, STM32H562RIV6, STM32H562VGT6, STM32H562VIT6, STM32H562ZGT6, STM32H562ZIT6, STM32H563AGI6, STM32H563AII3Q, STM32H563AII6, STM32H563IGK6, STM32H563IGT6, STM32H563IIK3Q, STM32H563IIK6, STM32H563IIT3Q, STM32H563IIT6, STM32H563MIY3QTR, STM32H563RGT6, STM32H563RGV6, STM32H563RIT6, STM32H563RIV6, STM32H563VGT6, STM32H563VIT3Q, STM32H563VIT6, STM32H563ZGT6, STM32H563ZIT3Q, STM32H563ZIT6, STM32H573AII3Q, STM32H573AII6, STM32H573I-DK, STM32H573IIK3Q, STM32H573IIK6, STM32H573IIT3Q, STM32H573IIT6, STM32H573MIY3QTR, STM32H573RIT6, STM32H573RIV6, STM32H573VIT3Q, STM32H573VIT6, STM32H573ZIT3Q, STM32H573ZIT6, STM32H7R3A8I6, STM32H7R3I8K6, STM32H7R3I8T6, STM32H7R3L8H6, STM32H7R3L8H6H, STM32H7R3R8V6, STM32H7R3V8H6, STM32H7R3V8T6, STM32H7R3V8Y6TR, STM32H7R3Z8J6, STM32H7R3Z8T6, STM32H7R7A8I6, STM32H7R7I8K6, STM32H7R7I8T6, STM32H7R7L8H6, STM32H7R7L8H6H, STM32H7R7Z8J6, STM32H7S3A8I6, STM32H7S3I8K6, STM32H7S3I8T6, STM32H7S3L8H6, STM32H7S3L8H6H, STM32H7S3R8V6, STM32H7S3V8H6, STM32H7S3V8T6, STM32H7S3V8Y6TR, STM32H7S3Z8J6, STM32H7S3Z8T6, STM32H7S78-DK, STM32H7S7A8I6, STM32H7S7I8K6, STM32H7S7I8T6, STM32H7S7L8H6, STM32H7S7L8H6H, STM32H7S7Z8J6, STM32L4R5QGI6STR, STM32MP131AAE3, STM32MP131AAF3, STM32MP131AAG3, STM32MP131CAE3, STM32MP131CAF3, STM32MP131CAG3, STM32MP131DAE7, STM32MP131DAF7, STM32MP131DAG7, STM32MP131FAE7, STM32MP131FAF7, STM32MP131FAG7, STM32MP133AAE3, STM32MP133AAF3, STM32MP133AAG3, STM32MP133CAE3, STM32MP133CAF3, STM32MP133CAG3, STM32MP133DAE7, STM32MP133DAF7, STM32MP133DAG7, STM32MP133FAE7, STM32MP133FAF7, STM32MP133FAG7, STM32MP135AAE3, STM32MP135AAF3, STM32MP135AAG3, STM32MP135CAE3, STM32MP135CAF3, STM32MP135CAG3, STM32MP135DAE7, STM32MP135DAF7, STM32MP135DAG7, STM32MP135F-DK, STM32MP135FAE7, STM32MP135FAF7, STM32MP135FAF7T, STM32MP135FAF7U, STM32MP135FAG7, STM32MP211AAL3, STM32MP211AAM3, STM32MP211AAN3, STM32MP211AAO3, STM32MP211CAL3, STM32MP211CAM3, STM32MP211CAN3, STM32MP211CAO3, STM32MP211DAL3, STM32MP211DAM3, STM32MP211DAN3, STM32MP211DAO3, STM32MP211FAL3, STM32MP211FAM3, STM32MP211FAN3, STM32MP211FAO3, STM32MP213AAL3, STM32MP213AAM3, STM32MP213AAN3, STM32MP213AAO3, STM32MP213CAL3, STM32MP213CAM3, STM32MP213CAN3, STM32MP213CAO3, STM32MP213DAL3, STM32MP213DAM3, STM32MP213DAN3, STM32MP213DAO3, STM32MP213FAL3, STM32MP213FAM3, STM32MP213FAN3, STM32MP213FAO3, STM32MP215AAL3, STM32MP215AAM3, STM32MP215AAN3, STM32MP215AAO3, STM32MP215CAL3, STM32MP215CAM3, STM32MP215CAN3, STM32MP215CAO3, STM32MP215DAL3, STM32MP215DAM3, STM32MP215DAN3, STM32MP215DAO3, STM32MP215F-DK, STM32MP215FAL3, STM32MP215FAM3, STM32MP215FAN3, STM32MP215FAO3, STM32MP231AAJ3, STM32MP231AAK3, STM32MP231AAL3, STM32MP231CAJ3, STM32MP231CAK3, STM32MP231CAL3, STM32MP231DAJ3, STM32MP231DAK3, STM32MP231DAL3, STM32MP231FAJ3, STM32MP231FAK3, STM32MP231FAL3, STM32MP233AAJ3, STM32MP233AAK3, STM32MP233AAL3, STM32MP233CAJ3, STM32MP233CAK3, STM32MP233CAL3, STM32MP233DAJ3, STM32MP233DAK3, STM32MP233DAL3, STM32MP233FAJ3, STM32MP233FAK3, STM32MP233FAL3, STM32MP235AAJ3, STM32MP235AAK3, STM32MP235AAL3, STM32MP235CAJ3, STM32MP235CAK3, STM32MP235CAL3, STM32MP235DAJ3, STM32MP235DAK3, STM32MP235DAL3, STM32MP235FAJ3, STM32MP235FAK3, STM32MP235FAL3, STM32MP251AAI3, STM32MP251AAK3, STM32MP251AAL3, STM32MP251CAI3, STM32MP251CAK3, STM32MP251CAL3, STM32MP251DAI3, STM32MP251DAK3, STM32MP251DAL3, STM32MP251FAI3, STM32MP251FAK3, STM32MP251FAL3, STM32MP253AAI3, STM32MP253AAK3, STM32MP253AAL3, STM32MP253CAI3, STM32MP253CAK3, STM32MP253CAL3, STM32MP253DAI3, STM32MP253DAK3, STM32MP253DAL3, STM32MP253FAI3, STM32MP253FAK3, STM32MP253FAL3, STM32MP255AAI3, STM32MP255AAK3, STM32MP255AAL3, STM32MP255CAI3, STM32MP255CAK3, STM32MP255CAL3, STM32MP255DAI3, STM32MP255DAK3, STM32MP255DAL3, STM32MP255FAI3, STM32MP255FAK3, STM32MP255FAL3, STM32MP257AAI3, STM32MP257AAK3, STM32MP257AAL3, STM32MP257CAI3, STM32MP257CAK3, STM32MP257CAL3, STM32MP257DAI3, STM32MP257DAK3, STM32MP257DAL3, STM32MP257F-DK, STM32MP257F-EV1, STM32MP257FAI3, STM32MP257FAK3, STM32MP257FAL3, STM32N645A0H3Q, STM32N645B0H3Q, STM32N645I0H3Q, STM32N645L0H3Q, STM32N645X0H3Q, STM32N645Z0H3Q, STM32N647A0H3Q, STM32N647B0H3Q, STM32N647I0H3Q, STM32N647L0H3Q, STM32N647X0H3Q, STM32N647Z0H3Q, STM32N655A0H3Q, STM32N655B0H3Q, STM32N655I0H3Q, STM32N655L0H3Q, STM32N655X0H3Q, STM32N655Z0H3Q, STM32N6570-DK, STM32N657A0H3Q, STM32N657B0H3Q, STM32N657I0H3Q, STM32N657L0H3Q, STM32N657X0H3Q, STM32N657Z0H3Q, STM32U031C6T6, STM32U031C6U6, STM32U031C8T6, STM32U031C8U6, STM32U031F4P6, STM32U031F6P6, STM32U031F8P6, STM32U031G6Y6TR, STM32U031G8Y6TR, STM32U031K4U6, STM32U031K6U6, STM32U031K8U6, STM32U031R6I6, STM32U031R6T6, STM32U031R8I6, STM32U031R8T6, STM32U073C8T6, STM32U073C8U6, STM32U073CBT6, STM32U073CBU6, STM32U073CCT6, STM32U073CCU6, STM32U073H8Y6TR, STM32U073HBY6TR, STM32U073HCY6TR, STM32U073K8U6, STM32U073KBU6, STM32U073KCU6, STM32U073M8I6, STM32U073M8T6, STM32U073MBI6, STM32U073MBT6, STM32U073MCI6, STM32U073MCT6, STM32U073R8I6, STM32U073R8T6, STM32U073RBI6, STM32U073RBT6, STM32U073RCI6, STM32U073RCT6, STM32U083C-DK, STM32U083CCT6, STM32U083CCU6, STM32U083HCY6TR, STM32U083KCU6, STM32U083MCI6, STM32U083MCT6, STM32U083RCI6, STM32U083RCT6, STM32U375CET6, STM32U375CET6Q, STM32U375CEU6, STM32U375CEU6Q, STM32U375CEY6QTR, STM32U375CGT6, STM32U375CGT6Q, STM32U375CGU6, STM32U375CGU6Q, STM32U375CGY6QTR, STM32U375KEU6, STM32U375KGU6, STM32U375REI6, STM32U375REI6Q, STM32U375RET6, STM32U375RET6Q, STM32U375REY6GTR, STM32U375REY6QTR, STM32U375RGI6, STM32U375RGI6Q, STM32U375RGT6, STM32U375RGT6Q, STM32U375RGY6GTR, STM32U375RGY6QTR, STM32U375VEI6, STM32U375VEI6Q, STM32U375VET6, STM32U375VET6Q, STM32U375VGI6, STM32U375VGI6Q, STM32U375VGT6, STM32U375VGT6Q, STM32U385CGT6, STM32U385CGT6Q, STM32U385CGU6, STM32U385CGU6Q, STM32U385CGY6QTR, STM32U385KGU6, STM32U385RGI6, STM32U385RGI6Q, STM32U385RGT6, STM32U385RGT6Q, STM32U385RGY6GTR, STM32U385RGY6QTR, STM32U385VGI6, STM32U385VGI6Q, STM32U385VGT6, STM32U385VGT6Q, STM32U535CBT6, STM32U535CBT6Q, STM32U535CBU6, STM32U535CBU6Q, STM32U535CCT6, STM32U535CCT6Q, STM32U535CCU6, STM32U535CCU6Q, STM32U535CET6, STM32U535CET6Q, STM32U535CEU6, STM32U535CEU6Q, STM32U535JEY6QTR, STM32U535NCY6QTR, STM32U535NEY6QTR, STM32U535RBI6, STM32U535RBI6Q, STM32U535RBT6, STM32U535RBT6Q, STM32U535RCI6, STM32U535RCI6Q, STM32U535RCT6, STM32U535RCT6Q, STM32U535REI6, STM32U535REI6Q, STM32U535RET6, STM32U535RET6Q, STM32U535VCI6, STM32U535VCI6Q, STM32U535VCT6, STM32U535VCT6Q, STM32U535VEI6, STM32U535VEI6Q, STM32U535VET6, STM32U535VET6Q, STM32U545CET6, STM32U545CET6Q, STM32U545CEU6, STM32U545CEU6Q, STM32U545JEY6QTR, STM32U545NEY6QTR, STM32U545REI6, STM32U545REI6Q, STM32U545RET6, STM32U545RET6Q, STM32U545VEI6, STM32U545VEI6Q, STM32U545VET6, STM32U545VET6Q, STM32U595AIH6, STM32U595AIH6Q, STM32U595AJH6, STM32U595AJH6Q, STM32U595QII6, STM32U595QII6Q, STM32U595QJI6, STM32U595QJI6Q, STM32U595RIT6, STM32U595RIT6Q, STM32U595RJT6, STM32U595RJT6Q, STM32U595VIT6, STM32U595VIT6Q, STM32U595VJT6, STM32U595VJT6Q, STM32U595ZIT6, STM32U595ZIT6Q, STM32U595ZIY6QTR, STM32U595ZJT6, STM32U595ZJT6Q, STM32U595ZJY6QTR, STM32U599BJY6QTR, STM32U599NIH6Q, STM32U599NJH6Q, STM32U599VIT6Q, STM32U599VJT6, STM32U599VJT6Q, STM32U599ZIT6Q, STM32U599ZIY6QTR, STM32U599ZJT6Q, STM32U599ZJY6QTR, STM32U5A5AJH6, STM32U5A5AJH6Q, STM32U5A5QII3Q , STM32U5A5QJI6, STM32U5A5QJI6Q, STM32U5A5RJT6, STM32U5A5RJT6Q, STM32U5A5VJT6, STM32U5A5VJT6Q, STM32U5A5ZJT6, STM32U5A5ZJT6Q, STM32U5A5ZJY6QTR, STM32U5A9BJY6QTR, STM32U5A9J-DK, STM32U5A9NJH6Q, STM32U5A9VJT6Q, STM32U5A9ZJT6Q, STM32U5A9ZJY6QTR, STM32U5F7VIT6, STM32U5F7VIT6Q, STM32U5F7VJT6, STM32U5F7VJT6Q, STM32U5F9BJY6QTR, STM32U5F9NJH6Q, STM32U5F9VIT6Q, STM32U5F9VJT6Q, STM32U5F9ZIJ6QTR, STM32U5F9ZIT6Q, STM32U5F9ZJJ6QTR, STM32U5F9ZJT6Q, STM32U5G7VJT6, STM32U5G7VJT6Q, STM32U5G9BJY6QTR, STM32U5G9J-DK1, STM32U5G9J-DK2, STM32U5G9NJH6Q, STM32U5G9VJT6Q, STM32U5G9ZJJ6QTR, STM32U5G9ZJT6Q, STM32WB05KZV6TR, STM32WB05KZV7TR, STM32WB05TZF6TR, STM32WB05TZF7TR, STM32WB06CCF6TR, STM32WB06CCF7TR, STM32WB06CCV6TR, STM32WB06CCV7TR, STM32WB06KCV6TR, STM32WB06KCV7TR, STM32WB07CCF6TR, STM32WB07CCF7TR, STM32WB07CCV6TR, STM32WB07CCV7TR, STM32WB07KCV6TR, STM32WB07KCV7TR, STM32WB09KEV6TR, STM32WB09KEV7TR, STM32WB09TEF6TR, STM32WB09TEF7TR, STM32WB1MMCH6, STM32WBA50KGU6, STM32WBA50KGU6TR, STM32WBA52CEU6, STM32WBA52CEU6TR, STM32WBA52CEU7, STM32WBA52CEU7TR, STM32WBA52CGU6, STM32WBA52CGU6TR, STM32WBA52CGU6U, STM32WBA52CGU7, STM32WBA52CGU7TR, STM32WBA52KEU6, STM32WBA52KEU6TR, STM32WBA52KGU6, STM32WBA52KGU6TR, STM32WBA54CEU6, STM32WBA54CEU6TR, STM32WBA54CEU7, STM32WBA54CEU7TR, STM32WBA54CGU6, STM32WBA54CGU6TR, STM32WBA54CGU7, STM32WBA54CGU7TR, STM32WBA54KEU6, STM32WBA54KEU6TR, STM32WBA54KEU7, STM32WBA54KEU7TR, STM32WBA54KGU6, STM32WBA54KGU6TR, STM32WBA54KGU7, STM32WBA54KGU7TR, STM32WBA55CEU6, STM32WBA55CEU6TR, STM32WBA55CEU7, STM32WBA55CEU7TR, STM32WBA55CGU6, STM32WBA55CGU6TR, STM32WBA55CGU6U, STM32WBA55CGU7, STM32WBA55CGU7TR, STM32WBA55G-DK1, STM32WBA55HEF6, STM32WBA55HEF7, STM32WBA55HGF6, STM32WBA55HGF7, STM32WBA55UEI6, STM32WBA55UEI6TR, STM32WBA55UEI7, STM32WBA55UEI7TR, STM32WBA55UGI6, STM32WBA55UGI6TR, STM32WBA55UGI7, STM32WBA55UGI7TR, STM32WBA5MMGH6TR, STM32WBA62MGF6, STM32WBA62MIF6, STM32WBA65MGF7, STM32WBA65MIF6, STM32WBA65MIF7, STM32WL30K8V6, STM32WL30KBV6, STM32WL31C8V6, STM32WL31CBV6, STM32WL31K8V6, STM32WL31KBV6, STM32WL33C8V6, STM32WL33C8V6X, STM32WL33CBV6, STM32WL33CBV6X, STM32WL33CCV6, STM32WL33CCV6A, STM32WL33CCV6X, STM32WL33K8V7, STM32WL33K8V7X, STM32WL33KBV7 , STM32WL33KBV7X, STM32WL33KCV7, STM32WL33KCV7X, STM32WL5MOCH6, STM32WL5MOCH6TR]
2026-03-26 15:59:44,770 [INFO] ApiDb:668 - CubeFinder database Data Model version=2.1
2026-03-26 15:59:44,770 [INFO] ApiDb:669 - CubeFinder database Configuration version=3.0.42
2026-03-26 15:59:44,770 [INFO] ApiDb:670 - CubeFinder database generation date=2026-02-13 (1770995876)
2026-03-26 15:59:44,770 [INFO] ApiDb:671 - CubeFinder database FW Pack versions=[FP-ATR-ASTRA1_V2.0.0, FP-SNS-FLIGHT1_V5.1.0, FP-SNS-MOTENV1_V5.1.0, FP-SNS-MOTENVWB1_V1.4.0, FP-SNS-SMARTAG2_V1.2.0, FP-SNS-STBOX1_V2.1.0, STM32Cube_FW_C0_V1.4.0, STM32Cube_FW_F4_V1.28.3, STM32Cube_FW_F7_V1.17.4, STM32Cube_FW_G0_V1.6.2, STM32Cube_FW_G4_V1.6.1, STM32Cube_FW_H5_V1.6.0, STM32Cube_FW_H7RS_V1.3.0, STM32Cube_FW_H7_V1.13.0, STM32Cube_FW_L0_V1.12.2, STM32Cube_FW_L4_V1.18.2, STM32Cube_FW_L5_V1.6.0, STM32Cube_FW_N6_V1.3.0, STM32Cube_FW_U0_V1.3.0, STM32Cube_FW_U3_V1.3.0, STM32Cube_FW_U5_V1.8.0, STM32Cube_FW_WB0_V1.4.0, STM32Cube_FW_WBA_V1.9.0, STM32Cube_FW_WB_V1.24.0, STM32Cube_FW_WL3_V1.4.0, STM32Cube_FW_WL_V1.5.0, X-CUBE-ALGOBUILD_V1.4.0, X-CUBE-ALS_V1.0.2, X-CUBE-AZRTOS-F4_V1.1.0, X-CUBE-AZRTOS-F7_V1.1.0, X-CUBE-AZRTOS-G0_V1.1.0, X-CUBE-AZRTOS-G4_V2.0.0, X-CUBE-AZRTOS-H7RS_V1.1.0, X-CUBE-AZRTOS-H7_V3.4.0, X-CUBE-AZRTOS-L4_V2.0.0, X-CUBE-AZRTOS-L5_V2.0.0, X-CUBE-AZRTOS-WB_V2.0.0, X-CUBE-AZRTOS-WL_V2.0.0, X-CUBE-BLE1_V7.1.0, X-CUBE-BLE2_V3.3.0, X-CUBE-BLEMGR_V4.1.0, X-CUBE-EEPRMA1_V5.2.0, X-CUBE-FREERTOS_V1.3.1, X-CUBE-GNSS1_V6.0.0, X-CUBE-MEMS1_V12.0.0, X-CUBE-NFC4_V3.0.0, X-CUBE-NFC7_V2.0.0, X-CUBE-SFXS2LP1_V4.0.0, X-CUBE-ST67W61_V1.1.0, X-CUBE-SUBG2_V5.0.0, X-CUBE-TOF1_V3.4.3]
2026-03-26 15:59:46,856 [INFO] ApiDb:240 - Found 880 in-development CPN: [B-G473E-ZEST1S, B-WB1M-WPAN1, B-WBA5M-WPAN, B-WL5M-SUBG1, NUCLEO-C031C6, NUCLEO-C051C8, NUCLEO-C071RB, NUCLEO-C092RC, NUCLEO-H503RB, NUCLEO-H533RE, NUCLEO-H563ZI, NUCLEO-H7S3L8, NUCLEO-N657X0-Q, NUCLEO-U031R8, NUCLEO-U083RC, NUCLEO-U385RG-Q, NUCLEO-U545RE-Q, NUCLEO-U5A5ZJ-Q, NUCLEO-WB05KZ, NUCLEO-WB07CC, NUCLEO-WB09KE, NUCLEO-WBA52CG, NUCLEO-WBA55CG, NUCLEO-WL33CC1, NUCLEO-WL33CC2, STEVAL-PROTEUS1, STEVAL-SMARTAG2, STEVAL-STWINBX1, STM320518-EVAL, STM32C0116-DK, STM32C011D6Y3TR, STM32C011D6Y6TR, STM32C011F4P3, STM32C011F4P6, STM32C011F4U3, STM32C011F4U6TR, STM32C011F6P3, STM32C011F6P6, STM32C011F6U3, STM32C011F6U6TR, STM32C011J4M3, STM32C011J4M6, STM32C011J6M3, STM32C011J6M6, STM32C0316-DK, STM32C031C4T3, STM32C031C4T6, STM32C031C4U3, STM32C031C4U6, STM32C031C6T3, STM32C031C6T6, STM32C031C6U3, STM32C031C6U6, STM32C031F4P3, STM32C031F4P6, STM32C031F6P3, STM32C031F6P6, STM32C031G4U3, STM32C031G4U6, STM32C031G6U3, STM32C031G6U6, STM32C031K4T3, STM32C031K4T6, STM32C031K4U3, STM32C031K4U6, STM32C031K6T3, STM32C031K6T6, STM32C031K6U3, STM32C031K6U6, STM32C051C6T6, STM32C051C6U6, STM32C051C8T6, STM32C051C8U6, STM32C051D8Y6TR, STM32C051F6P6, STM32C051F8P6, STM32C051G6U6, STM32C051G8U6, STM32C051K6T6, STM32C051K6U6, STM32C051K8T6, STM32C071C8T6, STM32C071C8T6N, STM32C071C8U6, STM32C071C8U6N, STM32C071CBT6, STM32C071CBT6N, STM32C071CBU6, STM32C071CBU6N, STM32C071F8P6, STM32C071F8P6N, STM32C071FBP6, STM32C071FBP6N, STM32C071FBY6TR, STM32C071G8U6, STM32C071G8U6N, STM32C071GBU6, STM32C071GBU6N, STM32C071K8T6, STM32C071K8T6N, STM32C071K8U6, STM32C071K8U6N, STM32C071KBT6, STM32C071KBT6N, STM32C071KBU6, STM32C071KBU6N, STM32C071R8T6, STM32C071R8T6N, STM32C071RBI6N, STM32C071RBT6, STM32C071RBT6N, STM32C091CBT6, STM32C091CBU6, STM32C091CCT6, STM32C091CCU6, STM32C091ECY6TR, STM32C091FBP6, STM32C091FCP6, STM32C091GBU6, STM32C091GCU6, STM32C091KBT6, STM32C091KBU6, STM32C091KCT6, STM32C091KCU6, STM32C091RBT6, STM32C091RCI6, STM32C091RCT6, STM32C092CBT6, STM32C092CBU6, STM32C092CCT6, STM32C092CCU6, STM32C092ECY6TR, STM32C092FBP6, STM32C092FCP6, STM32C092GBU6, STM32C092GCU6, STM32C092KBT6, STM32C092KBU6, STM32C092KCT6, STM32C092KCU6, STM32C092RBT6, STM32C092RCI6, STM32C092RCT6, STM32G071K8TXN, STM32G071K8UXN, STM32G081GBU6N, STM32G081KBT6N, STM32G081KBUXN, STM32G0B1CCT6N, STM32G0B1KCT6, STM32G0B1NEY6TR, STM32G0B1RCT6N, STM32G0C1CCT6, STM32G0C1CCT6N, STM32G0C1CCU6N, STM32G0C1CET6N, STM32G0C1CEU6N, STM32G0C1KCT6, STM32G0C1NEY6TR, STM32G0C1RCI6N, STM32G0C1RCT6N, STM32G0C1REI6N, STM32G0C1RET6N, STM32G0C1VCI6, STM32G0C1VEI6, STM32G411C6T3, STM32G411C6T6, STM32G411C6U3, STM32G411C6U6, STM32G411C8T3, STM32G411C8T6, STM32G411C8U3, STM32G411C8U6, STM32G411CBT3, STM32G411CBT6, STM32G411CBU3, STM32G411CBU6, STM32G411K6T3, STM32G411K6T6, STM32G411K6U3, STM32G411K6U6, STM32G411K8T3, STM32G411K8T6, STM32G411K8U3, STM32G411K8U6, STM32G411KBT3, STM32G411KBT6, STM32G411KBU3, STM32G411KBU6, STM32G411M6T3, STM32G411M6T6, STM32G411M8T3, STM32G411M8T6, STM32G411MBT3, STM32G411MBT6, STM32G411R6T3, STM32G411R6T6, STM32G411R8T3, STM32G411R8T6, STM32G411RBT3, STM32G411RBT6, STM32G414CBT3, STM32G414CBT6, STM32G414CBU3, STM32G414CBU6, STM32G414CCT3, STM32G414CCT6, STM32G414CCU3, STM32G414CCU6, STM32G414MBT3, STM32G414MBT6, STM32G414MCT3, STM32G414MCT6, STM32G414RBT3, STM32G414RBT6, STM32G414RCT3, STM32G414RCT6, STM32G414VBT3, STM32G414VBT6, STM32G414VCT3, STM32G414VCT6, STM32G431CBT3Z, STM32G431RBT3Z, STM32G471CCT6, STM32G471CCU6, STM32G471CET3, STM32G471CET6, STM32G471CEU3, STM32G471CEU6, STM32G471MCT6, STM32G471MET3, STM32G471MET6, STM32G471MEY6TR, STM32G471QCT6, STM32G471QET3, STM32G471RCT6, STM32G471RET3, STM32G471RET6, STM32G471VCH6, STM32G471VCI6, STM32G471VCT6, STM32G471VEH3, STM32G471VEH6, STM32G471VEI3, STM32G471VEI6, STM32G471VET3, STM32G471VET6, STM32G473QET3Z, STM32G473RET3Z, STM32G474CCT6, STM32G491RET3Z, STM32H503CBT6, STM32H503CBU6, STM32H503EBY6TR, STM32H503KBU6, STM32H503RBT6, STM32H523CCT6, STM32H523CCU6, STM32H523CET6, STM32H523CEU6, STM32H523HEY6TR, STM32H523RCT6, STM32H523RET6, STM32H523VCI6, STM32H523VCT6, STM32H523VEI6, STM32H523VET6, STM32H523ZCJ6, STM32H523ZCT6, STM32H523ZEJ6, STM32H523ZET6, STM32H533CET6, STM32H533CEU6, STM32H533HEY6TR, STM32H533RET6, STM32H533VEI6, STM32H533VET6, STM32H533ZEJ6, STM32H533ZET6, STM32H562AGI6, STM32H562AII6, STM32H562IGK6, STM32H562IGT6, STM32H562IIK6, STM32H562IIT6, STM32H562RGT6, STM32H562RGV6, STM32H562RIT6, STM32H562RIV6, STM32H562VGT6, STM32H562VIT6, STM32H562ZGT6, STM32H562ZIT6, STM32H563AGI6, STM32H563AII3Q, STM32H563AII6, STM32H563IGK6, STM32H563IGT6, STM32H563IIK3Q, STM32H563IIK6, STM32H563IIT3Q, STM32H563IIT6, STM32H563MIY3QTR, STM32H563RGT6, STM32H563RGV6, STM32H563RIT6, STM32H563RIV6, STM32H563VGT6, STM32H563VIT3Q, STM32H563VIT6, STM32H563ZGT6, STM32H563ZIT3Q, STM32H563ZIT6, STM32H573AII3Q, STM32H573AII6, STM32H573I-DK, STM32H573IIK3Q, STM32H573IIK6, STM32H573IIT3Q, STM32H573IIT6, STM32H573MIY3QTR, STM32H573RIT6, STM32H573RIV6, STM32H573VIT3Q, STM32H573VIT6, STM32H573ZIT3Q, STM32H573ZIT6, STM32H7R3A8I6, STM32H7R3I8K6, STM32H7R3I8T6, STM32H7R3L8H6, STM32H7R3L8H6H, STM32H7R3R8V6, STM32H7R3V8H6, STM32H7R3V8T6, STM32H7R3V8Y6TR, STM32H7R3Z8J6, STM32H7R3Z8T6, STM32H7R7A8I6, STM32H7R7I8K6, STM32H7R7I8T6, STM32H7R7L8H6, STM32H7R7L8H6H, STM32H7R7Z8J6, STM32H7S3A8I6, STM32H7S3I8K6, STM32H7S3I8T6, STM32H7S3L8H6, STM32H7S3L8H6H, STM32H7S3R8V6, STM32H7S3V8H6, STM32H7S3V8T6, STM32H7S3V8Y6TR, STM32H7S3Z8J6, STM32H7S3Z8T6, STM32H7S78-DK, STM32H7S7A8I6, STM32H7S7I8K6, STM32H7S7I8T6, STM32H7S7L8H6, STM32H7S7L8H6H, STM32H7S7Z8J6, STM32L4R5QGI6STR, STM32MP131AAE3, STM32MP131AAF3, STM32MP131AAG3, STM32MP131CAE3, STM32MP131CAF3, STM32MP131CAG3, STM32MP131DAE7, STM32MP131DAF7, STM32MP131DAG7, STM32MP131FAE7, STM32MP131FAF7, STM32MP131FAG7, STM32MP133AAE3, STM32MP133AAF3, STM32MP133AAG3, STM32MP133CAE3, STM32MP133CAF3, STM32MP133CAG3, STM32MP133DAE7, STM32MP133DAF7, STM32MP133DAG7, STM32MP133FAE7, STM32MP133FAF7, STM32MP133FAG7, STM32MP135AAE3, STM32MP135AAF3, STM32MP135AAG3, STM32MP135CAE3, STM32MP135CAF3, STM32MP135CAG3, STM32MP135DAE7, STM32MP135DAF7, STM32MP135DAG7, STM32MP135F-DK, STM32MP135FAE7, STM32MP135FAF7, STM32MP135FAF7T, STM32MP135FAF7U, STM32MP135FAG7, STM32MP211AAL3, STM32MP211AAM3, STM32MP211AAN3, STM32MP211AAO3, STM32MP211CAL3, STM32MP211CAM3, STM32MP211CAN3, STM32MP211CAO3, STM32MP211DAL3, STM32MP211DAM3, STM32MP211DAN3, STM32MP211DAO3, STM32MP211FAL3, STM32MP211FAM3, STM32MP211FAN3, STM32MP211FAO3, STM32MP213AAL3, STM32MP213AAM3, STM32MP213AAN3, STM32MP213AAO3, STM32MP213CAL3, STM32MP213CAM3, STM32MP213CAN3, STM32MP213CAO3, STM32MP213DAL3, STM32MP213DAM3, STM32MP213DAN3, STM32MP213DAO3, STM32MP213FAL3, STM32MP213FAM3, STM32MP213FAN3, STM32MP213FAO3, STM32MP215AAL3, STM32MP215AAM3, STM32MP215AAN3, STM32MP215AAO3, STM32MP215CAL3, STM32MP215CAM3, STM32MP215CAN3, STM32MP215CAO3, STM32MP215DAL3, STM32MP215DAM3, STM32MP215DAN3, STM32MP215DAO3, STM32MP215F-DK, STM32MP215FAL3, STM32MP215FAM3, STM32MP215FAN3, STM32MP215FAO3, STM32MP231AAJ3, STM32MP231AAK3, STM32MP231AAL3, STM32MP231CAJ3, STM32MP231CAK3, STM32MP231CAL3, STM32MP231DAJ3, STM32MP231DAK3, STM32MP231DAL3, STM32MP231FAJ3, STM32MP231FAK3, STM32MP231FAL3, STM32MP233AAJ3, STM32MP233AAK3, STM32MP233AAL3, STM32MP233CAJ3, STM32MP233CAK3, STM32MP233CAL3, STM32MP233DAJ3, STM32MP233DAK3, STM32MP233DAL3, STM32MP233FAJ3, STM32MP233FAK3, STM32MP233FAL3, STM32MP235AAJ3, STM32MP235AAK3, STM32MP235AAL3, STM32MP235CAJ3, STM32MP235CAK3, STM32MP235CAL3, STM32MP235DAJ3, STM32MP235DAK3, STM32MP235DAL3, STM32MP235FAJ3, STM32MP235FAK3, STM32MP235FAL3, STM32MP251AAI3, STM32MP251AAK3, STM32MP251AAL3, STM32MP251CAI3, STM32MP251CAK3, STM32MP251CAL3, STM32MP251DAI3, STM32MP251DAK3, STM32MP251DAL3, STM32MP251FAI3, STM32MP251FAK3, STM32MP251FAL3, STM32MP253AAI3, STM32MP253AAK3, STM32MP253AAL3, STM32MP253CAI3, STM32MP253CAK3, STM32MP253CAL3, STM32MP253DAI3, STM32MP253DAK3, STM32MP253DAL3, STM32MP253FAI3, STM32MP253FAK3, STM32MP253FAL3, STM32MP255AAI3, STM32MP255AAK3, STM32MP255AAL3, STM32MP255CAI3, STM32MP255CAK3, STM32MP255CAL3, STM32MP255DAI3, STM32MP255DAK3, STM32MP255DAL3, STM32MP255FAI3, STM32MP255FAK3, STM32MP255FAL3, STM32MP257AAI3, STM32MP257AAK3, STM32MP257AAL3, STM32MP257CAI3, STM32MP257CAK3, STM32MP257CAL3, STM32MP257DAI3, STM32MP257DAK3, STM32MP257DAL3, STM32MP257F-DK, STM32MP257F-EV1, STM32MP257FAI3, STM32MP257FAK3, STM32MP257FAL3, STM32N645A0H3Q, STM32N645B0H3Q, STM32N645I0H3Q, STM32N645L0H3Q, STM32N645X0H3Q, STM32N645Z0H3Q, STM32N647A0H3Q, STM32N647B0H3Q, STM32N647I0H3Q, STM32N647L0H3Q, STM32N647X0H3Q, STM32N647Z0H3Q, STM32N655A0H3Q, STM32N655B0H3Q, STM32N655I0H3Q, STM32N655L0H3Q, STM32N655X0H3Q, STM32N655Z0H3Q, STM32N6570-DK, STM32N657A0H3Q, STM32N657B0H3Q, STM32N657I0H3Q, STM32N657L0H3Q, STM32N657X0H3Q, STM32N657Z0H3Q, STM32U031C6T6, STM32U031C6U6, STM32U031C8T6, STM32U031C8U6, STM32U031F4P6, STM32U031F6P6, STM32U031F8P6, STM32U031G6Y6TR, STM32U031G8Y6TR, STM32U031K4U6, STM32U031K6U6, STM32U031K8U6, STM32U031R6I6, STM32U031R6T6, STM32U031R8I6, STM32U031R8T6, STM32U073C8T6, STM32U073C8U6, STM32U073CBT6, STM32U073CBU6, STM32U073CCT6, STM32U073CCU6, STM32U073H8Y6TR, STM32U073HBY6TR, STM32U073HCY6TR, STM32U073K8U6, STM32U073KBU6, STM32U073KCU6, STM32U073M8I6, STM32U073M8T6, STM32U073MBI6, STM32U073MBT6, STM32U073MCI6, STM32U073MCT6, STM32U073R8I6, STM32U073R8T6, STM32U073RBI6, STM32U073RBT6, STM32U073RCI6, STM32U073RCT6, STM32U083C-DK, STM32U083CCT6, STM32U083CCU6, STM32U083HCY6TR, STM32U083KCU6, STM32U083MCI6, STM32U083MCT6, STM32U083RCI6, STM32U083RCT6, STM32U375CET6, STM32U375CET6Q, STM32U375CEU6, STM32U375CEU6Q, STM32U375CEY6QTR, STM32U375CGT6, STM32U375CGT6Q, STM32U375CGU6, STM32U375CGU6Q, STM32U375CGY6QTR, STM32U375KEU6, STM32U375KGU6, STM32U375REI6, STM32U375REI6Q, STM32U375RET6, STM32U375RET6Q, STM32U375REY6GTR, STM32U375REY6QTR, STM32U375RGI6, STM32U375RGI6Q, STM32U375RGT6, STM32U375RGT6Q, STM32U375RGY6GTR, STM32U375RGY6QTR, STM32U375VEI6, STM32U375VEI6Q, STM32U375VET6, STM32U375VET6Q, STM32U375VGI6, STM32U375VGI6Q, STM32U375VGT6, STM32U375VGT6Q, STM32U385CGT6, STM32U385CGT6Q, STM32U385CGU6, STM32U385CGU6Q, STM32U385CGY6QTR, STM32U385KGU6, STM32U385RGI6, STM32U385RGI6Q, STM32U385RGT6, STM32U385RGT6Q, STM32U385RGY6GTR, STM32U385RGY6QTR, STM32U385VGI6, STM32U385VGI6Q, STM32U385VGT6, STM32U385VGT6Q, STM32U535CBT6, STM32U535CBT6Q, STM32U535CBU6, STM32U535CBU6Q, STM32U535CCT6, STM32U535CCT6Q, STM32U535CCU6, STM32U535CCU6Q, STM32U535CET6, STM32U535CET6Q, STM32U535CEU6, STM32U535CEU6Q, STM32U535JEY6QTR, STM32U535NCY6QTR, STM32U535NEY6QTR, STM32U535RBI6, STM32U535RBI6Q, STM32U535RBT6, STM32U535RBT6Q, STM32U535RCI6, STM32U535RCI6Q, STM32U535RCT6, STM32U535RCT6Q, STM32U535REI6, STM32U535REI6Q, STM32U535RET6, STM32U535RET6Q, STM32U535VCI6, STM32U535VCI6Q, STM32U535VCT6, STM32U535VCT6Q, STM32U535VEI6, STM32U535VEI6Q, STM32U535VET6, STM32U535VET6Q, STM32U545CET6, STM32U545CET6Q, STM32U545CEU6, STM32U545CEU6Q, STM32U545JEY6QTR, STM32U545NEY6QTR, STM32U545REI6, STM32U545REI6Q, STM32U545RET6, STM32U545RET6Q, STM32U545VEI6, STM32U545VEI6Q, STM32U545VET6, STM32U545VET6Q, STM32U595AIH6, STM32U595AIH6Q, STM32U595AJH6, STM32U595AJH6Q, STM32U595QII6, STM32U595QII6Q, STM32U595QJI6, STM32U595QJI6Q, STM32U595RIT6, STM32U595RIT6Q, STM32U595RJT6, STM32U595RJT6Q, STM32U595VIT6, STM32U595VIT6Q, STM32U595VJT6, STM32U595VJT6Q, STM32U595ZIT6, STM32U595ZIT6Q, STM32U595ZIY6QTR, STM32U595ZJT6, STM32U595ZJT6Q, STM32U595ZJY6QTR, STM32U599BJY6QTR, STM32U599NIH6Q, STM32U599NJH6Q, STM32U599VIT6Q, STM32U599VJT6, STM32U599VJT6Q, STM32U599ZIT6Q, STM32U599ZIY6QTR, STM32U599ZJT6Q, STM32U599ZJY6QTR, STM32U5A5AJH6, STM32U5A5AJH6Q, STM32U5A5QII3Q , STM32U5A5QJI6, STM32U5A5QJI6Q, STM32U5A5RJT6, STM32U5A5RJT6Q, STM32U5A5VJT6, STM32U5A5VJT6Q, STM32U5A5ZJT6, STM32U5A5ZJT6Q, STM32U5A5ZJY6QTR, STM32U5A9BJY6QTR, STM32U5A9J-DK, STM32U5A9NJH6Q, STM32U5A9VJT6Q, STM32U5A9ZJT6Q, STM32U5A9ZJY6QTR, STM32U5F7VIT6, STM32U5F7VIT6Q, STM32U5F7VJT6, STM32U5F7VJT6Q, STM32U5F9BJY6QTR, STM32U5F9NJH6Q, STM32U5F9VIT6Q, STM32U5F9VJT6Q, STM32U5F9ZIJ6QTR, STM32U5F9ZIT6Q, STM32U5F9ZJJ6QTR, STM32U5F9ZJT6Q, STM32U5G7VJT6, STM32U5G7VJT6Q, STM32U5G9BJY6QTR, STM32U5G9J-DK1, STM32U5G9J-DK2, STM32U5G9NJH6Q, STM32U5G9VJT6Q, STM32U5G9ZJJ6QTR, STM32U5G9ZJT6Q, STM32WB05KZV6TR, STM32WB05KZV7TR, STM32WB05TZF6TR, STM32WB05TZF7TR, STM32WB06CCF6TR, STM32WB06CCF7TR, STM32WB06CCV6TR, STM32WB06CCV7TR, STM32WB06KCV6TR, STM32WB06KCV7TR, STM32WB07CCF6TR, STM32WB07CCF7TR, STM32WB07CCV6TR, STM32WB07CCV7TR, STM32WB07KCV6TR, STM32WB07KCV7TR, STM32WB09KEV6TR, STM32WB09KEV7TR, STM32WB09TEF6TR, STM32WB09TEF7TR, STM32WB1MMCH6, STM32WBA50KGU6, STM32WBA50KGU6TR, STM32WBA52CEU6, STM32WBA52CEU6TR, STM32WBA52CEU7, STM32WBA52CEU7TR, STM32WBA52CGU6, STM32WBA52CGU6TR, STM32WBA52CGU6U, STM32WBA52CGU7, STM32WBA52CGU7TR, STM32WBA52KEU6, STM32WBA52KEU6TR, STM32WBA52KGU6, STM32WBA52KGU6TR, STM32WBA54CEU6, STM32WBA54CEU6TR, STM32WBA54CEU7, STM32WBA54CEU7TR, STM32WBA54CGU6, STM32WBA54CGU6TR, STM32WBA54CGU7, STM32WBA54CGU7TR, STM32WBA54KEU6, STM32WBA54KEU6TR, STM32WBA54KEU7, STM32WBA54KEU7TR, STM32WBA54KGU6, STM32WBA54KGU6TR, STM32WBA54KGU7, STM32WBA54KGU7TR, STM32WBA55CEU6, STM32WBA55CEU6TR, STM32WBA55CEU7, STM32WBA55CEU7TR, STM32WBA55CGU6, STM32WBA55CGU6TR, STM32WBA55CGU6U, STM32WBA55CGU7, STM32WBA55CGU7TR, STM32WBA55G-DK1, STM32WBA55HEF6, STM32WBA55HEF7, STM32WBA55HGF6, STM32WBA55HGF7, STM32WBA55UEI6, STM32WBA55UEI6TR, STM32WBA55UEI7, STM32WBA55UEI7TR, STM32WBA55UGI6, STM32WBA55UGI6TR, STM32WBA55UGI7, STM32WBA55UGI7TR, STM32WBA5MMGH6TR, STM32WBA62MGF6, STM32WBA62MIF6, STM32WBA65MGF7, STM32WBA65MIF6, STM32WBA65MIF7, STM32WL30K8V6, STM32WL30KBV6, STM32WL31C8V6, STM32WL31CBV6, STM32WL31K8V6, STM32WL31KBV6, STM32WL33C8V6, STM32WL33C8V6X, STM32WL33CBV6, STM32WL33CBV6X, STM32WL33CCV6, STM32WL33CCV6A, STM32WL33CCV6X, STM32WL33K8V7, STM32WL33K8V7X, STM32WL33KBV7 , STM32WL33KBV7X, STM32WL33KCV7, STM32WL33KCV7X, STM32WL5MOCH6, STM32WL5MOCH6TR]
2026-03-26 15:59:46,860 [INFO] DbMcus:218 - Found 4922 MCUs, 4922 are supported
2026-03-26 15:59:46,860 [INFO] ApiDb:423 - Load user favorites file /home/kamil/.stm32cubeide/favorites.mcus.txt: 0 item(s)
2026-03-26 15:59:46,861 [INFO] ApiDb:427 - User favorites MCUs=[]
2026-03-26 15:59:46,861 [INFO] DbMcus:224 - Set 0 / 0 favorites MCUs
2026-03-26 15:59:47,269 [INFO] BoardInfo:889 - No configuration file found for board P-NUCLEO-WB55
2026-03-26 15:59:47,270 [INFO] DbBoards:161 - Kit is not supported: P-NUCLEO-WB55
2026-03-26 15:59:47,272 [INFO] BoardInfo:889 - No configuration file found for board STEVAL-BFA001V1B
2026-03-26 15:59:47,272 [INFO] DbBoards:161 - Kit is not supported: STEVAL-BFA001V1B
2026-03-26 15:59:47,273 [INFO] BoardInfo:889 - No configuration file found for board STEVAL-BFA001V2B
2026-03-26 15:59:47,273 [INFO] DbBoards:161 - Kit is not supported: STEVAL-BFA001V2B
2026-03-26 15:59:47,403 [INFO] DbBoards:168 - Found 212 boards, 209 are supported
2026-03-26 15:59:47,403 [INFO] DbBoards:169 - Found 212 boards, 43 of them is supported for  Bsp
2026-03-26 15:59:47,406 [INFO] ApiDb:423 - Load user favorites file /home/kamil/.stm32cubeide/favorites.boards.txt: 0 item(s)
2026-03-26 15:59:47,406 [INFO] ApiDb:427 - User favorites Boards=[]
2026-03-26 15:59:47,407 [INFO] DbBoards:198 - Set 0 / 0 favorites Boards
2026-03-26 15:59:47,453 [INFO] UtilMem:75 - End LoadConfig() Used Memory: 355139840 Bytes (947912704)
2026-03-26 15:59:47,551 [WARN] ThirdParty:833 - waiting for thirdparty lock release [change project]
2026-03-26 15:59:47,552 [INFO] ThirdParty:835 - entering critical section [change project]
2026-03-26 15:59:47,552 [INFO] ThirdParty:1030 - CMSIS Pack Vendor :STMicroelectronics X-CUBE-AZRTOS-H7 3.5.0
2026-03-26 15:59:47,552 [INFO] ThirdParty:1030 - CMSIS Pack Vendor :STMicroelectronics X-CUBE-PM33A1 1.0.0
2026-03-26 15:59:47,552 [INFO] ThirdParty:1030 - CMSIS Pack Vendor :STMicroelectronics USBPD 4.1
2026-03-26 15:59:47,552 [INFO] ThirdParty:1030 - CMSIS Pack Vendor :STMicroelectronics X-CUBE-NFC9 1.0.0
2026-03-26 15:59:47,552 [INFO] ThirdParty:1030 - CMSIS Pack Vendor :STMicroelectronics USB_HOST 2.0.0
2026-03-26 15:59:47,552 [INFO] ThirdParty:1030 - CMSIS Pack Vendor :STMicroelectronics FP-SNS-MOTENVWB1 1.4.0
2026-03-26 15:59:47,552 [INFO] ThirdParty:1030 - CMSIS Pack Vendor :STMicroelectronics X-CUBE-AZRTOS-F4 1.1.0
2026-03-26 15:59:47,552 [INFO] ThirdParty:1030 - CMSIS Pack Vendor :STMicroelectronics LIBJPEG 8.0.0
2026-03-26 15:59:47,552 [INFO] ThirdParty:1030 - CMSIS Pack Vendor :STMicroelectronics FP-ATR-ASTRA1 2.0.2
2026-03-26 15:59:47,552 [INFO] ThirdParty:1030 - CMSIS Pack Vendor :wolfSSL I-CUBE-wolfSSL 5.8.2
2026-03-26 15:59:47,553 [INFO] ThirdParty:1030 - CMSIS Pack Vendor :STMicroelectronics X-CUBE-BLE1 7.1.0
2026-03-26 15:59:47,553 [INFO] ThirdParty:1030 - CMSIS Pack Vendor :STMicroelectronics X-CUBE-SMBUS 2.1.0
2026-03-26 15:59:47,553 [INFO] ThirdParty:1030 - CMSIS Pack Vendor :wolfSSL I-CUBE-wolfMQTT 1.19.2
2026-03-26 15:59:47,553 [INFO] ThirdParty:1030 - CMSIS Pack Vendor :STMicroelectronics USB_DEVICE 3.0.0
2026-03-26 15:59:47,553 [INFO] ThirdParty:1030 - CMSIS Pack Vendor :STMicroelectronics X-CUBE-ISPU 2.1.0
2026-03-26 15:59:47,553 [INFO] ThirdParty:1030 - CMSIS Pack Vendor :STMicroelectronics X-CUBE-FREERTOS 1.4.0
2026-03-26 15:59:47,553 [INFO] ThirdParty:1030 - CMSIS Pack Vendor :STMicroelectronics X-CUBE-EEPRMA1 5.2.0
2026-03-26 15:59:47,553 [INFO] ThirdParty:1030 - CMSIS Pack Vendor :STMicroelectronics X-CUBE-IPS 3.2.0
2026-03-26 15:59:47,553 [INFO] ThirdParty:1030 - CMSIS Pack Vendor :STMicroelectronics X-CUBE-BLEMGR 4.1.0
2026-03-26 15:59:47,553 [INFO] ThirdParty:1030 - CMSIS Pack Vendor :STMicroelectronics X-CUBE-AZRTOS-WB 2.0.0
2026-03-26 15:59:47,553 [INFO] ThirdParty:1030 - CMSIS Pack Vendor :STMicroelectronics X-CUBE-ST60 1.0.0
2026-03-26 15:59:47,553 [INFO] ThirdParty:1030 - CMSIS Pack Vendor :STMicroelectronics X-CUBE-GNSS1 7.0.1
2026-03-26 15:59:47,553 [INFO] ThirdParty:1030 - CMSIS Pack Vendor :STMicroelectronics X-CUBE-NFC12 1.0.0
2026-03-26 15:59:47,553 [INFO] ThirdParty:1030 - CMSIS Pack Vendor :STMicroelectronics X-CUBE-AZRTOS-F7 1.1.0
2026-03-26 15:59:47,553 [INFO] ThirdParty:1030 - CMSIS Pack Vendor :STMicroelectronics X-CUBE-AZRTOS-L5 2.0.0
2026-03-26 15:59:47,553 [INFO] ThirdParty:1030 - CMSIS Pack Vendor :STMicroelectronics USB_DEVICE 2.0.0
2026-03-26 15:59:47,553 [INFO] ThirdParty:1030 - CMSIS Pack Vendor :STMicroelectronics X-CUBE-NFC6 3.1.0
2026-03-26 15:59:47,553 [INFO] ThirdParty:1030 - CMSIS Pack Vendor :STMicroelectronics X-CUBE-ST67W61 1.1.0
2026-03-26 15:59:47,553 [INFO] ThirdParty:1030 - CMSIS Pack Vendor :Cesanta I-CUBE-Mongoose 7.19.0
2026-03-26 15:59:47,553 [INFO] ThirdParty:1030 - CMSIS Pack Vendor :quantropi X-CUBE-qispace-sdk-base 2.1.0
2026-03-26 15:59:47,553 [INFO] ThirdParty:1030 - CMSIS Pack Vendor :STMicroelectronics X-CUBE-MEMS1 12.0.0
2026-03-26 15:59:47,553 [INFO] ThirdParty:1030 - CMSIS Pack Vendor :STMicroelectronics X-CUBE-STSE01 2.0.0
2026-03-26 15:59:47,553 [INFO] ThirdParty:1030 - CMSIS Pack Vendor :STMicroelectronics FP-SNS-MOTENV1 5.1.0
2026-03-26 15:59:47,553 [INFO] ThirdParty:1030 - CMSIS Pack Vendor :STMicroelectronics FreeRTOS 0.0.1
2026-03-26 15:59:47,553 [INFO] ThirdParty:1030 - CMSIS Pack Vendor :STMicroelectronics X-CUBE-AZRTOS-G0 1.1.0
2026-03-26 15:59:47,553 [INFO] ThirdParty:1030 - CMSIS Pack Vendor :STMicroelectronics X-CUBE-SAFEA1 1.2.2
2026-03-26 15:59:47,553 [INFO] ThirdParty:1030 - CMSIS Pack Vendor :STMicroelectronics X-CUBE-NFC4 3.0.0
2026-03-26 15:59:47,553 [INFO] ThirdParty:1030 - CMSIS Pack Vendor :STMicroelectronics X-CUBE-SUBG2 5.0.0
2026-03-26 15:59:47,553 [INFO] ThirdParty:1030 - CMSIS Pack Vendor :STMicroelectronics X-CUBE-AZRTOS-H7RS 1.1.0
2026-03-26 15:59:47,553 [INFO] ThirdParty:1030 - CMSIS Pack Vendor :STMicroelectronics STM32_WPAN 1.0.0
2026-03-26 15:59:47,553 [INFO] ThirdParty:1030 - CMSIS Pack Vendor :EmbeddedOffice I-CUBE-FS-RTOS 1.0.1
2026-03-26 15:59:47,553 [INFO] ThirdParty:1030 - CMSIS Pack Vendor :STMicroelectronics lwIP 2.0.3
2026-03-26 15:59:47,553 [INFO] ThirdParty:1030 - CMSIS Pack Vendor :WES I-CUBE-Cesium 1.4.0
2026-03-26 15:59:47,553 [INFO] ThirdParty:1030 - CMSIS Pack Vendor :STMicroelectronics USB_HOST 1.0.0
2026-03-26 15:59:47,553 [INFO] ThirdParty:1030 - CMSIS Pack Vendor :Infineon AIROC-Wi-Fi-Bluetooth-STM32 1.7.1
2026-03-26 15:59:47,553 [INFO] ThirdParty:1030 - CMSIS Pack Vendor :STMicroelectronics X-CUBE-AZRTOS-G4 2.0.0
2026-03-26 15:59:47,553 [INFO] ThirdParty:1030 - CMSIS Pack Vendor :STMicroelectronics X-CUBE-WB05N 2.0.0
2026-03-26 15:59:47,553 [INFO] ThirdParty:1030 - CMSIS Pack Vendor :STMicroelectronics PDM2PCM 3.1.0
2026-03-26 15:59:47,553 [INFO] ThirdParty:1030 - CMSIS Pack Vendor :STMicroelectronics PDM2PCM 3.3.0
2026-03-26 15:59:47,553 [INFO] ThirdParty:1030 - CMSIS Pack Vendor :wolfSSL I-CUBE-wolfTPM 3.8.0
2026-03-26 15:59:47,553 [INFO] ThirdParty:1030 - CMSIS Pack Vendor :STMicroelectronics X-CUBE-AZRTOS-H7 3.4.0
2026-03-26 15:59:47,554 [INFO] ThirdParty:1030 - CMSIS Pack Vendor :STMicroelectronics X-CUBE-DISPLAY 3.0.0
2026-03-26 15:59:47,554 [INFO] ThirdParty:1030 - CMSIS Pack Vendor :wolfSSL I-CUBE-wolfSSH 1.4.20
2026-03-26 15:59:47,554 [INFO] ThirdParty:1030 - CMSIS Pack Vendor :STMicroelectronics X-CUBE-NFC7 2.0.0
2026-03-26 15:59:47,554 [INFO] ThirdParty:1030 - CMSIS Pack Vendor :STMicroelectronics FP-SNS-MOTENVWB1 1.5.0
2026-03-26 15:59:47,554 [INFO] ThirdParty:1030 - CMSIS Pack Vendor :STMicroelectronics X-CUBE-TCPP 4.2.0
2026-03-26 15:59:47,554 [INFO] ThirdParty:1030 - CMSIS Pack Vendor :RealThread X-CUBE-RT-Thread_Nano 4.1.1
2026-03-26 15:59:47,554 [INFO] ThirdParty:1030 - CMSIS Pack Vendor :STMicroelectronics FP-ATR-SIGFOX1 3.2.0
2026-03-26 15:59:47,554 [INFO] ThirdParty:1030 - CMSIS Pack Vendor :STMicroelectronics X-CUBE-NFC10 1.0.0
2026-03-26 15:59:47,554 [INFO] ThirdParty:1030 - CMSIS Pack Vendor :STMicroelectronics X-CUBE-FREERTOS 1.3.1
2026-03-26 15:59:47,554 [INFO] ThirdParty:1030 - CMSIS Pack Vendor :STMicroelectronics HAL Drivers 0.0.0
2026-03-26 15:59:47,554 [INFO] ThirdParty:1030 - CMSIS Pack Vendor :STMicroelectronics X-CUBE-FREERTOS 1.5.0
2026-03-26 15:59:47,554 [INFO] ThirdParty:1030 - CMSIS Pack Vendor :STMicroelectronics MBEDTLS 2.16.2
2026-03-26 15:59:47,554 [INFO] ThirdParty:1030 - CMSIS Pack Vendor :STMicroelectronics X-CUBE-ST60 1.1.0
2026-03-26 15:59:47,554 [INFO] ThirdParty:1030 - CMSIS Pack Vendor :STMicroelectronics X-CUBE-ALS 1.0.2
2026-03-26 15:59:47,554 [INFO] ThirdParty:1030 - CMSIS Pack Vendor :emotas I-CUBE-CANOPEN 1.3.0
2026-03-26 15:59:47,554 [INFO] ThirdParty:1030 - CMSIS Pack Vendor :STMicroelectronics MBEDTLS 2.14.1
2026-03-26 15:59:47,554 [INFO] ThirdParty:1030 - CMSIS Pack Vendor :STMicroelectronics X-CUBE-GNSS1 7.1.0
2026-03-26 15:59:47,554 [INFO] ThirdParty:1030 - CMSIS Pack Vendor :ITTIA_DB I-CUBE-ITTIADB 8.9.0
2026-03-26 15:59:47,554 [INFO] ThirdParty:1030 - CMSIS Pack Vendor :STMicroelectronics X-CUBE-TOUCHGFX 4.26.0
2026-03-26 15:59:47,554 [INFO] ThirdParty:1030 - CMSIS Pack Vendor :STMicroelectronics X-CUBE-STSE01 1.0.0
2026-03-26 15:59:47,554 [INFO] ThirdParty:1030 - CMSIS Pack Vendor :STMicroelectronics X-CUBE-TOUCHGFX 4.26.1
2026-03-26 15:59:47,554 [INFO] ThirdParty:1030 - CMSIS Pack Vendor :STMicroelectronics X-CUBE-NFC6 3.2.0
2026-03-26 15:59:47,554 [INFO] ThirdParty:1030 - CMSIS Pack Vendor :STMicroelectronics ThreadX 1.0.0
2026-03-26 15:59:47,554 [INFO] ThirdParty:1030 - CMSIS Pack Vendor :STMicroelectronics FP-SNS-SMARTAG2 1.2.0
2026-03-26 15:59:47,554 [INFO] ThirdParty:1030 - CMSIS Pack Vendor :STMicroelectronics FP-SNS-FLIGHT1 5.1.0
2026-03-26 15:59:47,554 [INFO] ThirdParty:1030 - CMSIS Pack Vendor :STMicroelectronics X-CUBE-AZRTOS-WL 2.0.0
2026-03-26 15:59:47,554 [INFO] ThirdParty:1030 - CMSIS Pack Vendor :SEGGER I-CUBE-embOS 1.3.1
2026-03-26 15:59:47,554 [INFO] ThirdParty:1030 - CMSIS Pack Vendor :STMicroelectronics X-CUBE-ALGOBUILD 1.4.0
2026-03-26 15:59:47,554 [INFO] ThirdParty:1030 - CMSIS Pack Vendor :STMicroelectronics X-CUBE-DPower 1.3.0
2026-03-26 15:59:47,554 [INFO] ThirdParty:1030 - CMSIS Pack Vendor :STMicroelectronics X-CUBE-MEMS1 11.3.0
2026-03-26 15:59:47,554 [INFO] ThirdParty:1030 - CMSIS Pack Vendor :STMicroelectronics FP-SNS-MOTENV1 5.0.0
2026-03-26 15:59:47,554 [INFO] ThirdParty:1030 - CMSIS Pack Vendor :STMicroelectronics USB_DEVICE 1.0.0
2026-03-26 15:59:47,554 [INFO] ThirdParty:1030 - CMSIS Pack Vendor :STMicroelectronics X-CUBE-AZRTOS-H7RS 1.2.0
2026-03-26 15:59:47,554 [INFO] ThirdParty:1030 - CMSIS Pack Vendor :STMicroelectronics X-CUBE-AZRTOS-L4 2.0.0
2026-03-26 15:59:47,554 [INFO] ThirdParty:1030 - CMSIS Pack Vendor :STMicroelectronics ThreadX 0.0.2
2026-03-26 15:59:47,554 [INFO] ThirdParty:1030 - CMSIS Pack Vendor :STMicroelectronics lwIP 2.1.2
2026-03-26 15:59:47,555 [INFO] ThirdParty:1030 - CMSIS Pack Vendor :STMicroelectronics X-CUBE-SFXS2LP1 4.0.0
2026-03-26 15:59:47,555 [INFO] ThirdParty:1030 - CMSIS Pack Vendor :STMicroelectronics X-CUBE-BLE2 3.3.0
2026-03-26 15:59:47,555 [INFO] ThirdParty:1030 - CMSIS Pack Vendor :Avnet-IOTCONNECT X-CUBE-iotc-st67-sdk 1.0.0
2026-03-26 15:59:47,555 [INFO] ThirdParty:1030 - CMSIS Pack Vendor :STMicroelectronics X-CUBE-TOF1 3.4.3
2026-03-26 15:59:47,555 [INFO] ThirdParty:1030 - CMSIS Pack Vendor :STMicroelectronics PDM2PCM 3.2.0
2026-03-26 15:59:47,555 [INFO] ThirdParty:1030 - CMSIS Pack Vendor :STMicroelectronics X-CUBE-ST67W61 1.2.0
2026-03-26 15:59:47,555 [INFO] ThirdParty:841 - exiting critical section [change project]
2026-03-26 15:59:47,895 [INFO] PinOutPanel:1589 - setPackage(No Configuration,No Configuration)
2026-03-26 15:59:47,897 [INFO] PinOutPanel:1589 - setPackage(STM32F446RETx,LQFP64)
2026-03-26 15:59:48,178 [INFO] UtilMem:75 - Before build in PCC Used Memory: 620031808 Bytes (947912704)
2026-03-26 15:59:48,562 [INFO] UtilMem:75 - After build in PCC Used Memory: 764894936 Bytes (947912704)
2026-03-26 15:59:48,587 [INFO] IPUIPlugin:80 - create IPUIPlugin
2026-03-26 15:59:48,587 [INFO] IPUIPlugin:80 - create IPUIPlugin
2026-03-26 15:59:48,587 [INFO] IPUIPlugin:80 - create IPUIPlugin
2026-03-26 15:59:48,587 [INFO] IPUIPlugin:80 - create IPUIPlugin
2026-03-26 15:59:48,587 [INFO] IPUIPlugin:80 - create IPUIPlugin
2026-03-26 15:59:48,587 [INFO] IPUIPlugin:80 - create IPUIPlugin
2026-03-26 15:59:48,587 [INFO] IPUIPlugin:80 - create IPUIPlugin
2026-03-26 15:59:48,587 [INFO] IPUIPlugin:80 - create IPUIPlugin
2026-03-26 15:59:48,587 [INFO] IPUIPlugin:80 - create IPUIPlugin
2026-03-26 15:59:48,587 [INFO] IPUIPlugin:80 - create IPUIPlugin
2026-03-26 15:59:48,587 [INFO] IPUIPlugin:80 - create IPUIPlugin
2026-03-26 15:59:48,587 [INFO] IPUIPlugin:80 - create IPUIPlugin
2026-03-26 15:59:48,588 [INFO] IPUIPlugin:80 - create IPUIPlugin
2026-03-26 15:59:48,588 [INFO] IPUIPlugin:80 - create IPUIPlugin
2026-03-26 15:59:48,588 [INFO] IPUIPlugin:80 - create IPUIPlugin
2026-03-26 15:59:48,588 [INFO] IPUIPlugin:80 - create IPUIPlugin
2026-03-26 15:59:48,588 [INFO] IPUIPlugin:80 - create IPUIPlugin
2026-03-26 15:59:48,588 [INFO] IPUIPlugin:80 - create IPUIPlugin
2026-03-26 15:59:48,588 [INFO] IPUIPlugin:80 - create IPUIPlugin
2026-03-26 15:59:48,588 [INFO] IPUIPlugin:80 - create IPUIPlugin
2026-03-26 15:59:48,588 [INFO] IPUIPlugin:80 - create IPUIPlugin
2026-03-26 15:59:48,588 [INFO] IPUIPlugin:80 - create IPUIPlugin
2026-03-26 15:59:48,588 [INFO] IPUIPlugin:80 - create IPUIPlugin
2026-03-26 15:59:48,589 [INFO] IPUIPlugin:80 - create IPUIPlugin
2026-03-26 15:59:48,589 [INFO] IPUIPlugin:80 - create IPUIPlugin
2026-03-26 15:59:48,589 [INFO] IPUIPlugin:80 - create IPUIPlugin
2026-03-26 15:59:48,589 [INFO] IPUIPlugin:80 - create IPUIPlugin
2026-03-26 15:59:48,589 [INFO] IPUIPlugin:80 - create IPUIPlugin
2026-03-26 15:59:48,589 [INFO] IPUIPlugin:80 - create IPUIPlugin
2026-03-26 15:59:48,589 [INFO] IPUIPlugin:80 - create IPUIPlugin
2026-03-26 15:59:48,589 [INFO] IPUIPlugin:80 - create IPUIPlugin
2026-03-26 15:59:48,589 [INFO] IPUIPlugin:80 - create IPUIPlugin
2026-03-26 15:59:48,589 [INFO] IPUIPlugin:80 - create IPUIPlugin
2026-03-26 15:59:48,590 [INFO] IPUIPlugin:80 - create IPUIPlugin
2026-03-26 15:59:48,590 [INFO] IPUIPlugin:80 - create IPUIPlugin
2026-03-26 15:59:48,590 [INFO] IPUIPlugin:80 - create IPUIPlugin
2026-03-26 15:59:48,590 [INFO] IPUIPlugin:80 - create IPUIPlugin
2026-03-26 15:59:48,590 [INFO] IPUIPlugin:80 - create IPUIPlugin
2026-03-26 15:59:48,590 [INFO] IPUIPlugin:80 - create IPUIPlugin
2026-03-26 15:59:48,606 [INFO] IPUIPlugin:80 - create IPUIPlugin
2026-03-26 15:59:48,607 [INFO] IPUIPlugin:80 - create IPUIPlugin
2026-03-26 15:59:48,607 [INFO] IPUIPlugin:80 - create IPUIPlugin
2026-03-26 15:59:48,607 [INFO] IPUIPlugin:80 - create IPUIPlugin
2026-03-26 15:59:48,607 [INFO] IPUIPlugin:80 - create IPUIPlugin
2026-03-26 15:59:48,608 [INFO] IPUIPlugin:80 - create IPUIPlugin
2026-03-26 15:59:48,608 [INFO] IPUIPlugin:80 - create IPUIPlugin
2026-03-26 15:59:48,608 [INFO] IPUIPlugin:80 - create IPUIPlugin
2026-03-26 15:59:48,608 [INFO] IPUIPlugin:80 - create IPUIPlugin
2026-03-26 15:59:48,609 [INFO] IPUIPlugin:80 - create IPUIPlugin
2026-03-26 15:59:48,609 [INFO] IPUIPlugin:80 - create IPUIPlugin
2026-03-26 15:59:48,609 [INFO] IPUIPlugin:80 - create IPUIPlugin
2026-03-26 15:59:48,609 [INFO] IPUIPlugin:80 - create IPUIPlugin
2026-03-26 15:59:48,610 [INFO] IPUIPlugin:80 - create IPUIPlugin
2026-03-26 15:59:48,610 [INFO] IPUIPlugin:80 - create IPUIPlugin
2026-03-26 15:59:48,610 [INFO] IPUIPlugin:80 - create IPUIPlugin
2026-03-26 15:59:48,611 [INFO] IPUIPlugin:80 - create IPUIPlugin
2026-03-26 15:59:48,611 [INFO] IPUIPlugin:80 - create IPUIPlugin
2026-03-26 15:59:48,611 [INFO] IPUIPlugin:80 - create IPUIPlugin
2026-03-26 15:59:48,612 [INFO] IPUIPlugin:80 - create IPUIPlugin
2026-03-26 15:59:48,612 [INFO] IPUIPlugin:80 - create IPUIPlugin
2026-03-26 15:59:48,637 [INFO] ApiDbMcu:532 - Load IP Config File for PDM2PCM
2026-03-26 15:59:48,642 [INFO] Can:71 - Can Add PropertyChangeListener com.st.microxplorer.plugins.ip.can.Can@5a4dddc0
2026-03-26 15:59:48,643 [WARN] IP:2250 - I2C_Coeff_DF not found: check if there is a RefParameter without a condition.
2026-03-26 15:59:48,643 [WARN] IP:2250 - Analog_Filter not found: check if there is a RefParameter without a condition.
2026-03-26 15:59:48,758 [INFO] CADModel:165 - CPN selected for project levelSTM32F446RET6
2026-03-26 15:59:48,759 [INFO] CADModel:114 - Register for checkConnection events
2026-03-26 15:59:48,797 [INFO] OpenFileManager:386 - Restore cursor
2026-03-26 15:59:48,985 [WARN] IP:2250 - I2C_Coeff_DF not found: check if there is a RefParameter without a condition.
2026-03-26 15:59:48,985 [WARN] IP:2250 - Analog_Filter not found: check if there is a RefParameter without a condition.
2026-03-26 15:59:48,985 [WARN] IP:2250 - I2C_Coeff_DF not found: check if there is a RefParameter without a condition.
2026-03-26 15:59:48,985 [WARN] IP:2250 - Analog_Filter not found: check if there is a RefParameter without a condition.
2026-03-26 16:00:01,865 [INFO] MainUpdater:2872 - connection check result : 10
2026-03-26 16:00:01,866 [INFO] MainUpdater:2872 - connection check result : 10
2026-03-26 16:00:01,984 [INFO] MicroXplorer:468 - Change Database Path : 
2026-03-26 16:00:01,985 [INFO] MicroXplorer:498 - Change Database Version : DB.6.0.150
2026-03-26 16:00:01,998 [ERROR] ProjectManagerView:395 - 
java.lang.NullPointerException: Cannot invoke "javax.swing.JTextField.getText()" because the return value of "java.util.List.get(int)" is null
	at com.st.microxplorer.plugins.projectmanager.gui.ProjectChoiceTab$9.caretUpdate(ProjectChoiceTab.java:2706) ~[filemanager.jar:?]
	at javax.swing.text.JTextComponent.fireCaretUpdate(JTextComponent.java:408) ~[?:?]
	at javax.swing.text.JTextComponent$MutableCaretEvent.fire(JTextComponent.java:4484) ~[?:?]
	at javax.swing.text.JTextComponent$MutableCaretEvent.stateChanged(JTextComponent.java:4506) ~[?:?]
	at javax.swing.text.DefaultCaret.fireStateChanged(DefaultCaret.java:857) ~[?:?]
	at javax.swing.text.DefaultCaret.changeCaretPosition(DefaultCaret.java:1343) ~[?:?]
	at javax.swing.text.DefaultCaret.handleSetDot(DefaultCaret.java:1242) ~[?:?]
	at javax.swing.text.DefaultCaret.setDot(DefaultCaret.java:1223) ~[?:?]
	at javax.swing.text.DefaultCaret$Handler.insertUpdate(DefaultCaret.java:1819) ~[?:?]
	at javax.swing.text.AbstractDocument.fireInsertUpdate(AbstractDocument.java:227) ~[?:?]
	at javax.swing.text.AbstractDocument.handleInsertString(AbstractDocument.java:781) ~[?:?]
	at javax.swing.text.AbstractDocument.insertString(AbstractDocument.java:740) ~[?:?]
	at javax.swing.text.PlainDocument.insertString(PlainDocument.java:131) ~[?:?]
	at javax.swing.text.AbstractDocument.replace(AbstractDocument.java:699) ~[?:?]
	at javax.swing.text.JTextComponent.setText(JTextComponent.java:1725) ~[?:?]
	at com.st.microxplorer.plugins.projectmanager.gui.ProjectChoiceTab.createHeapStackFields(ProjectChoiceTab.java:993) ~[filemanager.jar:?]
	at com.st.microxplorer.plugins.projectmanager.gui.ProjectChoiceTab.buildLinkSettingsPanel(ProjectChoiceTab.java:3813) ~[filemanager.jar:?]
	at com.st.microxplorer.plugins.projectmanager.gui.ProjectChoiceTab.defineWindowsFields(ProjectChoiceTab.java:1987) ~[filemanager.jar:?]
	at com.st.microxplorer.plugins.projectmanager.gui.ProjectChoiceTab.updateSettings(ProjectChoiceTab.java:558) ~[filemanager.jar:?]
	at com.st.microxplorer.plugins.projectmanager.gui.ProjectSettingsPanel.UpdateDialog(ProjectSettingsPanel.java:247) ~[filemanager.jar:?]
	at com.st.microxplorer.plugins.projectmanager.ProjectManagerView.propertyChange(ProjectManagerView.java:392) ~[filemanager.jar:?]
	at java.beans.PropertyChangeSupport.fire(PropertyChangeSupport.java:343) ~[?:?]
	at java.beans.PropertyChangeSupport.firePropertyChange(PropertyChangeSupport.java:335) ~[?:?]
	at java.beans.PropertyChangeSupport.firePropertyChange(PropertyChangeSupport.java:268) ~[?:?]
	at com.st.microxplorer.util.MXPropertyChangeSupport.firePropertyChange(MXPropertyChangeSupport.java:54) ~[STM32CubeMX.jar:?]
	at com.st.microxplorer.mxsystem.MxSystem.closeConfig(MxSystem.java:899) ~[STM32CubeMX.jar:?]
	at com.st.microxplorer.maingui.MainPanel.closeConfig(MainPanel.java:792) ~[STM32CubeMX.jar:?]
	at com.st.microxplorer.plugins.filemanager.engine.OpenFileManager.loadConfigurationFile(OpenFileManager.java:288) ~[filemanager.jar:?]
	at com.st.microxplorer.plugins.filemanager.engine.MainFileManager.userLoadConfig(MainFileManager.java:364) ~[filemanager.jar:?]
	at com.st.microxplorer.plugins.filemanager.engine.MainFileManager.userLoadConfig(MainFileManager.java:342) ~[filemanager.jar:?]
	at com.st.microxplorer.plugins.filemanager.FileManagerView.getSpecificTask(FileManagerView.java:264) ~[filemanager.jar:?]
	at com.st.stm32cube.common.mx.editor.CubeMxEditor.getMxTabbedPaneInstance(CubeMxEditor.java:1198) ~[com.st.stm32cube.common.mx_6.15.0.202507011659/:?]
	at com.st.stm32cube.common.mx.editor.CubeMxEditor$12$1.createSwingComponent(CubeMxEditor.java:1068) ~[com.st.stm32cube.common.mx_6.15.0.202507011659/:?]
	at com.st.stm32cube.common.mx.oss.core.awtswtbridge.EmbeddedSwingComposite.doComponentCreation(EmbeddedSwingComposite.java:492) ~[com.st.stm32cube.common.mx.oss_6.15.0.202507011659/:?]
	at com.st.stm32cube.common.mx.oss.core.awtswtbridge.EmbeddedSwingComposite$4.run(EmbeddedSwingComposite.java:291) ~[com.st.stm32cube.common.mx.oss_6.15.0.202507011659/:?]
	at com.st.stm32cube.common.mx.oss.core.awtswtbridge.AwtEnvironment$2.run(AwtEnvironment.java:166) ~[com.st.stm32cube.common.mx.oss_6.15.0.202507011659/:?]
	at java.awt.event.InvocationEvent.dispatch(InvocationEvent.java:318) ~[?:?]
	at java.awt.EventQueue.dispatchEventImpl(EventQueue.java:773) ~[?:?]
	at java.awt.EventQueue$4.run(EventQueue.java:720) ~[?:?]
	at java.awt.EventQueue$4.run(EventQueue.java:714) ~[?:?]
	at java.security.AccessController.doPrivileged(AccessController.java:400) ~[?:?]
	at java.security.ProtectionDomain$JavaSecurityAccessImpl.doIntersectionPrivilege(ProtectionDomain.java:87) ~[?:?]
	at java.awt.EventQueue.dispatchEvent(EventQueue.java:742) ~[?:?]
	at java.awt.EventDispatchThread.pumpOneEventForFilters(EventDispatchThread.java:203) ~[?:?]
	at java.awt.EventDispatchThread.pumpEventsForFilter(EventDispatchThread.java:124) ~[?:?]
	at java.awt.EventDispatchThread.pumpEventsForHierarchy(EventDispatchThread.java:113) ~[?:?]
	at java.awt.EventDispatchThread.pumpEvents(EventDispatchThread.java:109) ~[?:?]
	at java.awt.EventDispatchThread.pumpEvents(EventDispatchThread.java:101) ~[?:?]
	at java.awt.EventDispatchThread.run(EventDispatchThread.java:90) ~[?:?]
2026-03-26 16:00:02,003 [WARN] ThirdParty:871 - waiting for thirdparty lock release [close project]
2026-03-26 16:00:02,003 [INFO] ThirdParty:873 - entering critical section [close project]
2026-03-26 16:00:02,003 [INFO] ThirdParty:883 - exiting critical section [close project]
2026-03-26 16:00:02,004 [INFO] PinOutPanel:1589 - setPackage(No Configuration,No Configuration)
2026-03-26 16:00:02,020 [WARN] IpParametersView:155 - Warning: This peripheral hasn't parameters
2026-03-26 16:00:02,034 [WARN] MainPanel:289 - <html><b><center>Warning: This peripheral has no parameters to be configured<br></b></html>
2026-03-26 16:00:02,044 [INFO] UtilMem:75 - Begin LoadConfig() Used Memory: 365953024 Bytes (947912704)
2026-03-26 16:00:02,045 [INFO] MicroXplorer:468 - Change Database Path : 
2026-03-26 16:00:02,045 [INFO] MicroXplorer:498 - Change Database Version : DB.6.0.150
2026-03-26 16:00:02,045 [INFO] OpenFileManager:355 - Change cursor
2026-03-26 16:00:02,052 [INFO] Mcu:2029 - Initializing MCU STM32F446R(C-E)Tx STM32F446RETx STM32F446RET6
2026-03-26 16:00:02,970 [INFO] Context:786 - Trying to add GPIOservice into a context  which must be forbidden
2026-03-26 16:00:03,259 [INFO] ImportTextPane:234 - (OptionalMessage_ERROR) Pin18 (VP_RIF_VS_RIF1) cannot be retrieved for this MCU
2026-03-26 16:00:03,324 [INFO] RtosManager:558 - Registered RTOS mode: class=CMSIS, group=RTOS, mode=CMSIS_V1, owner=FREERTOS
2026-03-26 16:00:03,324 [INFO] RtosManager:558 - Registered RTOS mode: class=CMSIS, group=RTOS2, mode=CMSIS_V2, owner=FREERTOS
2026-03-26 16:00:03,324 [INFO] RtosManager:558 - Registered RTOS mode: class=RTOS, group=Core, mode=CMSIS_V1, owner=FREERTOS
2026-03-26 16:00:03,324 [INFO] RtosManager:558 - Registered RTOS mode: class=RTOS, group=Core, mode=CMSIS_V2, owner=FREERTOS
2026-03-26 16:00:03,324 [WARN] ModelIntegratedComponent:184 - Missing modes for component STMicroelectronics:FreeRTOS:0.0.1:STMicroelectronics:RTOS:FreeRTOS:Core:::10.2.0:
2026-03-26 16:00:03,331 [WARN] ModelIntegratedComponent:63 - No mode defined for component null
2026-03-26 16:00:03,331 [WARN] ModelIntegratedComponent:63 - No mode defined for component null
2026-03-26 16:00:03,331 [WARN] ModelIntegratedComponent:63 - No mode defined for component null
2026-03-26 16:00:03,331 [WARN] ModelIntegratedComponent:63 - No mode defined for component null
2026-03-26 16:00:03,331 [WARN] ModelIntegratedComponent:63 - No mode defined for component null
2026-03-26 16:00:03,331 [WARN] ModelIntegratedComponent:63 - No mode defined for component null
2026-03-26 16:00:03,331 [WARN] ModelIntegratedComponent:63 - No mode defined for component null
2026-03-26 16:00:03,331 [WARN] ModelIntegratedComponent:63 - No mode defined for component null
2026-03-26 16:00:03,331 [WARN] ModelIntegratedComponent:63 - No mode defined for component null
2026-03-26 16:00:03,331 [WARN] ModelIntegratedComponent:63 - No mode defined for component null
2026-03-26 16:00:03,331 [WARN] ModelIntegratedComponent:63 - No mode defined for component null
2026-03-26 16:00:03,331 [WARN] ModelIntegratedComponent:63 - No mode defined for component null
2026-03-26 16:00:03,331 [WARN] ModelIntegratedComponent:63 - No mode defined for component null
2026-03-26 16:00:03,331 [WARN] ModelIntegratedComponent:63 - No mode defined for component null
2026-03-26 16:00:03,331 [WARN] ModelIntegratedComponent:63 - No mode defined for component null
2026-03-26 16:00:03,331 [WARN] ModelIntegratedComponent:63 - No mode defined for component null
2026-03-26 16:00:03,331 [WARN] ModelIntegratedComponent:63 - No mode defined for component null
2026-03-26 16:00:03,331 [WARN] ModelIntegratedComponent:63 - No mode defined for component null
2026-03-26 16:00:03,331 [WARN] ModelIntegratedComponent:63 - No mode defined for component null
2026-03-26 16:00:03,331 [WARN] ModelIntegratedComponent:63 - No mode defined for component null
2026-03-26 16:00:03,332 [WARN] ModelIntegratedComponent:63 - No mode defined for component null
2026-03-26 16:00:03,332 [WARN] ModelIntegratedComponent:63 - No mode defined for component null
2026-03-26 16:00:03,332 [WARN] ModelIntegratedComponent:63 - No mode defined for component null
2026-03-26 16:00:03,332 [WARN] ModelIntegratedComponent:63 - No mode defined for component null
2026-03-26 16:00:03,332 [WARN] ModelIntegratedComponent:63 - No mode defined for component null
2026-03-26 16:00:03,332 [WARN] ModelIntegratedComponent:63 - No mode defined for component null
2026-03-26 16:00:03,332 [WARN] ModelIntegratedComponent:63 - No mode defined for component null
2026-03-26 16:00:03,332 [WARN] ModelIntegratedComponent:63 - No mode defined for component null
2026-03-26 16:00:03,332 [WARN] ModelIntegratedComponent:63 - No mode defined for component null
2026-03-26 16:00:03,332 [WARN] ModelIntegratedComponent:63 - No mode defined for component null
2026-03-26 16:00:03,332 [WARN] ModelIntegratedComponent:63 - No mode defined for component null
2026-03-26 16:00:03,332 [WARN] ModelIntegratedComponent:63 - No mode defined for component null
2026-03-26 16:00:03,332 [WARN] ModelIntegratedComponent:63 - No mode defined for component null
2026-03-26 16:00:03,332 [WARN] ModelIntegratedComponent:63 - No mode defined for component null
2026-03-26 16:00:03,332 [WARN] ModelIntegratedComponent:63 - No mode defined for component null
2026-03-26 16:00:03,332 [WARN] ModelPack:524 - Component already loaded: STMicroelectronics:HAL Drivers:0.0.0:STMicroelectronics:Device:STMicro_Driver:XSPI:HAL::0.0.1:HAL_XSPI
2026-03-26 16:00:03,406 [INFO] ThirdPartyModel:298 - Start build external matchings
2026-03-26 16:00:03,758 [INFO] ThirdPartyModel:316 - End build external matchings
2026-03-26 16:00:03,769 [INFO] ImportTextPane:234 - (OptionalMessage_ERROR) IP (DMA) : Parameter (Instance) has Id (I2C3_RX) currently not set
2026-03-26 16:00:03,769 [INFO] ImportTextPane:234 - (OptionalMessage_ERROR) IP (DMA) : Parameter (Channel) has Id (I2C3_RX) currently not set
2026-03-26 16:00:03,769 [INFO] ImportTextPane:234 - (OptionalMessage_ERROR) IP (DMA) : Parameter (Direction) has Id (I2C3_RX) currently not set
2026-03-26 16:00:03,770 [INFO] ImportTextPane:234 - (OptionalMessage_ERROR) IP (DMA) : Parameter (PeriphInc) has Id (I2C3_RX) currently not set
2026-03-26 16:00:03,770 [INFO] ImportTextPane:234 - (OptionalMessage_ERROR) IP (DMA) : Parameter (MemInc) has Id (I2C3_RX) currently not set
2026-03-26 16:00:03,770 [INFO] ImportTextPane:234 - (OptionalMessage_ERROR) IP (DMA) : Parameter (PeriphDataAlignment) has Id (I2C3_RX) currently not set
2026-03-26 16:00:03,770 [INFO] ImportTextPane:234 - (OptionalMessage_ERROR) IP (DMA) : Parameter (MemDataAlignment) has Id (I2C3_RX) currently not set
2026-03-26 16:00:03,770 [INFO] ImportTextPane:234 - (OptionalMessage_ERROR) IP (DMA) : Parameter (Mode) has Id (I2C3_RX) currently not set
2026-03-26 16:00:03,770 [INFO] ImportTextPane:234 - (OptionalMessage_ERROR) IP (DMA) : Parameter (Priority) has Id (I2C3_RX) currently not set
2026-03-26 16:00:03,770 [INFO] ImportTextPane:234 - (OptionalMessage_ERROR) IP (DMA) : Parameter (FIFOMode) has Id (I2C3_RX) currently not set
2026-03-26 16:00:03,770 [WARN] IP:2250 - I2C_Coeff_DF not found: check if there is a RefParameter without a condition.
2026-03-26 16:00:03,770 [WARN] IP:2250 - Analog_Filter not found: check if there is a RefParameter without a condition.
2026-03-26 16:00:03,771 [INFO] ImportTextPane:234 - (OptionalMessage_ERROR) IP (RCC) : Invalid parameter (FamilyName)
2026-03-26 16:00:03,774 [WARN] IP:2250 - DEVICE_SERIAL0_CDC_FS not found: check if there is a RefParameter without a condition.
2026-03-26 16:00:03,774 [WARN] IP:2250 - DEVICE_SERIAL1_CDC_FS not found: check if there is a RefParameter without a condition.
2026-03-26 16:00:03,774 [WARN] IP:2250 - DEVICE_SERIAL2_CDC_FS not found: check if there is a RefParameter without a condition.
2026-03-26 16:00:03,918 [INFO] UtilMem:75 - End LoadConfig() Used Memory: 317823848 Bytes (947912704)
2026-03-26 16:00:03,930 [WARN] ThirdParty:833 - waiting for thirdparty lock release [change project]
2026-03-26 16:00:03,930 [INFO] ThirdParty:835 - entering critical section [change project]
2026-03-26 16:00:03,930 [INFO] ThirdParty:1030 - CMSIS Pack Vendor :STMicroelectronics X-CUBE-AZRTOS-H7 3.5.0
2026-03-26 16:00:03,930 [INFO] ThirdParty:1030 - CMSIS Pack Vendor :STMicroelectronics X-CUBE-PM33A1 1.0.0
2026-03-26 16:00:03,930 [INFO] ThirdParty:1030 - CMSIS Pack Vendor :STMicroelectronics USBPD 4.1
2026-03-26 16:00:03,930 [INFO] ThirdParty:1030 - CMSIS Pack Vendor :STMicroelectronics X-CUBE-NFC9 1.0.0
2026-03-26 16:00:03,930 [INFO] ThirdParty:1030 - CMSIS Pack Vendor :STMicroelectronics USB_HOST 2.0.0
2026-03-26 16:00:03,930 [INFO] ThirdParty:1030 - CMSIS Pack Vendor :STMicroelectronics FP-SNS-MOTENVWB1 1.4.0
2026-03-26 16:00:03,930 [INFO] ThirdParty:1030 - CMSIS Pack Vendor :STMicroelectronics X-CUBE-AZRTOS-F4 1.1.0
2026-03-26 16:00:03,930 [INFO] ThirdParty:1030 - CMSIS Pack Vendor :STMicroelectronics LIBJPEG 8.0.0
2026-03-26 16:00:03,930 [INFO] ThirdParty:1030 - CMSIS Pack Vendor :STMicroelectronics FP-ATR-ASTRA1 2.0.2
2026-03-26 16:00:03,930 [INFO] ThirdParty:1030 - CMSIS Pack Vendor :wolfSSL I-CUBE-wolfSSL 5.8.2
2026-03-26 16:00:03,930 [INFO] ThirdParty:1030 - CMSIS Pack Vendor :STMicroelectronics X-CUBE-BLE1 7.1.0
2026-03-26 16:00:03,930 [INFO] ThirdParty:1030 - CMSIS Pack Vendor :STMicroelectronics X-CUBE-SMBUS 2.1.0
2026-03-26 16:00:03,930 [INFO] ThirdParty:1030 - CMSIS Pack Vendor :wolfSSL I-CUBE-wolfMQTT 1.19.2
2026-03-26 16:00:03,930 [INFO] ThirdParty:1030 - CMSIS Pack Vendor :STMicroelectronics USB_DEVICE 3.0.0
2026-03-26 16:00:03,930 [INFO] ThirdParty:1030 - CMSIS Pack Vendor :STMicroelectronics X-CUBE-ISPU 2.1.0
2026-03-26 16:00:03,930 [INFO] ThirdParty:1030 - CMSIS Pack Vendor :STMicroelectronics X-CUBE-FREERTOS 1.4.0
2026-03-26 16:00:03,930 [INFO] ThirdParty:1030 - CMSIS Pack Vendor :STMicroelectronics X-CUBE-EEPRMA1 5.2.0
2026-03-26 16:00:03,930 [INFO] ThirdParty:1030 - CMSIS Pack Vendor :STMicroelectronics X-CUBE-IPS 3.2.0
2026-03-26 16:00:03,930 [INFO] ThirdParty:1030 - CMSIS Pack Vendor :STMicroelectronics X-CUBE-BLEMGR 4.1.0
2026-03-26 16:00:03,930 [INFO] ThirdParty:1030 - CMSIS Pack Vendor :STMicroelectronics X-CUBE-AZRTOS-WB 2.0.0
2026-03-26 16:00:03,930 [INFO] ThirdParty:1030 - CMSIS Pack Vendor :STMicroelectronics X-CUBE-ST60 1.0.0
2026-03-26 16:00:03,930 [INFO] ThirdParty:1030 - CMSIS Pack Vendor :STMicroelectronics X-CUBE-GNSS1 7.0.1
2026-03-26 16:00:03,931 [INFO] ThirdParty:1030 - CMSIS Pack Vendor :STMicroelectronics X-CUBE-NFC12 1.0.0
2026-03-26 16:00:03,931 [INFO] ThirdParty:1030 - CMSIS Pack Vendor :STMicroelectronics X-CUBE-AZRTOS-F7 1.1.0
2026-03-26 16:00:03,931 [INFO] ThirdParty:1030 - CMSIS Pack Vendor :STMicroelectronics X-CUBE-AZRTOS-L5 2.0.0
2026-03-26 16:00:03,931 [INFO] ThirdParty:1030 - CMSIS Pack Vendor :STMicroelectronics USB_DEVICE 2.0.0
2026-03-26 16:00:03,931 [INFO] ThirdParty:1030 - CMSIS Pack Vendor :STMicroelectronics X-CUBE-NFC6 3.1.0
2026-03-26 16:00:03,931 [INFO] ThirdParty:1030 - CMSIS Pack Vendor :STMicroelectronics X-CUBE-ST67W61 1.1.0
2026-03-26 16:00:03,931 [INFO] ThirdParty:1030 - CMSIS Pack Vendor :Cesanta I-CUBE-Mongoose 7.19.0
2026-03-26 16:00:03,931 [INFO] ThirdParty:1030 - CMSIS Pack Vendor :quantropi X-CUBE-qispace-sdk-base 2.1.0
2026-03-26 16:00:03,931 [INFO] ThirdParty:1030 - CMSIS Pack Vendor :STMicroelectronics X-CUBE-MEMS1 12.0.0
2026-03-26 16:00:03,931 [INFO] ThirdParty:1030 - CMSIS Pack Vendor :STMicroelectronics X-CUBE-STSE01 2.0.0
2026-03-26 16:00:03,931 [INFO] ThirdParty:1030 - CMSIS Pack Vendor :STMicroelectronics FP-SNS-MOTENV1 5.1.0
2026-03-26 16:00:03,931 [INFO] ThirdParty:1030 - CMSIS Pack Vendor :STMicroelectronics FreeRTOS 0.0.1
2026-03-26 16:00:03,931 [INFO] ThirdParty:1030 - CMSIS Pack Vendor :STMicroelectronics X-CUBE-AZRTOS-G0 1.1.0
2026-03-26 16:00:03,931 [INFO] ThirdParty:1030 - CMSIS Pack Vendor :STMicroelectronics X-CUBE-SAFEA1 1.2.2
2026-03-26 16:00:03,931 [INFO] ThirdParty:1030 - CMSIS Pack Vendor :STMicroelectronics X-CUBE-NFC4 3.0.0
2026-03-26 16:00:03,931 [INFO] ThirdParty:1030 - CMSIS Pack Vendor :STMicroelectronics X-CUBE-SUBG2 5.0.0
2026-03-26 16:00:03,931 [INFO] ThirdParty:1030 - CMSIS Pack Vendor :STMicroelectronics X-CUBE-AZRTOS-H7RS 1.1.0
2026-03-26 16:00:03,931 [INFO] ThirdParty:1030 - CMSIS Pack Vendor :STMicroelectronics STM32_WPAN 1.0.0
2026-03-26 16:00:03,931 [INFO] ThirdParty:1030 - CMSIS Pack Vendor :EmbeddedOffice I-CUBE-FS-RTOS 1.0.1
2026-03-26 16:00:03,931 [INFO] ThirdParty:1030 - CMSIS Pack Vendor :STMicroelectronics lwIP 2.0.3
2026-03-26 16:00:03,931 [INFO] ThirdParty:1030 - CMSIS Pack Vendor :WES I-CUBE-Cesium 1.4.0
2026-03-26 16:00:03,931 [INFO] ThirdParty:1030 - CMSIS Pack Vendor :STMicroelectronics USB_HOST 1.0.0
2026-03-26 16:00:03,931 [INFO] ThirdParty:1030 - CMSIS Pack Vendor :Infineon AIROC-Wi-Fi-Bluetooth-STM32 1.7.1
2026-03-26 16:00:03,931 [INFO] ThirdParty:1030 - CMSIS Pack Vendor :STMicroelectronics X-CUBE-AZRTOS-G4 2.0.0
2026-03-26 16:00:03,931 [INFO] ThirdParty:1030 - CMSIS Pack Vendor :STMicroelectronics X-CUBE-WB05N 2.0.0
2026-03-26 16:00:03,931 [INFO] ThirdParty:1030 - CMSIS Pack Vendor :STMicroelectronics PDM2PCM 3.1.0
2026-03-26 16:00:03,931 [INFO] ThirdParty:1030 - CMSIS Pack Vendor :STMicroelectronics PDM2PCM 3.3.0
2026-03-26 16:00:03,931 [INFO] ThirdParty:1030 - CMSIS Pack Vendor :wolfSSL I-CUBE-wolfTPM 3.8.0
2026-03-26 16:00:03,931 [INFO] ThirdParty:1030 - CMSIS Pack Vendor :STMicroelectronics X-CUBE-AZRTOS-H7 3.4.0
2026-03-26 16:00:03,931 [INFO] ThirdParty:1030 - CMSIS Pack Vendor :STMicroelectronics X-CUBE-DISPLAY 3.0.0
2026-03-26 16:00:03,931 [INFO] ThirdParty:1030 - CMSIS Pack Vendor :wolfSSL I-CUBE-wolfSSH 1.4.20
2026-03-26 16:00:03,931 [INFO] ThirdParty:1030 - CMSIS Pack Vendor :STMicroelectronics X-CUBE-NFC7 2.0.0
2026-03-26 16:00:03,931 [INFO] ThirdParty:1030 - CMSIS Pack Vendor :STMicroelectronics FP-SNS-MOTENVWB1 1.5.0
2026-03-26 16:00:03,931 [INFO] ThirdParty:1030 - CMSIS Pack Vendor :STMicroelectronics X-CUBE-TCPP 4.2.0
2026-03-26 16:00:03,931 [INFO] ThirdParty:1030 - CMSIS Pack Vendor :RealThread X-CUBE-RT-Thread_Nano 4.1.1
2026-03-26 16:00:03,931 [INFO] ThirdParty:1030 - CMSIS Pack Vendor :STMicroelectronics FP-ATR-SIGFOX1 3.2.0
2026-03-26 16:00:03,931 [INFO] ThirdParty:1030 - CMSIS Pack Vendor :STMicroelectronics X-CUBE-NFC10 1.0.0
2026-03-26 16:00:03,931 [INFO] ThirdParty:1030 - CMSIS Pack Vendor :STMicroelectronics X-CUBE-FREERTOS 1.3.1
2026-03-26 16:00:03,931 [INFO] ThirdParty:1030 - CMSIS Pack Vendor :STMicroelectronics HAL Drivers 0.0.0
2026-03-26 16:00:03,931 [INFO] ThirdParty:1030 - CMSIS Pack Vendor :STMicroelectronics X-CUBE-FREERTOS 1.5.0
2026-03-26 16:00:03,931 [INFO] ThirdParty:1030 - CMSIS Pack Vendor :STMicroelectronics MBEDTLS 2.16.2
2026-03-26 16:00:03,931 [INFO] ThirdParty:1030 - CMSIS Pack Vendor :STMicroelectronics X-CUBE-ST60 1.1.0
2026-03-26 16:00:03,931 [INFO] ThirdParty:1030 - CMSIS Pack Vendor :STMicroelectronics X-CUBE-ALS 1.0.2
2026-03-26 16:00:03,932 [INFO] ThirdParty:1030 - CMSIS Pack Vendor :emotas I-CUBE-CANOPEN 1.3.0
2026-03-26 16:00:03,932 [INFO] ThirdParty:1030 - CMSIS Pack Vendor :STMicroelectronics MBEDTLS 2.14.1
2026-03-26 16:00:03,932 [INFO] ThirdParty:1030 - CMSIS Pack Vendor :STMicroelectronics X-CUBE-GNSS1 7.1.0
2026-03-26 16:00:03,932 [INFO] ThirdParty:1030 - CMSIS Pack Vendor :ITTIA_DB I-CUBE-ITTIADB 8.9.0
2026-03-26 16:00:03,932 [INFO] ThirdParty:1030 - CMSIS Pack Vendor :STMicroelectronics X-CUBE-TOUCHGFX 4.26.0
2026-03-26 16:00:03,932 [INFO] ThirdParty:1030 - CMSIS Pack Vendor :STMicroelectronics X-CUBE-STSE01 1.0.0
2026-03-26 16:00:03,932 [INFO] ThirdParty:1030 - CMSIS Pack Vendor :STMicroelectronics X-CUBE-TOUCHGFX 4.26.1
2026-03-26 16:00:03,932 [INFO] ThirdParty:1030 - CMSIS Pack Vendor :STMicroelectronics X-CUBE-NFC6 3.2.0
2026-03-26 16:00:03,932 [INFO] ThirdParty:1030 - CMSIS Pack Vendor :STMicroelectronics ThreadX 1.0.0
2026-03-26 16:00:03,932 [INFO] ThirdParty:1030 - CMSIS Pack Vendor :STMicroelectronics FP-SNS-SMARTAG2 1.2.0
2026-03-26 16:00:03,932 [INFO] ThirdParty:1030 - CMSIS Pack Vendor :STMicroelectronics FP-SNS-FLIGHT1 5.1.0
2026-03-26 16:00:03,932 [INFO] ThirdParty:1030 - CMSIS Pack Vendor :STMicroelectronics X-CUBE-AZRTOS-WL 2.0.0
2026-03-26 16:00:03,932 [INFO] ThirdParty:1030 - CMSIS Pack Vendor :SEGGER I-CUBE-embOS 1.3.1
2026-03-26 16:00:03,932 [INFO] ThirdParty:1030 - CMSIS Pack Vendor :STMicroelectronics X-CUBE-ALGOBUILD 1.4.0
2026-03-26 16:00:03,932 [INFO] ThirdParty:1030 - CMSIS Pack Vendor :STMicroelectronics X-CUBE-DPower 1.3.0
2026-03-26 16:00:03,932 [INFO] ThirdParty:1030 - CMSIS Pack Vendor :STMicroelectronics X-CUBE-MEMS1 11.3.0
2026-03-26 16:00:03,932 [INFO] ThirdParty:1030 - CMSIS Pack Vendor :STMicroelectronics FP-SNS-MOTENV1 5.0.0
2026-03-26 16:00:03,932 [INFO] ThirdParty:1030 - CMSIS Pack Vendor :STMicroelectronics USB_DEVICE 1.0.0
2026-03-26 16:00:03,932 [INFO] ThirdParty:1030 - CMSIS Pack Vendor :STMicroelectronics X-CUBE-AZRTOS-H7RS 1.2.0
2026-03-26 16:00:03,932 [INFO] ThirdParty:1030 - CMSIS Pack Vendor :STMicroelectronics X-CUBE-AZRTOS-L4 2.0.0
2026-03-26 16:00:03,932 [INFO] ThirdParty:1030 - CMSIS Pack Vendor :STMicroelectronics ThreadX 0.0.2
2026-03-26 16:00:03,932 [INFO] ThirdParty:1030 - CMSIS Pack Vendor :STMicroelectronics lwIP 2.1.2
2026-03-26 16:00:03,932 [INFO] ThirdParty:1030 - CMSIS Pack Vendor :STMicroelectronics X-CUBE-SFXS2LP1 4.0.0
2026-03-26 16:00:03,932 [INFO] ThirdParty:1030 - CMSIS Pack Vendor :STMicroelectronics X-CUBE-BLE2 3.3.0
2026-03-26 16:00:03,932 [INFO] ThirdParty:1030 - CMSIS Pack Vendor :Avnet-IOTCONNECT X-CUBE-iotc-st67-sdk 1.0.0
2026-03-26 16:00:03,932 [INFO] ThirdParty:1030 - CMSIS Pack Vendor :STMicroelectronics X-CUBE-TOF1 3.4.3
2026-03-26 16:00:03,932 [INFO] ThirdParty:1030 - CMSIS Pack Vendor :STMicroelectronics PDM2PCM 3.2.0
2026-03-26 16:00:03,932 [INFO] ThirdParty:1030 - CMSIS Pack Vendor :STMicroelectronics X-CUBE-ST67W61 1.2.0
2026-03-26 16:00:03,932 [INFO] ThirdParty:841 - exiting critical section [change project]
2026-03-26 16:00:04,202 [INFO] PinOutPanel:1589 - setPackage(No Configuration,No Configuration)
2026-03-26 16:00:04,202 [INFO] PinOutPanel:1589 - setPackage(STM32F446RETx,LQFP64)
2026-03-26 16:00:04,430 [INFO] UtilMem:75 - Before build in PCC Used Memory: 599280712 Bytes (947912704)
2026-03-26 16:00:04,600 [INFO] UtilMem:75 - After build in PCC Used Memory: 649612360 Bytes (947912704)
2026-03-26 16:00:04,641 [INFO] ApiDbMcu:532 - Load IP Config File for USB_DEVICE
2026-03-26 16:00:04,662 [INFO] IPUIPlugin:80 - create IPUIPlugin
2026-03-26 16:00:04,662 [INFO] IPUIPlugin:80 - create IPUIPlugin
2026-03-26 16:00:04,662 [INFO] IPUIPlugin:80 - create IPUIPlugin
2026-03-26 16:00:04,662 [INFO] IPUIPlugin:80 - create IPUIPlugin
2026-03-26 16:00:04,662 [INFO] IPUIPlugin:80 - create IPUIPlugin
2026-03-26 16:00:04,663 [INFO] IPUIPlugin:80 - create IPUIPlugin
2026-03-26 16:00:04,663 [INFO] IPUIPlugin:80 - create IPUIPlugin
2026-03-26 16:00:04,663 [INFO] IPUIPlugin:80 - create IPUIPlugin
2026-03-26 16:00:04,663 [INFO] IPUIPlugin:80 - create IPUIPlugin
2026-03-26 16:00:04,663 [INFO] IPUIPlugin:80 - create IPUIPlugin
2026-03-26 16:00:04,663 [INFO] IPUIPlugin:80 - create IPUIPlugin
2026-03-26 16:00:04,663 [INFO] IPUIPlugin:80 - create IPUIPlugin
2026-03-26 16:00:04,663 [INFO] IPUIPlugin:80 - create IPUIPlugin
2026-03-26 16:00:04,663 [INFO] IPUIPlugin:80 - create IPUIPlugin
2026-03-26 16:00:04,663 [INFO] IPUIPlugin:80 - create IPUIPlugin
2026-03-26 16:00:04,663 [INFO] IPUIPlugin:80 - create IPUIPlugin
2026-03-26 16:00:04,664 [INFO] IPUIPlugin:80 - create IPUIPlugin
2026-03-26 16:00:04,664 [INFO] IPUIPlugin:80 - create IPUIPlugin
2026-03-26 16:00:04,664 [INFO] IPUIPlugin:80 - create IPUIPlugin
2026-03-26 16:00:04,664 [INFO] IPUIPlugin:80 - create IPUIPlugin
2026-03-26 16:00:04,664 [INFO] IPUIPlugin:80 - create IPUIPlugin
2026-03-26 16:00:04,665 [INFO] IPUIPlugin:80 - create IPUIPlugin
2026-03-26 16:00:04,665 [INFO] IPUIPlugin:80 - create IPUIPlugin
2026-03-26 16:00:04,665 [INFO] IPUIPlugin:80 - create IPUIPlugin
2026-03-26 16:00:04,665 [INFO] IPUIPlugin:80 - create IPUIPlugin
2026-03-26 16:00:04,666 [INFO] IPUIPlugin:80 - create IPUIPlugin
2026-03-26 16:00:04,666 [INFO] IPUIPlugin:80 - create IPUIPlugin
2026-03-26 16:00:04,666 [INFO] IPUIPlugin:80 - create IPUIPlugin
2026-03-26 16:00:04,666 [INFO] IPUIPlugin:80 - create IPUIPlugin
2026-03-26 16:00:04,667 [INFO] IPUIPlugin:80 - create IPUIPlugin
2026-03-26 16:00:04,667 [INFO] IPUIPlugin:80 - create IPUIPlugin
2026-03-26 16:00:04,667 [INFO] IPUIPlugin:80 - create IPUIPlugin
2026-03-26 16:00:04,667 [INFO] IPUIPlugin:80 - create IPUIPlugin
2026-03-26 16:00:04,667 [INFO] IPUIPlugin:80 - create IPUIPlugin
2026-03-26 16:00:04,668 [INFO] IPUIPlugin:80 - create IPUIPlugin
2026-03-26 16:00:04,668 [INFO] IPUIPlugin:80 - create IPUIPlugin
2026-03-26 16:00:04,668 [INFO] IPUIPlugin:80 - create IPUIPlugin
2026-03-26 16:00:04,668 [INFO] IPUIPlugin:80 - create IPUIPlugin
2026-03-26 16:00:04,669 [INFO] IPUIPlugin:80 - create IPUIPlugin
2026-03-26 16:00:04,669 [INFO] IPUIPlugin:80 - create IPUIPlugin
2026-03-26 16:00:04,669 [INFO] IPUIPlugin:80 - create IPUIPlugin
2026-03-26 16:00:04,669 [INFO] IPUIPlugin:80 - create IPUIPlugin
2026-03-26 16:00:04,669 [INFO] IPUIPlugin:80 - create IPUIPlugin
2026-03-26 16:00:04,670 [INFO] IPUIPlugin:80 - create IPUIPlugin
2026-03-26 16:00:04,670 [INFO] IPUIPlugin:80 - create IPUIPlugin
2026-03-26 16:00:04,670 [INFO] IPUIPlugin:80 - create IPUIPlugin
2026-03-26 16:00:04,670 [INFO] IPUIPlugin:80 - create IPUIPlugin
2026-03-26 16:00:04,670 [INFO] IPUIPlugin:80 - create IPUIPlugin
2026-03-26 16:00:04,671 [INFO] IPUIPlugin:80 - create IPUIPlugin
2026-03-26 16:00:04,671 [INFO] IPUIPlugin:80 - create IPUIPlugin
2026-03-26 16:00:04,671 [INFO] IPUIPlugin:80 - create IPUIPlugin
2026-03-26 16:00:04,671 [INFO] IPUIPlugin:80 - create IPUIPlugin
2026-03-26 16:00:04,671 [INFO] IPUIPlugin:80 - create IPUIPlugin
2026-03-26 16:00:04,672 [INFO] IPUIPlugin:80 - create IPUIPlugin
2026-03-26 16:00:04,672 [INFO] IPUIPlugin:80 - create IPUIPlugin
2026-03-26 16:00:04,672 [INFO] IPUIPlugin:80 - create IPUIPlugin
2026-03-26 16:00:04,672 [INFO] IPUIPlugin:80 - create IPUIPlugin
2026-03-26 16:00:04,672 [INFO] IPUIPlugin:80 - create IPUIPlugin
2026-03-26 16:00:04,673 [INFO] IPUIPlugin:80 - create IPUIPlugin
2026-03-26 16:00:04,673 [INFO] IPUIPlugin:80 - create IPUIPlugin
2026-03-26 16:00:04,676 [INFO] ApiDbMcu:532 - Load IP Config File for PDM2PCM
2026-03-26 16:00:04,678 [INFO] Can:71 - Can Add PropertyChangeListener com.st.microxplorer.plugins.ip.can.Can@60f89af
2026-03-26 16:00:04,679 [WARN] IP:2250 - I2C_Coeff_DF not found: check if there is a RefParameter without a condition.
2026-03-26 16:00:04,679 [WARN] IP:2250 - Analog_Filter not found: check if there is a RefParameter without a condition.
2026-03-26 16:00:04,735 [INFO] CADModel:165 - CPN selected for project levelSTM32F446RET6
2026-03-26 16:00:04,735 [INFO] CADModel:114 - Register for checkConnection events
2026-03-26 16:00:04,777 [INFO] OpenFileManager:386 - Restore cursor
2026-03-26 16:00:04,920 [WARN] IP:2250 - DEVICE_SERIAL0_CDC_FS not found: check if there is a RefParameter without a condition.
2026-03-26 16:00:04,921 [WARN] IP:2250 - DEVICE_SERIAL1_CDC_FS not found: check if there is a RefParameter without a condition.
2026-03-26 16:00:04,921 [WARN] IP:2250 - DEVICE_SERIAL2_CDC_FS not found: check if there is a RefParameter without a condition.
2026-03-26 16:00:04,922 [WARN] IP:2250 - DEVICE_SERIAL0_CDC_FS not found: check if there is a RefParameter without a condition.
2026-03-26 16:00:04,922 [WARN] IP:2250 - DEVICE_SERIAL1_CDC_FS not found: check if there is a RefParameter without a condition.
2026-03-26 16:00:04,922 [WARN] IP:2250 - DEVICE_SERIAL2_CDC_FS not found: check if there is a RefParameter without a condition.
2026-03-26 16:00:04,967 [WARN] IP:2250 - I2C_Coeff_DF not found: check if there is a RefParameter without a condition.
2026-03-26 16:00:04,967 [WARN] IP:2250 - Analog_Filter not found: check if there is a RefParameter without a condition.
2026-03-26 16:00:04,968 [WARN] IP:2250 - I2C_Coeff_DF not found: check if there is a RefParameter without a condition.
2026-03-26 16:00:04,968 [WARN] IP:2250 - Analog_Filter not found: check if there is a RefParameter without a condition.
2026-03-26 16:12:00,476 [WARN] IP:2250 - DEVICE_SERIAL0_CDC_FS not found: check if there is a RefParameter without a condition.
2026-03-26 16:12:00,476 [WARN] IP:2250 - DEVICE_SERIAL1_CDC_FS not found: check if there is a RefParameter without a condition.
2026-03-26 16:12:00,476 [WARN] IP:2250 - DEVICE_SERIAL2_CDC_FS not found: check if there is a RefParameter without a condition.
2026-03-26 16:12:00,477 [WARN] IP:2250 - DEVICE_SERIAL0_CDC_FS not found: check if there is a RefParameter without a condition.
2026-03-26 16:12:00,477 [WARN] IP:2250 - DEVICE_SERIAL1_CDC_FS not found: check if there is a RefParameter without a condition.
2026-03-26 16:12:00,477 [WARN] IP:2250 - DEVICE_SERIAL2_CDC_FS not found: check if there is a RefParameter without a condition.
2026-03-26 16:12:00,515 [WARN] IP:2250 - I2C_Coeff_DF not found: check if there is a RefParameter without a condition.
2026-03-26 16:12:00,516 [WARN] IP:2250 - Analog_Filter not found: check if there is a RefParameter without a condition.
2026-03-26 16:12:00,516 [WARN] IP:2250 - I2C_Coeff_DF not found: check if there is a RefParameter without a condition.
2026-03-26 16:12:00,516 [WARN] IP:2250 - Analog_Filter not found: check if there is a RefParameter without a condition.
2026-03-26 16:12:00,547 [WARN] IP:2250 - DEVICE_SERIAL0_CDC_FS not found: check if there is a RefParameter without a condition.
2026-03-26 16:12:00,548 [WARN] IP:2250 - DEVICE_SERIAL1_CDC_FS not found: check if there is a RefParameter without a condition.
2026-03-26 16:12:00,548 [WARN] IP:2250 - DEVICE_SERIAL2_CDC_FS not found: check if there is a RefParameter without a condition.
2026-03-26 16:12:00,566 [WARN] IP:2250 - I2C_Coeff_DF not found: check if there is a RefParameter without a condition.
2026-03-26 16:12:00,567 [WARN] IP:2250 - Analog_Filter not found: check if there is a RefParameter without a condition.
2026-03-26 16:12:00,591 [WARN] IP:2250 - DEVICE_SERIAL0_CDC_FS not found: check if there is a RefParameter without a condition.
2026-03-26 16:12:00,592 [WARN] IP:2250 - DEVICE_SERIAL1_CDC_FS not found: check if there is a RefParameter without a condition.
2026-03-26 16:12:00,592 [WARN] IP:2250 - DEVICE_SERIAL2_CDC_FS not found: check if there is a RefParameter without a condition.
2026-03-26 16:12:00,610 [WARN] IP:2250 - I2C_Coeff_DF not found: check if there is a RefParameter without a condition.
2026-03-26 16:12:00,610 [WARN] IP:2250 - Analog_Filter not found: check if there is a RefParameter without a condition.
2026-03-26 16:12:07,142 [WARN] IP:2250 - DEVICE_SERIAL0_CDC_FS not found: check if there is a RefParameter without a condition.
2026-03-26 16:12:07,142 [WARN] IP:2250 - DEVICE_SERIAL1_CDC_FS not found: check if there is a RefParameter without a condition.
2026-03-26 16:12:07,142 [WARN] IP:2250 - DEVICE_SERIAL2_CDC_FS not found: check if there is a RefParameter without a condition.
2026-03-26 16:12:07,143 [WARN] IP:2250 - DEVICE_SERIAL0_CDC_FS not found: check if there is a RefParameter without a condition.
2026-03-26 16:12:07,143 [WARN] IP:2250 - DEVICE_SERIAL1_CDC_FS not found: check if there is a RefParameter without a condition.
2026-03-26 16:12:07,143 [WARN] IP:2250 - DEVICE_SERIAL2_CDC_FS not found: check if there is a RefParameter without a condition.
2026-03-26 16:12:07,163 [WARN] IP:2250 - I2C_Coeff_DF not found: check if there is a RefParameter without a condition.
2026-03-26 16:12:07,163 [WARN] IP:2250 - Analog_Filter not found: check if there is a RefParameter without a condition.
2026-03-26 16:12:07,164 [WARN] IP:2250 - I2C_Coeff_DF not found: check if there is a RefParameter without a condition.
2026-03-26 16:12:07,164 [WARN] IP:2250 - Analog_Filter not found: check if there is a RefParameter without a condition.
2026-03-26 16:12:27,118 [INFO] UtilMem:75 - End SaveConfig() Used Memory: 446023120 Bytes (947912704)
2026-03-26 16:12:35,574 [INFO] UtilMem:75 - End SaveConfig() Used Memory: 755879376 Bytes (947912704)
2026-03-26 16:12:35,905 [INFO] BlockDiagram:2775 - set Specific Code input for plugin: TIM6_7
2026-03-26 16:12:35,906 [INFO] BlockDiagram:2775 - set Specific Code input for plugin: TIM6_7
2026-03-26 16:12:35,906 [INFO] BlockDiagram:2775 - set Specific Code input for plugin: CAN
2026-03-26 16:12:35,906 [INFO] BlockDiagram:2775 - set Specific Code input for plugin: USB_DEVICE
2026-03-26 16:12:35,906 [INFO] BlockDiagram:2775 - set Specific Code input for plugin: SYS
2026-03-26 16:12:35,906 [INFO] BlockDiagram:2775 - set Specific Code input for plugin: RCC
2026-03-26 16:12:35,906 [INFO] BlockDiagram:2775 - set Specific Code input for plugin: I2C
2026-03-26 16:12:35,906 [INFO] BlockDiagram:2775 - set Specific Code input for plugin: USB_OTG_FS
2026-03-26 16:12:35,906 [INFO] BlockDiagram:2775 - set Specific Code input for plugin: NVIC
2026-03-26 16:12:35,906 [INFO] BlockDiagram:2775 - set Specific Code input for plugin: USART
2026-03-26 16:12:35,906 [INFO] BlockDiagram:2775 - set Specific Code input for plugin: TIM1_8
2026-03-26 16:12:35,906 [INFO] BlockDiagram:2775 - set Specific Code input for plugin: DMA
2026-03-26 16:12:35,906 [INFO] BlockDiagram:2775 - set Specific Code input for plugin: GPIO
2026-03-26 16:12:35,907 [INFO] CodeGenerator:892 - code generatio: config db path: /opt/st/stm32cubeide_1.19.0/plugins/com.st.stm32cube.common.mx_6.15.0.202507011659//db/
2026-03-26 16:12:35,914 [WARN] IP:2250 - I2C_Coeff_DF not found: check if there is a RefParameter without a condition.
2026-03-26 16:12:35,915 [WARN] IP:2250 - Analog_Filter not found: check if there is a RefParameter without a condition.
2026-03-26 16:12:35,936 [WARN] IP:2250 - DEVICE_SERIAL0_CDC_FS not found: check if there is a RefParameter without a condition.
2026-03-26 16:12:35,937 [WARN] IP:2250 - DEVICE_SERIAL1_CDC_FS not found: check if there is a RefParameter without a condition.
2026-03-26 16:12:35,937 [WARN] IP:2250 - DEVICE_SERIAL2_CDC_FS not found: check if there is a RefParameter without a condition.
2026-03-26 16:12:36,031 [INFO] CodeEngine:265 - oldGeneratedFile, /home/kamil/STM32CubeIDE/workspace_1.19.0/PCB_STM/MXTmpFiles/license.tmp_save
2026-03-26 16:12:36,292 [INFO] CodeEngine:289 - Generated code: /home/kamil/STM32CubeIDE/workspace_1.19.0/PCB_STM/MXTmpFiles/license.tmp
2026-03-26 16:12:36,343 [INFO] CodeEngine:265 - oldGeneratedFile, /home/kamil/STM32CubeIDE/workspace_1.19.0/PCB_STM/MXTmpFiles/gpio.tmp_save
2026-03-26 16:12:36,413 [INFO] CodeEngine:289 - Generated code: /home/kamil/STM32CubeIDE/workspace_1.19.0/PCB_STM/MXTmpFiles/gpio.tmp
2026-03-26 16:12:36,453 [WARN] IPConfigManager:3238 - Warning: the RefConfig PWREx_EnableUSBVoltageDetector is not available in your config.xml file
2026-03-26 16:12:36,457 [INFO] CodeEngine:265 - oldGeneratedFile, /home/kamil/STM32CubeIDE/workspace_1.19.0/PCB_STM/MXTmpFiles/usb_otg_fs_vars.tmp_save
2026-03-26 16:12:36,506 [INFO] CodeEngine:289 - Generated code: /home/kamil/STM32CubeIDE/workspace_1.19.0/PCB_STM/MXTmpFiles/usb_otg_fs_vars.tmp
2026-03-26 16:12:36,508 [INFO] CodeEngine:265 - oldGeneratedFile, /home/kamil/STM32CubeIDE/workspace_1.19.0/PCB_STM/MXTmpFiles/usb_otg_fs_inc.tmp_save
2026-03-26 16:12:36,552 [INFO] CodeEngine:289 - Generated code: /home/kamil/STM32CubeIDE/workspace_1.19.0/PCB_STM/MXTmpFiles/usb_otg_fs_inc.tmp
2026-03-26 16:12:36,554 [INFO] CodeEngine:265 - oldGeneratedFile, /home/kamil/STM32CubeIDE/workspace_1.19.0/PCB_STM/MXTmpFiles/usb_otg_fs_HalInit.tmp_save
2026-03-26 16:12:36,613 [INFO] CodeEngine:289 - Generated code: /home/kamil/STM32CubeIDE/workspace_1.19.0/PCB_STM/MXTmpFiles/usb_otg_fs_HalInit.tmp
2026-03-26 16:12:36,615 [INFO] CodeEngine:265 - oldGeneratedFile, /home/kamil/STM32CubeIDE/workspace_1.19.0/PCB_STM/MXTmpFiles/usb_otg_fs_Msp.tmp_save
2026-03-26 16:12:36,683 [INFO] CodeEngine:289 - Generated code: /home/kamil/STM32CubeIDE/workspace_1.19.0/PCB_STM/MXTmpFiles/usb_otg_fs_Msp.tmp
2026-03-26 16:12:36,952 [INFO] Middleware:1452 - No code input for Bsp Dependency
2026-03-26 16:12:36,962 [INFO] CodeEngine:265 - oldGeneratedFile, /home/kamil/STM32CubeIDE/workspace_1.19.0/PCB_STM/MXTmpFiles/dma.tmp_save
2026-03-26 16:12:37,025 [INFO] CodeEngine:289 - Generated code: /home/kamil/STM32CubeIDE/workspace_1.19.0/PCB_STM/MXTmpFiles/dma.tmp
2026-03-26 16:12:37,028 [INFO] CodeEngine:265 - oldGeneratedFile, /home/kamil/STM32CubeIDE/workspace_1.19.0/PCB_STM/MXTmpFiles/dma_GV.tmp_save
2026-03-26 16:12:37,083 [INFO] CodeEngine:289 - Generated code: /home/kamil/STM32CubeIDE/workspace_1.19.0/PCB_STM/MXTmpFiles/dma_GV.tmp
2026-03-26 16:12:37,099 [INFO] Middleware:1452 - No code input for Bsp Dependency
2026-03-26 16:12:37,103 [INFO] CodeEngine:265 - oldGeneratedFile, /home/kamil/STM32CubeIDE/workspace_1.19.0/PCB_STM/USB_DEVICE/App/usb_device.c_save
2026-03-26 16:12:37,158 [INFO] CodeEngine:289 - Generated code: /home/kamil/STM32CubeIDE/workspace_1.19.0/PCB_STM/USB_DEVICE/App/usb_device.c
2026-03-26 16:12:37,160 [INFO] CodeEngine:265 - oldGeneratedFile, /home/kamil/STM32CubeIDE/workspace_1.19.0/PCB_STM/USB_DEVICE/App/usb_device.h_save
2026-03-26 16:12:37,217 [INFO] CodeEngine:289 - Generated code: /home/kamil/STM32CubeIDE/workspace_1.19.0/PCB_STM/USB_DEVICE/App/usb_device.h
2026-03-26 16:12:37,218 [INFO] CodeEngine:265 - oldGeneratedFile, /home/kamil/STM32CubeIDE/workspace_1.19.0/PCB_STM/USB_DEVICE/Target/usbd_conf.h_save
2026-03-26 16:12:37,265 [INFO] CodeEngine:289 - Generated code: /home/kamil/STM32CubeIDE/workspace_1.19.0/PCB_STM/USB_DEVICE/Target/usbd_conf.h
2026-03-26 16:12:37,266 [INFO] CodeEngine:265 - oldGeneratedFile, /home/kamil/STM32CubeIDE/workspace_1.19.0/PCB_STM/USB_DEVICE/Target/usbd_conf.c_save
2026-03-26 16:12:37,309 [INFO] CodeEngine:289 - Generated code: /home/kamil/STM32CubeIDE/workspace_1.19.0/PCB_STM/USB_DEVICE/Target/usbd_conf.c
2026-03-26 16:12:37,310 [INFO] CodeEngine:265 - oldGeneratedFile, /home/kamil/STM32CubeIDE/workspace_1.19.0/PCB_STM/USB_DEVICE/App/usbd_desc.h_save
2026-03-26 16:12:37,353 [INFO] CodeEngine:289 - Generated code: /home/kamil/STM32CubeIDE/workspace_1.19.0/PCB_STM/USB_DEVICE/App/usbd_desc.h
2026-03-26 16:12:37,354 [INFO] CodeEngine:265 - oldGeneratedFile, /home/kamil/STM32CubeIDE/workspace_1.19.0/PCB_STM/USB_DEVICE/App/usbd_desc.c_save
2026-03-26 16:12:37,396 [INFO] CodeEngine:289 - Generated code: /home/kamil/STM32CubeIDE/workspace_1.19.0/PCB_STM/USB_DEVICE/App/usbd_desc.c
2026-03-26 16:12:37,397 [INFO] CodeEngine:265 - oldGeneratedFile, /home/kamil/STM32CubeIDE/workspace_1.19.0/PCB_STM/USB_DEVICE/App/usbd_cdc_if.h_save
2026-03-26 16:12:37,437 [INFO] CodeEngine:289 - Generated code: /home/kamil/STM32CubeIDE/workspace_1.19.0/PCB_STM/USB_DEVICE/App/usbd_cdc_if.h
2026-03-26 16:12:37,438 [INFO] CodeEngine:265 - oldGeneratedFile, /home/kamil/STM32CubeIDE/workspace_1.19.0/PCB_STM/USB_DEVICE/App/usbd_cdc_if.c_save
2026-03-26 16:12:37,497 [INFO] CodeEngine:289 - Generated code: /home/kamil/STM32CubeIDE/workspace_1.19.0/PCB_STM/USB_DEVICE/App/usbd_cdc_if.c
2026-03-26 16:12:37,504 [INFO] CodeEngine:265 - oldGeneratedFile, /home/kamil/STM32CubeIDE/workspace_1.19.0/PCB_STM/Core/Src/stm32f4xx_it.c_save
2026-03-26 16:12:37,572 [INFO] CodeEngine:289 - Generated code: /home/kamil/STM32CubeIDE/workspace_1.19.0/PCB_STM/Core/Src/stm32f4xx_it.c
2026-03-26 16:12:37,573 [INFO] CodeEngine:265 - oldGeneratedFile, /home/kamil/STM32CubeIDE/workspace_1.19.0/PCB_STM/Core/Inc/stm32f4xx_it.h_save
2026-03-26 16:12:37,609 [INFO] CodeEngine:289 - Generated code: /home/kamil/STM32CubeIDE/workspace_1.19.0/PCB_STM/Core/Inc/stm32f4xx_it.h
2026-03-26 16:12:37,616 [INFO] CodeEngine:265 - oldGeneratedFile, /home/kamil/STM32CubeIDE/workspace_1.19.0/PCB_STM/Core/Src/stm32f4xx_hal_msp.c_save
2026-03-26 16:12:37,681 [INFO] CodeEngine:289 - Generated code: /home/kamil/STM32CubeIDE/workspace_1.19.0/PCB_STM/Core/Src/stm32f4xx_hal_msp.c
2026-03-26 16:12:37,682 [INFO] CodeEngine:265 - oldGeneratedFile, /home/kamil/STM32CubeIDE/workspace_1.19.0/PCB_STM/MXTmpFiles/system.tmp_save
2026-03-26 16:12:37,721 [INFO] CodeEngine:289 - Generated code: /home/kamil/STM32CubeIDE/workspace_1.19.0/PCB_STM/MXTmpFiles/system.tmp
2026-03-26 16:12:37,723 [INFO] CodeEngine:265 - oldGeneratedFile, /home/kamil/STM32CubeIDE/workspace_1.19.0/PCB_STM/Core/Inc/stm32_assert.h_save
2026-03-26 16:12:37,762 [INFO] CodeEngine:289 - Generated code: /home/kamil/STM32CubeIDE/workspace_1.19.0/PCB_STM/Core/Inc/stm32_assert.h
2026-03-26 16:12:37,766 [INFO] CodeEngine:321 - oldGeneratedFile, /home/kamil/STM32CubeIDE/workspace_1.19.0/PCB_STM/Core/Inc/stm32f4xx_hal_conf.h_save
2026-03-26 16:12:37,813 [INFO] CodeEngine:345 - Generated code: /home/kamil/STM32CubeIDE/workspace_1.19.0/PCB_STM/Core/Inc/stm32f4xx_hal_conf.h
2026-03-26 16:12:37,832 [WARN] IPConfigManager:3238 - Warning: the RefConfig PLL2P_FOR_MCO is not available in your config.xml file
2026-03-26 16:12:37,837 [INFO] ApiDbMcu:532 - Load IP Config File for CAN1
2026-03-26 16:12:37,839 [INFO] ApiDbMcu:532 - Load IP Config File for I2C3
2026-03-26 16:12:37,846 [INFO] ApiDbMcu:532 - Load IP Config File for TIM6
2026-03-26 16:12:37,855 [INFO] ApiDbMcu:532 - Load IP Config File for TIM7
2026-03-26 16:12:37,863 [INFO] ApiDbMcu:532 - Load IP Config File for TIM10
2026-03-26 16:12:37,865 [INFO] ApiDbMcu:532 - Load IP Config File for USART2
2026-03-26 16:12:37,869 [INFO] ApiDbMcu:532 - Load IP Config File for RCC
2026-03-26 16:12:37,873 [WARN] IPConfigManager:3811 - IP not found : TIM
2026-03-26 16:12:37,874 [WARN] CodeGenerator:4259 - IP not found : null
2026-03-26 16:12:37,877 [INFO] CodeEngine:265 - oldGeneratedFile, /home/kamil/STM32CubeIDE/workspace_1.19.0/PCB_STM/Core/Inc/main.h_save
2026-03-26 16:12:37,933 [INFO] CodeEngine:289 - Generated code: /home/kamil/STM32CubeIDE/workspace_1.19.0/PCB_STM/Core/Inc/main.h
2026-03-26 16:12:37,935 [INFO] CodeEngine:265 - oldGeneratedFile, /home/kamil/STM32CubeIDE/workspace_1.19.0/PCB_STM/Core/Src/main.c_save
2026-03-26 16:12:38,027 [INFO] CodeEngine:289 - Generated code: /home/kamil/STM32CubeIDE/workspace_1.19.0/PCB_STM/Core/Src/main.c
2026-03-26 16:12:38,301 [INFO] ProjectBuilder:3606 - Time for Copy HAL[1] : 53mS.
2026-03-26 16:12:38,305 [INFO] ProjectBuilder:5216 - Project Generator version: 4.7.0-B52
2026-03-26 16:12:38,357 [INFO] ConfigFileManager:1595 - The Die is : DIE421
2026-03-26 16:12:38,363 [INFO] ApiDbMcu:532 - Load IP Config File for FATFS
2026-03-26 16:12:38,365 [INFO] ApiDbMcu:532 - Load IP Config File for FREERTOS
2026-03-26 16:12:38,367 [INFO] ApiDbMcu:532 - Load IP Config File for LIBJPEG
2026-03-26 16:12:38,372 [INFO] ApiDbMcu:532 - Load IP Config File for MBEDTLS
2026-03-26 16:12:38,375 [INFO] ApiDbMcu:532 - Load IP Config File for USB_HOST
2026-03-26 16:12:38,592 [INFO] LogOutputStream:77 - [STDOUT_REDIRECT] 
2026-03-26 16:12:39,069 [INFO] ProjectBuilder:5496 - Time for Generating toolchain IDE Files: 764mS.
2026-03-26 16:12:39,070 [INFO] ProjectBuilder:3463 - Time for Copy CMSIS : 0mS.
2026-03-26 16:12:39,071 [INFO] ProjectBuilder:3463 - Time for Copy CMSIS : 0mS.
2026-03-26 16:46:08,450 [INFO] WebApp:194 - Connection lost
2026-03-26 16:46:09,167 [INFO] WebApp:191 - Connection restablished
2026-03-26 16:46:25,681 [INFO] WebApp:194 - Connection lost
2026-03-26 16:46:25,812 [INFO] WebApp:191 - Connection restablished
2026-03-26 19:09:23,416 [INFO] WebApp:194 - Connection lost
2026-03-26 19:09:30,986 [INFO] WebApp:191 - Connection restablished
2026-03-26 19:09:31,529 [INFO] WebApp:194 - Connection lost
2026-03-26 19:09:31,904 [INFO] WebApp:191 - Connection restablished
2026-03-26 19:09:40,678 [ERROR] LogOutputStream:75 - [STDERR_REDIRECT] 
2026-03-26 22:19:54,843 [INFO] Activator:176 - 


2026-03-26 22:19:54,844 [INFO] Activator:177 - !SESSION log4j initialized
2026-03-26 22:19:57,681 [INFO] LogOutputStream:77 - [STDOUT_REDIRECT] 
2026-03-26 22:20:03,407 [INFO] ApplicationProperties:184 - Using Application install path: /opt/st/stm32cubeide_1.19.0/plugins/com.st.stm32cube.common.mx_6.15.0.202507011659
2026-03-26 22:20:03,422 [INFO] DbMcusXml:78 - Set database path to: /opt/st/stm32cubeide_1.19.0/plugins/com.st.stm32cube.common.mx_6.15.0.202507011659//db//mcu/
2026-03-26 22:20:03,422 [INFO] ApiDb:274 - Set plugin database path to: /opt/st/stm32cubeide_1.19.0/plugins/com.st.stm32cube.common.mx_6.15.0.202507011659//db//plugins/boardmanager/
2026-03-26 22:20:03,422 [WARN] ApiDb:259 - Overriding images path with different value:  => /opt/st/stm32cubeide_1.19.0/plugins/com.st.stm32cube.common.mx_6.15.0.202507011659//db//plugins/mcufinder/images/
2026-03-26 22:20:03,426 [INFO] ApiDb:250 - Set database path to: /home/kamil/.stmcufinder/plugins/mcufinder//mcu/
2026-03-26 22:20:03,427 [INFO] DbMcusAds:125 - Set database path to: /home/kamil/.stmcufinder/plugins/mcufinder//mcu/
2026-03-26 22:20:03,429 [INFO] CrossReferenceDbSqlite:203 - Set database path to: /home/kamil/.stmcufinder/plugins/mcufinder//mcu/cs/
2026-03-26 22:20:03,499 [INFO] RulesReader:64 - Compatibility file has been processed (317 Rules)
2026-03-26 22:20:03,540 [INFO] DbMcusXml:78 - Set database path to: /opt/st/stm32cubeide_1.19.0/plugins/com.st.stm32cube.common.mx_6.15.0.202507011659//db//mcu/
2026-03-26 22:20:03,540 [INFO] ApiDb:274 - Set plugin database path to: /opt/st/stm32cubeide_1.19.0/plugins/com.st.stm32cube.common.mx_6.15.0.202507011659//db//plugins/boardmanager/
2026-03-26 22:20:03,540 [INFO] ApiDb:261 - Set plugin images path to: /opt/st/stm32cubeide_1.19.0/plugins/com.st.stm32cube.common.mx_6.15.0.202507011659//db//plugins/mcufinder/images/
2026-03-26 22:20:03,541 [WARN] DbFile:41 - Overriding database path with different value: /home/kamil/.stmcufinder/plugins/mcufinder/ => /home/kamil/.stmcufinder/plugins/mcufinder
2026-03-26 22:20:03,541 [INFO] ApiDb:250 - Set database path to: /home/kamil/.stmcufinder/plugins/mcufinder//mcu/
2026-03-26 22:20:03,541 [WARN] DbFile:41 - Overriding database path with different value: /home/kamil/.stmcufinder/plugins/mcufinder/ => /home/kamil/.stmcufinder/plugins/mcufinder
2026-03-26 22:20:03,541 [INFO] DbMcusAds:125 - Set database path to: /home/kamil/.stmcufinder/plugins/mcufinder//mcu/
2026-03-26 22:20:03,541 [WARN] DbFile:41 - Overriding database path with different value: /home/kamil/.stmcufinder/plugins/mcufinder/ => /home/kamil/.stmcufinder/plugins/mcufinder
2026-03-26 22:20:03,541 [WARN] DbFile:41 - Overriding database path with different value: /home/kamil/.stmcufinder/plugins/mcufinder/ => /home/kamil/.stmcufinder/plugins/mcufinder
2026-03-26 22:20:03,541 [INFO] CrossReferenceDbSqlite:203 - Set database path to: /home/kamil/.stmcufinder/plugins/mcufinder//mcu/cs/
2026-03-26 22:20:03,586 [INFO] MainPanel:274 - HeapMemory: 268435456
2026-03-26 22:20:03,673 [INFO] DbMcusXml:78 - Set database path to: /opt/st/stm32cubeide_1.19.0/plugins/com.st.stm32cube.common.mx_6.15.0.202507011659//db//mcu/
2026-03-26 22:20:03,673 [INFO] ApiDb:274 - Set plugin database path to: /opt/st/stm32cubeide_1.19.0/plugins/com.st.stm32cube.common.mx_6.15.0.202507011659//db//plugins/boardmanager/
2026-03-26 22:20:03,673 [INFO] ApiDb:261 - Set plugin images path to: /opt/st/stm32cubeide_1.19.0/plugins/com.st.stm32cube.common.mx_6.15.0.202507011659//db//plugins/mcufinder/images/
2026-03-26 22:20:03,673 [WARN] DbFile:41 - Overriding database path with different value: /home/kamil/.stmcufinder/plugins/mcufinder/ => /home/kamil/.stmcufinder/plugins/mcufinder
2026-03-26 22:20:03,673 [INFO] ApiDb:250 - Set database path to: /home/kamil/.stmcufinder/plugins/mcufinder//mcu/
2026-03-26 22:20:03,673 [WARN] DbFile:41 - Overriding database path with different value: /home/kamil/.stmcufinder/plugins/mcufinder/ => /home/kamil/.stmcufinder/plugins/mcufinder
2026-03-26 22:20:03,673 [INFO] DbMcusAds:125 - Set database path to: /home/kamil/.stmcufinder/plugins/mcufinder//mcu/
2026-03-26 22:20:03,673 [WARN] DbFile:41 - Overriding database path with different value: /home/kamil/.stmcufinder/plugins/mcufinder/ => /home/kamil/.stmcufinder/plugins/mcufinder
2026-03-26 22:20:03,673 [WARN] DbFile:41 - Overriding database path with different value: /home/kamil/.stmcufinder/plugins/mcufinder/ => /home/kamil/.stmcufinder/plugins/mcufinder
2026-03-26 22:20:03,673 [INFO] CrossReferenceDbSqlite:203 - Set database path to: /home/kamil/.stmcufinder/plugins/mcufinder//mcu/cs/
2026-03-26 22:20:03,683 [INFO] ApplicationProperties:184 - Using Application install path: /opt/st/stm32cubeide_1.19.0/plugins/com.st.stm32cube.common.mx_6.15.0.202507011659
2026-03-26 22:20:03,684 [INFO] PluginManage:196 - Search for loadable plugins [exclusion list=, ]
2026-03-26 22:20:03,685 [INFO] PluginManage:310 - Check plugin analytics
2026-03-26 22:20:03,777 [INFO] AnalyticsPlugin:253 - Accepted Software Licenses: 
2026-03-26 22:20:03,777 [INFO] AnalyticsPlugin:255 - Accepted CMSIS Pack Licenses: 
2026-03-26 22:20:03,777 [INFO] AnalyticsPlugin:257 - Accepted Firmware Licenses: FW.F4.1.28.0
2026-03-26 22:20:03,779 [INFO] PluginManage:359 - Loaded plugin analytics (category:tool,tabindex:-1)
2026-03-26 22:20:03,779 [INFO] PluginManage:310 - Check plugin cadmodel
2026-03-26 22:20:03,782 [INFO] CADModel:105 - Init CAD model plugin
2026-03-26 22:20:03,783 [INFO] PluginManage:359 - Loaded plugin cadmodel (category:power,tabindex:5)
2026-03-26 22:20:03,783 [INFO] PluginManage:310 - Check plugin clock
2026-03-26 22:20:03,789 [INFO] PluginManage:359 - Loaded plugin clock (category:base,tabindex:2)
2026-03-26 22:20:03,790 [INFO] PluginManage:310 - Check plugin ddr
2026-03-26 22:20:03,791 [INFO] PluginManage:359 - Loaded plugin ddr (category:tool,tabindex:6)
2026-03-26 22:20:03,791 [INFO] PluginManage:310 - Check plugin filemanager
2026-03-26 22:20:03,883 [INFO] PluginManage:359 - Loaded plugin filemanager (category:base,tabindex:10)
2026-03-26 22:20:03,883 [INFO] PluginManage:310 - Check plugin ipmanager
2026-03-26 22:20:03,886 [INFO] PluginManage:359 - Loaded plugin ipmanager (category:base,tabindex:5)
2026-03-26 22:20:03,886 [INFO] PluginManage:310 - Check plugin lpbam
2026-03-26 22:20:03,892 [INFO] PluginManage:359 - Loaded plugin lpbam (category:base,tabindex:0)
2026-03-26 22:20:03,892 [INFO] PluginManage:310 - Check plugin memorymap
2026-03-26 22:20:03,898 [INFO] PluginManage:359 - Loaded plugin memorymap (category:base,tabindex:4)
2026-03-26 22:20:03,898 [INFO] PluginManage:310 - Check plugin pinoutandconfiguration
2026-03-26 22:20:03,905 [INFO] PluginManage:359 - Loaded plugin pinoutandconfiguration (category:base,tabindex:1)
2026-03-26 22:20:03,905 [INFO] PluginManage:310 - Check plugin pinoutconfig
2026-03-26 22:20:03,962 [WARN] SupportedApi:132 - Cannot load RTOS API schema: s4s-elt-must-match.1: The content of 'definitions' must match (annotation?, (simpleType | complexType)?, (unique | key | keyref)*)). A problem was found starting at: attribute.
2026-03-26 22:20:04,052 [INFO] PluginManage:359 - Loaded plugin pinoutconfig (category:base,tabindex:0)
2026-03-26 22:20:04,052 [INFO] PluginManage:310 - Check plugin power
2026-03-26 22:20:04,060 [INFO] PluginManage:359 - Loaded plugin power (category:power,tabindex:4)
2026-03-26 22:20:04,060 [INFO] PluginManage:310 - Check plugin projectmanager
2026-03-26 22:20:04,071 [INFO] PluginManage:359 - Loaded plugin projectmanager (category:projectmanager,tabindex:4)
2026-03-26 22:20:04,071 [INFO] PluginManage:310 - Check plugin rif
2026-03-26 22:20:04,077 [INFO] PluginManage:359 - Loaded plugin rif (category:base,tabindex:3)
2026-03-26 22:20:04,077 [INFO] PluginManage:310 - Check plugin thirdparty
2026-03-26 22:20:04,144 [INFO] PluginManage:359 - Loaded plugin thirdparty (category:base,tabindex:-1)
2026-03-26 22:20:04,145 [INFO] PluginManage:310 - Check plugin tools
2026-03-26 22:20:04,144 [WARN] IntegrityCheckThread:84 - waiting for thirdparty lock release [integrity check]
2026-03-26 22:20:04,145 [INFO] IntegrityCheckThread:86 - entering critical section [integrity check]
2026-03-26 22:20:04,145 [INFO] ThirdPartyUpdaterWithRetryManager:70 - Updater plugin not ready yet. [1/15]
2026-03-26 22:20:04,146 [INFO] PluginManage:359 - Loaded plugin tools (category:base,tabindex:7)
2026-03-26 22:20:04,146 [INFO] PluginManage:310 - Check plugin tutovideos
2026-03-26 22:20:04,252 [INFO] PluginManage:359 - Loaded plugin tutovideos (category:base,tabindex:-1)
2026-03-26 22:20:04,252 [INFO] PluginManage:310 - Check plugin updater
2026-03-26 22:20:04,268 [INFO] PluginManage:359 - Loaded plugin updater (category:base,tabindex:12)
2026-03-26 22:20:04,269 [INFO] PluginManage:310 - Check plugin userauth
2026-03-26 22:20:04,272 [INFO] UserAuth:118 - Init User Auth plugin
2026-03-26 22:20:04,273 [INFO] PluginManage:359 - Loaded plugin userauth (category:base,tabindex:14)
2026-03-26 22:20:04,273 [INFO] PluginManage:283 - PluginManage : Loaded plugins [18]
2026-03-26 22:20:04,386 [INFO] PinOutPanel:1589 - setPackage(No Configuration,No Configuration)
2026-03-26 22:20:04,426 [INFO] CADModel:165 - CPN selected for project level
2026-03-26 22:20:04,426 [INFO] CADModel:114 - Register for checkConnection events
2026-03-26 22:20:04,432 [INFO] IPUIPlugin:80 - create IPUIPlugin
2026-03-26 22:20:04,432 [INFO] PluginManager:220 - loadIPPluginJar : add tracer_emb
2026-03-26 22:20:04,433 [INFO] IPUIPlugin:80 - create IPUIPlugin
2026-03-26 22:20:04,433 [INFO] PluginManager:220 - loadIPPluginJar : add radio
2026-03-26 22:20:04,437 [INFO] IPUIPlugin:80 - create IPUIPlugin
2026-03-26 22:20:04,437 [INFO] PluginManager:220 - loadIPPluginJar : add ddr_ctrl_phy
2026-03-26 22:20:04,441 [INFO] IPUIPlugin:80 - create IPUIPlugin
2026-03-26 22:20:04,441 [INFO] PluginManager:220 - loadIPPluginJar : add mdma
2026-03-26 22:20:04,443 [INFO] IPUIPlugin:80 - create IPUIPlugin
2026-03-26 22:20:04,443 [INFO] PluginManager:220 - loadIPPluginJar : add touchsensing
2026-03-26 22:20:04,444 [INFO] IPUIPlugin:80 - create IPUIPlugin
2026-03-26 22:20:04,444 [INFO] PluginManager:220 - loadIPPluginJar : add ucpd
2026-03-26 22:20:04,448 [INFO] IPUIPlugin:80 - create IPUIPlugin
2026-03-26 22:20:04,450 [INFO] PluginManager:220 - loadIPPluginJar : add plateformsettings
2026-03-26 22:20:04,452 [INFO] IPUIPlugin:80 - create IPUIPlugin
2026-03-26 22:20:04,452 [INFO] PluginManager:220 - loadIPPluginJar : add ipddr
2026-03-26 22:20:04,455 [INFO] IPUIPlugin:80 - create IPUIPlugin
2026-03-26 22:20:04,455 [INFO] PluginManager:220 - loadIPPluginJar : add resmgrutility
2026-03-26 22:20:04,456 [INFO] IPUIPlugin:80 - create IPUIPlugin
2026-03-26 22:20:04,456 [INFO] PluginManager:220 - loadIPPluginJar : add ts
2026-03-26 22:20:04,457 [INFO] IPUIPlugin:80 - create IPUIPlugin
2026-03-26 22:20:04,457 [INFO] PluginManager:220 - loadIPPluginJar : add dma3
2026-03-26 22:20:04,459 [INFO] IPUIPlugin:80 - create IPUIPlugin
2026-03-26 22:20:04,459 [INFO] PluginManager:220 - loadIPPluginJar : add openamp
2026-03-26 22:20:04,460 [INFO] IPUIPlugin:80 - create IPUIPlugin
2026-03-26 22:20:04,460 [INFO] PluginManager:220 - loadIPPluginJar : add opamp
2026-03-26 22:20:04,461 [INFO] IPUIPlugin:80 - create IPUIPlugin
2026-03-26 22:20:04,461 [INFO] PluginManager:220 - loadIPPluginJar : add pdm2pcm
2026-03-26 22:20:04,462 [INFO] IPUIPlugin:80 - create IPUIPlugin
2026-03-26 22:20:04,463 [INFO] PluginManager:220 - loadIPPluginJar : add gfxmmu
2026-03-26 22:20:04,464 [INFO] IPUIPlugin:80 - create IPUIPlugin
2026-03-26 22:20:04,464 [INFO] PluginManager:220 - loadIPPluginJar : add aes
2026-03-26 22:20:04,466 [INFO] IPUIPlugin:80 - create IPUIPlugin
2026-03-26 22:20:04,466 [INFO] PluginManager:220 - loadIPPluginJar : add gtzc
2026-03-26 22:20:04,467 [INFO] IPUIPlugin:80 - create IPUIPlugin
2026-03-26 22:20:04,468 [INFO] PluginManager:220 - loadIPPluginJar : add sai
2026-03-26 22:20:04,468 [INFO] IPUIPlugin:80 - create IPUIPlugin
2026-03-26 22:20:04,468 [INFO] PluginManager:220 - loadIPPluginJar : add tsc
2026-03-26 22:20:04,470 [INFO] IPUIPlugin:80 - create IPUIPlugin
2026-03-26 22:20:04,470 [INFO] PluginManager:220 - loadIPPluginJar : add usbx
2026-03-26 22:20:04,472 [INFO] IPUIPlugin:80 - create IPUIPlugin
2026-03-26 22:20:04,472 [INFO] PluginManager:220 - loadIPPluginJar : add can
2026-03-26 22:20:04,474 [INFO] IPUIPlugin:80 - create IPUIPlugin
2026-03-26 22:20:04,474 [INFO] PluginManager:220 - loadIPPluginJar : add i2c
2026-03-26 22:20:04,475 [INFO] IPUIPlugin:80 - create IPUIPlugin
2026-03-26 22:20:04,475 [INFO] PluginManager:220 - loadIPPluginJar : add lorawan
2026-03-26 22:20:04,477 [INFO] IPUIPlugin:80 - create IPUIPlugin
2026-03-26 22:20:04,477 [INFO] PluginManager:220 - loadIPPluginJar : add spi
2026-03-26 22:20:04,481 [INFO] IPUIPlugin:80 - create IPUIPlugin
2026-03-26 22:20:04,482 [INFO] PluginManager:220 - loadIPPluginJar : add linkedlist
2026-03-26 22:20:04,484 [INFO] IPUIPlugin:80 - create IPUIPlugin
2026-03-26 22:20:04,484 [INFO] PluginManager:220 - loadIPPluginJar : add fmc
2026-03-26 22:20:04,487 [INFO] IPUIPlugin:80 - create IPUIPlugin
2026-03-26 22:20:04,487 [INFO] PluginManager:220 - loadIPPluginJar : add i3c
2026-03-26 22:20:04,488 [INFO] IPUIPlugin:80 - create IPUIPlugin
2026-03-26 22:20:04,488 [INFO] PluginManager:220 - loadIPPluginJar : add ltdc
2026-03-26 22:20:04,491 [INFO] IPUIPlugin:80 - create IPUIPlugin
2026-03-26 22:20:04,492 [INFO] PluginManager:220 - loadIPPluginJar : add dma
2026-03-26 22:20:04,495 [INFO] IPUIPlugin:80 - create IPUIPlugin
2026-03-26 22:20:04,495 [INFO] PluginManager:220 - loadIPPluginJar : add freertos
2026-03-26 22:20:04,496 [INFO] IPUIPlugin:80 - create IPUIPlugin
2026-03-26 22:20:04,496 [INFO] PluginManager:220 - loadIPPluginJar : add hash
2026-03-26 22:20:04,499 [INFO] IPUIPlugin:80 - create IPUIPlugin
2026-03-26 22:20:04,500 [INFO] PluginManager:220 - loadIPPluginJar : add adc
2026-03-26 22:20:04,501 [INFO] IPUIPlugin:80 - create IPUIPlugin
2026-03-26 22:20:04,501 [INFO] PluginManager:220 - loadIPPluginJar : add usart
2026-03-26 22:20:04,504 [INFO] IPUIPlugin:80 - create IPUIPlugin
2026-03-26 22:20:04,505 [INFO] PluginManager:220 - loadIPPluginJar : add stm32_wpan
2026-03-26 22:20:04,505 [INFO] IPUIPlugin:80 - create IPUIPlugin
2026-03-26 22:20:04,505 [INFO] PluginManager:220 - loadIPPluginJar : add genericplugin
2026-03-26 22:20:04,508 [INFO] IPUIPlugin:80 - create IPUIPlugin
2026-03-26 22:20:04,508 [INFO] PluginManager:220 - loadIPPluginJar : add gpio
2026-03-26 22:20:04,510 [INFO] IPUIPlugin:80 - create IPUIPlugin
2026-03-26 22:20:04,510 [INFO] PluginManager:220 - loadIPPluginJar : add nvic
2026-03-26 22:20:04,512 [INFO] IPUIPlugin:80 - create IPUIPlugin
2026-03-26 22:20:04,512 [INFO] PluginManager:220 - loadIPPluginJar : add dfsdm
2026-03-26 22:20:04,513 [INFO] IPUIPlugin:80 - create IPUIPlugin
2026-03-26 22:20:04,513 [INFO] PluginManager:220 - loadIPPluginJar : add fatfs
2026-03-26 22:20:04,514 [INFO] IPUIPlugin:80 - create IPUIPlugin
2026-03-26 22:20:04,514 [INFO] PluginManager:220 - loadIPPluginJar : add comp
2026-03-26 22:20:04,515 [INFO] IPUIPlugin:80 - create IPUIPlugin
2026-03-26 22:20:04,515 [INFO] PluginManager:220 - loadIPPluginJar : add i2s
2026-03-26 22:20:04,516 [INFO] IPUIPlugin:80 - create IPUIPlugin
2026-03-26 22:20:04,516 [INFO] PluginManager:220 - loadIPPluginJar : add cryp
2026-03-26 22:20:04,517 [INFO] IPUIPlugin:80 - create IPUIPlugin
2026-03-26 22:20:04,517 [INFO] PluginManager:220 - loadIPPluginJar : add quadspi
2026-03-26 22:20:04,520 [INFO] IPUIPlugin:80 - create IPUIPlugin
2026-03-26 22:20:04,520 [INFO] PluginManager:220 - loadIPPluginJar : add gic
2026-03-26 22:20:04,521 [INFO] IPUIPlugin:80 - create IPUIPlugin
2026-03-26 22:20:04,521 [INFO] PluginManager:220 - loadIPPluginJar : add tim
2026-03-26 22:20:04,523 [INFO] IPUIPlugin:80 - create IPUIPlugin
2026-03-26 22:20:04,523 [INFO] PluginManager:220 - loadIPPluginJar : add extmemmanager
2026-03-26 22:20:04,619 [FATAL] Updater:351 - Updater called before beeing initialized
2026-03-26 22:20:04,639 [INFO] RulesReader:64 - Compatibility file has been processed (317 Rules)
2026-03-26 22:20:04,647 [INFO] RulesReader:64 - Compatibility file has been processed (317 Rules)
2026-03-26 22:20:04,652 [INFO] CADModel:165 - CPN selected for project level
2026-03-26 22:20:04,653 [INFO] CADModel:114 - Register for checkConnection events
2026-03-26 22:20:04,653 [FATAL] Updater:351 - Updater called before beeing initialized
2026-03-26 22:20:04,653 [ERROR] CADModel:125 - Updater not yet initialized, retry later 
2026-03-26 22:20:04,747 [FATAL] Updater:351 - Updater called before beeing initialized
2026-03-26 22:20:04,748 [INFO] CADModel:165 - CPN selected for project level
2026-03-26 22:20:04,748 [INFO] CADModel:114 - Register for checkConnection events
2026-03-26 22:20:04,748 [FATAL] Updater:351 - Updater called before beeing initialized
2026-03-26 22:20:04,748 [ERROR] CADModel:125 - Updater not yet initialized, retry later 
2026-03-26 22:20:04,750 [FATAL] Updater:351 - Updater called before beeing initialized
2026-03-26 22:20:04,792 [FATAL] Updater:351 - Updater called before beeing initialized
2026-03-26 22:20:04,795 [INFO] DbMcusAds:53 - JSON generation date=Wed Feb 18 15:32:49 CET 2026 (1771425169371)
2026-03-26 22:20:04,795 [FATAL] Updater:351 - Updater called before beeing initialized
2026-03-26 22:20:04,817 [WARN] DetailPanel:346 - Failed to get advertising image, set to default
2026-03-26 22:20:04,864 [FATAL] Updater:351 - Updater called before beeing initialized
2026-03-26 22:20:04,866 [FATAL] Updater:351 - Updater called before beeing initialized
2026-03-26 22:20:04,866 [FATAL] Updater:351 - Updater called before beeing initialized
2026-03-26 22:20:04,866 [WARN] DetailPanel:346 - Failed to get advertising image, set to default
2026-03-26 22:20:04,866 [FATAL] Updater:351 - Updater called before beeing initialized
2026-03-26 22:20:04,883 [ERROR] Updater:1198 - MainUpdater not yet initialized. External WinMGr cannot be set.
2026-03-26 22:20:04,884 [INFO] Updater:1134 - Updater Version found : 6.15.0
2026-03-26 22:20:04,901 [INFO] ApplicationProperties:184 - Using Application install path: /opt/st/stm32cubeide_1.19.0/plugins/com.st.stm32cube.common.mx_6.15.0.202507011659
2026-03-26 22:20:05,103 [INFO] MainUpdater:2872 - connection check result : 10
2026-03-26 22:20:05,103 [INFO] MainUpdater:289 - Updater Check For Update Now.
2026-03-26 22:20:05,104 [INFO] MicroXplorer:498 - Change Database Version : DB.6.0.150
2026-03-26 22:20:05,109 [INFO] McuFinderGlobals:63 - Set McuFinder mode to 2 (CubeIDE integrated)
2026-03-26 22:20:05,110 [INFO] UserAuth:487 - Internet connection configuration mode: 1
2026-03-26 22:20:05,127 [INFO] JxBrowserEngine:152 - Initiate JxBrowser Engine with user profile folder
2026-03-26 22:20:05,264 [INFO] CheckServerUpdateThread:120 - End of CheckServer Thread
2026-03-26 22:20:05,683 [INFO] WebApp:169 - Instantiating new browser for Auth
2026-03-26 22:20:06,086 [INFO] WebApp:463 - Apply proxy settings
2026-03-26 22:20:06,086 [INFO] WebApp:548 - Chromium requires no authentication
2026-03-26 22:20:06,091 [INFO] WebApp:491 - Direct internet connection detected
2026-03-26 22:20:06,100 [INFO] WebApp:900 - Register for checkConnection events
2026-03-26 22:20:06,100 [INFO] WebApp:463 - Apply proxy settings
2026-03-26 22:20:06,100 [INFO] WebApp:548 - Chromium requires no authentication
2026-03-26 22:20:06,100 [INFO] WebApp:491 - Direct internet connection detected
2026-03-26 22:20:06,170 [INFO] WebApp:225 - Starting web application
2026-03-26 22:20:06,170 [INFO] WebApp:593 - Web application path used /opt/st/stm32cubeide_1.19.0/plugins/com.st.stm32cube.common.mx_6.15.0.202507011659/db/plugins/mcufinder/reactClient1/index.html
2026-03-26 22:20:06,242 [INFO] UserAuth:487 - Internet connection configuration mode: 1
2026-03-26 22:20:06,449 [INFO] WebApp:191 - Connection restablished
2026-03-26 22:20:07,257 [WARN] PackLoader:240 - Cannot read IP mode file for STMicroelectronics.X-CUBE-AZRTOS-H7.3.5.0
2026-03-26 22:20:07,263 [WARN] PackLoader:240 - Cannot read IP mode file for STMicroelectronics.FP-SNS-MOTENVWB1.1.4.0
2026-03-26 22:20:07,267 [WARN] PackLoader:240 - Cannot read IP mode file for STMicroelectronics.FP-ATR-ASTRA1.2.0.2
2026-03-26 22:20:07,271 [WARN] PackLoader:240 - Cannot read IP mode file for STMicroelectronics.X-CUBE-SMBUS.2.1.0
2026-03-26 22:20:07,276 [WARN] PackLoader:240 - Cannot read IP mode file for STMicroelectronics.X-CUBE-ST60.1.0.0
2026-03-26 22:20:07,293 [WARN] PackLoader:240 - Cannot read IP mode file for STMicroelectronics.X-CUBE-AZRTOS-F7.1.1.0
2026-03-26 22:20:07,298 [WARN] PackLoader:240 - Cannot read IP mode file for Cesanta.I-CUBE-Mongoose.7.19.0
2026-03-26 22:20:07,301 [WARN] PackLoader:240 - Cannot read IP mode file for STMicroelectronics.FP-SNS-MOTENV1.5.1.0
2026-03-26 22:20:07,309 [WARN] PackLoader:240 - Cannot read IP mode file for WES.I-CUBE-Cesium.1.4.0
2026-03-26 22:20:07,329 [WARN] PackLoader:240 - Cannot read IP mode file for Infineon.AIROC-Wi-Fi-Bluetooth-STM32.1.7.1
2026-03-26 22:20:07,348 [WARN] PackLoader:240 - Cannot read IP mode file for STMicroelectronics.X-CUBE-AZRTOS-H7.3.4.0
2026-03-26 22:20:07,356 [WARN] PackLoader:240 - Cannot read IP mode file for STMicroelectronics.X-CUBE-DISPLAY.3.0.0
2026-03-26 22:20:07,364 [WARN] PackLoader:240 - Cannot read IP mode file for STMicroelectronics.FP-SNS-MOTENVWB1.1.5.0
2026-03-26 22:20:07,369 [WARN] PackLoader:240 - Cannot read IP mode file for STMicroelectronics.X-CUBE-NFC10.1.0.0
2026-03-26 22:20:07,374 [WARN] PackLoader:240 - Cannot read IP mode file for STMicroelectronics.X-CUBE-ST60.1.1.0
2026-03-26 22:20:07,378 [WARN] PackLoader:240 - Cannot read IP mode file for emotas.I-CUBE-CANOPEN.1.3.0
2026-03-26 22:20:07,381 [WARN] PackLoader:240 - Cannot read IP mode file for STMicroelectronics.X-CUBE-GNSS1.7.1.0
2026-03-26 22:20:07,385 [WARN] PackLoader:240 - Cannot read IP mode file for STMicroelectronics.FP-SNS-SMARTAG2.1.2.0
2026-03-26 22:20:07,387 [WARN] PackLoader:240 - Cannot read IP mode file for STMicroelectronics.FP-SNS-FLIGHT1.5.1.0
2026-03-26 22:20:07,391 [INFO] LogOutputStream:77 - [STDOUT_REDIRECT] 1 : Invalid condition id : UX_CORESTACK_Condition cause : null
2026-03-26 22:20:07,391 [INFO] LogOutputStream:77 - [STDOUT_REDIRECT] 1 : Invalid condition id : UX_CORESTACK_Condition cause : null
2026-03-26 22:20:07,392 [INFO] LogOutputStream:77 - [STDOUT_REDIRECT] 1 : Invalid condition id : UX_CORESTACK_Condition cause : null
2026-03-26 22:20:07,392 [INFO] LogOutputStream:77 - [STDOUT_REDIRECT] 1 : Invalid condition id : UX_CORESTACK_Condition cause : null
2026-03-26 22:20:07,392 [INFO] LogOutputStream:77 - [STDOUT_REDIRECT] 1 : Invalid condition id : UX_CORESTACK_Condition cause : null
2026-03-26 22:20:07,394 [WARN] PackLoader:240 - Cannot read IP mode file for STMicroelectronics.X-CUBE-AZRTOS-WL.2.0.0
2026-03-26 22:20:07,397 [WARN] PackLoader:240 - Cannot read IP mode file for STMicroelectronics.FP-SNS-MOTENV1.5.0.0
2026-03-26 22:20:07,408 [WARN] PackLoader:240 - Cannot read IP mode file for STMicroelectronics.X-CUBE-AZRTOS-H7RS.1.2.0
2026-03-26 22:20:07,413 [WARN] PackLoader:240 - Cannot read IP mode file for STMicroelectronics.X-CUBE-BLE2.3.3.0
2026-03-26 22:20:07,426 [WARN] PackLoader:240 - Cannot read IP mode file for STMicroelectronics.X-CUBE-NFC9.1.0.0
2026-03-26 22:20:07,429 [WARN] PackLoader:240 - Cannot read IP mode file for wolfSSL.I-CUBE-wolfSSL.5.8.2
2026-03-26 22:20:07,433 [WARN] PackLoader:240 - Cannot read IP mode file for STMicroelectronics.X-CUBE-BLE1.7.1.0
2026-03-26 22:20:07,435 [WARN] PackLoader:240 - Cannot read IP mode file for wolfSSL.I-CUBE-wolfMQTT.1.19.2
2026-03-26 22:20:07,438 [WARN] PackLoader:240 - Cannot read IP mode file for STMicroelectronics.X-CUBE-FREERTOS.1.4.0
2026-03-26 22:20:07,442 [WARN] PackLoader:240 - Cannot read IP mode file for STMicroelectronics.X-CUBE-EEPRMA1.5.2.0
2026-03-26 22:20:07,447 [WARN] PackLoader:240 - Cannot read IP mode file for STMicroelectronics.X-CUBE-ST67W61.1.1.0
2026-03-26 22:20:07,473 [WARN] PackLoader:240 - Cannot read IP mode file for STMicroelectronics.X-CUBE-MEMS1.12.0.0
2026-03-26 22:20:07,554 [WARN] PackLoader:240 - Cannot read IP mode file for STMicroelectronics.X-CUBE-AZRTOS-G0.1.1.0
2026-03-26 22:20:07,578 [WARN] PackLoader:240 - Cannot read IP mode file for STMicroelectronics.X-CUBE-SAFEA1.1.2.2
2026-03-26 22:20:07,586 [WARN] PackLoader:240 - Cannot read IP mode file for STMicroelectronics.X-CUBE-NFC4.3.0.0
2026-03-26 22:20:07,597 [WARN] PackLoader:240 - Cannot read IP mode file for EmbeddedOffice.I-CUBE-FS-RTOS.1.0.1
2026-03-26 22:20:07,602 [WARN] PackLoader:240 - Cannot read IP mode file for STMicroelectronics.X-CUBE-WB05N.2.0.0
2026-03-26 22:20:07,605 [WARN] PackLoader:240 - Cannot read IP mode file for wolfSSL.I-CUBE-wolfTPM.3.8.0
2026-03-26 22:20:07,609 [WARN] PackLoader:240 - Cannot read IP mode file for STMicroelectronics.X-CUBE-TCPP.4.2.0
2026-03-26 22:20:07,614 [WARN] PackLoader:240 - Cannot read IP mode file for RealThread.X-CUBE-RT-Thread_Nano.4.1.1
2026-03-26 22:20:07,617 [WARN] PackLoader:240 - Cannot read IP mode file for STMicroelectronics.FP-ATR-SIGFOX1.3.2.0
2026-03-26 22:20:07,621 [WARN] PackLoader:240 - Cannot read IP mode file for STMicroelectronics.X-CUBE-FREERTOS.1.5.0
2026-03-26 22:20:07,625 [WARN] PackLoader:240 - Cannot read IP mode file for ITTIA_DB.I-CUBE-ITTIADB.8.9.0
2026-03-26 22:20:07,630 [WARN] PackLoader:240 - Cannot read IP mode file for STMicroelectronics.X-CUBE-NFC6.3.2.0
2026-03-26 22:20:07,648 [WARN] PackLoader:240 - Cannot read IP mode file for SEGGER.I-CUBE-embOS.1.3.1
2026-03-26 22:20:07,673 [WARN] PackLoader:240 - Cannot read IP mode file for STMicroelectronics.X-CUBE-ALGOBUILD.1.4.0
2026-03-26 22:20:07,700 [WARN] PackLoader:240 - Cannot read IP mode file for STMicroelectronics.X-CUBE-MEMS1.11.3.0
2026-03-26 22:20:07,769 [WARN] PackLoader:240 - Cannot read IP mode file for STMicroelectronics.X-CUBE-PM33A1.1.0.0
2026-03-26 22:20:07,778 [WARN] PackLoader:240 - Cannot read IP mode file for STMicroelectronics.X-CUBE-AZRTOS-F4.1.1.0
2026-03-26 22:20:07,782 [WARN] PackLoader:240 - Cannot read IP mode file for STMicroelectronics.X-CUBE-ISPU.2.1.0
2026-03-26 22:20:07,790 [WARN] PackLoader:240 - Cannot read IP mode file for STMicroelectronics.X-CUBE-IPS.3.2.0
2026-03-26 22:20:07,797 [WARN] PackLoader:240 - Cannot read IP mode file for STMicroelectronics.X-CUBE-NFC12.1.0.0
2026-03-26 22:20:07,809 [WARN] PackLoader:240 - Cannot read IP mode file for STMicroelectronics.X-CUBE-AZRTOS-L5.2.0.0
2026-03-26 22:20:07,813 [WARN] PackLoader:240 - Cannot read IP mode file for STMicroelectronics.X-CUBE-NFC6.3.1.0
2026-03-26 22:20:07,817 [WARN] PackLoader:240 - Cannot read IP mode file for STMicroelectronics.X-CUBE-FREERTOS.1.3.1
2026-03-26 22:20:07,819 [WARN] PackLoader:240 - Cannot read IP mode file for STMicroelectronics.X-CUBE-TOUCHGFX.4.26.0
2026-03-26 22:20:07,822 [WARN] PackLoader:240 - Cannot read IP mode file for STMicroelectronics.X-CUBE-TOUCHGFX.4.26.1
2026-03-26 22:20:07,824 [WARN] PackLoader:240 - Cannot read IP mode file for STMicroelectronics.X-CUBE-DPower.1.3.0
2026-03-26 22:20:07,833 [WARN] ConditionMgr:438 - getConditionDescription Invalid condition id : LAN8742 Phy interface Condition cause : null
2026-03-26 22:20:07,834 [WARN] PackLoader:240 - Cannot read IP mode file for STMicroelectronics.X-CUBE-AZRTOS-L4.2.0.0
2026-03-26 22:20:07,834 [WARN] ConditionMgr:1044 - genDependencies : Invalid condition id : LAN8742 Phy interface Condition cause : null
2026-03-26 22:20:07,835 [WARN] ConditionMgr:1044 - genDependencies : Invalid condition id : LAN8742 Phy interface Condition cause : null
2026-03-26 22:20:07,835 [WARN] ConditionMgr:1044 - genDependencies : Invalid condition id : LAN8742 Phy interface Condition cause : null
2026-03-26 22:20:07,839 [WARN] PackLoader:240 - Cannot read IP mode file for STMicroelectronics.X-CUBE-SFXS2LP1.4.0.0
2026-03-26 22:20:07,843 [WARN] PackLoader:240 - Cannot read IP mode file for STMicroelectronics.X-CUBE-ST67W61.1.2.0
2026-03-26 22:20:07,849 [WARN] PackLoader:240 - Cannot read IP mode file for STMicroelectronics.X-CUBE-BLEMGR.4.1.0
2026-03-26 22:20:07,857 [WARN] ConditionMgr:438 - getConditionDescription Invalid condition id : UX DEVICE CLASS RTOS Condition cause : null
2026-03-26 22:20:07,857 [WARN] ConditionMgr:438 - getConditionDescription Invalid condition id : UX DEVICE CLASS RTOS Condition cause : null
2026-03-26 22:20:07,858 [WARN] PackLoader:240 - Cannot read IP mode file for STMicroelectronics.X-CUBE-AZRTOS-WB.2.0.0
2026-03-26 22:20:07,858 [WARN] ConditionMgr:1044 - genDependencies : Invalid condition id : UX DEVICE CLASS RTOS Condition cause : null
2026-03-26 22:20:07,858 [WARN] ConditionMgr:1044 - genDependencies : Invalid condition id : UX DEVICE CLASS RTOS Condition cause : null
2026-03-26 22:20:07,859 [WARN] ConditionMgr:1044 - genDependencies : Invalid condition id : UX DEVICE CLASS RTOS Condition cause : null
2026-03-26 22:20:07,859 [WARN] ConditionMgr:1044 - genDependencies : Invalid condition id : UX DEVICE CLASS RTOS Condition cause : null
2026-03-26 22:20:07,859 [WARN] ConditionMgr:1044 - genDependencies : Invalid condition id : UX DEVICE CLASS RTOS Condition cause : null
2026-03-26 22:20:07,862 [WARN] PackLoader:240 - Cannot read IP mode file for STMicroelectronics.X-CUBE-GNSS1.7.0.1
2026-03-26 22:20:07,864 [WARN] ConditionMgr:438 - getConditionDescription Invalid condition id : Cortex-A Device cause : null
2026-03-26 22:20:07,869 [WARN] ConditionMgr:1044 - genDependencies : Invalid condition id : Cortex-A Device cause : null
2026-03-26 22:20:07,869 [WARN] ConditionMgr:1044 - genDependencies : Invalid condition id : Cortex-A Device cause : null
2026-03-26 22:20:07,869 [WARN] ConditionMgr:1044 - genDependencies : Invalid condition id : Cortex-A Device cause : null
2026-03-26 22:20:07,872 [WARN] PackLoader:240 - Cannot read IP mode file for STMicroelectronics.X-CUBE-STSE01.2.0.0
2026-03-26 22:20:07,878 [WARN] PackLoader:240 - Cannot read IP mode file for STMicroelectronics.X-CUBE-SUBG2.5.0.0
2026-03-26 22:20:07,889 [WARN] PackLoader:240 - Cannot read IP mode file for STMicroelectronics.X-CUBE-AZRTOS-H7RS.1.1.0
2026-03-26 22:20:07,896 [WARN] PackLoader:240 - Cannot read IP mode file for STMicroelectronics.X-CUBE-AZRTOS-G4.2.0.0
2026-03-26 22:20:07,899 [WARN] PackLoader:240 - Cannot read IP mode file for wolfSSL.I-CUBE-wolfSSH.1.4.20
2026-03-26 22:20:07,902 [WARN] PackLoader:240 - Cannot read IP mode file for STMicroelectronics.X-CUBE-NFC7.2.0.0
2026-03-26 22:20:07,904 [WARN] PackLoader:240 - Cannot read IP mode file for STMicroelectronics.X-CUBE-ALS.1.0.2
2026-03-26 22:20:07,908 [WARN] PackLoader:240 - Cannot read IP mode file for STMicroelectronics.X-CUBE-STSE01.1.0.0
2026-03-26 22:20:07,915 [WARN] PackLoader:240 - Cannot read IP mode file for STMicroelectronics.X-CUBE-TOF1.3.4.3
2026-03-26 22:20:07,921 [INFO] ThirdParty:978 - Integrity check success = true
2026-03-26 22:20:07,921 [INFO] IntegrityCheckThread:100 - exiting critical section [integrity check]
2026-03-26 22:20:07,921 [INFO] IntegrityCheckThread:103 - End integrity checks thread
2026-03-26 23:13:33,366 [INFO] WebApp:194 - Connection lost
2026-03-26 23:13:40,854 [INFO] WebApp:191 - Connection restablished
