2026-03-11 15:43:21,471 [INFO] Activator:176 - 


2026-03-11 15:43:21,474 [INFO] Activator:177 - !SESSION log4j initialized
2026-03-11 15:43:24,377 [INFO] LogOutputStream:77 - [STDOUT_REDIRECT] 
2026-03-11 15:43:24,948 [INFO] ApplicationProperties:184 - Using Application install path: /opt/st/stm32cubeide_1.19.0/plugins/com.st.stm32cube.common.mx_6.15.0.202507011659
2026-03-11 15:43:24,961 [INFO] DbMcusXml:78 - Set database path to: /opt/st/stm32cubeide_1.19.0/plugins/com.st.stm32cube.common.mx_6.15.0.202507011659//db//mcu/
2026-03-11 15:43:24,961 [INFO] ApiDb:274 - Set plugin database path to: /opt/st/stm32cubeide_1.19.0/plugins/com.st.stm32cube.common.mx_6.15.0.202507011659//db//plugins/boardmanager/
2026-03-11 15:43:24,962 [WARN] ApiDb:259 - Overriding images path with different value:  => /opt/st/stm32cubeide_1.19.0/plugins/com.st.stm32cube.common.mx_6.15.0.202507011659//db//plugins/mcufinder/images/
2026-03-11 15:43:24,966 [INFO] ApiDb:250 - Set database path to: /home/kamil/.stmcufinder/plugins/mcufinder//mcu/
2026-03-11 15:43:24,967 [INFO] DbMcusAds:125 - Set database path to: /home/kamil/.stmcufinder/plugins/mcufinder//mcu/
2026-03-11 15:43:24,969 [INFO] CrossReferenceDbSqlite:203 - Set database path to: /home/kamil/.stmcufinder/plugins/mcufinder//mcu/cs/
2026-03-11 15:43:25,046 [INFO] RulesReader:64 - Compatibility file has been processed (317 Rules)
2026-03-11 15:43:25,097 [INFO] DbMcusXml:78 - Set database path to: /opt/st/stm32cubeide_1.19.0/plugins/com.st.stm32cube.common.mx_6.15.0.202507011659//db//mcu/
2026-03-11 15:43:25,097 [INFO] ApiDb:274 - Set plugin database path to: /opt/st/stm32cubeide_1.19.0/plugins/com.st.stm32cube.common.mx_6.15.0.202507011659//db//plugins/boardmanager/
2026-03-11 15:43:25,097 [INFO] ApiDb:261 - Set plugin images path to: /opt/st/stm32cubeide_1.19.0/plugins/com.st.stm32cube.common.mx_6.15.0.202507011659//db//plugins/mcufinder/images/
2026-03-11 15:43:25,097 [WARN] DbFile:41 - Overriding database path with different value: /home/kamil/.stmcufinder/plugins/mcufinder/ => /home/kamil/.stmcufinder/plugins/mcufinder
2026-03-11 15:43:25,097 [INFO] ApiDb:250 - Set database path to: /home/kamil/.stmcufinder/plugins/mcufinder//mcu/
2026-03-11 15:43:25,098 [WARN] DbFile:41 - Overriding database path with different value: /home/kamil/.stmcufinder/plugins/mcufinder/ => /home/kamil/.stmcufinder/plugins/mcufinder
2026-03-11 15:43:25,098 [INFO] DbMcusAds:125 - Set database path to: /home/kamil/.stmcufinder/plugins/mcufinder//mcu/
2026-03-11 15:43:25,098 [WARN] DbFile:41 - Overriding database path with different value: /home/kamil/.stmcufinder/plugins/mcufinder/ => /home/kamil/.stmcufinder/plugins/mcufinder
2026-03-11 15:43:25,098 [WARN] DbFile:41 - Overriding database path with different value: /home/kamil/.stmcufinder/plugins/mcufinder/ => /home/kamil/.stmcufinder/plugins/mcufinder
2026-03-11 15:43:25,098 [INFO] CrossReferenceDbSqlite:203 - Set database path to: /home/kamil/.stmcufinder/plugins/mcufinder//mcu/cs/
2026-03-11 15:43:25,144 [INFO] MainPanel:274 - HeapMemory: 268435456
2026-03-11 15:43:25,239 [INFO] DbMcusXml:78 - Set database path to: /opt/st/stm32cubeide_1.19.0/plugins/com.st.stm32cube.common.mx_6.15.0.202507011659//db//mcu/
2026-03-11 15:43:25,239 [INFO] ApiDb:274 - Set plugin database path to: /opt/st/stm32cubeide_1.19.0/plugins/com.st.stm32cube.common.mx_6.15.0.202507011659//db//plugins/boardmanager/
2026-03-11 15:43:25,239 [INFO] ApiDb:261 - Set plugin images path to: /opt/st/stm32cubeide_1.19.0/plugins/com.st.stm32cube.common.mx_6.15.0.202507011659//db//plugins/mcufinder/images/
2026-03-11 15:43:25,239 [WARN] DbFile:41 - Overriding database path with different value: /home/kamil/.stmcufinder/plugins/mcufinder/ => /home/kamil/.stmcufinder/plugins/mcufinder
2026-03-11 15:43:25,239 [INFO] ApiDb:250 - Set database path to: /home/kamil/.stmcufinder/plugins/mcufinder//mcu/
2026-03-11 15:43:25,239 [WARN] DbFile:41 - Overriding database path with different value: /home/kamil/.stmcufinder/plugins/mcufinder/ => /home/kamil/.stmcufinder/plugins/mcufinder
2026-03-11 15:43:25,239 [INFO] DbMcusAds:125 - Set database path to: /home/kamil/.stmcufinder/plugins/mcufinder//mcu/
2026-03-11 15:43:25,239 [WARN] DbFile:41 - Overriding database path with different value: /home/kamil/.stmcufinder/plugins/mcufinder/ => /home/kamil/.stmcufinder/plugins/mcufinder
2026-03-11 15:43:25,240 [WARN] DbFile:41 - Overriding database path with different value: /home/kamil/.stmcufinder/plugins/mcufinder/ => /home/kamil/.stmcufinder/plugins/mcufinder
2026-03-11 15:43:25,240 [INFO] CrossReferenceDbSqlite:203 - Set database path to: /home/kamil/.stmcufinder/plugins/mcufinder//mcu/cs/
2026-03-11 15:43:25,253 [INFO] ApplicationProperties:184 - Using Application install path: /opt/st/stm32cubeide_1.19.0/plugins/com.st.stm32cube.common.mx_6.15.0.202507011659
2026-03-11 15:43:25,254 [INFO] PluginManage:196 - Search for loadable plugins [exclusion list=, ]
2026-03-11 15:43:25,255 [INFO] PluginManage:310 - Check plugin analytics
2026-03-11 15:43:25,357 [INFO] AnalyticsPlugin:253 - Accepted Software Licenses: 
2026-03-11 15:43:25,357 [INFO] AnalyticsPlugin:255 - Accepted CMSIS Pack Licenses: 
2026-03-11 15:43:25,357 [INFO] AnalyticsPlugin:257 - Accepted Firmware Licenses: FW.F4.1.28.0
2026-03-11 15:43:25,359 [INFO] PluginManage:359 - Loaded plugin analytics (category:tool,tabindex:-1)
2026-03-11 15:43:25,360 [INFO] PluginManage:310 - Check plugin cadmodel
2026-03-11 15:43:25,363 [INFO] CADModel:105 - Init CAD model plugin
2026-03-11 15:43:25,363 [INFO] PluginManage:359 - Loaded plugin cadmodel (category:power,tabindex:5)
2026-03-11 15:43:25,364 [INFO] PluginManage:310 - Check plugin clock
2026-03-11 15:43:25,370 [INFO] PluginManage:359 - Loaded plugin clock (category:base,tabindex:2)
2026-03-11 15:43:25,370 [INFO] PluginManage:310 - Check plugin ddr
2026-03-11 15:43:25,371 [INFO] PluginManage:359 - Loaded plugin ddr (category:tool,tabindex:6)
2026-03-11 15:43:25,371 [INFO] PluginManage:310 - Check plugin filemanager
2026-03-11 15:43:25,482 [INFO] PluginManage:359 - Loaded plugin filemanager (category:base,tabindex:10)
2026-03-11 15:43:25,482 [INFO] PluginManage:310 - Check plugin ipmanager
2026-03-11 15:43:25,486 [INFO] PluginManage:359 - Loaded plugin ipmanager (category:base,tabindex:5)
2026-03-11 15:43:25,486 [INFO] PluginManage:310 - Check plugin lpbam
2026-03-11 15:43:25,492 [INFO] PluginManage:359 - Loaded plugin lpbam (category:base,tabindex:0)
2026-03-11 15:43:25,492 [INFO] PluginManage:310 - Check plugin memorymap
2026-03-11 15:43:25,499 [INFO] PluginManage:359 - Loaded plugin memorymap (category:base,tabindex:4)
2026-03-11 15:43:25,499 [INFO] PluginManage:310 - Check plugin pinoutandconfiguration
2026-03-11 15:43:25,504 [INFO] PluginManage:359 - Loaded plugin pinoutandconfiguration (category:base,tabindex:1)
2026-03-11 15:43:25,504 [INFO] PluginManage:310 - Check plugin pinoutconfig
2026-03-11 15:43:25,558 [WARN] SupportedApi:132 - Cannot load RTOS API schema: s4s-elt-must-match.1: The content of 'definitions' must match (annotation?, (simpleType | complexType)?, (unique | key | keyref)*)). A problem was found starting at: attribute.
2026-03-11 15:43:25,656 [INFO] PluginManage:359 - Loaded plugin pinoutconfig (category:base,tabindex:0)
2026-03-11 15:43:25,657 [INFO] PluginManage:310 - Check plugin power
2026-03-11 15:43:25,666 [INFO] PluginManage:359 - Loaded plugin power (category:power,tabindex:4)
2026-03-11 15:43:25,666 [INFO] PluginManage:310 - Check plugin projectmanager
2026-03-11 15:43:25,679 [INFO] PluginManage:359 - Loaded plugin projectmanager (category:projectmanager,tabindex:4)
2026-03-11 15:43:25,680 [INFO] PluginManage:310 - Check plugin rif
2026-03-11 15:43:25,686 [INFO] PluginManage:359 - Loaded plugin rif (category:base,tabindex:3)
2026-03-11 15:43:25,686 [INFO] PluginManage:310 - Check plugin thirdparty
2026-03-11 15:43:25,771 [INFO] PluginManage:359 - Loaded plugin thirdparty (category:base,tabindex:-1)
2026-03-11 15:43:25,771 [INFO] PluginManage:310 - Check plugin tools
2026-03-11 15:43:25,771 [WARN] IntegrityCheckThread:84 - waiting for thirdparty lock release [integrity check]
2026-03-11 15:43:25,771 [INFO] IntegrityCheckThread:86 - entering critical section [integrity check]
2026-03-11 15:43:25,771 [INFO] ThirdPartyUpdaterWithRetryManager:70 - Updater plugin not ready yet. [1/15]
2026-03-11 15:43:25,773 [INFO] PluginManage:359 - Loaded plugin tools (category:base,tabindex:7)
2026-03-11 15:43:25,773 [INFO] PluginManage:310 - Check plugin tutovideos
2026-03-11 15:43:25,902 [INFO] PluginManage:359 - Loaded plugin tutovideos (category:base,tabindex:-1)
2026-03-11 15:43:25,903 [INFO] PluginManage:310 - Check plugin updater
2026-03-11 15:43:25,921 [INFO] PluginManage:359 - Loaded plugin updater (category:base,tabindex:12)
2026-03-11 15:43:25,921 [INFO] PluginManage:310 - Check plugin userauth
2026-03-11 15:43:25,924 [INFO] UserAuth:118 - Init User Auth plugin
2026-03-11 15:43:25,924 [INFO] PluginManage:359 - Loaded plugin userauth (category:base,tabindex:14)
2026-03-11 15:43:25,925 [INFO] PluginManage:283 - PluginManage : Loaded plugins [18]
2026-03-11 15:43:26,031 [INFO] PinOutPanel:1589 - setPackage(No Configuration,No Configuration)
2026-03-11 15:43:26,073 [INFO] CADModel:165 - CPN selected for project level
2026-03-11 15:43:26,073 [INFO] CADModel:114 - Register for checkConnection events
2026-03-11 15:43:26,079 [INFO] IPUIPlugin:80 - create IPUIPlugin
2026-03-11 15:43:26,080 [INFO] PluginManager:220 - loadIPPluginJar : add tracer_emb
2026-03-11 15:43:26,081 [INFO] IPUIPlugin:80 - create IPUIPlugin
2026-03-11 15:43:26,082 [INFO] PluginManager:220 - loadIPPluginJar : add radio
2026-03-11 15:43:26,087 [INFO] IPUIPlugin:80 - create IPUIPlugin
2026-03-11 15:43:26,087 [INFO] PluginManager:220 - loadIPPluginJar : add ddr_ctrl_phy
2026-03-11 15:43:26,092 [INFO] IPUIPlugin:80 - create IPUIPlugin
2026-03-11 15:43:26,092 [INFO] PluginManager:220 - loadIPPluginJar : add mdma
2026-03-11 15:43:26,094 [INFO] IPUIPlugin:80 - create IPUIPlugin
2026-03-11 15:43:26,095 [INFO] PluginManager:220 - loadIPPluginJar : add touchsensing
2026-03-11 15:43:26,096 [INFO] IPUIPlugin:80 - create IPUIPlugin
2026-03-11 15:43:26,096 [INFO] PluginManager:220 - loadIPPluginJar : add ucpd
2026-03-11 15:43:26,100 [INFO] IPUIPlugin:80 - create IPUIPlugin
2026-03-11 15:43:26,102 [INFO] PluginManager:220 - loadIPPluginJar : add plateformsettings
2026-03-11 15:43:26,105 [INFO] IPUIPlugin:80 - create IPUIPlugin
2026-03-11 15:43:26,105 [INFO] PluginManager:220 - loadIPPluginJar : add ipddr
2026-03-11 15:43:26,109 [INFO] IPUIPlugin:80 - create IPUIPlugin
2026-03-11 15:43:26,109 [INFO] PluginManager:220 - loadIPPluginJar : add resmgrutility
2026-03-11 15:43:26,110 [INFO] IPUIPlugin:80 - create IPUIPlugin
2026-03-11 15:43:26,110 [INFO] PluginManager:220 - loadIPPluginJar : add ts
2026-03-11 15:43:26,112 [INFO] IPUIPlugin:80 - create IPUIPlugin
2026-03-11 15:43:26,112 [INFO] PluginManager:220 - loadIPPluginJar : add dma3
2026-03-11 15:43:26,114 [INFO] IPUIPlugin:80 - create IPUIPlugin
2026-03-11 15:43:26,114 [INFO] PluginManager:220 - loadIPPluginJar : add openamp
2026-03-11 15:43:26,116 [INFO] IPUIPlugin:80 - create IPUIPlugin
2026-03-11 15:43:26,116 [INFO] PluginManager:220 - loadIPPluginJar : add opamp
2026-03-11 15:43:26,118 [INFO] IPUIPlugin:80 - create IPUIPlugin
2026-03-11 15:43:26,118 [INFO] PluginManager:220 - loadIPPluginJar : add pdm2pcm
2026-03-11 15:43:26,120 [INFO] IPUIPlugin:80 - create IPUIPlugin
2026-03-11 15:43:26,120 [INFO] PluginManager:220 - loadIPPluginJar : add gfxmmu
2026-03-11 15:43:26,123 [INFO] IPUIPlugin:80 - create IPUIPlugin
2026-03-11 15:43:26,123 [INFO] PluginManager:220 - loadIPPluginJar : add aes
2026-03-11 15:43:26,125 [INFO] IPUIPlugin:80 - create IPUIPlugin
2026-03-11 15:43:26,126 [INFO] PluginManager:220 - loadIPPluginJar : add gtzc
2026-03-11 15:43:26,129 [INFO] IPUIPlugin:80 - create IPUIPlugin
2026-03-11 15:43:26,130 [INFO] PluginManager:220 - loadIPPluginJar : add sai
2026-03-11 15:43:26,131 [INFO] IPUIPlugin:80 - create IPUIPlugin
2026-03-11 15:43:26,131 [INFO] PluginManager:220 - loadIPPluginJar : add tsc
2026-03-11 15:43:26,135 [INFO] IPUIPlugin:80 - create IPUIPlugin
2026-03-11 15:43:26,135 [INFO] PluginManager:220 - loadIPPluginJar : add usbx
2026-03-11 15:43:26,138 [INFO] IPUIPlugin:80 - create IPUIPlugin
2026-03-11 15:43:26,138 [INFO] PluginManager:220 - loadIPPluginJar : add can
2026-03-11 15:43:26,140 [INFO] IPUIPlugin:80 - create IPUIPlugin
2026-03-11 15:43:26,140 [INFO] PluginManager:220 - loadIPPluginJar : add i2c
2026-03-11 15:43:26,142 [INFO] IPUIPlugin:80 - create IPUIPlugin
2026-03-11 15:43:26,142 [INFO] PluginManager:220 - loadIPPluginJar : add lorawan
2026-03-11 15:43:26,143 [INFO] IPUIPlugin:80 - create IPUIPlugin
2026-03-11 15:43:26,144 [INFO] PluginManager:220 - loadIPPluginJar : add spi
2026-03-11 15:43:26,150 [INFO] IPUIPlugin:80 - create IPUIPlugin
2026-03-11 15:43:26,150 [INFO] PluginManager:220 - loadIPPluginJar : add linkedlist
2026-03-11 15:43:26,154 [INFO] IPUIPlugin:80 - create IPUIPlugin
2026-03-11 15:43:26,154 [INFO] PluginManager:220 - loadIPPluginJar : add fmc
2026-03-11 15:43:26,156 [INFO] IPUIPlugin:80 - create IPUIPlugin
2026-03-11 15:43:26,156 [INFO] PluginManager:220 - loadIPPluginJar : add i3c
2026-03-11 15:43:26,157 [INFO] IPUIPlugin:80 - create IPUIPlugin
2026-03-11 15:43:26,157 [INFO] PluginManager:220 - loadIPPluginJar : add ltdc
2026-03-11 15:43:26,162 [INFO] IPUIPlugin:80 - create IPUIPlugin
2026-03-11 15:43:26,162 [INFO] PluginManager:220 - loadIPPluginJar : add dma
2026-03-11 15:43:26,167 [INFO] IPUIPlugin:80 - create IPUIPlugin
2026-03-11 15:43:26,167 [INFO] PluginManager:220 - loadIPPluginJar : add freertos
2026-03-11 15:43:26,170 [INFO] IPUIPlugin:80 - create IPUIPlugin
2026-03-11 15:43:26,170 [INFO] PluginManager:220 - loadIPPluginJar : add hash
2026-03-11 15:43:26,176 [INFO] IPUIPlugin:80 - create IPUIPlugin
2026-03-11 15:43:26,176 [INFO] PluginManager:220 - loadIPPluginJar : add adc
2026-03-11 15:43:26,178 [INFO] IPUIPlugin:80 - create IPUIPlugin
2026-03-11 15:43:26,178 [INFO] PluginManager:220 - loadIPPluginJar : add usart
2026-03-11 15:43:26,184 [INFO] IPUIPlugin:80 - create IPUIPlugin
2026-03-11 15:43:26,184 [INFO] PluginManager:220 - loadIPPluginJar : add stm32_wpan
2026-03-11 15:43:26,186 [INFO] IPUIPlugin:80 - create IPUIPlugin
2026-03-11 15:43:26,186 [INFO] PluginManager:220 - loadIPPluginJar : add genericplugin
2026-03-11 15:43:26,190 [INFO] IPUIPlugin:80 - create IPUIPlugin
2026-03-11 15:43:26,190 [INFO] PluginManager:220 - loadIPPluginJar : add gpio
2026-03-11 15:43:26,193 [INFO] IPUIPlugin:80 - create IPUIPlugin
2026-03-11 15:43:26,194 [INFO] PluginManager:220 - loadIPPluginJar : add nvic
2026-03-11 15:43:26,196 [INFO] IPUIPlugin:80 - create IPUIPlugin
2026-03-11 15:43:26,196 [INFO] PluginManager:220 - loadIPPluginJar : add dfsdm
2026-03-11 15:43:26,197 [INFO] IPUIPlugin:80 - create IPUIPlugin
2026-03-11 15:43:26,197 [INFO] PluginManager:220 - loadIPPluginJar : add fatfs
2026-03-11 15:43:26,199 [INFO] IPUIPlugin:80 - create IPUIPlugin
2026-03-11 15:43:26,199 [INFO] PluginManager:220 - loadIPPluginJar : add comp
2026-03-11 15:43:26,201 [INFO] IPUIPlugin:80 - create IPUIPlugin
2026-03-11 15:43:26,202 [INFO] PluginManager:220 - loadIPPluginJar : add i2s
2026-03-11 15:43:26,203 [INFO] IPUIPlugin:80 - create IPUIPlugin
2026-03-11 15:43:26,204 [INFO] PluginManager:220 - loadIPPluginJar : add cryp
2026-03-11 15:43:26,204 [INFO] IPUIPlugin:80 - create IPUIPlugin
2026-03-11 15:43:26,205 [INFO] PluginManager:220 - loadIPPluginJar : add quadspi
2026-03-11 15:43:26,210 [INFO] IPUIPlugin:80 - create IPUIPlugin
2026-03-11 15:43:26,210 [INFO] PluginManager:220 - loadIPPluginJar : add gic
2026-03-11 15:43:26,211 [INFO] IPUIPlugin:80 - create IPUIPlugin
2026-03-11 15:43:26,211 [INFO] PluginManager:220 - loadIPPluginJar : add tim
2026-03-11 15:43:26,214 [INFO] IPUIPlugin:80 - create IPUIPlugin
2026-03-11 15:43:26,214 [INFO] PluginManager:220 - loadIPPluginJar : add extmemmanager
2026-03-11 15:43:26,313 [FATAL] Updater:351 - Updater called before beeing initialized
2026-03-11 15:43:26,331 [INFO] RulesReader:64 - Compatibility file has been processed (317 Rules)
2026-03-11 15:43:26,341 [INFO] RulesReader:64 - Compatibility file has been processed (317 Rules)
2026-03-11 15:43:26,347 [INFO] CADModel:165 - CPN selected for project level
2026-03-11 15:43:26,347 [INFO] CADModel:114 - Register for checkConnection events
2026-03-11 15:43:26,348 [FATAL] Updater:351 - Updater called before beeing initialized
2026-03-11 15:43:26,348 [ERROR] CADModel:125 - Updater not yet initialized, retry later 
2026-03-11 15:43:26,424 [FATAL] Updater:351 - Updater called before beeing initialized
2026-03-11 15:43:26,425 [INFO] CADModel:165 - CPN selected for project level
2026-03-11 15:43:26,425 [INFO] CADModel:114 - Register for checkConnection events
2026-03-11 15:43:26,425 [FATAL] Updater:351 - Updater called before beeing initialized
2026-03-11 15:43:26,426 [ERROR] CADModel:125 - Updater not yet initialized, retry later 
2026-03-11 15:43:26,427 [FATAL] Updater:351 - Updater called before beeing initialized
2026-03-11 15:43:26,474 [FATAL] Updater:351 - Updater called before beeing initialized
2026-03-11 15:43:26,476 [INFO] DbMcusAds:53 - JSON generation date=Wed Feb 18 15:32:49 CET 2026 (1771425169371)
2026-03-11 15:43:26,477 [FATAL] Updater:351 - Updater called before beeing initialized
2026-03-11 15:43:26,496 [WARN] DetailPanel:346 - Failed to get advertising image, set to default
2026-03-11 15:43:26,543 [FATAL] Updater:351 - Updater called before beeing initialized
2026-03-11 15:43:26,544 [FATAL] Updater:351 - Updater called before beeing initialized
2026-03-11 15:43:26,544 [FATAL] Updater:351 - Updater called before beeing initialized
2026-03-11 15:43:26,544 [WARN] DetailPanel:346 - Failed to get advertising image, set to default
2026-03-11 15:43:26,544 [FATAL] Updater:351 - Updater called before beeing initialized
2026-03-11 15:43:26,563 [ERROR] Updater:1198 - MainUpdater not yet initialized. External WinMGr cannot be set.
2026-03-11 15:43:26,564 [INFO] Updater:1134 - Updater Version found : 6.15.0
2026-03-11 15:43:26,575 [INFO] ApplicationProperties:184 - Using Application install path: /opt/st/stm32cubeide_1.19.0/plugins/com.st.stm32cube.common.mx_6.15.0.202507011659
2026-03-11 15:43:26,922 [INFO] MainUpdater:2872 - connection check result : 10
2026-03-11 15:43:26,922 [INFO] MainUpdater:3604 - Updater definition file requires update
2026-03-11 15:43:26,923 [INFO] MainUpdater:289 - Updater Check For Update Now.
2026-03-11 15:43:26,923 [INFO] MicroXplorer:498 - Change Database Version : DB.6.0.150
2026-03-11 15:43:26,927 [INFO] McuFinderGlobals:63 - Set McuFinder mode to 2 (CubeIDE integrated)
2026-03-11 15:43:26,927 [INFO] UserAuth:487 - Internet connection configuration mode: 1
2026-03-11 15:43:26,938 [INFO] ServerAccessManage:452 - Complete download http(s) 200
2026-03-11 15:43:26,939 [INFO] ServerAccessManage:509 - Download File updaters.zip
2026-03-11 15:43:26,942 [INFO] JxBrowserEngine:152 - Initiate JxBrowser Engine with user profile folder
2026-03-11 15:43:26,996 [INFO] FileExtend:248 - Unzip File : updaters.zip
2026-03-11 15:43:26,996 [INFO] FileExtend:263 - Standard Zip Deflate
2026-03-11 15:43:27,207 [INFO] ServerAccessManage:452 - Complete download http(s) 200
2026-03-11 15:43:27,208 [INFO] ServerAccessManage:509 - Download File PacksControlFlags.xml
2026-03-11 15:43:27,308 [INFO] ServerAccessManage:452 - Complete download http(s) 200
2026-03-11 15:43:27,309 [INFO] ServerAccessManage:509 - Download File cubemx.pidx
2026-03-11 15:43:27,369 [INFO] LoadServerUpdatesThread:375 - End of LoadServerUpdate Thread
2026-03-11 15:43:27,514 [INFO] CheckServerUpdateThread:120 - End of CheckServer Thread
2026-03-11 15:43:27,678 [INFO] WebApp:169 - Instantiating new browser for Auth
2026-03-11 15:43:28,125 [INFO] WebApp:463 - Apply proxy settings
2026-03-11 15:43:28,125 [INFO] WebApp:548 - Chromium requires no authentication
2026-03-11 15:43:28,129 [INFO] WebApp:491 - Direct internet connection detected
2026-03-11 15:43:28,140 [INFO] WebApp:900 - Register for checkConnection events
2026-03-11 15:43:28,140 [INFO] WebApp:463 - Apply proxy settings
2026-03-11 15:43:28,140 [INFO] WebApp:548 - Chromium requires no authentication
2026-03-11 15:43:28,141 [INFO] WebApp:491 - Direct internet connection detected
2026-03-11 15:43:28,221 [INFO] WebApp:225 - Starting web application
2026-03-11 15:43:28,221 [INFO] WebApp:593 - Web application path used /opt/st/stm32cubeide_1.19.0/plugins/com.st.stm32cube.common.mx_6.15.0.202507011659/db/plugins/mcufinder/reactClient1/index.html
2026-03-11 15:43:28,305 [INFO] UserAuth:487 - Internet connection configuration mode: 1
2026-03-11 15:43:28,360 [INFO] WebApp:191 - Connection restablished
2026-03-11 15:43:28,909 [WARN] PackLoader:240 - Cannot read IP mode file for STMicroelectronics.X-CUBE-AZRTOS-H7.3.5.0
2026-03-11 15:43:28,920 [WARN] PackLoader:240 - Cannot read IP mode file for STMicroelectronics.FP-SNS-MOTENVWB1.1.4.0
2026-03-11 15:43:28,926 [WARN] PackLoader:240 - Cannot read IP mode file for STMicroelectronics.FP-ATR-ASTRA1.2.0.2
2026-03-11 15:43:28,931 [WARN] PackLoader:240 - Cannot read IP mode file for STMicroelectronics.X-CUBE-SMBUS.2.1.0
2026-03-11 15:43:28,936 [WARN] PackLoader:240 - Cannot read IP mode file for STMicroelectronics.X-CUBE-ST60.1.0.0
2026-03-11 15:43:28,951 [WARN] PackLoader:240 - Cannot read IP mode file for STMicroelectronics.X-CUBE-AZRTOS-F7.1.1.0
2026-03-11 15:43:28,958 [WARN] PackLoader:240 - Cannot read IP mode file for Cesanta.I-CUBE-Mongoose.7.19.0
2026-03-11 15:43:28,961 [WARN] PackLoader:240 - Cannot read IP mode file for STMicroelectronics.FP-SNS-MOTENV1.5.1.0
2026-03-11 15:43:28,967 [WARN] PackLoader:240 - Cannot read IP mode file for WES.I-CUBE-Cesium.1.4.0
2026-03-11 15:43:28,990 [WARN] PackLoader:240 - Cannot read IP mode file for Infineon.AIROC-Wi-Fi-Bluetooth-STM32.1.7.1
2026-03-11 15:43:29,020 [WARN] PackLoader:240 - Cannot read IP mode file for STMicroelectronics.X-CUBE-AZRTOS-H7.3.4.0
2026-03-11 15:43:29,030 [WARN] PackLoader:240 - Cannot read IP mode file for STMicroelectronics.X-CUBE-DISPLAY.3.0.0
2026-03-11 15:43:29,038 [WARN] PackLoader:240 - Cannot read IP mode file for STMicroelectronics.FP-SNS-MOTENVWB1.1.5.0
2026-03-11 15:43:29,044 [WARN] PackLoader:240 - Cannot read IP mode file for STMicroelectronics.X-CUBE-NFC10.1.0.0
2026-03-11 15:43:29,050 [WARN] PackLoader:240 - Cannot read IP mode file for STMicroelectronics.X-CUBE-ST60.1.1.0
2026-03-11 15:43:29,055 [WARN] PackLoader:240 - Cannot read IP mode file for emotas.I-CUBE-CANOPEN.1.3.0
2026-03-11 15:43:29,059 [WARN] PackLoader:240 - Cannot read IP mode file for STMicroelectronics.X-CUBE-GNSS1.7.1.0
2026-03-11 15:43:29,064 [WARN] PackLoader:240 - Cannot read IP mode file for STMicroelectronics.FP-SNS-SMARTAG2.1.2.0
2026-03-11 15:43:29,068 [WARN] PackLoader:240 - Cannot read IP mode file for STMicroelectronics.FP-SNS-FLIGHT1.5.1.0
2026-03-11 15:43:29,076 [INFO] LogOutputStream:77 - [STDOUT_REDIRECT] 1 : Invalid condition id : UX_CORESTACK_Condition cause : null
2026-03-11 15:43:29,077 [INFO] LogOutputStream:77 - [STDOUT_REDIRECT] 1 : Invalid condition id : UX_CORESTACK_Condition cause : null
2026-03-11 15:43:29,077 [INFO] LogOutputStream:77 - [STDOUT_REDIRECT] 1 : Invalid condition id : UX_CORESTACK_Condition cause : null
2026-03-11 15:43:29,077 [INFO] LogOutputStream:77 - [STDOUT_REDIRECT] 1 : Invalid condition id : UX_CORESTACK_Condition cause : null
2026-03-11 15:43:29,077 [INFO] LogOutputStream:77 - [STDOUT_REDIRECT] 1 : Invalid condition id : UX_CORESTACK_Condition cause : null
2026-03-11 15:43:29,080 [WARN] PackLoader:240 - Cannot read IP mode file for STMicroelectronics.X-CUBE-AZRTOS-WL.2.0.0
2026-03-11 15:43:29,085 [WARN] PackLoader:240 - Cannot read IP mode file for STMicroelectronics.FP-SNS-MOTENV1.5.0.0
2026-03-11 15:43:29,101 [WARN] PackLoader:240 - Cannot read IP mode file for STMicroelectronics.X-CUBE-AZRTOS-H7RS.1.2.0
2026-03-11 15:43:29,107 [WARN] PackLoader:240 - Cannot read IP mode file for STMicroelectronics.X-CUBE-BLE2.3.3.0
2026-03-11 15:43:29,121 [WARN] PackLoader:240 - Cannot read IP mode file for STMicroelectronics.X-CUBE-NFC9.1.0.0
2026-03-11 15:43:29,126 [WARN] PackLoader:240 - Cannot read IP mode file for wolfSSL.I-CUBE-wolfSSL.5.8.2
2026-03-11 15:43:29,130 [WARN] PackLoader:240 - Cannot read IP mode file for STMicroelectronics.X-CUBE-BLE1.7.1.0
2026-03-11 15:43:29,133 [WARN] PackLoader:240 - Cannot read IP mode file for wolfSSL.I-CUBE-wolfMQTT.1.19.2
2026-03-11 15:43:29,138 [WARN] PackLoader:240 - Cannot read IP mode file for STMicroelectronics.X-CUBE-FREERTOS.1.4.0
2026-03-11 15:43:29,144 [WARN] PackLoader:240 - Cannot read IP mode file for STMicroelectronics.X-CUBE-EEPRMA1.5.2.0
2026-03-11 15:43:29,150 [WARN] PackLoader:240 - Cannot read IP mode file for STMicroelectronics.X-CUBE-ST67W61.1.1.0
2026-03-11 15:43:29,189 [WARN] PackLoader:240 - Cannot read IP mode file for STMicroelectronics.X-CUBE-MEMS1.12.0.0
2026-03-11 15:43:29,283 [WARN] PackLoader:240 - Cannot read IP mode file for STMicroelectronics.X-CUBE-AZRTOS-G0.1.1.0
2026-03-11 15:43:29,287 [WARN] PackLoader:240 - Cannot read IP mode file for STMicroelectronics.X-CUBE-SAFEA1.1.2.2
2026-03-11 15:43:29,292 [WARN] PackLoader:240 - Cannot read IP mode file for STMicroelectronics.X-CUBE-NFC4.3.0.0
2026-03-11 15:43:29,297 [WARN] PackLoader:240 - Cannot read IP mode file for EmbeddedOffice.I-CUBE-FS-RTOS.1.0.1
2026-03-11 15:43:29,302 [WARN] PackLoader:240 - Cannot read IP mode file for STMicroelectronics.X-CUBE-WB05N.2.0.0
2026-03-11 15:43:29,305 [WARN] PackLoader:240 - Cannot read IP mode file for wolfSSL.I-CUBE-wolfTPM.3.8.0
2026-03-11 15:43:29,309 [WARN] PackLoader:240 - Cannot read IP mode file for STMicroelectronics.X-CUBE-TCPP.4.2.0
2026-03-11 15:43:29,313 [WARN] PackLoader:240 - Cannot read IP mode file for RealThread.X-CUBE-RT-Thread_Nano.4.1.1
2026-03-11 15:43:29,316 [WARN] PackLoader:240 - Cannot read IP mode file for STMicroelectronics.FP-ATR-SIGFOX1.3.2.0
2026-03-11 15:43:29,320 [WARN] PackLoader:240 - Cannot read IP mode file for STMicroelectronics.X-CUBE-FREERTOS.1.5.0
2026-03-11 15:43:29,324 [WARN] PackLoader:240 - Cannot read IP mode file for ITTIA_DB.I-CUBE-ITTIADB.8.9.0
2026-03-11 15:43:29,330 [WARN] PackLoader:240 - Cannot read IP mode file for STMicroelectronics.X-CUBE-NFC6.3.2.0
2026-03-11 15:43:29,352 [WARN] PackLoader:240 - Cannot read IP mode file for SEGGER.I-CUBE-embOS.1.3.1
2026-03-11 15:43:29,395 [WARN] PackLoader:240 - Cannot read IP mode file for STMicroelectronics.X-CUBE-ALGOBUILD.1.4.0
2026-03-11 15:43:29,428 [WARN] PackLoader:240 - Cannot read IP mode file for STMicroelectronics.X-CUBE-MEMS1.11.3.0
2026-03-11 15:43:29,490 [WARN] PackLoader:240 - Cannot read IP mode file for STMicroelectronics.X-CUBE-PM33A1.1.0.0
2026-03-11 15:43:29,500 [WARN] PackLoader:240 - Cannot read IP mode file for STMicroelectronics.X-CUBE-AZRTOS-F4.1.1.0
2026-03-11 15:43:29,505 [WARN] PackLoader:240 - Cannot read IP mode file for STMicroelectronics.X-CUBE-ISPU.2.1.0
2026-03-11 15:43:29,513 [WARN] PackLoader:240 - Cannot read IP mode file for STMicroelectronics.X-CUBE-IPS.3.2.0
2026-03-11 15:43:29,520 [WARN] PackLoader:240 - Cannot read IP mode file for STMicroelectronics.X-CUBE-NFC12.1.0.0
2026-03-11 15:43:29,531 [WARN] PackLoader:240 - Cannot read IP mode file for STMicroelectronics.X-CUBE-AZRTOS-L5.2.0.0
2026-03-11 15:43:29,537 [WARN] PackLoader:240 - Cannot read IP mode file for STMicroelectronics.X-CUBE-NFC6.3.1.0
2026-03-11 15:43:29,541 [WARN] PackLoader:240 - Cannot read IP mode file for STMicroelectronics.X-CUBE-FREERTOS.1.3.1
2026-03-11 15:43:29,544 [WARN] PackLoader:240 - Cannot read IP mode file for STMicroelectronics.X-CUBE-TOUCHGFX.4.26.0
2026-03-11 15:43:29,546 [WARN] PackLoader:240 - Cannot read IP mode file for STMicroelectronics.X-CUBE-TOUCHGFX.4.26.1
2026-03-11 15:43:29,548 [WARN] PackLoader:240 - Cannot read IP mode file for STMicroelectronics.X-CUBE-DPower.1.3.0
2026-03-11 15:43:29,558 [WARN] ConditionMgr:438 - getConditionDescription Invalid condition id : LAN8742 Phy interface Condition cause : null
2026-03-11 15:43:29,559 [WARN] PackLoader:240 - Cannot read IP mode file for STMicroelectronics.X-CUBE-AZRTOS-L4.2.0.0
2026-03-11 15:43:29,560 [WARN] ConditionMgr:1044 - genDependencies : Invalid condition id : LAN8742 Phy interface Condition cause : null
2026-03-11 15:43:29,560 [WARN] ConditionMgr:1044 - genDependencies : Invalid condition id : LAN8742 Phy interface Condition cause : null
2026-03-11 15:43:29,560 [WARN] ConditionMgr:1044 - genDependencies : Invalid condition id : LAN8742 Phy interface Condition cause : null
2026-03-11 15:43:29,565 [WARN] PackLoader:240 - Cannot read IP mode file for STMicroelectronics.X-CUBE-SFXS2LP1.4.0.0
2026-03-11 15:43:29,569 [WARN] PackLoader:240 - Cannot read IP mode file for STMicroelectronics.X-CUBE-ST67W61.1.2.0
2026-03-11 15:43:29,576 [WARN] PackLoader:240 - Cannot read IP mode file for STMicroelectronics.X-CUBE-BLEMGR.4.1.0
2026-03-11 15:43:29,585 [WARN] ConditionMgr:438 - getConditionDescription Invalid condition id : UX DEVICE CLASS RTOS Condition cause : null
2026-03-11 15:43:29,585 [WARN] ConditionMgr:438 - getConditionDescription Invalid condition id : UX DEVICE CLASS RTOS Condition cause : null
2026-03-11 15:43:29,586 [WARN] PackLoader:240 - Cannot read IP mode file for STMicroelectronics.X-CUBE-AZRTOS-WB.2.0.0
2026-03-11 15:43:29,586 [WARN] ConditionMgr:1044 - genDependencies : Invalid condition id : UX DEVICE CLASS RTOS Condition cause : null
2026-03-11 15:43:29,587 [WARN] ConditionMgr:1044 - genDependencies : Invalid condition id : UX DEVICE CLASS RTOS Condition cause : null
2026-03-11 15:43:29,587 [WARN] ConditionMgr:1044 - genDependencies : Invalid condition id : UX DEVICE CLASS RTOS Condition cause : null
2026-03-11 15:43:29,587 [WARN] ConditionMgr:1044 - genDependencies : Invalid condition id : UX DEVICE CLASS RTOS Condition cause : null
2026-03-11 15:43:29,587 [WARN] ConditionMgr:1044 - genDependencies : Invalid condition id : UX DEVICE CLASS RTOS Condition cause : null
2026-03-11 15:43:29,591 [WARN] PackLoader:240 - Cannot read IP mode file for STMicroelectronics.X-CUBE-GNSS1.7.0.1
2026-03-11 15:43:29,593 [WARN] ConditionMgr:438 - getConditionDescription Invalid condition id : Cortex-A Device cause : null
2026-03-11 15:43:29,598 [WARN] ConditionMgr:1044 - genDependencies : Invalid condition id : Cortex-A Device cause : null
2026-03-11 15:43:29,598 [WARN] ConditionMgr:1044 - genDependencies : Invalid condition id : Cortex-A Device cause : null
2026-03-11 15:43:29,598 [WARN] ConditionMgr:1044 - genDependencies : Invalid condition id : Cortex-A Device cause : null
2026-03-11 15:43:29,602 [WARN] PackLoader:240 - Cannot read IP mode file for STMicroelectronics.X-CUBE-STSE01.2.0.0
2026-03-11 15:43:29,609 [WARN] PackLoader:240 - Cannot read IP mode file for STMicroelectronics.X-CUBE-SUBG2.5.0.0
2026-03-11 15:43:29,622 [WARN] PackLoader:240 - Cannot read IP mode file for STMicroelectronics.X-CUBE-AZRTOS-H7RS.1.1.0
2026-03-11 15:43:29,632 [WARN] PackLoader:240 - Cannot read IP mode file for STMicroelectronics.X-CUBE-AZRTOS-G4.2.0.0
2026-03-11 15:43:29,635 [WARN] PackLoader:240 - Cannot read IP mode file for wolfSSL.I-CUBE-wolfSSH.1.4.20
2026-03-11 15:43:29,637 [WARN] PackLoader:240 - Cannot read IP mode file for STMicroelectronics.X-CUBE-NFC7.2.0.0
2026-03-11 15:43:29,640 [WARN] PackLoader:240 - Cannot read IP mode file for STMicroelectronics.X-CUBE-ALS.1.0.2
2026-03-11 15:43:29,644 [WARN] PackLoader:240 - Cannot read IP mode file for STMicroelectronics.X-CUBE-STSE01.1.0.0
2026-03-11 15:43:29,651 [WARN] PackLoader:240 - Cannot read IP mode file for STMicroelectronics.X-CUBE-TOF1.3.4.3
2026-03-11 15:43:29,658 [INFO] ThirdParty:978 - Integrity check success = true
2026-03-11 15:43:29,658 [INFO] IntegrityCheckThread:100 - exiting critical section [integrity check]
2026-03-11 15:43:29,658 [INFO] IntegrityCheckThread:103 - End integrity checks thread
2026-03-11 15:44:59,889 [INFO] WebApp:194 - Connection lost
2026-03-11 15:45:00,083 [INFO] WebApp:191 - Connection restablished
2026-03-11 15:45:51,349 [ERROR] LogOutputStream:75 - [STDERR_REDIRECT] 
2026-03-11 15:54:13,124 [INFO] Activator:176 - 


2026-03-11 15:54:13,125 [INFO] Activator:177 - !SESSION log4j initialized
2026-03-11 15:54:16,348 [INFO] LogOutputStream:77 - [STDOUT_REDIRECT] 
2026-03-11 15:54:16,938 [INFO] ApplicationProperties:184 - Using Application install path: /opt/st/stm32cubeide_1.19.0/plugins/com.st.stm32cube.common.mx_6.15.0.202507011659
2026-03-11 15:54:16,952 [INFO] DbMcusXml:78 - Set database path to: /opt/st/stm32cubeide_1.19.0/plugins/com.st.stm32cube.common.mx_6.15.0.202507011659//db//mcu/
2026-03-11 15:54:16,952 [INFO] ApiDb:274 - Set plugin database path to: /opt/st/stm32cubeide_1.19.0/plugins/com.st.stm32cube.common.mx_6.15.0.202507011659//db//plugins/boardmanager/
2026-03-11 15:54:16,952 [WARN] ApiDb:259 - Overriding images path with different value:  => /opt/st/stm32cubeide_1.19.0/plugins/com.st.stm32cube.common.mx_6.15.0.202507011659//db//plugins/mcufinder/images/
2026-03-11 15:54:16,955 [INFO] ApiDb:250 - Set database path to: /home/kamil/.stmcufinder/plugins/mcufinder//mcu/
2026-03-11 15:54:16,956 [INFO] DbMcusAds:125 - Set database path to: /home/kamil/.stmcufinder/plugins/mcufinder//mcu/
2026-03-11 15:54:16,957 [INFO] CrossReferenceDbSqlite:203 - Set database path to: /home/kamil/.stmcufinder/plugins/mcufinder//mcu/cs/
2026-03-11 15:54:17,047 [INFO] RulesReader:64 - Compatibility file has been processed (317 Rules)
2026-03-11 15:54:17,099 [INFO] DbMcusXml:78 - Set database path to: /opt/st/stm32cubeide_1.19.0/plugins/com.st.stm32cube.common.mx_6.15.0.202507011659//db//mcu/
2026-03-11 15:54:17,099 [INFO] ApiDb:274 - Set plugin database path to: /opt/st/stm32cubeide_1.19.0/plugins/com.st.stm32cube.common.mx_6.15.0.202507011659//db//plugins/boardmanager/
2026-03-11 15:54:17,099 [INFO] ApiDb:261 - Set plugin images path to: /opt/st/stm32cubeide_1.19.0/plugins/com.st.stm32cube.common.mx_6.15.0.202507011659//db//plugins/mcufinder/images/
2026-03-11 15:54:17,100 [WARN] DbFile:41 - Overriding database path with different value: /home/kamil/.stmcufinder/plugins/mcufinder/ => /home/kamil/.stmcufinder/plugins/mcufinder
2026-03-11 15:54:17,100 [INFO] ApiDb:250 - Set database path to: /home/kamil/.stmcufinder/plugins/mcufinder//mcu/
2026-03-11 15:54:17,100 [WARN] DbFile:41 - Overriding database path with different value: /home/kamil/.stmcufinder/plugins/mcufinder/ => /home/kamil/.stmcufinder/plugins/mcufinder
2026-03-11 15:54:17,100 [INFO] DbMcusAds:125 - Set database path to: /home/kamil/.stmcufinder/plugins/mcufinder//mcu/
2026-03-11 15:54:17,100 [WARN] DbFile:41 - Overriding database path with different value: /home/kamil/.stmcufinder/plugins/mcufinder/ => /home/kamil/.stmcufinder/plugins/mcufinder
2026-03-11 15:54:17,100 [WARN] DbFile:41 - Overriding database path with different value: /home/kamil/.stmcufinder/plugins/mcufinder/ => /home/kamil/.stmcufinder/plugins/mcufinder
2026-03-11 15:54:17,100 [INFO] CrossReferenceDbSqlite:203 - Set database path to: /home/kamil/.stmcufinder/plugins/mcufinder//mcu/cs/
2026-03-11 15:54:17,148 [INFO] MainPanel:274 - HeapMemory: 268435456
2026-03-11 15:54:17,238 [INFO] DbMcusXml:78 - Set database path to: /opt/st/stm32cubeide_1.19.0/plugins/com.st.stm32cube.common.mx_6.15.0.202507011659//db//mcu/
2026-03-11 15:54:17,238 [INFO] ApiDb:274 - Set plugin database path to: /opt/st/stm32cubeide_1.19.0/plugins/com.st.stm32cube.common.mx_6.15.0.202507011659//db//plugins/boardmanager/
2026-03-11 15:54:17,238 [INFO] ApiDb:261 - Set plugin images path to: /opt/st/stm32cubeide_1.19.0/plugins/com.st.stm32cube.common.mx_6.15.0.202507011659//db//plugins/mcufinder/images/
2026-03-11 15:54:17,238 [WARN] DbFile:41 - Overriding database path with different value: /home/kamil/.stmcufinder/plugins/mcufinder/ => /home/kamil/.stmcufinder/plugins/mcufinder
2026-03-11 15:54:17,238 [INFO] ApiDb:250 - Set database path to: /home/kamil/.stmcufinder/plugins/mcufinder//mcu/
2026-03-11 15:54:17,238 [WARN] DbFile:41 - Overriding database path with different value: /home/kamil/.stmcufinder/plugins/mcufinder/ => /home/kamil/.stmcufinder/plugins/mcufinder
2026-03-11 15:54:17,238 [INFO] DbMcusAds:125 - Set database path to: /home/kamil/.stmcufinder/plugins/mcufinder//mcu/
2026-03-11 15:54:17,238 [WARN] DbFile:41 - Overriding database path with different value: /home/kamil/.stmcufinder/plugins/mcufinder/ => /home/kamil/.stmcufinder/plugins/mcufinder
2026-03-11 15:54:17,238 [WARN] DbFile:41 - Overriding database path with different value: /home/kamil/.stmcufinder/plugins/mcufinder/ => /home/kamil/.stmcufinder/plugins/mcufinder
2026-03-11 15:54:17,239 [INFO] CrossReferenceDbSqlite:203 - Set database path to: /home/kamil/.stmcufinder/plugins/mcufinder//mcu/cs/
2026-03-11 15:54:17,253 [INFO] ApplicationProperties:184 - Using Application install path: /opt/st/stm32cubeide_1.19.0/plugins/com.st.stm32cube.common.mx_6.15.0.202507011659
2026-03-11 15:54:17,255 [INFO] PluginManage:196 - Search for loadable plugins [exclusion list=, ]
2026-03-11 15:54:17,257 [INFO] PluginManage:310 - Check plugin analytics
2026-03-11 15:54:17,371 [INFO] AnalyticsPlugin:253 - Accepted Software Licenses: 
2026-03-11 15:54:17,371 [INFO] AnalyticsPlugin:255 - Accepted CMSIS Pack Licenses: 
2026-03-11 15:54:17,371 [INFO] AnalyticsPlugin:257 - Accepted Firmware Licenses: FW.F4.1.28.0
2026-03-11 15:54:17,373 [INFO] PluginManage:359 - Loaded plugin analytics (category:tool,tabindex:-1)
2026-03-11 15:54:17,373 [INFO] PluginManage:310 - Check plugin cadmodel
2026-03-11 15:54:17,376 [INFO] CADModel:105 - Init CAD model plugin
2026-03-11 15:54:17,376 [INFO] PluginManage:359 - Loaded plugin cadmodel (category:power,tabindex:5)
2026-03-11 15:54:17,376 [INFO] PluginManage:310 - Check plugin clock
2026-03-11 15:54:17,382 [INFO] PluginManage:359 - Loaded plugin clock (category:base,tabindex:2)
2026-03-11 15:54:17,382 [INFO] PluginManage:310 - Check plugin ddr
2026-03-11 15:54:17,383 [INFO] PluginManage:359 - Loaded plugin ddr (category:tool,tabindex:6)
2026-03-11 15:54:17,383 [INFO] PluginManage:310 - Check plugin filemanager
2026-03-11 15:54:17,486 [INFO] PluginManage:359 - Loaded plugin filemanager (category:base,tabindex:10)
2026-03-11 15:54:17,486 [INFO] PluginManage:310 - Check plugin ipmanager
2026-03-11 15:54:17,490 [INFO] PluginManage:359 - Loaded plugin ipmanager (category:base,tabindex:5)
2026-03-11 15:54:17,490 [INFO] PluginManage:310 - Check plugin lpbam
2026-03-11 15:54:17,496 [INFO] PluginManage:359 - Loaded plugin lpbam (category:base,tabindex:0)
2026-03-11 15:54:17,497 [INFO] PluginManage:310 - Check plugin memorymap
2026-03-11 15:54:17,506 [INFO] PluginManage:359 - Loaded plugin memorymap (category:base,tabindex:4)
2026-03-11 15:54:17,506 [INFO] PluginManage:310 - Check plugin pinoutandconfiguration
2026-03-11 15:54:17,513 [INFO] PluginManage:359 - Loaded plugin pinoutandconfiguration (category:base,tabindex:1)
2026-03-11 15:54:17,513 [INFO] PluginManage:310 - Check plugin pinoutconfig
2026-03-11 15:54:17,583 [WARN] SupportedApi:132 - Cannot load RTOS API schema: s4s-elt-must-match.1: The content of 'definitions' must match (annotation?, (simpleType | complexType)?, (unique | key | keyref)*)). A problem was found starting at: attribute.
2026-03-11 15:54:17,677 [INFO] PluginManage:359 - Loaded plugin pinoutconfig (category:base,tabindex:0)
2026-03-11 15:54:17,678 [INFO] PluginManage:310 - Check plugin power
2026-03-11 15:54:17,683 [INFO] PluginManage:359 - Loaded plugin power (category:power,tabindex:4)
2026-03-11 15:54:17,683 [INFO] PluginManage:310 - Check plugin projectmanager
2026-03-11 15:54:17,695 [INFO] PluginManage:359 - Loaded plugin projectmanager (category:projectmanager,tabindex:4)
2026-03-11 15:54:17,695 [INFO] PluginManage:310 - Check plugin rif
2026-03-11 15:54:17,702 [INFO] PluginManage:359 - Loaded plugin rif (category:base,tabindex:3)
2026-03-11 15:54:17,702 [INFO] PluginManage:310 - Check plugin thirdparty
2026-03-11 15:54:17,794 [INFO] PluginManage:359 - Loaded plugin thirdparty (category:base,tabindex:-1)
2026-03-11 15:54:17,794 [WARN] IntegrityCheckThread:84 - waiting for thirdparty lock release [integrity check]
2026-03-11 15:54:17,794 [INFO] PluginManage:310 - Check plugin tools
2026-03-11 15:54:17,794 [INFO] IntegrityCheckThread:86 - entering critical section [integrity check]
2026-03-11 15:54:17,795 [INFO] ThirdPartyUpdaterWithRetryManager:70 - Updater plugin not ready yet. [1/15]
2026-03-11 15:54:17,796 [INFO] PluginManage:359 - Loaded plugin tools (category:base,tabindex:7)
2026-03-11 15:54:17,796 [INFO] PluginManage:310 - Check plugin tutovideos
2026-03-11 15:54:17,928 [INFO] PluginManage:359 - Loaded plugin tutovideos (category:base,tabindex:-1)
2026-03-11 15:54:17,929 [INFO] PluginManage:310 - Check plugin updater
2026-03-11 15:54:17,944 [INFO] PluginManage:359 - Loaded plugin updater (category:base,tabindex:12)
2026-03-11 15:54:17,945 [INFO] PluginManage:310 - Check plugin userauth
2026-03-11 15:54:17,947 [INFO] UserAuth:118 - Init User Auth plugin
2026-03-11 15:54:17,948 [INFO] PluginManage:359 - Loaded plugin userauth (category:base,tabindex:14)
2026-03-11 15:54:17,948 [INFO] PluginManage:283 - PluginManage : Loaded plugins [18]
2026-03-11 15:54:18,079 [INFO] PinOutPanel:1589 - setPackage(No Configuration,No Configuration)
2026-03-11 15:54:18,133 [INFO] CADModel:165 - CPN selected for project level
2026-03-11 15:54:18,133 [INFO] CADModel:114 - Register for checkConnection events
2026-03-11 15:54:18,142 [INFO] IPUIPlugin:80 - create IPUIPlugin
2026-03-11 15:54:18,142 [INFO] PluginManager:220 - loadIPPluginJar : add tracer_emb
2026-03-11 15:54:18,144 [INFO] IPUIPlugin:80 - create IPUIPlugin
2026-03-11 15:54:18,144 [INFO] PluginManager:220 - loadIPPluginJar : add radio
2026-03-11 15:54:18,148 [INFO] IPUIPlugin:80 - create IPUIPlugin
2026-03-11 15:54:18,149 [INFO] PluginManager:220 - loadIPPluginJar : add ddr_ctrl_phy
2026-03-11 15:54:18,154 [INFO] IPUIPlugin:80 - create IPUIPlugin
2026-03-11 15:54:18,155 [INFO] PluginManager:220 - loadIPPluginJar : add mdma
2026-03-11 15:54:18,158 [INFO] IPUIPlugin:80 - create IPUIPlugin
2026-03-11 15:54:18,158 [INFO] PluginManager:220 - loadIPPluginJar : add touchsensing
2026-03-11 15:54:18,160 [INFO] IPUIPlugin:80 - create IPUIPlugin
2026-03-11 15:54:18,160 [INFO] PluginManager:220 - loadIPPluginJar : add ucpd
2026-03-11 15:54:18,166 [INFO] IPUIPlugin:80 - create IPUIPlugin
2026-03-11 15:54:18,168 [INFO] PluginManager:220 - loadIPPluginJar : add plateformsettings
2026-03-11 15:54:18,172 [INFO] IPUIPlugin:80 - create IPUIPlugin
2026-03-11 15:54:18,172 [INFO] PluginManager:220 - loadIPPluginJar : add ipddr
2026-03-11 15:54:18,177 [INFO] IPUIPlugin:80 - create IPUIPlugin
2026-03-11 15:54:18,177 [INFO] PluginManager:220 - loadIPPluginJar : add resmgrutility
2026-03-11 15:54:18,179 [INFO] IPUIPlugin:80 - create IPUIPlugin
2026-03-11 15:54:18,179 [INFO] PluginManager:220 - loadIPPluginJar : add ts
2026-03-11 15:54:18,181 [INFO] IPUIPlugin:80 - create IPUIPlugin
2026-03-11 15:54:18,181 [INFO] PluginManager:220 - loadIPPluginJar : add dma3
2026-03-11 15:54:18,183 [INFO] IPUIPlugin:80 - create IPUIPlugin
2026-03-11 15:54:18,183 [INFO] PluginManager:220 - loadIPPluginJar : add openamp
2026-03-11 15:54:18,186 [INFO] IPUIPlugin:80 - create IPUIPlugin
2026-03-11 15:54:18,186 [INFO] PluginManager:220 - loadIPPluginJar : add opamp
2026-03-11 15:54:18,189 [INFO] IPUIPlugin:80 - create IPUIPlugin
2026-03-11 15:54:18,189 [INFO] PluginManager:220 - loadIPPluginJar : add pdm2pcm
2026-03-11 15:54:18,191 [INFO] IPUIPlugin:80 - create IPUIPlugin
2026-03-11 15:54:18,191 [INFO] PluginManager:220 - loadIPPluginJar : add gfxmmu
2026-03-11 15:54:18,193 [INFO] IPUIPlugin:80 - create IPUIPlugin
2026-03-11 15:54:18,193 [INFO] PluginManager:220 - loadIPPluginJar : add aes
2026-03-11 15:54:18,196 [INFO] IPUIPlugin:80 - create IPUIPlugin
2026-03-11 15:54:18,196 [INFO] PluginManager:220 - loadIPPluginJar : add gtzc
2026-03-11 15:54:18,199 [INFO] IPUIPlugin:80 - create IPUIPlugin
2026-03-11 15:54:18,199 [INFO] PluginManager:220 - loadIPPluginJar : add sai
2026-03-11 15:54:18,200 [INFO] IPUIPlugin:80 - create IPUIPlugin
2026-03-11 15:54:18,201 [INFO] PluginManager:220 - loadIPPluginJar : add tsc
2026-03-11 15:54:18,203 [INFO] IPUIPlugin:80 - create IPUIPlugin
2026-03-11 15:54:18,203 [INFO] PluginManager:220 - loadIPPluginJar : add usbx
2026-03-11 15:54:18,206 [INFO] IPUIPlugin:80 - create IPUIPlugin
2026-03-11 15:54:18,206 [INFO] PluginManager:220 - loadIPPluginJar : add can
2026-03-11 15:54:18,208 [INFO] IPUIPlugin:80 - create IPUIPlugin
2026-03-11 15:54:18,208 [INFO] PluginManager:220 - loadIPPluginJar : add i2c
2026-03-11 15:54:18,210 [INFO] IPUIPlugin:80 - create IPUIPlugin
2026-03-11 15:54:18,211 [INFO] PluginManager:220 - loadIPPluginJar : add lorawan
2026-03-11 15:54:18,212 [INFO] IPUIPlugin:80 - create IPUIPlugin
2026-03-11 15:54:18,212 [INFO] PluginManager:220 - loadIPPluginJar : add spi
2026-03-11 15:54:18,220 [INFO] IPUIPlugin:80 - create IPUIPlugin
2026-03-11 15:54:18,220 [INFO] PluginManager:220 - loadIPPluginJar : add linkedlist
2026-03-11 15:54:18,224 [INFO] IPUIPlugin:80 - create IPUIPlugin
2026-03-11 15:54:18,225 [INFO] PluginManager:220 - loadIPPluginJar : add fmc
2026-03-11 15:54:18,227 [INFO] IPUIPlugin:80 - create IPUIPlugin
2026-03-11 15:54:18,227 [INFO] PluginManager:220 - loadIPPluginJar : add i3c
2026-03-11 15:54:18,228 [INFO] IPUIPlugin:80 - create IPUIPlugin
2026-03-11 15:54:18,228 [INFO] PluginManager:220 - loadIPPluginJar : add ltdc
2026-03-11 15:54:18,234 [INFO] IPUIPlugin:80 - create IPUIPlugin
2026-03-11 15:54:18,234 [INFO] PluginManager:220 - loadIPPluginJar : add dma
2026-03-11 15:54:18,239 [INFO] IPUIPlugin:80 - create IPUIPlugin
2026-03-11 15:54:18,239 [INFO] PluginManager:220 - loadIPPluginJar : add freertos
2026-03-11 15:54:18,241 [INFO] IPUIPlugin:80 - create IPUIPlugin
2026-03-11 15:54:18,242 [INFO] PluginManager:220 - loadIPPluginJar : add hash
2026-03-11 15:54:18,247 [INFO] IPUIPlugin:80 - create IPUIPlugin
2026-03-11 15:54:18,247 [INFO] PluginManager:220 - loadIPPluginJar : add adc
2026-03-11 15:54:18,250 [INFO] IPUIPlugin:80 - create IPUIPlugin
2026-03-11 15:54:18,250 [INFO] PluginManager:220 - loadIPPluginJar : add usart
2026-03-11 15:54:18,256 [INFO] IPUIPlugin:80 - create IPUIPlugin
2026-03-11 15:54:18,256 [INFO] PluginManager:220 - loadIPPluginJar : add stm32_wpan
2026-03-11 15:54:18,257 [INFO] IPUIPlugin:80 - create IPUIPlugin
2026-03-11 15:54:18,258 [INFO] PluginManager:220 - loadIPPluginJar : add genericplugin
2026-03-11 15:54:18,261 [INFO] IPUIPlugin:80 - create IPUIPlugin
2026-03-11 15:54:18,261 [INFO] PluginManager:220 - loadIPPluginJar : add gpio
2026-03-11 15:54:18,265 [INFO] IPUIPlugin:80 - create IPUIPlugin
2026-03-11 15:54:18,265 [INFO] PluginManager:220 - loadIPPluginJar : add nvic
2026-03-11 15:54:18,267 [INFO] IPUIPlugin:80 - create IPUIPlugin
2026-03-11 15:54:18,267 [INFO] PluginManager:220 - loadIPPluginJar : add dfsdm
2026-03-11 15:54:18,268 [INFO] IPUIPlugin:80 - create IPUIPlugin
2026-03-11 15:54:18,268 [INFO] PluginManager:220 - loadIPPluginJar : add fatfs
2026-03-11 15:54:18,269 [INFO] IPUIPlugin:80 - create IPUIPlugin
2026-03-11 15:54:18,270 [INFO] PluginManager:220 - loadIPPluginJar : add comp
2026-03-11 15:54:18,272 [INFO] IPUIPlugin:80 - create IPUIPlugin
2026-03-11 15:54:18,272 [INFO] PluginManager:220 - loadIPPluginJar : add i2s
2026-03-11 15:54:18,274 [INFO] IPUIPlugin:80 - create IPUIPlugin
2026-03-11 15:54:18,274 [INFO] PluginManager:220 - loadIPPluginJar : add cryp
2026-03-11 15:54:18,275 [INFO] IPUIPlugin:80 - create IPUIPlugin
2026-03-11 15:54:18,275 [INFO] PluginManager:220 - loadIPPluginJar : add quadspi
2026-03-11 15:54:18,279 [INFO] IPUIPlugin:80 - create IPUIPlugin
2026-03-11 15:54:18,279 [INFO] PluginManager:220 - loadIPPluginJar : add gic
2026-03-11 15:54:18,280 [INFO] IPUIPlugin:80 - create IPUIPlugin
2026-03-11 15:54:18,280 [INFO] PluginManager:220 - loadIPPluginJar : add tim
2026-03-11 15:54:18,282 [INFO] IPUIPlugin:80 - create IPUIPlugin
2026-03-11 15:54:18,282 [INFO] PluginManager:220 - loadIPPluginJar : add extmemmanager
2026-03-11 15:54:18,390 [FATAL] Updater:351 - Updater called before beeing initialized
2026-03-11 15:54:18,408 [INFO] RulesReader:64 - Compatibility file has been processed (317 Rules)
2026-03-11 15:54:18,416 [INFO] RulesReader:64 - Compatibility file has been processed (317 Rules)
2026-03-11 15:54:18,421 [INFO] CADModel:165 - CPN selected for project level
2026-03-11 15:54:18,422 [INFO] CADModel:114 - Register for checkConnection events
2026-03-11 15:54:18,422 [FATAL] Updater:351 - Updater called before beeing initialized
2026-03-11 15:54:18,422 [ERROR] CADModel:125 - Updater not yet initialized, retry later 
2026-03-11 15:54:18,520 [FATAL] Updater:351 - Updater called before beeing initialized
2026-03-11 15:54:18,522 [INFO] CADModel:165 - CPN selected for project level
2026-03-11 15:54:18,522 [INFO] CADModel:114 - Register for checkConnection events
2026-03-11 15:54:18,522 [FATAL] Updater:351 - Updater called before beeing initialized
2026-03-11 15:54:18,522 [ERROR] CADModel:125 - Updater not yet initialized, retry later 
2026-03-11 15:54:18,525 [FATAL] Updater:351 - Updater called before beeing initialized
2026-03-11 15:54:18,607 [FATAL] Updater:351 - Updater called before beeing initialized
2026-03-11 15:54:18,610 [INFO] DbMcusAds:53 - JSON generation date=Wed Feb 18 15:32:49 CET 2026 (1771425169371)
2026-03-11 15:54:18,611 [FATAL] Updater:351 - Updater called before beeing initialized
2026-03-11 15:54:18,633 [WARN] DetailPanel:346 - Failed to get advertising image, set to default
2026-03-11 15:54:18,687 [FATAL] Updater:351 - Updater called before beeing initialized
2026-03-11 15:54:18,688 [FATAL] Updater:351 - Updater called before beeing initialized
2026-03-11 15:54:18,688 [FATAL] Updater:351 - Updater called before beeing initialized
2026-03-11 15:54:18,688 [WARN] DetailPanel:346 - Failed to get advertising image, set to default
2026-03-11 15:54:18,689 [FATAL] Updater:351 - Updater called before beeing initialized
2026-03-11 15:54:18,709 [ERROR] Updater:1198 - MainUpdater not yet initialized. External WinMGr cannot be set.
2026-03-11 15:54:18,710 [INFO] Updater:1134 - Updater Version found : 6.15.0
2026-03-11 15:54:18,720 [INFO] ApplicationProperties:184 - Using Application install path: /opt/st/stm32cubeide_1.19.0/plugins/com.st.stm32cube.common.mx_6.15.0.202507011659
2026-03-11 15:54:18,959 [INFO] MainUpdater:2872 - connection check result : 10
2026-03-11 15:54:18,960 [INFO] MainUpdater:289 - Updater Check For Update Now.
2026-03-11 15:54:18,960 [INFO] MicroXplorer:498 - Change Database Version : DB.6.0.150
2026-03-11 15:54:18,963 [INFO] McuFinderGlobals:63 - Set McuFinder mode to 2 (CubeIDE integrated)
2026-03-11 15:54:18,964 [INFO] UserAuth:487 - Internet connection configuration mode: 1
2026-03-11 15:54:18,975 [INFO] JxBrowserEngine:152 - Initiate JxBrowser Engine with user profile folder
2026-03-11 15:54:19,128 [INFO] CheckServerUpdateThread:120 - End of CheckServer Thread
2026-03-11 15:54:19,459 [INFO] WebApp:169 - Instantiating new browser for Auth
2026-03-11 15:54:19,918 [INFO] McuFinderGlobals:63 - Set McuFinder mode to 2 (CubeIDE integrated)
2026-03-11 15:54:19,922 [INFO] MainUpdater:2872 - connection check result : 10
2026-03-11 15:54:19,922 [INFO] MainUpdater:2872 - connection check result : 10
2026-03-11 15:54:19,937 [INFO] WebApp:463 - Apply proxy settings
2026-03-11 15:54:19,937 [INFO] WebApp:548 - Chromium requires no authentication
2026-03-11 15:54:19,943 [INFO] WebApp:491 - Direct internet connection detected
2026-03-11 15:54:19,946 [INFO] MicroXplorer:468 - Change Database Path : 
2026-03-11 15:54:19,947 [INFO] MicroXplorer:498 - Change Database Version : DB.6.0.150
2026-03-11 15:54:19,952 [WARN] ThirdParty:871 - waiting for thirdparty lock release [close project]
2026-03-11 15:54:19,958 [INFO] WebApp:900 - Register for checkConnection events
2026-03-11 15:54:19,958 [INFO] WebApp:463 - Apply proxy settings
2026-03-11 15:54:19,958 [INFO] WebApp:548 - Chromium requires no authentication
2026-03-11 15:54:19,959 [INFO] WebApp:491 - Direct internet connection detected
2026-03-11 15:54:20,071 [INFO] WebApp:225 - Starting web application
2026-03-11 15:54:20,071 [INFO] WebApp:593 - Web application path used /opt/st/stm32cubeide_1.19.0/plugins/com.st.stm32cube.common.mx_6.15.0.202507011659/db/plugins/mcufinder/reactClient1/index.html
2026-03-11 15:54:20,144 [INFO] UserAuth:487 - Internet connection configuration mode: 1
2026-03-11 15:54:20,254 [INFO] WebApp:191 - Connection restablished
2026-03-11 15:54:20,894 [WARN] PackLoader:240 - Cannot read IP mode file for STMicroelectronics.X-CUBE-AZRTOS-H7.3.5.0
2026-03-11 15:54:20,903 [WARN] PackLoader:240 - Cannot read IP mode file for STMicroelectronics.FP-SNS-MOTENVWB1.1.4.0
2026-03-11 15:54:20,907 [WARN] PackLoader:240 - Cannot read IP mode file for STMicroelectronics.FP-ATR-ASTRA1.2.0.2
2026-03-11 15:54:20,912 [WARN] PackLoader:240 - Cannot read IP mode file for STMicroelectronics.X-CUBE-SMBUS.2.1.0
2026-03-11 15:54:20,915 [WARN] PackLoader:240 - Cannot read IP mode file for STMicroelectronics.X-CUBE-ST60.1.0.0
2026-03-11 15:54:20,929 [WARN] PackLoader:240 - Cannot read IP mode file for STMicroelectronics.X-CUBE-AZRTOS-F7.1.1.0
2026-03-11 15:54:20,934 [WARN] PackLoader:240 - Cannot read IP mode file for Cesanta.I-CUBE-Mongoose.7.19.0
2026-03-11 15:54:20,938 [WARN] PackLoader:240 - Cannot read IP mode file for STMicroelectronics.FP-SNS-MOTENV1.5.1.0
2026-03-11 15:54:20,945 [WARN] PackLoader:240 - Cannot read IP mode file for WES.I-CUBE-Cesium.1.4.0
2026-03-11 15:54:20,969 [WARN] PackLoader:240 - Cannot read IP mode file for Infineon.AIROC-Wi-Fi-Bluetooth-STM32.1.7.1
2026-03-11 15:54:20,988 [WARN] PackLoader:240 - Cannot read IP mode file for STMicroelectronics.X-CUBE-AZRTOS-H7.3.4.0
2026-03-11 15:54:20,995 [WARN] PackLoader:240 - Cannot read IP mode file for STMicroelectronics.X-CUBE-DISPLAY.3.0.0
2026-03-11 15:54:21,000 [WARN] PackLoader:240 - Cannot read IP mode file for STMicroelectronics.FP-SNS-MOTENVWB1.1.5.0
2026-03-11 15:54:21,004 [WARN] PackLoader:240 - Cannot read IP mode file for STMicroelectronics.X-CUBE-NFC10.1.0.0
2026-03-11 15:54:21,008 [WARN] PackLoader:240 - Cannot read IP mode file for STMicroelectronics.X-CUBE-ST60.1.1.0
2026-03-11 15:54:21,012 [WARN] PackLoader:240 - Cannot read IP mode file for emotas.I-CUBE-CANOPEN.1.3.0
2026-03-11 15:54:21,015 [WARN] PackLoader:240 - Cannot read IP mode file for STMicroelectronics.X-CUBE-GNSS1.7.1.0
2026-03-11 15:54:21,018 [WARN] PackLoader:240 - Cannot read IP mode file for STMicroelectronics.FP-SNS-SMARTAG2.1.2.0
2026-03-11 15:54:21,021 [WARN] PackLoader:240 - Cannot read IP mode file for STMicroelectronics.FP-SNS-FLIGHT1.5.1.0
2026-03-11 15:54:21,026 [INFO] LogOutputStream:77 - [STDOUT_REDIRECT] 1 : Invalid condition id : UX_CORESTACK_Condition cause : null
2026-03-11 15:54:21,026 [INFO] LogOutputStream:77 - [STDOUT_REDIRECT] 1 : Invalid condition id : UX_CORESTACK_Condition cause : null
2026-03-11 15:54:21,026 [INFO] LogOutputStream:77 - [STDOUT_REDIRECT] 1 : Invalid condition id : UX_CORESTACK_Condition cause : null
2026-03-11 15:54:21,027 [INFO] LogOutputStream:77 - [STDOUT_REDIRECT] 1 : Invalid condition id : UX_CORESTACK_Condition cause : null
2026-03-11 15:54:21,027 [INFO] LogOutputStream:77 - [STDOUT_REDIRECT] 1 : Invalid condition id : UX_CORESTACK_Condition cause : null
2026-03-11 15:54:21,029 [WARN] PackLoader:240 - Cannot read IP mode file for STMicroelectronics.X-CUBE-AZRTOS-WL.2.0.0
2026-03-11 15:54:21,032 [WARN] PackLoader:240 - Cannot read IP mode file for STMicroelectronics.FP-SNS-MOTENV1.5.0.0
2026-03-11 15:54:21,044 [WARN] PackLoader:240 - Cannot read IP mode file for STMicroelectronics.X-CUBE-AZRTOS-H7RS.1.2.0
2026-03-11 15:54:21,050 [WARN] PackLoader:240 - Cannot read IP mode file for STMicroelectronics.X-CUBE-BLE2.3.3.0
2026-03-11 15:54:21,062 [WARN] PackLoader:240 - Cannot read IP mode file for STMicroelectronics.X-CUBE-NFC9.1.0.0
2026-03-11 15:54:21,065 [WARN] PackLoader:240 - Cannot read IP mode file for wolfSSL.I-CUBE-wolfSSL.5.8.2
2026-03-11 15:54:21,068 [WARN] PackLoader:240 - Cannot read IP mode file for STMicroelectronics.X-CUBE-BLE1.7.1.0
2026-03-11 15:54:21,070 [WARN] PackLoader:240 - Cannot read IP mode file for wolfSSL.I-CUBE-wolfMQTT.1.19.2
2026-03-11 15:54:21,073 [WARN] PackLoader:240 - Cannot read IP mode file for STMicroelectronics.X-CUBE-FREERTOS.1.4.0
2026-03-11 15:54:21,077 [WARN] PackLoader:240 - Cannot read IP mode file for STMicroelectronics.X-CUBE-EEPRMA1.5.2.0
2026-03-11 15:54:21,082 [WARN] PackLoader:240 - Cannot read IP mode file for STMicroelectronics.X-CUBE-ST67W61.1.1.0
2026-03-11 15:54:21,121 [WARN] PackLoader:240 - Cannot read IP mode file for STMicroelectronics.X-CUBE-MEMS1.12.0.0
2026-03-11 15:54:21,266 [WARN] PackLoader:240 - Cannot read IP mode file for STMicroelectronics.X-CUBE-AZRTOS-G0.1.1.0
2026-03-11 15:54:21,273 [WARN] PackLoader:240 - Cannot read IP mode file for STMicroelectronics.X-CUBE-SAFEA1.1.2.2
2026-03-11 15:54:21,278 [WARN] PackLoader:240 - Cannot read IP mode file for STMicroelectronics.X-CUBE-NFC4.3.0.0
2026-03-11 15:54:21,286 [WARN] PackLoader:240 - Cannot read IP mode file for EmbeddedOffice.I-CUBE-FS-RTOS.1.0.1
2026-03-11 15:54:21,296 [WARN] PackLoader:240 - Cannot read IP mode file for STMicroelectronics.X-CUBE-WB05N.2.0.0
2026-03-11 15:54:21,299 [WARN] PackLoader:240 - Cannot read IP mode file for wolfSSL.I-CUBE-wolfTPM.3.8.0
2026-03-11 15:54:21,303 [WARN] PackLoader:240 - Cannot read IP mode file for STMicroelectronics.X-CUBE-TCPP.4.2.0
2026-03-11 15:54:21,306 [WARN] PackLoader:240 - Cannot read IP mode file for RealThread.X-CUBE-RT-Thread_Nano.4.1.1
2026-03-11 15:54:21,309 [WARN] PackLoader:240 - Cannot read IP mode file for STMicroelectronics.FP-ATR-SIGFOX1.3.2.0
2026-03-11 15:54:21,312 [WARN] PackLoader:240 - Cannot read IP mode file for STMicroelectronics.X-CUBE-FREERTOS.1.5.0
2026-03-11 15:54:21,316 [WARN] PackLoader:240 - Cannot read IP mode file for ITTIA_DB.I-CUBE-ITTIADB.8.9.0
2026-03-11 15:54:21,320 [WARN] PackLoader:240 - Cannot read IP mode file for STMicroelectronics.X-CUBE-NFC6.3.2.0
2026-03-11 15:54:21,335 [WARN] PackLoader:240 - Cannot read IP mode file for SEGGER.I-CUBE-embOS.1.3.1
2026-03-11 15:54:21,363 [WARN] PackLoader:240 - Cannot read IP mode file for STMicroelectronics.X-CUBE-ALGOBUILD.1.4.0
2026-03-11 15:54:21,386 [WARN] PackLoader:240 - Cannot read IP mode file for STMicroelectronics.X-CUBE-MEMS1.11.3.0
2026-03-11 15:54:21,455 [WARN] PackLoader:240 - Cannot read IP mode file for STMicroelectronics.X-CUBE-PM33A1.1.0.0
2026-03-11 15:54:21,463 [WARN] PackLoader:240 - Cannot read IP mode file for STMicroelectronics.X-CUBE-AZRTOS-F4.1.1.0
2026-03-11 15:54:21,468 [WARN] PackLoader:240 - Cannot read IP mode file for STMicroelectronics.X-CUBE-ISPU.2.1.0
2026-03-11 15:54:21,476 [WARN] PackLoader:240 - Cannot read IP mode file for STMicroelectronics.X-CUBE-IPS.3.2.0
2026-03-11 15:54:21,482 [WARN] PackLoader:240 - Cannot read IP mode file for STMicroelectronics.X-CUBE-NFC12.1.0.0
2026-03-11 15:54:21,492 [WARN] PackLoader:240 - Cannot read IP mode file for STMicroelectronics.X-CUBE-AZRTOS-L5.2.0.0
2026-03-11 15:54:21,496 [WARN] PackLoader:240 - Cannot read IP mode file for STMicroelectronics.X-CUBE-NFC6.3.1.0
2026-03-11 15:54:21,501 [WARN] PackLoader:240 - Cannot read IP mode file for STMicroelectronics.X-CUBE-FREERTOS.1.3.1
2026-03-11 15:54:21,504 [WARN] PackLoader:240 - Cannot read IP mode file for STMicroelectronics.X-CUBE-TOUCHGFX.4.26.0
2026-03-11 15:54:21,506 [WARN] PackLoader:240 - Cannot read IP mode file for STMicroelectronics.X-CUBE-TOUCHGFX.4.26.1
2026-03-11 15:54:21,509 [WARN] PackLoader:240 - Cannot read IP mode file for STMicroelectronics.X-CUBE-DPower.1.3.0
2026-03-11 15:54:21,519 [WARN] ConditionMgr:438 - getConditionDescription Invalid condition id : LAN8742 Phy interface Condition cause : null
2026-03-11 15:54:21,519 [WARN] PackLoader:240 - Cannot read IP mode file for STMicroelectronics.X-CUBE-AZRTOS-L4.2.0.0
2026-03-11 15:54:21,520 [WARN] ConditionMgr:1044 - genDependencies : Invalid condition id : LAN8742 Phy interface Condition cause : null
2026-03-11 15:54:21,520 [WARN] ConditionMgr:1044 - genDependencies : Invalid condition id : LAN8742 Phy interface Condition cause : null
2026-03-11 15:54:21,520 [WARN] ConditionMgr:1044 - genDependencies : Invalid condition id : LAN8742 Phy interface Condition cause : null
2026-03-11 15:54:21,525 [WARN] PackLoader:240 - Cannot read IP mode file for STMicroelectronics.X-CUBE-SFXS2LP1.4.0.0
2026-03-11 15:54:21,528 [WARN] PackLoader:240 - Cannot read IP mode file for STMicroelectronics.X-CUBE-ST67W61.1.2.0
2026-03-11 15:54:21,534 [WARN] PackLoader:240 - Cannot read IP mode file for STMicroelectronics.X-CUBE-BLEMGR.4.1.0
2026-03-11 15:54:21,542 [WARN] ConditionMgr:438 - getConditionDescription Invalid condition id : UX DEVICE CLASS RTOS Condition cause : null
2026-03-11 15:54:21,542 [WARN] ConditionMgr:438 - getConditionDescription Invalid condition id : UX DEVICE CLASS RTOS Condition cause : null
2026-03-11 15:54:21,543 [WARN] PackLoader:240 - Cannot read IP mode file for STMicroelectronics.X-CUBE-AZRTOS-WB.2.0.0
2026-03-11 15:54:21,544 [WARN] ConditionMgr:1044 - genDependencies : Invalid condition id : UX DEVICE CLASS RTOS Condition cause : null
2026-03-11 15:54:21,544 [WARN] ConditionMgr:1044 - genDependencies : Invalid condition id : UX DEVICE CLASS RTOS Condition cause : null
2026-03-11 15:54:21,544 [WARN] ConditionMgr:1044 - genDependencies : Invalid condition id : UX DEVICE CLASS RTOS Condition cause : null
2026-03-11 15:54:21,544 [WARN] ConditionMgr:1044 - genDependencies : Invalid condition id : UX DEVICE CLASS RTOS Condition cause : null
2026-03-11 15:54:21,544 [WARN] ConditionMgr:1044 - genDependencies : Invalid condition id : UX DEVICE CLASS RTOS Condition cause : null
2026-03-11 15:54:21,547 [WARN] PackLoader:240 - Cannot read IP mode file for STMicroelectronics.X-CUBE-GNSS1.7.0.1
2026-03-11 15:54:21,549 [WARN] ConditionMgr:438 - getConditionDescription Invalid condition id : Cortex-A Device cause : null
2026-03-11 15:54:21,554 [WARN] ConditionMgr:1044 - genDependencies : Invalid condition id : Cortex-A Device cause : null
2026-03-11 15:54:21,554 [WARN] ConditionMgr:1044 - genDependencies : Invalid condition id : Cortex-A Device cause : null
2026-03-11 15:54:21,554 [WARN] ConditionMgr:1044 - genDependencies : Invalid condition id : Cortex-A Device cause : null
2026-03-11 15:54:21,557 [WARN] PackLoader:240 - Cannot read IP mode file for STMicroelectronics.X-CUBE-STSE01.2.0.0
2026-03-11 15:54:21,563 [WARN] PackLoader:240 - Cannot read IP mode file for STMicroelectronics.X-CUBE-SUBG2.5.0.0
2026-03-11 15:54:21,574 [WARN] PackLoader:240 - Cannot read IP mode file for STMicroelectronics.X-CUBE-AZRTOS-H7RS.1.1.0
2026-03-11 15:54:21,583 [WARN] PackLoader:240 - Cannot read IP mode file for STMicroelectronics.X-CUBE-AZRTOS-G4.2.0.0
2026-03-11 15:54:21,586 [WARN] PackLoader:240 - Cannot read IP mode file for wolfSSL.I-CUBE-wolfSSH.1.4.20
2026-03-11 15:54:21,588 [WARN] PackLoader:240 - Cannot read IP mode file for STMicroelectronics.X-CUBE-NFC7.2.0.0
2026-03-11 15:54:21,590 [WARN] PackLoader:240 - Cannot read IP mode file for STMicroelectronics.X-CUBE-ALS.1.0.2
2026-03-11 15:54:21,600 [WARN] PackLoader:240 - Cannot read IP mode file for STMicroelectronics.X-CUBE-STSE01.1.0.0
2026-03-11 15:54:21,611 [WARN] PackLoader:240 - Cannot read IP mode file for STMicroelectronics.X-CUBE-TOF1.3.4.3
2026-03-11 15:54:21,621 [INFO] ThirdParty:978 - Integrity check success = true
2026-03-11 15:54:21,622 [INFO] IntegrityCheckThread:100 - exiting critical section [integrity check]
2026-03-11 15:54:21,622 [INFO] IntegrityCheckThread:103 - End integrity checks thread
2026-03-11 15:54:21,622 [INFO] ThirdParty:873 - entering critical section [close project]
2026-03-11 15:54:21,623 [INFO] ThirdParty:883 - exiting critical section [close project]
2026-03-11 15:54:21,625 [INFO] PinOutPanel:1589 - setPackage(No Configuration,No Configuration)
2026-03-11 15:54:21,627 [INFO] UtilMem:75 - Begin LoadConfig() Used Memory: 179779200 Bytes (329252864)
2026-03-11 15:54:21,629 [INFO] MicroXplorer:468 - Change Database Path : 
2026-03-11 15:54:21,629 [INFO] MicroXplorer:498 - Change Database Version : DB.6.0.150
2026-03-11 15:54:21,629 [INFO] OpenFileManager:355 - Change cursor
2026-03-11 15:54:21,660 [INFO] Mcu:2029 - Initializing MCU STM32F446R(C-E)Tx STM32F446RETx STM32F446RET6
2026-03-11 15:54:22,766 [INFO] Context:786 - Trying to add GPIOservice into a context  which must be forbidden
2026-03-11 15:54:23,103 [INFO] ImportTextPane:234 - (OptionalMessage_ERROR) Pin16 (VP_RIF_VS_RIF1) cannot be retrieved for this MCU
2026-03-11 15:54:23,219 [INFO] RtosManager:558 - Registered RTOS mode: class=CMSIS, group=RTOS, mode=CMSIS_V1, owner=FREERTOS
2026-03-11 15:54:23,219 [INFO] RtosManager:558 - Registered RTOS mode: class=CMSIS, group=RTOS2, mode=CMSIS_V2, owner=FREERTOS
2026-03-11 15:54:23,219 [INFO] RtosManager:558 - Registered RTOS mode: class=RTOS, group=Core, mode=CMSIS_V1, owner=FREERTOS
2026-03-11 15:54:23,219 [INFO] RtosManager:558 - Registered RTOS mode: class=RTOS, group=Core, mode=CMSIS_V2, owner=FREERTOS
2026-03-11 15:54:23,219 [WARN] ModelIntegratedComponent:184 - Missing modes for component STMicroelectronics:FreeRTOS:0.0.1:STMicroelectronics:RTOS:FreeRTOS:Core:::10.2.0:
2026-03-11 15:54:23,237 [WARN] ModelIntegratedComponent:63 - No mode defined for component null
2026-03-11 15:54:23,237 [WARN] ModelIntegratedComponent:63 - No mode defined for component null
2026-03-11 15:54:23,237 [WARN] ModelIntegratedComponent:63 - No mode defined for component null
2026-03-11 15:54:23,237 [WARN] ModelIntegratedComponent:63 - No mode defined for component null
2026-03-11 15:54:23,237 [WARN] ModelIntegratedComponent:63 - No mode defined for component null
2026-03-11 15:54:23,237 [WARN] ModelIntegratedComponent:63 - No mode defined for component null
2026-03-11 15:54:23,237 [WARN] ModelIntegratedComponent:63 - No mode defined for component null
2026-03-11 15:54:23,237 [WARN] ModelIntegratedComponent:63 - No mode defined for component null
2026-03-11 15:54:23,237 [WARN] ModelIntegratedComponent:63 - No mode defined for component null
2026-03-11 15:54:23,237 [WARN] ModelIntegratedComponent:63 - No mode defined for component null
2026-03-11 15:54:23,237 [WARN] ModelIntegratedComponent:63 - No mode defined for component null
2026-03-11 15:54:23,238 [WARN] ModelIntegratedComponent:63 - No mode defined for component null
2026-03-11 15:54:23,238 [WARN] ModelIntegratedComponent:63 - No mode defined for component null
2026-03-11 15:54:23,238 [WARN] ModelIntegratedComponent:63 - No mode defined for component null
2026-03-11 15:54:23,238 [WARN] ModelIntegratedComponent:63 - No mode defined for component null
2026-03-11 15:54:23,238 [WARN] ModelIntegratedComponent:63 - No mode defined for component null
2026-03-11 15:54:23,238 [WARN] ModelIntegratedComponent:63 - No mode defined for component null
2026-03-11 15:54:23,238 [WARN] ModelIntegratedComponent:63 - No mode defined for component null
2026-03-11 15:54:23,238 [WARN] ModelIntegratedComponent:63 - No mode defined for component null
2026-03-11 15:54:23,238 [WARN] ModelIntegratedComponent:63 - No mode defined for component null
2026-03-11 15:54:23,238 [WARN] ModelIntegratedComponent:63 - No mode defined for component null
2026-03-11 15:54:23,238 [WARN] ModelIntegratedComponent:63 - No mode defined for component null
2026-03-11 15:54:23,238 [WARN] ModelIntegratedComponent:63 - No mode defined for component null
2026-03-11 15:54:23,238 [WARN] ModelIntegratedComponent:63 - No mode defined for component null
2026-03-11 15:54:23,238 [WARN] ModelIntegratedComponent:63 - No mode defined for component null
2026-03-11 15:54:23,238 [WARN] ModelIntegratedComponent:63 - No mode defined for component null
2026-03-11 15:54:23,238 [WARN] ModelIntegratedComponent:63 - No mode defined for component null
2026-03-11 15:54:23,238 [WARN] ModelIntegratedComponent:63 - No mode defined for component null
2026-03-11 15:54:23,238 [WARN] ModelIntegratedComponent:63 - No mode defined for component null
2026-03-11 15:54:23,238 [WARN] ModelIntegratedComponent:63 - No mode defined for component null
2026-03-11 15:54:23,238 [WARN] ModelIntegratedComponent:63 - No mode defined for component null
2026-03-11 15:54:23,238 [WARN] ModelIntegratedComponent:63 - No mode defined for component null
2026-03-11 15:54:23,238 [WARN] ModelIntegratedComponent:63 - No mode defined for component null
2026-03-11 15:54:23,238 [WARN] ModelIntegratedComponent:63 - No mode defined for component null
2026-03-11 15:54:23,238 [WARN] ModelIntegratedComponent:63 - No mode defined for component null
2026-03-11 15:54:23,238 [WARN] ModelPack:524 - Component already loaded: STMicroelectronics:HAL Drivers:0.0.0:STMicroelectronics:Device:STMicro_Driver:XSPI:HAL::0.0.1:HAL_XSPI
2026-03-11 15:54:23,308 [INFO] ThirdPartyModel:298 - Start build external matchings
2026-03-11 15:54:23,630 [INFO] ThirdPartyModel:316 - End build external matchings
2026-03-11 15:54:23,652 [INFO] ImportTextPane:234 - (OptionalMessage_ERROR) IP (DMA) : Parameter (Instance) has Id (I2C3_RX) currently not set
2026-03-11 15:54:23,652 [INFO] ImportTextPane:234 - (OptionalMessage_ERROR) IP (DMA) : Parameter (Channel) has Id (I2C3_RX) currently not set
2026-03-11 15:54:23,652 [INFO] ImportTextPane:234 - (OptionalMessage_ERROR) IP (DMA) : Parameter (Direction) has Id (I2C3_RX) currently not set
2026-03-11 15:54:23,652 [INFO] ImportTextPane:234 - (OptionalMessage_ERROR) IP (DMA) : Parameter (PeriphInc) has Id (I2C3_RX) currently not set
2026-03-11 15:54:23,652 [INFO] ImportTextPane:234 - (OptionalMessage_ERROR) IP (DMA) : Parameter (MemInc) has Id (I2C3_RX) currently not set
2026-03-11 15:54:23,652 [INFO] ImportTextPane:234 - (OptionalMessage_ERROR) IP (DMA) : Parameter (PeriphDataAlignment) has Id (I2C3_RX) currently not set
2026-03-11 15:54:23,653 [INFO] ImportTextPane:234 - (OptionalMessage_ERROR) IP (DMA) : Parameter (MemDataAlignment) has Id (I2C3_RX) currently not set
2026-03-11 15:54:23,653 [INFO] ImportTextPane:234 - (OptionalMessage_ERROR) IP (DMA) : Parameter (Mode) has Id (I2C3_RX) currently not set
2026-03-11 15:54:23,653 [INFO] ImportTextPane:234 - (OptionalMessage_ERROR) IP (DMA) : Parameter (Priority) has Id (I2C3_RX) currently not set
2026-03-11 15:54:23,653 [INFO] ImportTextPane:234 - (OptionalMessage_ERROR) IP (DMA) : Parameter (FIFOMode) has Id (I2C3_RX) currently not set
2026-03-11 15:54:23,654 [WARN] IP:2250 - I2C_Coeff_DF not found: check if there is a RefParameter without a condition.
2026-03-11 15:54:23,654 [WARN] IP:2250 - Analog_Filter not found: check if there is a RefParameter without a condition.
2026-03-11 15:54:23,654 [INFO] ImportTextPane:234 - (OptionalMessage_ERROR) IP (RCC) : Invalid parameter (FamilyName)
2026-03-11 15:54:23,660 [WARN] IP:2250 - DEVICE_SERIAL0_CDC_FS not found: check if there is a RefParameter without a condition.
2026-03-11 15:54:23,660 [WARN] IP:2250 - DEVICE_SERIAL1_CDC_FS not found: check if there is a RefParameter without a condition.
2026-03-11 15:54:23,660 [WARN] IP:2250 - DEVICE_SERIAL2_CDC_FS not found: check if there is a RefParameter without a condition.
2026-03-11 15:54:23,894 [INFO] ApiDb:581 - Connected to CubeFinder SQLite database (/home/kamil/.stmcufinder/plugins/mcufinder/mcu/cube-finder-db.db)
2026-03-11 15:54:23,944 [INFO] ApiDb:668 - CubeFinder database Data Model version=2.1
2026-03-11 15:54:23,944 [INFO] ApiDb:669 - CubeFinder database Configuration version=3.0.42
2026-03-11 15:54:23,944 [INFO] ApiDb:670 - CubeFinder database generation date=2026-02-13 (1770995876)
2026-03-11 15:54:23,944 [INFO] ApiDb:671 - CubeFinder database FW Pack versions=[FP-ATR-ASTRA1_V2.0.0, FP-SNS-FLIGHT1_V5.1.0, FP-SNS-MOTENV1_V5.1.0, FP-SNS-MOTENVWB1_V1.4.0, FP-SNS-SMARTAG2_V1.2.0, FP-SNS-STBOX1_V2.1.0, STM32Cube_FW_C0_V1.4.0, STM32Cube_FW_F4_V1.28.3, STM32Cube_FW_F7_V1.17.4, STM32Cube_FW_G0_V1.6.2, STM32Cube_FW_G4_V1.6.1, STM32Cube_FW_H5_V1.6.0, STM32Cube_FW_H7RS_V1.3.0, STM32Cube_FW_H7_V1.13.0, STM32Cube_FW_L0_V1.12.2, STM32Cube_FW_L4_V1.18.2, STM32Cube_FW_L5_V1.6.0, STM32Cube_FW_N6_V1.3.0, STM32Cube_FW_U0_V1.3.0, STM32Cube_FW_U3_V1.3.0, STM32Cube_FW_U5_V1.8.0, STM32Cube_FW_WB0_V1.4.0, STM32Cube_FW_WBA_V1.9.0, STM32Cube_FW_WB_V1.24.0, STM32Cube_FW_WL3_V1.4.0, STM32Cube_FW_WL_V1.5.0, X-CUBE-ALGOBUILD_V1.4.0, X-CUBE-ALS_V1.0.2, X-CUBE-AZRTOS-F4_V1.1.0, X-CUBE-AZRTOS-F7_V1.1.0, X-CUBE-AZRTOS-G0_V1.1.0, X-CUBE-AZRTOS-G4_V2.0.0, X-CUBE-AZRTOS-H7RS_V1.1.0, X-CUBE-AZRTOS-H7_V3.4.0, X-CUBE-AZRTOS-L4_V2.0.0, X-CUBE-AZRTOS-L5_V2.0.0, X-CUBE-AZRTOS-WB_V2.0.0, X-CUBE-AZRTOS-WL_V2.0.0, X-CUBE-BLE1_V7.1.0, X-CUBE-BLE2_V3.3.0, X-CUBE-BLEMGR_V4.1.0, X-CUBE-EEPRMA1_V5.2.0, X-CUBE-FREERTOS_V1.3.1, X-CUBE-GNSS1_V6.0.0, X-CUBE-MEMS1_V12.0.0, X-CUBE-NFC4_V3.0.0, X-CUBE-NFC7_V2.0.0, X-CUBE-SFXS2LP1_V4.0.0, X-CUBE-ST67W61_V1.1.0, X-CUBE-SUBG2_V5.0.0, X-CUBE-TOF1_V3.4.3]
2026-03-11 15:54:24,012 [INFO] DbBoardsSqlite:226 - include board P-NUCLEO-WB55-NUCLEO as a kit item of type 'Nucleo-64'
2026-03-11 15:54:24,013 [INFO] DbBoardsSqlite:226 - include board P-NUCLEO-WB55-USBDONGLE as a kit item of type 'Nucleo USB Dongle'
2026-03-11 15:54:24,013 [INFO] DbBoardsSqlite:226 - include board STEVAL-IDP005V1 as a kit item of type 'Evaluation Board'
2026-03-11 15:54:24,013 [INFO] DbBoardsSqlite:226 - include board STEVAL-IDP005V2 as a kit item of type 'Evaluation Board'
2026-03-11 15:54:24,095 [INFO] ApiDb:240 - Found 880 in-development CPN: [B-G473E-ZEST1S, B-WB1M-WPAN1, B-WBA5M-WPAN, B-WL5M-SUBG1, NUCLEO-C031C6, NUCLEO-C051C8, NUCLEO-C071RB, NUCLEO-C092RC, NUCLEO-H503RB, NUCLEO-H533RE, NUCLEO-H563ZI, NUCLEO-H7S3L8, NUCLEO-N657X0-Q, NUCLEO-U031R8, NUCLEO-U083RC, NUCLEO-U385RG-Q, NUCLEO-U545RE-Q, NUCLEO-U5A5ZJ-Q, NUCLEO-WB05KZ, NUCLEO-WB07CC, NUCLEO-WB09KE, NUCLEO-WBA52CG, NUCLEO-WBA55CG, NUCLEO-WL33CC1, NUCLEO-WL33CC2, STEVAL-PROTEUS1, STEVAL-SMARTAG2, STEVAL-STWINBX1, STM320518-EVAL, STM32C0116-DK, STM32C011D6Y3TR, STM32C011D6Y6TR, STM32C011F4P3, STM32C011F4P6, STM32C011F4U3, STM32C011F4U6TR, STM32C011F6P3, STM32C011F6P6, STM32C011F6U3, STM32C011F6U6TR, STM32C011J4M3, STM32C011J4M6, STM32C011J6M3, STM32C011J6M6, STM32C0316-DK, STM32C031C4T3, STM32C031C4T6, STM32C031C4U3, STM32C031C4U6, STM32C031C6T3, STM32C031C6T6, STM32C031C6U3, STM32C031C6U6, STM32C031F4P3, STM32C031F4P6, STM32C031F6P3, STM32C031F6P6, STM32C031G4U3, STM32C031G4U6, STM32C031G6U3, STM32C031G6U6, STM32C031K4T3, STM32C031K4T6, STM32C031K4U3, STM32C031K4U6, STM32C031K6T3, STM32C031K6T6, STM32C031K6U3, STM32C031K6U6, STM32C051C6T6, STM32C051C6U6, STM32C051C8T6, STM32C051C8U6, STM32C051D8Y6TR, STM32C051F6P6, STM32C051F8P6, STM32C051G6U6, STM32C051G8U6, STM32C051K6T6, STM32C051K6U6, STM32C051K8T6, STM32C071C8T6, STM32C071C8T6N, STM32C071C8U6, STM32C071C8U6N, STM32C071CBT6, STM32C071CBT6N, STM32C071CBU6, STM32C071CBU6N, STM32C071F8P6, STM32C071F8P6N, STM32C071FBP6, STM32C071FBP6N, STM32C071FBY6TR, STM32C071G8U6, STM32C071G8U6N, STM32C071GBU6, STM32C071GBU6N, STM32C071K8T6, STM32C071K8T6N, STM32C071K8U6, STM32C071K8U6N, STM32C071KBT6, STM32C071KBT6N, STM32C071KBU6, STM32C071KBU6N, STM32C071R8T6, STM32C071R8T6N, STM32C071RBI6N, STM32C071RBT6, STM32C071RBT6N, STM32C091CBT6, STM32C091CBU6, STM32C091CCT6, STM32C091CCU6, STM32C091ECY6TR, STM32C091FBP6, STM32C091FCP6, STM32C091GBU6, STM32C091GCU6, STM32C091KBT6, STM32C091KBU6, STM32C091KCT6, STM32C091KCU6, STM32C091RBT6, STM32C091RCI6, STM32C091RCT6, STM32C092CBT6, STM32C092CBU6, STM32C092CCT6, STM32C092CCU6, STM32C092ECY6TR, STM32C092FBP6, STM32C092FCP6, STM32C092GBU6, STM32C092GCU6, STM32C092KBT6, STM32C092KBU6, STM32C092KCT6, STM32C092KCU6, STM32C092RBT6, STM32C092RCI6, STM32C092RCT6, STM32G071K8TXN, STM32G071K8UXN, STM32G081GBU6N, STM32G081KBT6N, STM32G081KBUXN, STM32G0B1CCT6N, STM32G0B1KCT6, STM32G0B1NEY6TR, STM32G0B1RCT6N, STM32G0C1CCT6, STM32G0C1CCT6N, STM32G0C1CCU6N, STM32G0C1CET6N, STM32G0C1CEU6N, STM32G0C1KCT6, STM32G0C1NEY6TR, STM32G0C1RCI6N, STM32G0C1RCT6N, STM32G0C1REI6N, STM32G0C1RET6N, STM32G0C1VCI6, STM32G0C1VEI6, STM32G411C6T3, STM32G411C6T6, STM32G411C6U3, STM32G411C6U6, STM32G411C8T3, STM32G411C8T6, STM32G411C8U3, STM32G411C8U6, STM32G411CBT3, STM32G411CBT6, STM32G411CBU3, STM32G411CBU6, STM32G411K6T3, STM32G411K6T6, STM32G411K6U3, STM32G411K6U6, STM32G411K8T3, STM32G411K8T6, STM32G411K8U3, STM32G411K8U6, STM32G411KBT3, STM32G411KBT6, STM32G411KBU3, STM32G411KBU6, STM32G411M6T3, STM32G411M6T6, STM32G411M8T3, STM32G411M8T6, STM32G411MBT3, STM32G411MBT6, STM32G411R6T3, STM32G411R6T6, STM32G411R8T3, STM32G411R8T6, STM32G411RBT3, STM32G411RBT6, STM32G414CBT3, STM32G414CBT6, STM32G414CBU3, STM32G414CBU6, STM32G414CCT3, STM32G414CCT6, STM32G414CCU3, STM32G414CCU6, STM32G414MBT3, STM32G414MBT6, STM32G414MCT3, STM32G414MCT6, STM32G414RBT3, STM32G414RBT6, STM32G414RCT3, STM32G414RCT6, STM32G414VBT3, STM32G414VBT6, STM32G414VCT3, STM32G414VCT6, STM32G431CBT3Z, STM32G431RBT3Z, STM32G471CCT6, STM32G471CCU6, STM32G471CET3, STM32G471CET6, STM32G471CEU3, STM32G471CEU6, STM32G471MCT6, STM32G471MET3, STM32G471MET6, STM32G471MEY6TR, STM32G471QCT6, STM32G471QET3, STM32G471RCT6, STM32G471RET3, STM32G471RET6, STM32G471VCH6, STM32G471VCI6, STM32G471VCT6, STM32G471VEH3, STM32G471VEH6, STM32G471VEI3, STM32G471VEI6, STM32G471VET3, STM32G471VET6, STM32G473QET3Z, STM32G473RET3Z, STM32G474CCT6, STM32G491RET3Z, STM32H503CBT6, STM32H503CBU6, STM32H503EBY6TR, STM32H503KBU6, STM32H503RBT6, STM32H523CCT6, STM32H523CCU6, STM32H523CET6, STM32H523CEU6, STM32H523HEY6TR, STM32H523RCT6, STM32H523RET6, STM32H523VCI6, STM32H523VCT6, STM32H523VEI6, STM32H523VET6, STM32H523ZCJ6, STM32H523ZCT6, STM32H523ZEJ6, STM32H523ZET6, STM32H533CET6, STM32H533CEU6, STM32H533HEY6TR, STM32H533RET6, STM32H533VEI6, STM32H533VET6, STM32H533ZEJ6, STM32H533ZET6, STM32H562AGI6, STM32H562AII6, STM32H562IGK6, STM32H562IGT6, STM32H562IIK6, STM32H562IIT6, STM32H562RGT6, STM32H562RGV6, STM32H562RIT6, STM32H562RIV6, STM32H562VGT6, STM32H562VIT6, STM32H562ZGT6, STM32H562ZIT6, STM32H563AGI6, STM32H563AII3Q, STM32H563AII6, STM32H563IGK6, STM32H563IGT6, STM32H563IIK3Q, STM32H563IIK6, STM32H563IIT3Q, STM32H563IIT6, STM32H563MIY3QTR, STM32H563RGT6, STM32H563RGV6, STM32H563RIT6, STM32H563RIV6, STM32H563VGT6, STM32H563VIT3Q, STM32H563VIT6, STM32H563ZGT6, STM32H563ZIT3Q, STM32H563ZIT6, STM32H573AII3Q, STM32H573AII6, STM32H573I-DK, STM32H573IIK3Q, STM32H573IIK6, STM32H573IIT3Q, STM32H573IIT6, STM32H573MIY3QTR, STM32H573RIT6, STM32H573RIV6, STM32H573VIT3Q, STM32H573VIT6, STM32H573ZIT3Q, STM32H573ZIT6, STM32H7R3A8I6, STM32H7R3I8K6, STM32H7R3I8T6, STM32H7R3L8H6, STM32H7R3L8H6H, STM32H7R3R8V6, STM32H7R3V8H6, STM32H7R3V8T6, STM32H7R3V8Y6TR, STM32H7R3Z8J6, STM32H7R3Z8T6, STM32H7R7A8I6, STM32H7R7I8K6, STM32H7R7I8T6, STM32H7R7L8H6, STM32H7R7L8H6H, STM32H7R7Z8J6, STM32H7S3A8I6, STM32H7S3I8K6, STM32H7S3I8T6, STM32H7S3L8H6, STM32H7S3L8H6H, STM32H7S3R8V6, STM32H7S3V8H6, STM32H7S3V8T6, STM32H7S3V8Y6TR, STM32H7S3Z8J6, STM32H7S3Z8T6, STM32H7S78-DK, STM32H7S7A8I6, STM32H7S7I8K6, STM32H7S7I8T6, STM32H7S7L8H6, STM32H7S7L8H6H, STM32H7S7Z8J6, STM32L4R5QGI6STR, STM32MP131AAE3, STM32MP131AAF3, STM32MP131AAG3, STM32MP131CAE3, STM32MP131CAF3, STM32MP131CAG3, STM32MP131DAE7, STM32MP131DAF7, STM32MP131DAG7, STM32MP131FAE7, STM32MP131FAF7, STM32MP131FAG7, STM32MP133AAE3, STM32MP133AAF3, STM32MP133AAG3, STM32MP133CAE3, STM32MP133CAF3, STM32MP133CAG3, STM32MP133DAE7, STM32MP133DAF7, STM32MP133DAG7, STM32MP133FAE7, STM32MP133FAF7, STM32MP133FAG7, STM32MP135AAE3, STM32MP135AAF3, STM32MP135AAG3, STM32MP135CAE3, STM32MP135CAF3, STM32MP135CAG3, STM32MP135DAE7, STM32MP135DAF7, STM32MP135DAG7, STM32MP135F-DK, STM32MP135FAE7, STM32MP135FAF7, STM32MP135FAF7T, STM32MP135FAF7U, STM32MP135FAG7, STM32MP211AAL3, STM32MP211AAM3, STM32MP211AAN3, STM32MP211AAO3, STM32MP211CAL3, STM32MP211CAM3, STM32MP211CAN3, STM32MP211CAO3, STM32MP211DAL3, STM32MP211DAM3, STM32MP211DAN3, STM32MP211DAO3, STM32MP211FAL3, STM32MP211FAM3, STM32MP211FAN3, STM32MP211FAO3, STM32MP213AAL3, STM32MP213AAM3, STM32MP213AAN3, STM32MP213AAO3, STM32MP213CAL3, STM32MP213CAM3, STM32MP213CAN3, STM32MP213CAO3, STM32MP213DAL3, STM32MP213DAM3, STM32MP213DAN3, STM32MP213DAO3, STM32MP213FAL3, STM32MP213FAM3, STM32MP213FAN3, STM32MP213FAO3, STM32MP215AAL3, STM32MP215AAM3, STM32MP215AAN3, STM32MP215AAO3, STM32MP215CAL3, STM32MP215CAM3, STM32MP215CAN3, STM32MP215CAO3, STM32MP215DAL3, STM32MP215DAM3, STM32MP215DAN3, STM32MP215DAO3, STM32MP215F-DK, STM32MP215FAL3, STM32MP215FAM3, STM32MP215FAN3, STM32MP215FAO3, STM32MP231AAJ3, STM32MP231AAK3, STM32MP231AAL3, STM32MP231CAJ3, STM32MP231CAK3, STM32MP231CAL3, STM32MP231DAJ3, STM32MP231DAK3, STM32MP231DAL3, STM32MP231FAJ3, STM32MP231FAK3, STM32MP231FAL3, STM32MP233AAJ3, STM32MP233AAK3, STM32MP233AAL3, STM32MP233CAJ3, STM32MP233CAK3, STM32MP233CAL3, STM32MP233DAJ3, STM32MP233DAK3, STM32MP233DAL3, STM32MP233FAJ3, STM32MP233FAK3, STM32MP233FAL3, STM32MP235AAJ3, STM32MP235AAK3, STM32MP235AAL3, STM32MP235CAJ3, STM32MP235CAK3, STM32MP235CAL3, STM32MP235DAJ3, STM32MP235DAK3, STM32MP235DAL3, STM32MP235FAJ3, STM32MP235FAK3, STM32MP235FAL3, STM32MP251AAI3, STM32MP251AAK3, STM32MP251AAL3, STM32MP251CAI3, STM32MP251CAK3, STM32MP251CAL3, STM32MP251DAI3, STM32MP251DAK3, STM32MP251DAL3, STM32MP251FAI3, STM32MP251FAK3, STM32MP251FAL3, STM32MP253AAI3, STM32MP253AAK3, STM32MP253AAL3, STM32MP253CAI3, STM32MP253CAK3, STM32MP253CAL3, STM32MP253DAI3, STM32MP253DAK3, STM32MP253DAL3, STM32MP253FAI3, STM32MP253FAK3, STM32MP253FAL3, STM32MP255AAI3, STM32MP255AAK3, STM32MP255AAL3, STM32MP255CAI3, STM32MP255CAK3, STM32MP255CAL3, STM32MP255DAI3, STM32MP255DAK3, STM32MP255DAL3, STM32MP255FAI3, STM32MP255FAK3, STM32MP255FAL3, STM32MP257AAI3, STM32MP257AAK3, STM32MP257AAL3, STM32MP257CAI3, STM32MP257CAK3, STM32MP257CAL3, STM32MP257DAI3, STM32MP257DAK3, STM32MP257DAL3, STM32MP257F-DK, STM32MP257F-EV1, STM32MP257FAI3, STM32MP257FAK3, STM32MP257FAL3, STM32N645A0H3Q, STM32N645B0H3Q, STM32N645I0H3Q, STM32N645L0H3Q, STM32N645X0H3Q, STM32N645Z0H3Q, STM32N647A0H3Q, STM32N647B0H3Q, STM32N647I0H3Q, STM32N647L0H3Q, STM32N647X0H3Q, STM32N647Z0H3Q, STM32N655A0H3Q, STM32N655B0H3Q, STM32N655I0H3Q, STM32N655L0H3Q, STM32N655X0H3Q, STM32N655Z0H3Q, STM32N6570-DK, STM32N657A0H3Q, STM32N657B0H3Q, STM32N657I0H3Q, STM32N657L0H3Q, STM32N657X0H3Q, STM32N657Z0H3Q, STM32U031C6T6, STM32U031C6U6, STM32U031C8T6, STM32U031C8U6, STM32U031F4P6, STM32U031F6P6, STM32U031F8P6, STM32U031G6Y6TR, STM32U031G8Y6TR, STM32U031K4U6, STM32U031K6U6, STM32U031K8U6, STM32U031R6I6, STM32U031R6T6, STM32U031R8I6, STM32U031R8T6, STM32U073C8T6, STM32U073C8U6, STM32U073CBT6, STM32U073CBU6, STM32U073CCT6, STM32U073CCU6, STM32U073H8Y6TR, STM32U073HBY6TR, STM32U073HCY6TR, STM32U073K8U6, STM32U073KBU6, STM32U073KCU6, STM32U073M8I6, STM32U073M8T6, STM32U073MBI6, STM32U073MBT6, STM32U073MCI6, STM32U073MCT6, STM32U073R8I6, STM32U073R8T6, STM32U073RBI6, STM32U073RBT6, STM32U073RCI6, STM32U073RCT6, STM32U083C-DK, STM32U083CCT6, STM32U083CCU6, STM32U083HCY6TR, STM32U083KCU6, STM32U083MCI6, STM32U083MCT6, STM32U083RCI6, STM32U083RCT6, STM32U375CET6, STM32U375CET6Q, STM32U375CEU6, STM32U375CEU6Q, STM32U375CEY6QTR, STM32U375CGT6, STM32U375CGT6Q, STM32U375CGU6, STM32U375CGU6Q, STM32U375CGY6QTR, STM32U375KEU6, STM32U375KGU6, STM32U375REI6, STM32U375REI6Q, STM32U375RET6, STM32U375RET6Q, STM32U375REY6GTR, STM32U375REY6QTR, STM32U375RGI6, STM32U375RGI6Q, STM32U375RGT6, STM32U375RGT6Q, STM32U375RGY6GTR, STM32U375RGY6QTR, STM32U375VEI6, STM32U375VEI6Q, STM32U375VET6, STM32U375VET6Q, STM32U375VGI6, STM32U375VGI6Q, STM32U375VGT6, STM32U375VGT6Q, STM32U385CGT6, STM32U385CGT6Q, STM32U385CGU6, STM32U385CGU6Q, STM32U385CGY6QTR, STM32U385KGU6, STM32U385RGI6, STM32U385RGI6Q, STM32U385RGT6, STM32U385RGT6Q, STM32U385RGY6GTR, STM32U385RGY6QTR, STM32U385VGI6, STM32U385VGI6Q, STM32U385VGT6, STM32U385VGT6Q, STM32U535CBT6, STM32U535CBT6Q, STM32U535CBU6, STM32U535CBU6Q, STM32U535CCT6, STM32U535CCT6Q, STM32U535CCU6, STM32U535CCU6Q, STM32U535CET6, STM32U535CET6Q, STM32U535CEU6, STM32U535CEU6Q, STM32U535JEY6QTR, STM32U535NCY6QTR, STM32U535NEY6QTR, STM32U535RBI6, STM32U535RBI6Q, STM32U535RBT6, STM32U535RBT6Q, STM32U535RCI6, STM32U535RCI6Q, STM32U535RCT6, STM32U535RCT6Q, STM32U535REI6, STM32U535REI6Q, STM32U535RET6, STM32U535RET6Q, STM32U535VCI6, STM32U535VCI6Q, STM32U535VCT6, STM32U535VCT6Q, STM32U535VEI6, STM32U535VEI6Q, STM32U535VET6, STM32U535VET6Q, STM32U545CET6, STM32U545CET6Q, STM32U545CEU6, STM32U545CEU6Q, STM32U545JEY6QTR, STM32U545NEY6QTR, STM32U545REI6, STM32U545REI6Q, STM32U545RET6, STM32U545RET6Q, STM32U545VEI6, STM32U545VEI6Q, STM32U545VET6, STM32U545VET6Q, STM32U595AIH6, STM32U595AIH6Q, STM32U595AJH6, STM32U595AJH6Q, STM32U595QII6, STM32U595QII6Q, STM32U595QJI6, STM32U595QJI6Q, STM32U595RIT6, STM32U595RIT6Q, STM32U595RJT6, STM32U595RJT6Q, STM32U595VIT6, STM32U595VIT6Q, STM32U595VJT6, STM32U595VJT6Q, STM32U595ZIT6, STM32U595ZIT6Q, STM32U595ZIY6QTR, STM32U595ZJT6, STM32U595ZJT6Q, STM32U595ZJY6QTR, STM32U599BJY6QTR, STM32U599NIH6Q, STM32U599NJH6Q, STM32U599VIT6Q, STM32U599VJT6, STM32U599VJT6Q, STM32U599ZIT6Q, STM32U599ZIY6QTR, STM32U599ZJT6Q, STM32U599ZJY6QTR, STM32U5A5AJH6, STM32U5A5AJH6Q, STM32U5A5QII3Q , STM32U5A5QJI6, STM32U5A5QJI6Q, STM32U5A5RJT6, STM32U5A5RJT6Q, STM32U5A5VJT6, STM32U5A5VJT6Q, STM32U5A5ZJT6, STM32U5A5ZJT6Q, STM32U5A5ZJY6QTR, STM32U5A9BJY6QTR, STM32U5A9J-DK, STM32U5A9NJH6Q, STM32U5A9VJT6Q, STM32U5A9ZJT6Q, STM32U5A9ZJY6QTR, STM32U5F7VIT6, STM32U5F7VIT6Q, STM32U5F7VJT6, STM32U5F7VJT6Q, STM32U5F9BJY6QTR, STM32U5F9NJH6Q, STM32U5F9VIT6Q, STM32U5F9VJT6Q, STM32U5F9ZIJ6QTR, STM32U5F9ZIT6Q, STM32U5F9ZJJ6QTR, STM32U5F9ZJT6Q, STM32U5G7VJT6, STM32U5G7VJT6Q, STM32U5G9BJY6QTR, STM32U5G9J-DK1, STM32U5G9J-DK2, STM32U5G9NJH6Q, STM32U5G9VJT6Q, STM32U5G9ZJJ6QTR, STM32U5G9ZJT6Q, STM32WB05KZV6TR, STM32WB05KZV7TR, STM32WB05TZF6TR, STM32WB05TZF7TR, STM32WB06CCF6TR, STM32WB06CCF7TR, STM32WB06CCV6TR, STM32WB06CCV7TR, STM32WB06KCV6TR, STM32WB06KCV7TR, STM32WB07CCF6TR, STM32WB07CCF7TR, STM32WB07CCV6TR, STM32WB07CCV7TR, STM32WB07KCV6TR, STM32WB07KCV7TR, STM32WB09KEV6TR, STM32WB09KEV7TR, STM32WB09TEF6TR, STM32WB09TEF7TR, STM32WB1MMCH6, STM32WBA50KGU6, STM32WBA50KGU6TR, STM32WBA52CEU6, STM32WBA52CEU6TR, STM32WBA52CEU7, STM32WBA52CEU7TR, STM32WBA52CGU6, STM32WBA52CGU6TR, STM32WBA52CGU6U, STM32WBA52CGU7, STM32WBA52CGU7TR, STM32WBA52KEU6, STM32WBA52KEU6TR, STM32WBA52KGU6, STM32WBA52KGU6TR, STM32WBA54CEU6, STM32WBA54CEU6TR, STM32WBA54CEU7, STM32WBA54CEU7TR, STM32WBA54CGU6, STM32WBA54CGU6TR, STM32WBA54CGU7, STM32WBA54CGU7TR, STM32WBA54KEU6, STM32WBA54KEU6TR, STM32WBA54KEU7, STM32WBA54KEU7TR, STM32WBA54KGU6, STM32WBA54KGU6TR, STM32WBA54KGU7, STM32WBA54KGU7TR, STM32WBA55CEU6, STM32WBA55CEU6TR, STM32WBA55CEU7, STM32WBA55CEU7TR, STM32WBA55CGU6, STM32WBA55CGU6TR, STM32WBA55CGU6U, STM32WBA55CGU7, STM32WBA55CGU7TR, STM32WBA55G-DK1, STM32WBA55HEF6, STM32WBA55HEF7, STM32WBA55HGF6, STM32WBA55HGF7, STM32WBA55UEI6, STM32WBA55UEI6TR, STM32WBA55UEI7, STM32WBA55UEI7TR, STM32WBA55UGI6, STM32WBA55UGI6TR, STM32WBA55UGI7, STM32WBA55UGI7TR, STM32WBA5MMGH6TR, STM32WBA62MGF6, STM32WBA62MIF6, STM32WBA65MGF7, STM32WBA65MIF6, STM32WBA65MIF7, STM32WL30K8V6, STM32WL30KBV6, STM32WL31C8V6, STM32WL31CBV6, STM32WL31K8V6, STM32WL31KBV6, STM32WL33C8V6, STM32WL33C8V6X, STM32WL33CBV6, STM32WL33CBV6X, STM32WL33CCV6, STM32WL33CCV6A, STM32WL33CCV6X, STM32WL33K8V7, STM32WL33K8V7X, STM32WL33KBV7 , STM32WL33KBV7X, STM32WL33KCV7, STM32WL33KCV7X, STM32WL5MOCH6, STM32WL5MOCH6TR]
2026-03-11 15:54:24,098 [INFO] ApiDb:668 - CubeFinder database Data Model version=2.1
2026-03-11 15:54:24,099 [INFO] ApiDb:669 - CubeFinder database Configuration version=3.0.42
2026-03-11 15:54:24,099 [INFO] ApiDb:670 - CubeFinder database generation date=2026-02-13 (1770995876)
2026-03-11 15:54:24,099 [INFO] ApiDb:671 - CubeFinder database FW Pack versions=[FP-ATR-ASTRA1_V2.0.0, FP-SNS-FLIGHT1_V5.1.0, FP-SNS-MOTENV1_V5.1.0, FP-SNS-MOTENVWB1_V1.4.0, FP-SNS-SMARTAG2_V1.2.0, FP-SNS-STBOX1_V2.1.0, STM32Cube_FW_C0_V1.4.0, STM32Cube_FW_F4_V1.28.3, STM32Cube_FW_F7_V1.17.4, STM32Cube_FW_G0_V1.6.2, STM32Cube_FW_G4_V1.6.1, STM32Cube_FW_H5_V1.6.0, STM32Cube_FW_H7RS_V1.3.0, STM32Cube_FW_H7_V1.13.0, STM32Cube_FW_L0_V1.12.2, STM32Cube_FW_L4_V1.18.2, STM32Cube_FW_L5_V1.6.0, STM32Cube_FW_N6_V1.3.0, STM32Cube_FW_U0_V1.3.0, STM32Cube_FW_U3_V1.3.0, STM32Cube_FW_U5_V1.8.0, STM32Cube_FW_WB0_V1.4.0, STM32Cube_FW_WBA_V1.9.0, STM32Cube_FW_WB_V1.24.0, STM32Cube_FW_WL3_V1.4.0, STM32Cube_FW_WL_V1.5.0, X-CUBE-ALGOBUILD_V1.4.0, X-CUBE-ALS_V1.0.2, X-CUBE-AZRTOS-F4_V1.1.0, X-CUBE-AZRTOS-F7_V1.1.0, X-CUBE-AZRTOS-G0_V1.1.0, X-CUBE-AZRTOS-G4_V2.0.0, X-CUBE-AZRTOS-H7RS_V1.1.0, X-CUBE-AZRTOS-H7_V3.4.0, X-CUBE-AZRTOS-L4_V2.0.0, X-CUBE-AZRTOS-L5_V2.0.0, X-CUBE-AZRTOS-WB_V2.0.0, X-CUBE-AZRTOS-WL_V2.0.0, X-CUBE-BLE1_V7.1.0, X-CUBE-BLE2_V3.3.0, X-CUBE-BLEMGR_V4.1.0, X-CUBE-EEPRMA1_V5.2.0, X-CUBE-FREERTOS_V1.3.1, X-CUBE-GNSS1_V6.0.0, X-CUBE-MEMS1_V12.0.0, X-CUBE-NFC4_V3.0.0, X-CUBE-NFC7_V2.0.0, X-CUBE-SFXS2LP1_V4.0.0, X-CUBE-ST67W61_V1.1.0, X-CUBE-SUBG2_V5.0.0, X-CUBE-TOF1_V3.4.3]
2026-03-11 15:54:26,238 [INFO] ApiDb:240 - Found 880 in-development CPN: [B-G473E-ZEST1S, B-WB1M-WPAN1, B-WBA5M-WPAN, B-WL5M-SUBG1, NUCLEO-C031C6, NUCLEO-C051C8, NUCLEO-C071RB, NUCLEO-C092RC, NUCLEO-H503RB, NUCLEO-H533RE, NUCLEO-H563ZI, NUCLEO-H7S3L8, NUCLEO-N657X0-Q, NUCLEO-U031R8, NUCLEO-U083RC, NUCLEO-U385RG-Q, NUCLEO-U545RE-Q, NUCLEO-U5A5ZJ-Q, NUCLEO-WB05KZ, NUCLEO-WB07CC, NUCLEO-WB09KE, NUCLEO-WBA52CG, NUCLEO-WBA55CG, NUCLEO-WL33CC1, NUCLEO-WL33CC2, STEVAL-PROTEUS1, STEVAL-SMARTAG2, STEVAL-STWINBX1, STM320518-EVAL, STM32C0116-DK, STM32C011D6Y3TR, STM32C011D6Y6TR, STM32C011F4P3, STM32C011F4P6, STM32C011F4U3, STM32C011F4U6TR, STM32C011F6P3, STM32C011F6P6, STM32C011F6U3, STM32C011F6U6TR, STM32C011J4M3, STM32C011J4M6, STM32C011J6M3, STM32C011J6M6, STM32C0316-DK, STM32C031C4T3, STM32C031C4T6, STM32C031C4U3, STM32C031C4U6, STM32C031C6T3, STM32C031C6T6, STM32C031C6U3, STM32C031C6U6, STM32C031F4P3, STM32C031F4P6, STM32C031F6P3, STM32C031F6P6, STM32C031G4U3, STM32C031G4U6, STM32C031G6U3, STM32C031G6U6, STM32C031K4T3, STM32C031K4T6, STM32C031K4U3, STM32C031K4U6, STM32C031K6T3, STM32C031K6T6, STM32C031K6U3, STM32C031K6U6, STM32C051C6T6, STM32C051C6U6, STM32C051C8T6, STM32C051C8U6, STM32C051D8Y6TR, STM32C051F6P6, STM32C051F8P6, STM32C051G6U6, STM32C051G8U6, STM32C051K6T6, STM32C051K6U6, STM32C051K8T6, STM32C071C8T6, STM32C071C8T6N, STM32C071C8U6, STM32C071C8U6N, STM32C071CBT6, STM32C071CBT6N, STM32C071CBU6, STM32C071CBU6N, STM32C071F8P6, STM32C071F8P6N, STM32C071FBP6, STM32C071FBP6N, STM32C071FBY6TR, STM32C071G8U6, STM32C071G8U6N, STM32C071GBU6, STM32C071GBU6N, STM32C071K8T6, STM32C071K8T6N, STM32C071K8U6, STM32C071K8U6N, STM32C071KBT6, STM32C071KBT6N, STM32C071KBU6, STM32C071KBU6N, STM32C071R8T6, STM32C071R8T6N, STM32C071RBI6N, STM32C071RBT6, STM32C071RBT6N, STM32C091CBT6, STM32C091CBU6, STM32C091CCT6, STM32C091CCU6, STM32C091ECY6TR, STM32C091FBP6, STM32C091FCP6, STM32C091GBU6, STM32C091GCU6, STM32C091KBT6, STM32C091KBU6, STM32C091KCT6, STM32C091KCU6, STM32C091RBT6, STM32C091RCI6, STM32C091RCT6, STM32C092CBT6, STM32C092CBU6, STM32C092CCT6, STM32C092CCU6, STM32C092ECY6TR, STM32C092FBP6, STM32C092FCP6, STM32C092GBU6, STM32C092GCU6, STM32C092KBT6, STM32C092KBU6, STM32C092KCT6, STM32C092KCU6, STM32C092RBT6, STM32C092RCI6, STM32C092RCT6, STM32G071K8TXN, STM32G071K8UXN, STM32G081GBU6N, STM32G081KBT6N, STM32G081KBUXN, STM32G0B1CCT6N, STM32G0B1KCT6, STM32G0B1NEY6TR, STM32G0B1RCT6N, STM32G0C1CCT6, STM32G0C1CCT6N, STM32G0C1CCU6N, STM32G0C1CET6N, STM32G0C1CEU6N, STM32G0C1KCT6, STM32G0C1NEY6TR, STM32G0C1RCI6N, STM32G0C1RCT6N, STM32G0C1REI6N, STM32G0C1RET6N, STM32G0C1VCI6, STM32G0C1VEI6, STM32G411C6T3, STM32G411C6T6, STM32G411C6U3, STM32G411C6U6, STM32G411C8T3, STM32G411C8T6, STM32G411C8U3, STM32G411C8U6, STM32G411CBT3, STM32G411CBT6, STM32G411CBU3, STM32G411CBU6, STM32G411K6T3, STM32G411K6T6, STM32G411K6U3, STM32G411K6U6, STM32G411K8T3, STM32G411K8T6, STM32G411K8U3, STM32G411K8U6, STM32G411KBT3, STM32G411KBT6, STM32G411KBU3, STM32G411KBU6, STM32G411M6T3, STM32G411M6T6, STM32G411M8T3, STM32G411M8T6, STM32G411MBT3, STM32G411MBT6, STM32G411R6T3, STM32G411R6T6, STM32G411R8T3, STM32G411R8T6, STM32G411RBT3, STM32G411RBT6, STM32G414CBT3, STM32G414CBT6, STM32G414CBU3, STM32G414CBU6, STM32G414CCT3, STM32G414CCT6, STM32G414CCU3, STM32G414CCU6, STM32G414MBT3, STM32G414MBT6, STM32G414MCT3, STM32G414MCT6, STM32G414RBT3, STM32G414RBT6, STM32G414RCT3, STM32G414RCT6, STM32G414VBT3, STM32G414VBT6, STM32G414VCT3, STM32G414VCT6, STM32G431CBT3Z, STM32G431RBT3Z, STM32G471CCT6, STM32G471CCU6, STM32G471CET3, STM32G471CET6, STM32G471CEU3, STM32G471CEU6, STM32G471MCT6, STM32G471MET3, STM32G471MET6, STM32G471MEY6TR, STM32G471QCT6, STM32G471QET3, STM32G471RCT6, STM32G471RET3, STM32G471RET6, STM32G471VCH6, STM32G471VCI6, STM32G471VCT6, STM32G471VEH3, STM32G471VEH6, STM32G471VEI3, STM32G471VEI6, STM32G471VET3, STM32G471VET6, STM32G473QET3Z, STM32G473RET3Z, STM32G474CCT6, STM32G491RET3Z, STM32H503CBT6, STM32H503CBU6, STM32H503EBY6TR, STM32H503KBU6, STM32H503RBT6, STM32H523CCT6, STM32H523CCU6, STM32H523CET6, STM32H523CEU6, STM32H523HEY6TR, STM32H523RCT6, STM32H523RET6, STM32H523VCI6, STM32H523VCT6, STM32H523VEI6, STM32H523VET6, STM32H523ZCJ6, STM32H523ZCT6, STM32H523ZEJ6, STM32H523ZET6, STM32H533CET6, STM32H533CEU6, STM32H533HEY6TR, STM32H533RET6, STM32H533VEI6, STM32H533VET6, STM32H533ZEJ6, STM32H533ZET6, STM32H562AGI6, STM32H562AII6, STM32H562IGK6, STM32H562IGT6, STM32H562IIK6, STM32H562IIT6, STM32H562RGT6, STM32H562RGV6, STM32H562RIT6, STM32H562RIV6, STM32H562VGT6, STM32H562VIT6, STM32H562ZGT6, STM32H562ZIT6, STM32H563AGI6, STM32H563AII3Q, STM32H563AII6, STM32H563IGK6, STM32H563IGT6, STM32H563IIK3Q, STM32H563IIK6, STM32H563IIT3Q, STM32H563IIT6, STM32H563MIY3QTR, STM32H563RGT6, STM32H563RGV6, STM32H563RIT6, STM32H563RIV6, STM32H563VGT6, STM32H563VIT3Q, STM32H563VIT6, STM32H563ZGT6, STM32H563ZIT3Q, STM32H563ZIT6, STM32H573AII3Q, STM32H573AII6, STM32H573I-DK, STM32H573IIK3Q, STM32H573IIK6, STM32H573IIT3Q, STM32H573IIT6, STM32H573MIY3QTR, STM32H573RIT6, STM32H573RIV6, STM32H573VIT3Q, STM32H573VIT6, STM32H573ZIT3Q, STM32H573ZIT6, STM32H7R3A8I6, STM32H7R3I8K6, STM32H7R3I8T6, STM32H7R3L8H6, STM32H7R3L8H6H, STM32H7R3R8V6, STM32H7R3V8H6, STM32H7R3V8T6, STM32H7R3V8Y6TR, STM32H7R3Z8J6, STM32H7R3Z8T6, STM32H7R7A8I6, STM32H7R7I8K6, STM32H7R7I8T6, STM32H7R7L8H6, STM32H7R7L8H6H, STM32H7R7Z8J6, STM32H7S3A8I6, STM32H7S3I8K6, STM32H7S3I8T6, STM32H7S3L8H6, STM32H7S3L8H6H, STM32H7S3R8V6, STM32H7S3V8H6, STM32H7S3V8T6, STM32H7S3V8Y6TR, STM32H7S3Z8J6, STM32H7S3Z8T6, STM32H7S78-DK, STM32H7S7A8I6, STM32H7S7I8K6, STM32H7S7I8T6, STM32H7S7L8H6, STM32H7S7L8H6H, STM32H7S7Z8J6, STM32L4R5QGI6STR, STM32MP131AAE3, STM32MP131AAF3, STM32MP131AAG3, STM32MP131CAE3, STM32MP131CAF3, STM32MP131CAG3, STM32MP131DAE7, STM32MP131DAF7, STM32MP131DAG7, STM32MP131FAE7, STM32MP131FAF7, STM32MP131FAG7, STM32MP133AAE3, STM32MP133AAF3, STM32MP133AAG3, STM32MP133CAE3, STM32MP133CAF3, STM32MP133CAG3, STM32MP133DAE7, STM32MP133DAF7, STM32MP133DAG7, STM32MP133FAE7, STM32MP133FAF7, STM32MP133FAG7, STM32MP135AAE3, STM32MP135AAF3, STM32MP135AAG3, STM32MP135CAE3, STM32MP135CAF3, STM32MP135CAG3, STM32MP135DAE7, STM32MP135DAF7, STM32MP135DAG7, STM32MP135F-DK, STM32MP135FAE7, STM32MP135FAF7, STM32MP135FAF7T, STM32MP135FAF7U, STM32MP135FAG7, STM32MP211AAL3, STM32MP211AAM3, STM32MP211AAN3, STM32MP211AAO3, STM32MP211CAL3, STM32MP211CAM3, STM32MP211CAN3, STM32MP211CAO3, STM32MP211DAL3, STM32MP211DAM3, STM32MP211DAN3, STM32MP211DAO3, STM32MP211FAL3, STM32MP211FAM3, STM32MP211FAN3, STM32MP211FAO3, STM32MP213AAL3, STM32MP213AAM3, STM32MP213AAN3, STM32MP213AAO3, STM32MP213CAL3, STM32MP213CAM3, STM32MP213CAN3, STM32MP213CAO3, STM32MP213DAL3, STM32MP213DAM3, STM32MP213DAN3, STM32MP213DAO3, STM32MP213FAL3, STM32MP213FAM3, STM32MP213FAN3, STM32MP213FAO3, STM32MP215AAL3, STM32MP215AAM3, STM32MP215AAN3, STM32MP215AAO3, STM32MP215CAL3, STM32MP215CAM3, STM32MP215CAN3, STM32MP215CAO3, STM32MP215DAL3, STM32MP215DAM3, STM32MP215DAN3, STM32MP215DAO3, STM32MP215F-DK, STM32MP215FAL3, STM32MP215FAM3, STM32MP215FAN3, STM32MP215FAO3, STM32MP231AAJ3, STM32MP231AAK3, STM32MP231AAL3, STM32MP231CAJ3, STM32MP231CAK3, STM32MP231CAL3, STM32MP231DAJ3, STM32MP231DAK3, STM32MP231DAL3, STM32MP231FAJ3, STM32MP231FAK3, STM32MP231FAL3, STM32MP233AAJ3, STM32MP233AAK3, STM32MP233AAL3, STM32MP233CAJ3, STM32MP233CAK3, STM32MP233CAL3, STM32MP233DAJ3, STM32MP233DAK3, STM32MP233DAL3, STM32MP233FAJ3, STM32MP233FAK3, STM32MP233FAL3, STM32MP235AAJ3, STM32MP235AAK3, STM32MP235AAL3, STM32MP235CAJ3, STM32MP235CAK3, STM32MP235CAL3, STM32MP235DAJ3, STM32MP235DAK3, STM32MP235DAL3, STM32MP235FAJ3, STM32MP235FAK3, STM32MP235FAL3, STM32MP251AAI3, STM32MP251AAK3, STM32MP251AAL3, STM32MP251CAI3, STM32MP251CAK3, STM32MP251CAL3, STM32MP251DAI3, STM32MP251DAK3, STM32MP251DAL3, STM32MP251FAI3, STM32MP251FAK3, STM32MP251FAL3, STM32MP253AAI3, STM32MP253AAK3, STM32MP253AAL3, STM32MP253CAI3, STM32MP253CAK3, STM32MP253CAL3, STM32MP253DAI3, STM32MP253DAK3, STM32MP253DAL3, STM32MP253FAI3, STM32MP253FAK3, STM32MP253FAL3, STM32MP255AAI3, STM32MP255AAK3, STM32MP255AAL3, STM32MP255CAI3, STM32MP255CAK3, STM32MP255CAL3, STM32MP255DAI3, STM32MP255DAK3, STM32MP255DAL3, STM32MP255FAI3, STM32MP255FAK3, STM32MP255FAL3, STM32MP257AAI3, STM32MP257AAK3, STM32MP257AAL3, STM32MP257CAI3, STM32MP257CAK3, STM32MP257CAL3, STM32MP257DAI3, STM32MP257DAK3, STM32MP257DAL3, STM32MP257F-DK, STM32MP257F-EV1, STM32MP257FAI3, STM32MP257FAK3, STM32MP257FAL3, STM32N645A0H3Q, STM32N645B0H3Q, STM32N645I0H3Q, STM32N645L0H3Q, STM32N645X0H3Q, STM32N645Z0H3Q, STM32N647A0H3Q, STM32N647B0H3Q, STM32N647I0H3Q, STM32N647L0H3Q, STM32N647X0H3Q, STM32N647Z0H3Q, STM32N655A0H3Q, STM32N655B0H3Q, STM32N655I0H3Q, STM32N655L0H3Q, STM32N655X0H3Q, STM32N655Z0H3Q, STM32N6570-DK, STM32N657A0H3Q, STM32N657B0H3Q, STM32N657I0H3Q, STM32N657L0H3Q, STM32N657X0H3Q, STM32N657Z0H3Q, STM32U031C6T6, STM32U031C6U6, STM32U031C8T6, STM32U031C8U6, STM32U031F4P6, STM32U031F6P6, STM32U031F8P6, STM32U031G6Y6TR, STM32U031G8Y6TR, STM32U031K4U6, STM32U031K6U6, STM32U031K8U6, STM32U031R6I6, STM32U031R6T6, STM32U031R8I6, STM32U031R8T6, STM32U073C8T6, STM32U073C8U6, STM32U073CBT6, STM32U073CBU6, STM32U073CCT6, STM32U073CCU6, STM32U073H8Y6TR, STM32U073HBY6TR, STM32U073HCY6TR, STM32U073K8U6, STM32U073KBU6, STM32U073KCU6, STM32U073M8I6, STM32U073M8T6, STM32U073MBI6, STM32U073MBT6, STM32U073MCI6, STM32U073MCT6, STM32U073R8I6, STM32U073R8T6, STM32U073RBI6, STM32U073RBT6, STM32U073RCI6, STM32U073RCT6, STM32U083C-DK, STM32U083CCT6, STM32U083CCU6, STM32U083HCY6TR, STM32U083KCU6, STM32U083MCI6, STM32U083MCT6, STM32U083RCI6, STM32U083RCT6, STM32U375CET6, STM32U375CET6Q, STM32U375CEU6, STM32U375CEU6Q, STM32U375CEY6QTR, STM32U375CGT6, STM32U375CGT6Q, STM32U375CGU6, STM32U375CGU6Q, STM32U375CGY6QTR, STM32U375KEU6, STM32U375KGU6, STM32U375REI6, STM32U375REI6Q, STM32U375RET6, STM32U375RET6Q, STM32U375REY6GTR, STM32U375REY6QTR, STM32U375RGI6, STM32U375RGI6Q, STM32U375RGT6, STM32U375RGT6Q, STM32U375RGY6GTR, STM32U375RGY6QTR, STM32U375VEI6, STM32U375VEI6Q, STM32U375VET6, STM32U375VET6Q, STM32U375VGI6, STM32U375VGI6Q, STM32U375VGT6, STM32U375VGT6Q, STM32U385CGT6, STM32U385CGT6Q, STM32U385CGU6, STM32U385CGU6Q, STM32U385CGY6QTR, STM32U385KGU6, STM32U385RGI6, STM32U385RGI6Q, STM32U385RGT6, STM32U385RGT6Q, STM32U385RGY6GTR, STM32U385RGY6QTR, STM32U385VGI6, STM32U385VGI6Q, STM32U385VGT6, STM32U385VGT6Q, STM32U535CBT6, STM32U535CBT6Q, STM32U535CBU6, STM32U535CBU6Q, STM32U535CCT6, STM32U535CCT6Q, STM32U535CCU6, STM32U535CCU6Q, STM32U535CET6, STM32U535CET6Q, STM32U535CEU6, STM32U535CEU6Q, STM32U535JEY6QTR, STM32U535NCY6QTR, STM32U535NEY6QTR, STM32U535RBI6, STM32U535RBI6Q, STM32U535RBT6, STM32U535RBT6Q, STM32U535RCI6, STM32U535RCI6Q, STM32U535RCT6, STM32U535RCT6Q, STM32U535REI6, STM32U535REI6Q, STM32U535RET6, STM32U535RET6Q, STM32U535VCI6, STM32U535VCI6Q, STM32U535VCT6, STM32U535VCT6Q, STM32U535VEI6, STM32U535VEI6Q, STM32U535VET6, STM32U535VET6Q, STM32U545CET6, STM32U545CET6Q, STM32U545CEU6, STM32U545CEU6Q, STM32U545JEY6QTR, STM32U545NEY6QTR, STM32U545REI6, STM32U545REI6Q, STM32U545RET6, STM32U545RET6Q, STM32U545VEI6, STM32U545VEI6Q, STM32U545VET6, STM32U545VET6Q, STM32U595AIH6, STM32U595AIH6Q, STM32U595AJH6, STM32U595AJH6Q, STM32U595QII6, STM32U595QII6Q, STM32U595QJI6, STM32U595QJI6Q, STM32U595RIT6, STM32U595RIT6Q, STM32U595RJT6, STM32U595RJT6Q, STM32U595VIT6, STM32U595VIT6Q, STM32U595VJT6, STM32U595VJT6Q, STM32U595ZIT6, STM32U595ZIT6Q, STM32U595ZIY6QTR, STM32U595ZJT6, STM32U595ZJT6Q, STM32U595ZJY6QTR, STM32U599BJY6QTR, STM32U599NIH6Q, STM32U599NJH6Q, STM32U599VIT6Q, STM32U599VJT6, STM32U599VJT6Q, STM32U599ZIT6Q, STM32U599ZIY6QTR, STM32U599ZJT6Q, STM32U599ZJY6QTR, STM32U5A5AJH6, STM32U5A5AJH6Q, STM32U5A5QII3Q , STM32U5A5QJI6, STM32U5A5QJI6Q, STM32U5A5RJT6, STM32U5A5RJT6Q, STM32U5A5VJT6, STM32U5A5VJT6Q, STM32U5A5ZJT6, STM32U5A5ZJT6Q, STM32U5A5ZJY6QTR, STM32U5A9BJY6QTR, STM32U5A9J-DK, STM32U5A9NJH6Q, STM32U5A9VJT6Q, STM32U5A9ZJT6Q, STM32U5A9ZJY6QTR, STM32U5F7VIT6, STM32U5F7VIT6Q, STM32U5F7VJT6, STM32U5F7VJT6Q, STM32U5F9BJY6QTR, STM32U5F9NJH6Q, STM32U5F9VIT6Q, STM32U5F9VJT6Q, STM32U5F9ZIJ6QTR, STM32U5F9ZIT6Q, STM32U5F9ZJJ6QTR, STM32U5F9ZJT6Q, STM32U5G7VJT6, STM32U5G7VJT6Q, STM32U5G9BJY6QTR, STM32U5G9J-DK1, STM32U5G9J-DK2, STM32U5G9NJH6Q, STM32U5G9VJT6Q, STM32U5G9ZJJ6QTR, STM32U5G9ZJT6Q, STM32WB05KZV6TR, STM32WB05KZV7TR, STM32WB05TZF6TR, STM32WB05TZF7TR, STM32WB06CCF6TR, STM32WB06CCF7TR, STM32WB06CCV6TR, STM32WB06CCV7TR, STM32WB06KCV6TR, STM32WB06KCV7TR, STM32WB07CCF6TR, STM32WB07CCF7TR, STM32WB07CCV6TR, STM32WB07CCV7TR, STM32WB07KCV6TR, STM32WB07KCV7TR, STM32WB09KEV6TR, STM32WB09KEV7TR, STM32WB09TEF6TR, STM32WB09TEF7TR, STM32WB1MMCH6, STM32WBA50KGU6, STM32WBA50KGU6TR, STM32WBA52CEU6, STM32WBA52CEU6TR, STM32WBA52CEU7, STM32WBA52CEU7TR, STM32WBA52CGU6, STM32WBA52CGU6TR, STM32WBA52CGU6U, STM32WBA52CGU7, STM32WBA52CGU7TR, STM32WBA52KEU6, STM32WBA52KEU6TR, STM32WBA52KGU6, STM32WBA52KGU6TR, STM32WBA54CEU6, STM32WBA54CEU6TR, STM32WBA54CEU7, STM32WBA54CEU7TR, STM32WBA54CGU6, STM32WBA54CGU6TR, STM32WBA54CGU7, STM32WBA54CGU7TR, STM32WBA54KEU6, STM32WBA54KEU6TR, STM32WBA54KEU7, STM32WBA54KEU7TR, STM32WBA54KGU6, STM32WBA54KGU6TR, STM32WBA54KGU7, STM32WBA54KGU7TR, STM32WBA55CEU6, STM32WBA55CEU6TR, STM32WBA55CEU7, STM32WBA55CEU7TR, STM32WBA55CGU6, STM32WBA55CGU6TR, STM32WBA55CGU6U, STM32WBA55CGU7, STM32WBA55CGU7TR, STM32WBA55G-DK1, STM32WBA55HEF6, STM32WBA55HEF7, STM32WBA55HGF6, STM32WBA55HGF7, STM32WBA55UEI6, STM32WBA55UEI6TR, STM32WBA55UEI7, STM32WBA55UEI7TR, STM32WBA55UGI6, STM32WBA55UGI6TR, STM32WBA55UGI7, STM32WBA55UGI7TR, STM32WBA5MMGH6TR, STM32WBA62MGF6, STM32WBA62MIF6, STM32WBA65MGF7, STM32WBA65MIF6, STM32WBA65MIF7, STM32WL30K8V6, STM32WL30KBV6, STM32WL31C8V6, STM32WL31CBV6, STM32WL31K8V6, STM32WL31KBV6, STM32WL33C8V6, STM32WL33C8V6X, STM32WL33CBV6, STM32WL33CBV6X, STM32WL33CCV6, STM32WL33CCV6A, STM32WL33CCV6X, STM32WL33K8V7, STM32WL33K8V7X, STM32WL33KBV7 , STM32WL33KBV7X, STM32WL33KCV7, STM32WL33KCV7X, STM32WL5MOCH6, STM32WL5MOCH6TR]
2026-03-11 15:54:26,243 [INFO] DbMcus:218 - Found 4922 MCUs, 4922 are supported
2026-03-11 15:54:26,243 [INFO] ApiDb:423 - Load user favorites file /home/kamil/.stm32cubeide/favorites.mcus.txt: 0 item(s)
2026-03-11 15:54:26,243 [INFO] ApiDb:427 - User favorites MCUs=[]
2026-03-11 15:54:26,243 [INFO] DbMcus:224 - Set 0 / 0 favorites MCUs
2026-03-11 15:54:26,627 [INFO] BoardInfo:889 - No configuration file found for board P-NUCLEO-WB55
2026-03-11 15:54:26,627 [INFO] DbBoards:161 - Kit is not supported: P-NUCLEO-WB55
2026-03-11 15:54:26,630 [INFO] BoardInfo:889 - No configuration file found for board STEVAL-BFA001V1B
2026-03-11 15:54:26,630 [INFO] DbBoards:161 - Kit is not supported: STEVAL-BFA001V1B
2026-03-11 15:54:26,630 [INFO] BoardInfo:889 - No configuration file found for board STEVAL-BFA001V2B
2026-03-11 15:54:26,631 [INFO] DbBoards:161 - Kit is not supported: STEVAL-BFA001V2B
2026-03-11 15:54:26,710 [INFO] DbBoards:168 - Found 212 boards, 209 are supported
2026-03-11 15:54:26,710 [INFO] DbBoards:169 - Found 212 boards, 43 of them is supported for  Bsp
2026-03-11 15:54:26,712 [INFO] ApiDb:423 - Load user favorites file /home/kamil/.stm32cubeide/favorites.boards.txt: 0 item(s)
2026-03-11 15:54:26,712 [INFO] ApiDb:427 - User favorites Boards=[]
2026-03-11 15:54:26,712 [INFO] DbBoards:198 - Set 0 / 0 favorites Boards
2026-03-11 15:54:26,757 [INFO] UtilMem:75 - End LoadConfig() Used Memory: 291996456 Bytes (507510784)
2026-03-11 15:54:26,870 [WARN] ThirdParty:833 - waiting for thirdparty lock release [change project]
2026-03-11 15:54:26,870 [INFO] ThirdParty:835 - entering critical section [change project]
2026-03-11 15:54:26,870 [INFO] ThirdParty:1030 - CMSIS Pack Vendor :STMicroelectronics X-CUBE-AZRTOS-H7 3.5.0
2026-03-11 15:54:26,870 [INFO] ThirdParty:1030 - CMSIS Pack Vendor :STMicroelectronics X-CUBE-PM33A1 1.0.0
2026-03-11 15:54:26,870 [INFO] ThirdParty:1030 - CMSIS Pack Vendor :STMicroelectronics USBPD 4.1
2026-03-11 15:54:26,870 [INFO] ThirdParty:1030 - CMSIS Pack Vendor :STMicroelectronics X-CUBE-NFC9 1.0.0
2026-03-11 15:54:26,870 [INFO] ThirdParty:1030 - CMSIS Pack Vendor :STMicroelectronics USB_HOST 2.0.0
2026-03-11 15:54:26,870 [INFO] ThirdParty:1030 - CMSIS Pack Vendor :STMicroelectronics FP-SNS-MOTENVWB1 1.4.0
2026-03-11 15:54:26,870 [INFO] ThirdParty:1030 - CMSIS Pack Vendor :STMicroelectronics X-CUBE-AZRTOS-F4 1.1.0
2026-03-11 15:54:26,870 [INFO] ThirdParty:1030 - CMSIS Pack Vendor :STMicroelectronics LIBJPEG 8.0.0
2026-03-11 15:54:26,870 [INFO] ThirdParty:1030 - CMSIS Pack Vendor :STMicroelectronics FP-ATR-ASTRA1 2.0.2
2026-03-11 15:54:26,870 [INFO] ThirdParty:1030 - CMSIS Pack Vendor :wolfSSL I-CUBE-wolfSSL 5.8.2
2026-03-11 15:54:26,870 [INFO] ThirdParty:1030 - CMSIS Pack Vendor :STMicroelectronics X-CUBE-BLE1 7.1.0
2026-03-11 15:54:26,870 [INFO] ThirdParty:1030 - CMSIS Pack Vendor :STMicroelectronics X-CUBE-SMBUS 2.1.0
2026-03-11 15:54:26,870 [INFO] ThirdParty:1030 - CMSIS Pack Vendor :wolfSSL I-CUBE-wolfMQTT 1.19.2
2026-03-11 15:54:26,871 [INFO] ThirdParty:1030 - CMSIS Pack Vendor :STMicroelectronics USB_DEVICE 3.0.0
2026-03-11 15:54:26,871 [INFO] ThirdParty:1030 - CMSIS Pack Vendor :STMicroelectronics X-CUBE-ISPU 2.1.0
2026-03-11 15:54:26,871 [INFO] ThirdParty:1030 - CMSIS Pack Vendor :STMicroelectronics X-CUBE-FREERTOS 1.4.0
2026-03-11 15:54:26,871 [INFO] ThirdParty:1030 - CMSIS Pack Vendor :STMicroelectronics X-CUBE-EEPRMA1 5.2.0
2026-03-11 15:54:26,871 [INFO] ThirdParty:1030 - CMSIS Pack Vendor :STMicroelectronics X-CUBE-IPS 3.2.0
2026-03-11 15:54:26,871 [INFO] ThirdParty:1030 - CMSIS Pack Vendor :STMicroelectronics X-CUBE-BLEMGR 4.1.0
2026-03-11 15:54:26,871 [INFO] ThirdParty:1030 - CMSIS Pack Vendor :STMicroelectronics X-CUBE-AZRTOS-WB 2.0.0
2026-03-11 15:54:26,871 [INFO] ThirdParty:1030 - CMSIS Pack Vendor :STMicroelectronics X-CUBE-ST60 1.0.0
2026-03-11 15:54:26,871 [INFO] ThirdParty:1030 - CMSIS Pack Vendor :STMicroelectronics X-CUBE-GNSS1 7.0.1
2026-03-11 15:54:26,871 [INFO] ThirdParty:1030 - CMSIS Pack Vendor :STMicroelectronics X-CUBE-NFC12 1.0.0
2026-03-11 15:54:26,871 [INFO] ThirdParty:1030 - CMSIS Pack Vendor :STMicroelectronics X-CUBE-AZRTOS-F7 1.1.0
2026-03-11 15:54:26,871 [INFO] ThirdParty:1030 - CMSIS Pack Vendor :STMicroelectronics X-CUBE-AZRTOS-L5 2.0.0
2026-03-11 15:54:26,871 [INFO] ThirdParty:1030 - CMSIS Pack Vendor :STMicroelectronics USB_DEVICE 2.0.0
2026-03-11 15:54:26,871 [INFO] ThirdParty:1030 - CMSIS Pack Vendor :STMicroelectronics X-CUBE-NFC6 3.1.0
2026-03-11 15:54:26,871 [INFO] ThirdParty:1030 - CMSIS Pack Vendor :STMicroelectronics X-CUBE-ST67W61 1.1.0
2026-03-11 15:54:26,871 [INFO] ThirdParty:1030 - CMSIS Pack Vendor :Cesanta I-CUBE-Mongoose 7.19.0
2026-03-11 15:54:26,871 [INFO] ThirdParty:1030 - CMSIS Pack Vendor :quantropi X-CUBE-qispace-sdk-base 2.1.0
2026-03-11 15:54:26,871 [INFO] ThirdParty:1030 - CMSIS Pack Vendor :STMicroelectronics X-CUBE-MEMS1 12.0.0
2026-03-11 15:54:26,871 [INFO] ThirdParty:1030 - CMSIS Pack Vendor :STMicroelectronics X-CUBE-STSE01 2.0.0
2026-03-11 15:54:26,871 [INFO] ThirdParty:1030 - CMSIS Pack Vendor :STMicroelectronics FP-SNS-MOTENV1 5.1.0
2026-03-11 15:54:26,871 [INFO] ThirdParty:1030 - CMSIS Pack Vendor :STMicroelectronics FreeRTOS 0.0.1
2026-03-11 15:54:26,871 [INFO] ThirdParty:1030 - CMSIS Pack Vendor :STMicroelectronics X-CUBE-AZRTOS-G0 1.1.0
2026-03-11 15:54:26,871 [INFO] ThirdParty:1030 - CMSIS Pack Vendor :STMicroelectronics X-CUBE-SAFEA1 1.2.2
2026-03-11 15:54:26,871 [INFO] ThirdParty:1030 - CMSIS Pack Vendor :STMicroelectronics X-CUBE-NFC4 3.0.0
2026-03-11 15:54:26,871 [INFO] ThirdParty:1030 - CMSIS Pack Vendor :STMicroelectronics X-CUBE-SUBG2 5.0.0
2026-03-11 15:54:26,871 [INFO] ThirdParty:1030 - CMSIS Pack Vendor :STMicroelectronics X-CUBE-AZRTOS-H7RS 1.1.0
2026-03-11 15:54:26,871 [INFO] ThirdParty:1030 - CMSIS Pack Vendor :STMicroelectronics STM32_WPAN 1.0.0
2026-03-11 15:54:26,871 [INFO] ThirdParty:1030 - CMSIS Pack Vendor :EmbeddedOffice I-CUBE-FS-RTOS 1.0.1
2026-03-11 15:54:26,871 [INFO] ThirdParty:1030 - CMSIS Pack Vendor :STMicroelectronics lwIP 2.0.3
2026-03-11 15:54:26,871 [INFO] ThirdParty:1030 - CMSIS Pack Vendor :WES I-CUBE-Cesium 1.4.0
2026-03-11 15:54:26,871 [INFO] ThirdParty:1030 - CMSIS Pack Vendor :STMicroelectronics USB_HOST 1.0.0
2026-03-11 15:54:26,871 [INFO] ThirdParty:1030 - CMSIS Pack Vendor :Infineon AIROC-Wi-Fi-Bluetooth-STM32 1.7.1
2026-03-11 15:54:26,871 [INFO] ThirdParty:1030 - CMSIS Pack Vendor :STMicroelectronics X-CUBE-AZRTOS-G4 2.0.0
2026-03-11 15:54:26,872 [INFO] ThirdParty:1030 - CMSIS Pack Vendor :STMicroelectronics X-CUBE-WB05N 2.0.0
2026-03-11 15:54:26,872 [INFO] ThirdParty:1030 - CMSIS Pack Vendor :STMicroelectronics PDM2PCM 3.1.0
2026-03-11 15:54:26,872 [INFO] ThirdParty:1030 - CMSIS Pack Vendor :STMicroelectronics PDM2PCM 3.3.0
2026-03-11 15:54:26,872 [INFO] ThirdParty:1030 - CMSIS Pack Vendor :wolfSSL I-CUBE-wolfTPM 3.8.0
2026-03-11 15:54:26,872 [INFO] ThirdParty:1030 - CMSIS Pack Vendor :STMicroelectronics X-CUBE-AZRTOS-H7 3.4.0
2026-03-11 15:54:26,872 [INFO] ThirdParty:1030 - CMSIS Pack Vendor :STMicroelectronics X-CUBE-DISPLAY 3.0.0
2026-03-11 15:54:26,872 [INFO] ThirdParty:1030 - CMSIS Pack Vendor :wolfSSL I-CUBE-wolfSSH 1.4.20
2026-03-11 15:54:26,872 [INFO] ThirdParty:1030 - CMSIS Pack Vendor :STMicroelectronics X-CUBE-NFC7 2.0.0
2026-03-11 15:54:26,872 [INFO] ThirdParty:1030 - CMSIS Pack Vendor :STMicroelectronics FP-SNS-MOTENVWB1 1.5.0
2026-03-11 15:54:26,872 [INFO] ThirdParty:1030 - CMSIS Pack Vendor :STMicroelectronics X-CUBE-TCPP 4.2.0
2026-03-11 15:54:26,872 [INFO] ThirdParty:1030 - CMSIS Pack Vendor :RealThread X-CUBE-RT-Thread_Nano 4.1.1
2026-03-11 15:54:26,872 [INFO] ThirdParty:1030 - CMSIS Pack Vendor :STMicroelectronics FP-ATR-SIGFOX1 3.2.0
2026-03-11 15:54:26,872 [INFO] ThirdParty:1030 - CMSIS Pack Vendor :STMicroelectronics X-CUBE-NFC10 1.0.0
2026-03-11 15:54:26,872 [INFO] ThirdParty:1030 - CMSIS Pack Vendor :STMicroelectronics X-CUBE-FREERTOS 1.3.1
2026-03-11 15:54:26,872 [INFO] ThirdParty:1030 - CMSIS Pack Vendor :STMicroelectronics HAL Drivers 0.0.0
2026-03-11 15:54:26,872 [INFO] ThirdParty:1030 - CMSIS Pack Vendor :STMicroelectronics X-CUBE-FREERTOS 1.5.0
2026-03-11 15:54:26,872 [INFO] ThirdParty:1030 - CMSIS Pack Vendor :STMicroelectronics MBEDTLS 2.16.2
2026-03-11 15:54:26,872 [INFO] ThirdParty:1030 - CMSIS Pack Vendor :STMicroelectronics X-CUBE-ST60 1.1.0
2026-03-11 15:54:26,872 [INFO] ThirdParty:1030 - CMSIS Pack Vendor :STMicroelectronics X-CUBE-ALS 1.0.2
2026-03-11 15:54:26,872 [INFO] ThirdParty:1030 - CMSIS Pack Vendor :emotas I-CUBE-CANOPEN 1.3.0
2026-03-11 15:54:26,872 [INFO] ThirdParty:1030 - CMSIS Pack Vendor :STMicroelectronics MBEDTLS 2.14.1
2026-03-11 15:54:26,873 [INFO] ThirdParty:1030 - CMSIS Pack Vendor :STMicroelectronics X-CUBE-GNSS1 7.1.0
2026-03-11 15:54:26,873 [INFO] ThirdParty:1030 - CMSIS Pack Vendor :ITTIA_DB I-CUBE-ITTIADB 8.9.0
2026-03-11 15:54:26,873 [INFO] ThirdParty:1030 - CMSIS Pack Vendor :STMicroelectronics X-CUBE-TOUCHGFX 4.26.0
2026-03-11 15:54:26,873 [INFO] ThirdParty:1030 - CMSIS Pack Vendor :STMicroelectronics X-CUBE-STSE01 1.0.0
2026-03-11 15:54:26,873 [INFO] ThirdParty:1030 - CMSIS Pack Vendor :STMicroelectronics X-CUBE-TOUCHGFX 4.26.1
2026-03-11 15:54:26,873 [INFO] ThirdParty:1030 - CMSIS Pack Vendor :STMicroelectronics X-CUBE-NFC6 3.2.0
2026-03-11 15:54:26,873 [INFO] ThirdParty:1030 - CMSIS Pack Vendor :STMicroelectronics ThreadX 1.0.0
2026-03-11 15:54:26,873 [INFO] ThirdParty:1030 - CMSIS Pack Vendor :STMicroelectronics FP-SNS-SMARTAG2 1.2.0
2026-03-11 15:54:26,873 [INFO] ThirdParty:1030 - CMSIS Pack Vendor :STMicroelectronics FP-SNS-FLIGHT1 5.1.0
2026-03-11 15:54:26,873 [INFO] ThirdParty:1030 - CMSIS Pack Vendor :STMicroelectronics X-CUBE-AZRTOS-WL 2.0.0
2026-03-11 15:54:26,873 [INFO] ThirdParty:1030 - CMSIS Pack Vendor :SEGGER I-CUBE-embOS 1.3.1
2026-03-11 15:54:26,873 [INFO] ThirdParty:1030 - CMSIS Pack Vendor :STMicroelectronics X-CUBE-ALGOBUILD 1.4.0
2026-03-11 15:54:26,873 [INFO] ThirdParty:1030 - CMSIS Pack Vendor :STMicroelectronics X-CUBE-DPower 1.3.0
2026-03-11 15:54:26,873 [INFO] ThirdParty:1030 - CMSIS Pack Vendor :STMicroelectronics X-CUBE-MEMS1 11.3.0
2026-03-11 15:54:26,873 [INFO] ThirdParty:1030 - CMSIS Pack Vendor :STMicroelectronics FP-SNS-MOTENV1 5.0.0
2026-03-11 15:54:26,873 [INFO] ThirdParty:1030 - CMSIS Pack Vendor :STMicroelectronics USB_DEVICE 1.0.0
2026-03-11 15:54:26,873 [INFO] ThirdParty:1030 - CMSIS Pack Vendor :STMicroelectronics X-CUBE-AZRTOS-H7RS 1.2.0
2026-03-11 15:54:26,873 [INFO] ThirdParty:1030 - CMSIS Pack Vendor :STMicroelectronics X-CUBE-AZRTOS-L4 2.0.0
2026-03-11 15:54:26,873 [INFO] ThirdParty:1030 - CMSIS Pack Vendor :STMicroelectronics ThreadX 0.0.2
2026-03-11 15:54:26,873 [INFO] ThirdParty:1030 - CMSIS Pack Vendor :STMicroelectronics lwIP 2.1.2
2026-03-11 15:54:26,873 [INFO] ThirdParty:1030 - CMSIS Pack Vendor :STMicroelectronics X-CUBE-SFXS2LP1 4.0.0
2026-03-11 15:54:26,873 [INFO] ThirdParty:1030 - CMSIS Pack Vendor :STMicroelectronics X-CUBE-BLE2 3.3.0
2026-03-11 15:54:26,873 [INFO] ThirdParty:1030 - CMSIS Pack Vendor :Avnet-IOTCONNECT X-CUBE-iotc-st67-sdk 1.0.0
2026-03-11 15:54:26,873 [INFO] ThirdParty:1030 - CMSIS Pack Vendor :STMicroelectronics X-CUBE-TOF1 3.4.3
2026-03-11 15:54:26,873 [INFO] ThirdParty:1030 - CMSIS Pack Vendor :STMicroelectronics PDM2PCM 3.2.0
2026-03-11 15:54:26,873 [INFO] ThirdParty:1030 - CMSIS Pack Vendor :STMicroelectronics X-CUBE-ST67W61 1.2.0
2026-03-11 15:54:26,873 [INFO] ThirdParty:841 - exiting critical section [change project]
2026-03-11 15:54:27,178 [INFO] PinOutPanel:1589 - setPackage(No Configuration,No Configuration)
2026-03-11 15:54:27,180 [INFO] PinOutPanel:1589 - setPackage(STM32F446RETx,LQFP64)
2026-03-11 15:54:27,617 [INFO] UtilMem:75 - Before build in PCC Used Memory: 434226768 Bytes (507510784)
2026-03-11 15:54:28,021 [INFO] UtilMem:75 - After build in PCC Used Memory: 343812800 Bytes (507510784)
2026-03-11 15:54:28,061 [INFO] ApiDbMcu:532 - Load IP Config File for USB_DEVICE
2026-03-11 15:54:28,081 [INFO] IPUIPlugin:80 - create IPUIPlugin
2026-03-11 15:54:28,081 [INFO] IPUIPlugin:80 - create IPUIPlugin
2026-03-11 15:54:28,081 [INFO] IPUIPlugin:80 - create IPUIPlugin
2026-03-11 15:54:28,081 [INFO] IPUIPlugin:80 - create IPUIPlugin
2026-03-11 15:54:28,081 [INFO] IPUIPlugin:80 - create IPUIPlugin
2026-03-11 15:54:28,081 [INFO] IPUIPlugin:80 - create IPUIPlugin
2026-03-11 15:54:28,081 [INFO] IPUIPlugin:80 - create IPUIPlugin
2026-03-11 15:54:28,081 [INFO] IPUIPlugin:80 - create IPUIPlugin
2026-03-11 15:54:28,081 [INFO] IPUIPlugin:80 - create IPUIPlugin
2026-03-11 15:54:28,082 [INFO] IPUIPlugin:80 - create IPUIPlugin
2026-03-11 15:54:28,082 [INFO] IPUIPlugin:80 - create IPUIPlugin
2026-03-11 15:54:28,082 [INFO] IPUIPlugin:80 - create IPUIPlugin
2026-03-11 15:54:28,082 [INFO] IPUIPlugin:80 - create IPUIPlugin
2026-03-11 15:54:28,082 [INFO] IPUIPlugin:80 - create IPUIPlugin
2026-03-11 15:54:28,082 [INFO] IPUIPlugin:80 - create IPUIPlugin
2026-03-11 15:54:28,082 [INFO] IPUIPlugin:80 - create IPUIPlugin
2026-03-11 15:54:28,082 [INFO] IPUIPlugin:80 - create IPUIPlugin
2026-03-11 15:54:28,082 [INFO] IPUIPlugin:80 - create IPUIPlugin
2026-03-11 15:54:28,082 [INFO] IPUIPlugin:80 - create IPUIPlugin
2026-03-11 15:54:28,082 [INFO] IPUIPlugin:80 - create IPUIPlugin
2026-03-11 15:54:28,082 [INFO] IPUIPlugin:80 - create IPUIPlugin
2026-03-11 15:54:28,083 [INFO] IPUIPlugin:80 - create IPUIPlugin
2026-03-11 15:54:28,083 [INFO] IPUIPlugin:80 - create IPUIPlugin
2026-03-11 15:54:28,083 [INFO] IPUIPlugin:80 - create IPUIPlugin
2026-03-11 15:54:28,083 [INFO] IPUIPlugin:80 - create IPUIPlugin
2026-03-11 15:54:28,083 [INFO] IPUIPlugin:80 - create IPUIPlugin
2026-03-11 15:54:28,083 [INFO] IPUIPlugin:80 - create IPUIPlugin
2026-03-11 15:54:28,083 [INFO] IPUIPlugin:80 - create IPUIPlugin
2026-03-11 15:54:28,083 [INFO] IPUIPlugin:80 - create IPUIPlugin
2026-03-11 15:54:28,083 [INFO] IPUIPlugin:80 - create IPUIPlugin
2026-03-11 15:54:28,083 [INFO] IPUIPlugin:80 - create IPUIPlugin
2026-03-11 15:54:28,084 [INFO] IPUIPlugin:80 - create IPUIPlugin
2026-03-11 15:54:28,084 [INFO] IPUIPlugin:80 - create IPUIPlugin
2026-03-11 15:54:28,084 [INFO] IPUIPlugin:80 - create IPUIPlugin
2026-03-11 15:54:28,084 [INFO] IPUIPlugin:80 - create IPUIPlugin
2026-03-11 15:54:28,084 [INFO] IPUIPlugin:80 - create IPUIPlugin
2026-03-11 15:54:28,084 [INFO] IPUIPlugin:80 - create IPUIPlugin
2026-03-11 15:54:28,084 [INFO] IPUIPlugin:80 - create IPUIPlugin
2026-03-11 15:54:28,084 [INFO] IPUIPlugin:80 - create IPUIPlugin
2026-03-11 15:54:28,084 [INFO] IPUIPlugin:80 - create IPUIPlugin
2026-03-11 15:54:28,085 [INFO] IPUIPlugin:80 - create IPUIPlugin
2026-03-11 15:54:28,085 [INFO] IPUIPlugin:80 - create IPUIPlugin
2026-03-11 15:54:28,085 [INFO] IPUIPlugin:80 - create IPUIPlugin
2026-03-11 15:54:28,085 [INFO] IPUIPlugin:80 - create IPUIPlugin
2026-03-11 15:54:28,085 [INFO] IPUIPlugin:80 - create IPUIPlugin
2026-03-11 15:54:28,085 [INFO] IPUIPlugin:80 - create IPUIPlugin
2026-03-11 15:54:28,085 [INFO] IPUIPlugin:80 - create IPUIPlugin
2026-03-11 15:54:28,086 [INFO] IPUIPlugin:80 - create IPUIPlugin
2026-03-11 15:54:28,086 [INFO] IPUIPlugin:80 - create IPUIPlugin
2026-03-11 15:54:28,086 [INFO] IPUIPlugin:80 - create IPUIPlugin
2026-03-11 15:54:28,086 [INFO] IPUIPlugin:80 - create IPUIPlugin
2026-03-11 15:54:28,086 [INFO] IPUIPlugin:80 - create IPUIPlugin
2026-03-11 15:54:28,086 [INFO] IPUIPlugin:80 - create IPUIPlugin
2026-03-11 15:54:28,086 [INFO] IPUIPlugin:80 - create IPUIPlugin
2026-03-11 15:54:28,087 [INFO] IPUIPlugin:80 - create IPUIPlugin
2026-03-11 15:54:28,087 [INFO] IPUIPlugin:80 - create IPUIPlugin
2026-03-11 15:54:28,087 [INFO] IPUIPlugin:80 - create IPUIPlugin
2026-03-11 15:54:28,087 [INFO] IPUIPlugin:80 - create IPUIPlugin
2026-03-11 15:54:28,087 [INFO] IPUIPlugin:80 - create IPUIPlugin
2026-03-11 15:54:28,088 [INFO] IPUIPlugin:80 - create IPUIPlugin
2026-03-11 15:54:28,093 [INFO] ApiDbMcu:532 - Load IP Config File for PDM2PCM
2026-03-11 15:54:28,100 [INFO] Can:71 - Can Add PropertyChangeListener com.st.microxplorer.plugins.ip.can.Can@7000456a
2026-03-11 15:54:28,101 [WARN] IP:2250 - I2C_Coeff_DF not found: check if there is a RefParameter without a condition.
2026-03-11 15:54:28,101 [WARN] IP:2250 - Analog_Filter not found: check if there is a RefParameter without a condition.
2026-03-11 15:54:28,228 [INFO] CADModel:165 - CPN selected for project levelSTM32F446RET6
2026-03-11 15:54:28,228 [INFO] CADModel:114 - Register for checkConnection events
2026-03-11 15:54:28,267 [INFO] OpenFileManager:386 - Restore cursor
2026-03-11 15:54:28,415 [WARN] IP:2250 - DEVICE_SERIAL0_CDC_FS not found: check if there is a RefParameter without a condition.
2026-03-11 15:54:28,415 [WARN] IP:2250 - DEVICE_SERIAL1_CDC_FS not found: check if there is a RefParameter without a condition.
2026-03-11 15:54:28,415 [WARN] IP:2250 - DEVICE_SERIAL2_CDC_FS not found: check if there is a RefParameter without a condition.
2026-03-11 15:54:28,416 [WARN] IP:2250 - DEVICE_SERIAL0_CDC_FS not found: check if there is a RefParameter without a condition.
2026-03-11 15:54:28,416 [WARN] IP:2250 - DEVICE_SERIAL1_CDC_FS not found: check if there is a RefParameter without a condition.
2026-03-11 15:54:28,416 [WARN] IP:2250 - DEVICE_SERIAL2_CDC_FS not found: check if there is a RefParameter without a condition.
2026-03-11 15:54:28,457 [WARN] IP:2250 - I2C_Coeff_DF not found: check if there is a RefParameter without a condition.
2026-03-11 15:54:28,457 [WARN] IP:2250 - Analog_Filter not found: check if there is a RefParameter without a condition.
2026-03-11 15:54:28,457 [WARN] IP:2250 - I2C_Coeff_DF not found: check if there is a RefParameter without a condition.
2026-03-11 15:54:28,457 [WARN] IP:2250 - Analog_Filter not found: check if there is a RefParameter without a condition.
2026-03-11 15:54:32,122 [INFO] Gpio:278 - dependency for GPIO [CAN1, I2C3, RCC, SYS, TIM9, USB_OTG_FS]
2026-03-11 15:54:40,694 [INFO] Gpio:278 - dependency for GPIO [CAN1, I2C3, RCC, SYS, TIM9, USB_OTG_FS]
2026-03-11 15:54:55,329 [INFO] Gpio:278 - dependency for GPIO [CAN1, I2C3, RCC, SYS, TIM9, USB_OTG_FS]
2026-03-11 15:59:31,799 [INFO] WebApp:194 - Connection lost
2026-03-11 15:59:31,953 [INFO] WebApp:191 - Connection restablished
2026-03-11 16:02:07,176 [INFO] WebApp:194 - Connection lost
2026-03-11 16:02:07,300 [INFO] WebApp:191 - Connection restablished
2026-03-11 16:05:03,115 [INFO] WebApp:194 - Connection lost
2026-03-11 16:05:14,539 [INFO] WebApp:191 - Connection restablished
2026-03-11 16:18:51,059 [INFO] MainUpdater:2872 - connection check result : 10
2026-03-11 16:18:51,059 [INFO] MainUpdater:2872 - connection check result : 10
2026-03-11 16:18:51,219 [INFO] MicroXplorer:468 - Change Database Path : 
2026-03-11 16:18:51,219 [INFO] MicroXplorer:498 - Change Database Version : DB.6.0.150
2026-03-11 16:18:51,230 [ERROR] ProjectManagerView:395 - 
java.lang.NullPointerException: Cannot invoke "javax.swing.JTextField.getText()" because the return value of "java.util.List.get(int)" is null
	at com.st.microxplorer.plugins.projectmanager.gui.ProjectChoiceTab$9.caretUpdate(ProjectChoiceTab.java:2706) ~[filemanager.jar:?]
	at javax.swing.text.JTextComponent.fireCaretUpdate(JTextComponent.java:408) ~[?:?]
	at javax.swing.text.JTextComponent$MutableCaretEvent.fire(JTextComponent.java:4484) ~[?:?]
	at javax.swing.text.JTextComponent$MutableCaretEvent.stateChanged(JTextComponent.java:4506) ~[?:?]
	at javax.swing.text.DefaultCaret.fireStateChanged(DefaultCaret.java:857) ~[?:?]
	at javax.swing.text.DefaultCaret.changeCaretPosition(DefaultCaret.java:1343) ~[?:?]
	at javax.swing.text.DefaultCaret.handleSetDot(DefaultCaret.java:1242) ~[?:?]
	at javax.swing.text.DefaultCaret.setDot(DefaultCaret.java:1223) ~[?:?]
	at javax.swing.text.DefaultCaret$Handler.insertUpdate(DefaultCaret.java:1819) ~[?:?]
	at javax.swing.text.AbstractDocument.fireInsertUpdate(AbstractDocument.java:227) ~[?:?]
	at javax.swing.text.AbstractDocument.handleInsertString(AbstractDocument.java:781) ~[?:?]
	at javax.swing.text.AbstractDocument.insertString(AbstractDocument.java:740) ~[?:?]
	at javax.swing.text.PlainDocument.insertString(PlainDocument.java:131) ~[?:?]
	at javax.swing.text.AbstractDocument.replace(AbstractDocument.java:699) ~[?:?]
	at javax.swing.text.JTextComponent.setText(JTextComponent.java:1725) ~[?:?]
	at com.st.microxplorer.plugins.projectmanager.gui.ProjectChoiceTab.createHeapStackFields(ProjectChoiceTab.java:993) ~[filemanager.jar:?]
	at com.st.microxplorer.plugins.projectmanager.gui.ProjectChoiceTab.buildLinkSettingsPanel(ProjectChoiceTab.java:3813) ~[filemanager.jar:?]
	at com.st.microxplorer.plugins.projectmanager.gui.ProjectChoiceTab.defineWindowsFields(ProjectChoiceTab.java:1987) ~[filemanager.jar:?]
	at com.st.microxplorer.plugins.projectmanager.gui.ProjectChoiceTab.updateSettings(ProjectChoiceTab.java:558) ~[filemanager.jar:?]
	at com.st.microxplorer.plugins.projectmanager.gui.ProjectSettingsPanel.UpdateDialog(ProjectSettingsPanel.java:247) ~[filemanager.jar:?]
	at com.st.microxplorer.plugins.projectmanager.ProjectManagerView.propertyChange(ProjectManagerView.java:392) ~[filemanager.jar:?]
	at java.beans.PropertyChangeSupport.fire(PropertyChangeSupport.java:343) ~[?:?]
	at java.beans.PropertyChangeSupport.firePropertyChange(PropertyChangeSupport.java:335) ~[?:?]
	at java.beans.PropertyChangeSupport.firePropertyChange(PropertyChangeSupport.java:268) ~[?:?]
	at com.st.microxplorer.util.MXPropertyChangeSupport.firePropertyChange(MXPropertyChangeSupport.java:54) ~[STM32CubeMX.jar:?]
	at com.st.microxplorer.mxsystem.MxSystem.closeConfig(MxSystem.java:899) ~[STM32CubeMX.jar:?]
	at com.st.microxplorer.maingui.MainPanel.closeConfig(MainPanel.java:792) ~[STM32CubeMX.jar:?]
	at com.st.microxplorer.plugins.filemanager.engine.OpenFileManager.loadConfigurationFile(OpenFileManager.java:288) ~[filemanager.jar:?]
	at com.st.microxplorer.plugins.filemanager.engine.MainFileManager.userLoadConfig(MainFileManager.java:364) ~[filemanager.jar:?]
	at com.st.microxplorer.plugins.filemanager.engine.MainFileManager.userLoadConfig(MainFileManager.java:342) ~[filemanager.jar:?]
	at com.st.microxplorer.plugins.filemanager.FileManagerView.getSpecificTask(FileManagerView.java:264) ~[filemanager.jar:?]
	at com.st.stm32cube.common.mx.editor.CubeMxEditor.getMxTabbedPaneInstance(CubeMxEditor.java:1198) ~[com.st.stm32cube.common.mx_6.15.0.202507011659/:?]
	at com.st.stm32cube.common.mx.editor.CubeMxEditor$12$1.createSwingComponent(CubeMxEditor.java:1068) ~[com.st.stm32cube.common.mx_6.15.0.202507011659/:?]
	at com.st.stm32cube.common.mx.oss.core.awtswtbridge.EmbeddedSwingComposite.doComponentCreation(EmbeddedSwingComposite.java:492) ~[com.st.stm32cube.common.mx.oss_6.15.0.202507011659/:?]
	at com.st.stm32cube.common.mx.oss.core.awtswtbridge.EmbeddedSwingComposite$4.run(EmbeddedSwingComposite.java:291) ~[com.st.stm32cube.common.mx.oss_6.15.0.202507011659/:?]
	at com.st.stm32cube.common.mx.oss.core.awtswtbridge.AwtEnvironment$2.run(AwtEnvironment.java:166) ~[com.st.stm32cube.common.mx.oss_6.15.0.202507011659/:?]
	at java.awt.event.InvocationEvent.dispatch(InvocationEvent.java:318) ~[?:?]
	at java.awt.EventQueue.dispatchEventImpl(EventQueue.java:773) ~[?:?]
	at java.awt.EventQueue$4.run(EventQueue.java:720) ~[?:?]
	at java.awt.EventQueue$4.run(EventQueue.java:714) ~[?:?]
	at java.security.AccessController.doPrivileged(AccessController.java:400) ~[?:?]
	at java.security.ProtectionDomain$JavaSecurityAccessImpl.doIntersectionPrivilege(ProtectionDomain.java:87) ~[?:?]
	at java.awt.EventQueue.dispatchEvent(EventQueue.java:742) ~[?:?]
	at java.awt.EventDispatchThread.pumpOneEventForFilters(EventDispatchThread.java:203) ~[?:?]
	at java.awt.EventDispatchThread.pumpEventsForFilter(EventDispatchThread.java:124) ~[?:?]
	at java.awt.EventDispatchThread.pumpEventsForHierarchy(EventDispatchThread.java:113) ~[?:?]
	at java.awt.EventDispatchThread.pumpEvents(EventDispatchThread.java:109) ~[?:?]
	at java.awt.EventDispatchThread.pumpEvents(EventDispatchThread.java:101) ~[?:?]
	at java.awt.EventDispatchThread.run(EventDispatchThread.java:90) ~[?:?]
2026-03-11 16:18:51,237 [WARN] ThirdParty:871 - waiting for thirdparty lock release [close project]
2026-03-11 16:18:51,237 [INFO] ThirdParty:873 - entering critical section [close project]
2026-03-11 16:18:51,237 [INFO] ThirdParty:883 - exiting critical section [close project]
2026-03-11 16:18:51,240 [INFO] PinOutPanel:1589 - setPackage(No Configuration,No Configuration)
2026-03-11 16:18:51,250 [WARN] IpParametersView:155 - Warning: This peripheral hasn't parameters
2026-03-11 16:18:51,256 [WARN] MainPanel:289 - <html><b><center>Warning: This peripheral has no parameters to be configured<br></b></html>
2026-03-11 16:18:51,267 [INFO] UtilMem:75 - Begin LoadConfig() Used Memory: 818025216 Bytes (1063256064)
2026-03-11 16:18:51,268 [INFO] MicroXplorer:468 - Change Database Path : 
2026-03-11 16:18:51,268 [INFO] MicroXplorer:498 - Change Database Version : DB.6.0.150
2026-03-11 16:18:51,268 [INFO] OpenFileManager:355 - Change cursor
2026-03-11 16:18:51,282 [INFO] Mcu:2029 - Initializing MCU STM32F446R(C-E)Tx STM32F446RETx STM32F446RET6
2026-03-11 16:18:52,455 [INFO] Context:786 - Trying to add GPIOservice into a context  which must be forbidden
2026-03-11 16:18:53,058 [INFO] ImportTextPane:234 - (OptionalMessage_ERROR) Pin16 (VP_RIF_VS_RIF1) cannot be retrieved for this MCU
2026-03-11 16:18:53,151 [INFO] RtosManager:558 - Registered RTOS mode: class=CMSIS, group=RTOS, mode=CMSIS_V1, owner=FREERTOS
2026-03-11 16:18:53,151 [INFO] RtosManager:558 - Registered RTOS mode: class=CMSIS, group=RTOS2, mode=CMSIS_V2, owner=FREERTOS
2026-03-11 16:18:53,151 [INFO] RtosManager:558 - Registered RTOS mode: class=RTOS, group=Core, mode=CMSIS_V1, owner=FREERTOS
2026-03-11 16:18:53,151 [INFO] RtosManager:558 - Registered RTOS mode: class=RTOS, group=Core, mode=CMSIS_V2, owner=FREERTOS
2026-03-11 16:18:53,151 [WARN] ModelIntegratedComponent:184 - Missing modes for component STMicroelectronics:FreeRTOS:0.0.1:STMicroelectronics:RTOS:FreeRTOS:Core:::10.2.0:
2026-03-11 16:18:53,157 [WARN] ModelIntegratedComponent:63 - No mode defined for component null
2026-03-11 16:18:53,157 [WARN] ModelIntegratedComponent:63 - No mode defined for component null
2026-03-11 16:18:53,157 [WARN] ModelIntegratedComponent:63 - No mode defined for component null
2026-03-11 16:18:53,157 [WARN] ModelIntegratedComponent:63 - No mode defined for component null
2026-03-11 16:18:53,157 [WARN] ModelIntegratedComponent:63 - No mode defined for component null
2026-03-11 16:18:53,157 [WARN] ModelIntegratedComponent:63 - No mode defined for component null
2026-03-11 16:18:53,157 [WARN] ModelIntegratedComponent:63 - No mode defined for component null
2026-03-11 16:18:53,157 [WARN] ModelIntegratedComponent:63 - No mode defined for component null
2026-03-11 16:18:53,157 [WARN] ModelIntegratedComponent:63 - No mode defined for component null
2026-03-11 16:18:53,157 [WARN] ModelIntegratedComponent:63 - No mode defined for component null
2026-03-11 16:18:53,157 [WARN] ModelIntegratedComponent:63 - No mode defined for component null
2026-03-11 16:18:53,157 [WARN] ModelIntegratedComponent:63 - No mode defined for component null
2026-03-11 16:18:53,157 [WARN] ModelIntegratedComponent:63 - No mode defined for component null
2026-03-11 16:18:53,157 [WARN] ModelIntegratedComponent:63 - No mode defined for component null
2026-03-11 16:18:53,157 [WARN] ModelIntegratedComponent:63 - No mode defined for component null
2026-03-11 16:18:53,157 [WARN] ModelIntegratedComponent:63 - No mode defined for component null
2026-03-11 16:18:53,157 [WARN] ModelIntegratedComponent:63 - No mode defined for component null
2026-03-11 16:18:53,157 [WARN] ModelIntegratedComponent:63 - No mode defined for component null
2026-03-11 16:18:53,157 [WARN] ModelIntegratedComponent:63 - No mode defined for component null
2026-03-11 16:18:53,157 [WARN] ModelIntegratedComponent:63 - No mode defined for component null
2026-03-11 16:18:53,157 [WARN] ModelIntegratedComponent:63 - No mode defined for component null
2026-03-11 16:18:53,157 [WARN] ModelIntegratedComponent:63 - No mode defined for component null
2026-03-11 16:18:53,157 [WARN] ModelIntegratedComponent:63 - No mode defined for component null
2026-03-11 16:18:53,157 [WARN] ModelIntegratedComponent:63 - No mode defined for component null
2026-03-11 16:18:53,157 [WARN] ModelIntegratedComponent:63 - No mode defined for component null
2026-03-11 16:18:53,157 [WARN] ModelIntegratedComponent:63 - No mode defined for component null
2026-03-11 16:18:53,157 [WARN] ModelIntegratedComponent:63 - No mode defined for component null
2026-03-11 16:18:53,157 [WARN] ModelIntegratedComponent:63 - No mode defined for component null
2026-03-11 16:18:53,157 [WARN] ModelIntegratedComponent:63 - No mode defined for component null
2026-03-11 16:18:53,157 [WARN] ModelIntegratedComponent:63 - No mode defined for component null
2026-03-11 16:18:53,157 [WARN] ModelIntegratedComponent:63 - No mode defined for component null
2026-03-11 16:18:53,157 [WARN] ModelIntegratedComponent:63 - No mode defined for component null
2026-03-11 16:18:53,157 [WARN] ModelIntegratedComponent:63 - No mode defined for component null
2026-03-11 16:18:53,157 [WARN] ModelIntegratedComponent:63 - No mode defined for component null
2026-03-11 16:18:53,157 [WARN] ModelIntegratedComponent:63 - No mode defined for component null
2026-03-11 16:18:53,157 [WARN] ModelPack:524 - Component already loaded: STMicroelectronics:HAL Drivers:0.0.0:STMicroelectronics:Device:STMicro_Driver:XSPI:HAL::0.0.1:HAL_XSPI
2026-03-11 16:18:53,213 [INFO] ThirdPartyModel:298 - Start build external matchings
2026-03-11 16:18:53,608 [INFO] ThirdPartyModel:316 - End build external matchings
2026-03-11 16:18:53,624 [INFO] ImportTextPane:234 - (OptionalMessage_ERROR) IP (DMA) : Parameter (Instance) has Id (I2C3_RX) currently not set
2026-03-11 16:18:53,624 [INFO] ImportTextPane:234 - (OptionalMessage_ERROR) IP (DMA) : Parameter (Channel) has Id (I2C3_RX) currently not set
2026-03-11 16:18:53,624 [INFO] ImportTextPane:234 - (OptionalMessage_ERROR) IP (DMA) : Parameter (Direction) has Id (I2C3_RX) currently not set
2026-03-11 16:18:53,624 [INFO] ImportTextPane:234 - (OptionalMessage_ERROR) IP (DMA) : Parameter (PeriphInc) has Id (I2C3_RX) currently not set
2026-03-11 16:18:53,624 [INFO] ImportTextPane:234 - (OptionalMessage_ERROR) IP (DMA) : Parameter (MemInc) has Id (I2C3_RX) currently not set
2026-03-11 16:18:53,625 [INFO] ImportTextPane:234 - (OptionalMessage_ERROR) IP (DMA) : Parameter (PeriphDataAlignment) has Id (I2C3_RX) currently not set
2026-03-11 16:18:53,625 [INFO] ImportTextPane:234 - (OptionalMessage_ERROR) IP (DMA) : Parameter (MemDataAlignment) has Id (I2C3_RX) currently not set
2026-03-11 16:18:53,625 [INFO] ImportTextPane:234 - (OptionalMessage_ERROR) IP (DMA) : Parameter (Mode) has Id (I2C3_RX) currently not set
2026-03-11 16:18:53,625 [INFO] ImportTextPane:234 - (OptionalMessage_ERROR) IP (DMA) : Parameter (Priority) has Id (I2C3_RX) currently not set
2026-03-11 16:18:53,625 [INFO] ImportTextPane:234 - (OptionalMessage_ERROR) IP (DMA) : Parameter (FIFOMode) has Id (I2C3_RX) currently not set
2026-03-11 16:18:53,626 [WARN] IP:2250 - I2C_Coeff_DF not found: check if there is a RefParameter without a condition.
2026-03-11 16:18:53,626 [WARN] IP:2250 - Analog_Filter not found: check if there is a RefParameter without a condition.
2026-03-11 16:18:53,626 [INFO] ImportTextPane:234 - (OptionalMessage_ERROR) IP (RCC) : Invalid parameter (FamilyName)
2026-03-11 16:18:53,631 [WARN] IP:2250 - DEVICE_SERIAL0_CDC_FS not found: check if there is a RefParameter without a condition.
2026-03-11 16:18:53,631 [WARN] IP:2250 - DEVICE_SERIAL1_CDC_FS not found: check if there is a RefParameter without a condition.
2026-03-11 16:18:53,631 [WARN] IP:2250 - DEVICE_SERIAL2_CDC_FS not found: check if there is a RefParameter without a condition.
2026-03-11 16:18:53,800 [INFO] UtilMem:75 - End LoadConfig() Used Memory: 710687592 Bytes (1063256064)
2026-03-11 16:18:53,812 [WARN] ThirdParty:833 - waiting for thirdparty lock release [change project]
2026-03-11 16:18:53,813 [INFO] ThirdParty:835 - entering critical section [change project]
2026-03-11 16:18:53,813 [INFO] ThirdParty:1030 - CMSIS Pack Vendor :STMicroelectronics X-CUBE-AZRTOS-H7 3.5.0
2026-03-11 16:18:53,813 [INFO] ThirdParty:1030 - CMSIS Pack Vendor :STMicroelectronics X-CUBE-PM33A1 1.0.0
2026-03-11 16:18:53,813 [INFO] ThirdParty:1030 - CMSIS Pack Vendor :STMicroelectronics USBPD 4.1
2026-03-11 16:18:53,813 [INFO] ThirdParty:1030 - CMSIS Pack Vendor :STMicroelectronics X-CUBE-NFC9 1.0.0
2026-03-11 16:18:53,813 [INFO] ThirdParty:1030 - CMSIS Pack Vendor :STMicroelectronics USB_HOST 2.0.0
2026-03-11 16:18:53,813 [INFO] ThirdParty:1030 - CMSIS Pack Vendor :STMicroelectronics FP-SNS-MOTENVWB1 1.4.0
2026-03-11 16:18:53,813 [INFO] ThirdParty:1030 - CMSIS Pack Vendor :STMicroelectronics X-CUBE-AZRTOS-F4 1.1.0
2026-03-11 16:18:53,813 [INFO] ThirdParty:1030 - CMSIS Pack Vendor :STMicroelectronics LIBJPEG 8.0.0
2026-03-11 16:18:53,813 [INFO] ThirdParty:1030 - CMSIS Pack Vendor :STMicroelectronics FP-ATR-ASTRA1 2.0.2
2026-03-11 16:18:53,813 [INFO] ThirdParty:1030 - CMSIS Pack Vendor :wolfSSL I-CUBE-wolfSSL 5.8.2
2026-03-11 16:18:53,813 [INFO] ThirdParty:1030 - CMSIS Pack Vendor :STMicroelectronics X-CUBE-BLE1 7.1.0
2026-03-11 16:18:53,813 [INFO] ThirdParty:1030 - CMSIS Pack Vendor :STMicroelectronics X-CUBE-SMBUS 2.1.0
2026-03-11 16:18:53,813 [INFO] ThirdParty:1030 - CMSIS Pack Vendor :wolfSSL I-CUBE-wolfMQTT 1.19.2
2026-03-11 16:18:53,813 [INFO] ThirdParty:1030 - CMSIS Pack Vendor :STMicroelectronics USB_DEVICE 3.0.0
2026-03-11 16:18:53,813 [INFO] ThirdParty:1030 - CMSIS Pack Vendor :STMicroelectronics X-CUBE-ISPU 2.1.0
2026-03-11 16:18:53,813 [INFO] ThirdParty:1030 - CMSIS Pack Vendor :STMicroelectronics X-CUBE-FREERTOS 1.4.0
2026-03-11 16:18:53,813 [INFO] ThirdParty:1030 - CMSIS Pack Vendor :STMicroelectronics X-CUBE-EEPRMA1 5.2.0
2026-03-11 16:18:53,813 [INFO] ThirdParty:1030 - CMSIS Pack Vendor :STMicroelectronics X-CUBE-IPS 3.2.0
2026-03-11 16:18:53,813 [INFO] ThirdParty:1030 - CMSIS Pack Vendor :STMicroelectronics X-CUBE-BLEMGR 4.1.0
2026-03-11 16:18:53,813 [INFO] ThirdParty:1030 - CMSIS Pack Vendor :STMicroelectronics X-CUBE-AZRTOS-WB 2.0.0
2026-03-11 16:18:53,813 [INFO] ThirdParty:1030 - CMSIS Pack Vendor :STMicroelectronics X-CUBE-ST60 1.0.0
2026-03-11 16:18:53,813 [INFO] ThirdParty:1030 - CMSIS Pack Vendor :STMicroelectronics X-CUBE-GNSS1 7.0.1
2026-03-11 16:18:53,813 [INFO] ThirdParty:1030 - CMSIS Pack Vendor :STMicroelectronics X-CUBE-NFC12 1.0.0
2026-03-11 16:18:53,813 [INFO] ThirdParty:1030 - CMSIS Pack Vendor :STMicroelectronics X-CUBE-AZRTOS-F7 1.1.0
2026-03-11 16:18:53,813 [INFO] ThirdParty:1030 - CMSIS Pack Vendor :STMicroelectronics X-CUBE-AZRTOS-L5 2.0.0
2026-03-11 16:18:53,813 [INFO] ThirdParty:1030 - CMSIS Pack Vendor :STMicroelectronics USB_DEVICE 2.0.0
2026-03-11 16:18:53,813 [INFO] ThirdParty:1030 - CMSIS Pack Vendor :STMicroelectronics X-CUBE-NFC6 3.1.0
2026-03-11 16:18:53,813 [INFO] ThirdParty:1030 - CMSIS Pack Vendor :STMicroelectronics X-CUBE-ST67W61 1.1.0
2026-03-11 16:18:53,813 [INFO] ThirdParty:1030 - CMSIS Pack Vendor :Cesanta I-CUBE-Mongoose 7.19.0
2026-03-11 16:18:53,813 [INFO] ThirdParty:1030 - CMSIS Pack Vendor :quantropi X-CUBE-qispace-sdk-base 2.1.0
2026-03-11 16:18:53,814 [INFO] ThirdParty:1030 - CMSIS Pack Vendor :STMicroelectronics X-CUBE-MEMS1 12.0.0
2026-03-11 16:18:53,814 [INFO] ThirdParty:1030 - CMSIS Pack Vendor :STMicroelectronics X-CUBE-STSE01 2.0.0
2026-03-11 16:18:53,814 [INFO] ThirdParty:1030 - CMSIS Pack Vendor :STMicroelectronics FP-SNS-MOTENV1 5.1.0
2026-03-11 16:18:53,814 [INFO] ThirdParty:1030 - CMSIS Pack Vendor :STMicroelectronics FreeRTOS 0.0.1
2026-03-11 16:18:53,814 [INFO] ThirdParty:1030 - CMSIS Pack Vendor :STMicroelectronics X-CUBE-AZRTOS-G0 1.1.0
2026-03-11 16:18:53,814 [INFO] ThirdParty:1030 - CMSIS Pack Vendor :STMicroelectronics X-CUBE-SAFEA1 1.2.2
2026-03-11 16:18:53,814 [INFO] ThirdParty:1030 - CMSIS Pack Vendor :STMicroelectronics X-CUBE-NFC4 3.0.0
2026-03-11 16:18:53,814 [INFO] ThirdParty:1030 - CMSIS Pack Vendor :STMicroelectronics X-CUBE-SUBG2 5.0.0
2026-03-11 16:18:53,814 [INFO] ThirdParty:1030 - CMSIS Pack Vendor :STMicroelectronics X-CUBE-AZRTOS-H7RS 1.1.0
2026-03-11 16:18:53,814 [INFO] ThirdParty:1030 - CMSIS Pack Vendor :STMicroelectronics STM32_WPAN 1.0.0
2026-03-11 16:18:53,814 [INFO] ThirdParty:1030 - CMSIS Pack Vendor :EmbeddedOffice I-CUBE-FS-RTOS 1.0.1
2026-03-11 16:18:53,814 [INFO] ThirdParty:1030 - CMSIS Pack Vendor :STMicroelectronics lwIP 2.0.3
2026-03-11 16:18:53,814 [INFO] ThirdParty:1030 - CMSIS Pack Vendor :WES I-CUBE-Cesium 1.4.0
2026-03-11 16:18:53,814 [INFO] ThirdParty:1030 - CMSIS Pack Vendor :STMicroelectronics USB_HOST 1.0.0
2026-03-11 16:18:53,814 [INFO] ThirdParty:1030 - CMSIS Pack Vendor :Infineon AIROC-Wi-Fi-Bluetooth-STM32 1.7.1
2026-03-11 16:18:53,814 [INFO] ThirdParty:1030 - CMSIS Pack Vendor :STMicroelectronics X-CUBE-AZRTOS-G4 2.0.0
2026-03-11 16:18:53,814 [INFO] ThirdParty:1030 - CMSIS Pack Vendor :STMicroelectronics X-CUBE-WB05N 2.0.0
2026-03-11 16:18:53,814 [INFO] ThirdParty:1030 - CMSIS Pack Vendor :STMicroelectronics PDM2PCM 3.1.0
2026-03-11 16:18:53,814 [INFO] ThirdParty:1030 - CMSIS Pack Vendor :STMicroelectronics PDM2PCM 3.3.0
2026-03-11 16:18:53,814 [INFO] ThirdParty:1030 - CMSIS Pack Vendor :wolfSSL I-CUBE-wolfTPM 3.8.0
2026-03-11 16:18:53,814 [INFO] ThirdParty:1030 - CMSIS Pack Vendor :STMicroelectronics X-CUBE-AZRTOS-H7 3.4.0
2026-03-11 16:18:53,814 [INFO] ThirdParty:1030 - CMSIS Pack Vendor :STMicroelectronics X-CUBE-DISPLAY 3.0.0
2026-03-11 16:18:53,814 [INFO] ThirdParty:1030 - CMSIS Pack Vendor :wolfSSL I-CUBE-wolfSSH 1.4.20
2026-03-11 16:18:53,814 [INFO] ThirdParty:1030 - CMSIS Pack Vendor :STMicroelectronics X-CUBE-NFC7 2.0.0
2026-03-11 16:18:53,814 [INFO] ThirdParty:1030 - CMSIS Pack Vendor :STMicroelectronics FP-SNS-MOTENVWB1 1.5.0
2026-03-11 16:18:53,814 [INFO] ThirdParty:1030 - CMSIS Pack Vendor :STMicroelectronics X-CUBE-TCPP 4.2.0
2026-03-11 16:18:53,814 [INFO] ThirdParty:1030 - CMSIS Pack Vendor :RealThread X-CUBE-RT-Thread_Nano 4.1.1
2026-03-11 16:18:53,814 [INFO] ThirdParty:1030 - CMSIS Pack Vendor :STMicroelectronics FP-ATR-SIGFOX1 3.2.0
2026-03-11 16:18:53,814 [INFO] ThirdParty:1030 - CMSIS Pack Vendor :STMicroelectronics X-CUBE-NFC10 1.0.0
2026-03-11 16:18:53,814 [INFO] ThirdParty:1030 - CMSIS Pack Vendor :STMicroelectronics X-CUBE-FREERTOS 1.3.1
2026-03-11 16:18:53,814 [INFO] ThirdParty:1030 - CMSIS Pack Vendor :STMicroelectronics HAL Drivers 0.0.0
2026-03-11 16:18:53,814 [INFO] ThirdParty:1030 - CMSIS Pack Vendor :STMicroelectronics X-CUBE-FREERTOS 1.5.0
2026-03-11 16:18:53,814 [INFO] ThirdParty:1030 - CMSIS Pack Vendor :STMicroelectronics MBEDTLS 2.16.2
2026-03-11 16:18:53,814 [INFO] ThirdParty:1030 - CMSIS Pack Vendor :STMicroelectronics X-CUBE-ST60 1.1.0
2026-03-11 16:18:53,814 [INFO] ThirdParty:1030 - CMSIS Pack Vendor :STMicroelectronics X-CUBE-ALS 1.0.2
2026-03-11 16:18:53,814 [INFO] ThirdParty:1030 - CMSIS Pack Vendor :emotas I-CUBE-CANOPEN 1.3.0
2026-03-11 16:18:53,814 [INFO] ThirdParty:1030 - CMSIS Pack Vendor :STMicroelectronics MBEDTLS 2.14.1
2026-03-11 16:18:53,814 [INFO] ThirdParty:1030 - CMSIS Pack Vendor :STMicroelectronics X-CUBE-GNSS1 7.1.0
2026-03-11 16:18:53,814 [INFO] ThirdParty:1030 - CMSIS Pack Vendor :ITTIA_DB I-CUBE-ITTIADB 8.9.0
2026-03-11 16:18:53,814 [INFO] ThirdParty:1030 - CMSIS Pack Vendor :STMicroelectronics X-CUBE-TOUCHGFX 4.26.0
2026-03-11 16:18:53,815 [INFO] ThirdParty:1030 - CMSIS Pack Vendor :STMicroelectronics X-CUBE-STSE01 1.0.0
2026-03-11 16:18:53,815 [INFO] ThirdParty:1030 - CMSIS Pack Vendor :STMicroelectronics X-CUBE-TOUCHGFX 4.26.1
2026-03-11 16:18:53,815 [INFO] ThirdParty:1030 - CMSIS Pack Vendor :STMicroelectronics X-CUBE-NFC6 3.2.0
2026-03-11 16:18:53,815 [INFO] ThirdParty:1030 - CMSIS Pack Vendor :STMicroelectronics ThreadX 1.0.0
2026-03-11 16:18:53,815 [INFO] ThirdParty:1030 - CMSIS Pack Vendor :STMicroelectronics FP-SNS-SMARTAG2 1.2.0
2026-03-11 16:18:53,815 [INFO] ThirdParty:1030 - CMSIS Pack Vendor :STMicroelectronics FP-SNS-FLIGHT1 5.1.0
2026-03-11 16:18:53,815 [INFO] ThirdParty:1030 - CMSIS Pack Vendor :STMicroelectronics X-CUBE-AZRTOS-WL 2.0.0
2026-03-11 16:18:53,815 [INFO] ThirdParty:1030 - CMSIS Pack Vendor :SEGGER I-CUBE-embOS 1.3.1
2026-03-11 16:18:53,815 [INFO] ThirdParty:1030 - CMSIS Pack Vendor :STMicroelectronics X-CUBE-ALGOBUILD 1.4.0
2026-03-11 16:18:53,815 [INFO] ThirdParty:1030 - CMSIS Pack Vendor :STMicroelectronics X-CUBE-DPower 1.3.0
2026-03-11 16:18:53,815 [INFO] ThirdParty:1030 - CMSIS Pack Vendor :STMicroelectronics X-CUBE-MEMS1 11.3.0
2026-03-11 16:18:53,815 [INFO] ThirdParty:1030 - CMSIS Pack Vendor :STMicroelectronics FP-SNS-MOTENV1 5.0.0
2026-03-11 16:18:53,815 [INFO] ThirdParty:1030 - CMSIS Pack Vendor :STMicroelectronics USB_DEVICE 1.0.0
2026-03-11 16:18:53,815 [INFO] ThirdParty:1030 - CMSIS Pack Vendor :STMicroelectronics X-CUBE-AZRTOS-H7RS 1.2.0
2026-03-11 16:18:53,815 [INFO] ThirdParty:1030 - CMSIS Pack Vendor :STMicroelectronics X-CUBE-AZRTOS-L4 2.0.0
2026-03-11 16:18:53,815 [INFO] ThirdParty:1030 - CMSIS Pack Vendor :STMicroelectronics ThreadX 0.0.2
2026-03-11 16:18:53,815 [INFO] ThirdParty:1030 - CMSIS Pack Vendor :STMicroelectronics lwIP 2.1.2
2026-03-11 16:18:53,815 [INFO] ThirdParty:1030 - CMSIS Pack Vendor :STMicroelectronics X-CUBE-SFXS2LP1 4.0.0
2026-03-11 16:18:53,815 [INFO] ThirdParty:1030 - CMSIS Pack Vendor :STMicroelectronics X-CUBE-BLE2 3.3.0
2026-03-11 16:18:53,815 [INFO] ThirdParty:1030 - CMSIS Pack Vendor :Avnet-IOTCONNECT X-CUBE-iotc-st67-sdk 1.0.0
2026-03-11 16:18:53,815 [INFO] ThirdParty:1030 - CMSIS Pack Vendor :STMicroelectronics X-CUBE-TOF1 3.4.3
2026-03-11 16:18:53,815 [INFO] ThirdParty:1030 - CMSIS Pack Vendor :STMicroelectronics PDM2PCM 3.2.0
2026-03-11 16:18:53,815 [INFO] ThirdParty:1030 - CMSIS Pack Vendor :STMicroelectronics X-CUBE-ST67W61 1.2.0
2026-03-11 16:18:53,815 [INFO] ThirdParty:841 - exiting critical section [change project]
2026-03-11 16:18:54,064 [INFO] PinOutPanel:1589 - setPackage(No Configuration,No Configuration)
2026-03-11 16:18:54,064 [INFO] PinOutPanel:1589 - setPackage(STM32F446RETx,LQFP64)
2026-03-11 16:18:54,494 [INFO] UtilMem:75 - Before build in PCC Used Memory: 330766056 Bytes (1063256064)
2026-03-11 16:18:54,718 [INFO] UtilMem:75 - After build in PCC Used Memory: 382146280 Bytes (1063256064)
2026-03-11 16:18:54,729 [INFO] ApiDbMcu:532 - Load IP Config File for USB_DEVICE
2026-03-11 16:18:54,748 [INFO] IPUIPlugin:80 - create IPUIPlugin
2026-03-11 16:18:54,748 [INFO] IPUIPlugin:80 - create IPUIPlugin
2026-03-11 16:18:54,748 [INFO] IPUIPlugin:80 - create IPUIPlugin
2026-03-11 16:18:54,749 [INFO] IPUIPlugin:80 - create IPUIPlugin
2026-03-11 16:18:54,749 [INFO] IPUIPlugin:80 - create IPUIPlugin
2026-03-11 16:18:54,749 [INFO] IPUIPlugin:80 - create IPUIPlugin
2026-03-11 16:18:54,749 [INFO] IPUIPlugin:80 - create IPUIPlugin
2026-03-11 16:18:54,749 [INFO] IPUIPlugin:80 - create IPUIPlugin
2026-03-11 16:18:54,749 [INFO] IPUIPlugin:80 - create IPUIPlugin
2026-03-11 16:18:54,749 [INFO] IPUIPlugin:80 - create IPUIPlugin
2026-03-11 16:18:54,749 [INFO] IPUIPlugin:80 - create IPUIPlugin
2026-03-11 16:18:54,749 [INFO] IPUIPlugin:80 - create IPUIPlugin
2026-03-11 16:18:54,749 [INFO] IPUIPlugin:80 - create IPUIPlugin
2026-03-11 16:18:54,750 [INFO] IPUIPlugin:80 - create IPUIPlugin
2026-03-11 16:18:54,750 [INFO] IPUIPlugin:80 - create IPUIPlugin
2026-03-11 16:18:54,750 [INFO] IPUIPlugin:80 - create IPUIPlugin
2026-03-11 16:18:54,750 [INFO] IPUIPlugin:80 - create IPUIPlugin
2026-03-11 16:18:54,750 [INFO] IPUIPlugin:80 - create IPUIPlugin
2026-03-11 16:18:54,750 [INFO] IPUIPlugin:80 - create IPUIPlugin
2026-03-11 16:18:54,750 [INFO] IPUIPlugin:80 - create IPUIPlugin
2026-03-11 16:18:54,750 [INFO] IPUIPlugin:80 - create IPUIPlugin
2026-03-11 16:18:54,751 [INFO] IPUIPlugin:80 - create IPUIPlugin
2026-03-11 16:18:54,751 [INFO] IPUIPlugin:80 - create IPUIPlugin
2026-03-11 16:18:54,751 [INFO] IPUIPlugin:80 - create IPUIPlugin
2026-03-11 16:18:54,751 [INFO] IPUIPlugin:80 - create IPUIPlugin
2026-03-11 16:18:54,751 [INFO] IPUIPlugin:80 - create IPUIPlugin
2026-03-11 16:18:54,751 [INFO] IPUIPlugin:80 - create IPUIPlugin
2026-03-11 16:18:54,751 [INFO] IPUIPlugin:80 - create IPUIPlugin
2026-03-11 16:18:54,751 [INFO] IPUIPlugin:80 - create IPUIPlugin
2026-03-11 16:18:54,752 [INFO] IPUIPlugin:80 - create IPUIPlugin
2026-03-11 16:18:54,752 [INFO] IPUIPlugin:80 - create IPUIPlugin
2026-03-11 16:18:54,752 [INFO] IPUIPlugin:80 - create IPUIPlugin
2026-03-11 16:18:54,752 [INFO] IPUIPlugin:80 - create IPUIPlugin
2026-03-11 16:18:54,752 [INFO] IPUIPlugin:80 - create IPUIPlugin
2026-03-11 16:18:54,752 [INFO] IPUIPlugin:80 - create IPUIPlugin
2026-03-11 16:18:54,753 [INFO] IPUIPlugin:80 - create IPUIPlugin
2026-03-11 16:18:54,753 [INFO] IPUIPlugin:80 - create IPUIPlugin
2026-03-11 16:18:54,753 [INFO] IPUIPlugin:80 - create IPUIPlugin
2026-03-11 16:18:54,753 [INFO] IPUIPlugin:80 - create IPUIPlugin
2026-03-11 16:18:54,753 [INFO] IPUIPlugin:80 - create IPUIPlugin
2026-03-11 16:18:54,754 [INFO] IPUIPlugin:80 - create IPUIPlugin
2026-03-11 16:18:54,754 [INFO] IPUIPlugin:80 - create IPUIPlugin
2026-03-11 16:18:54,754 [INFO] IPUIPlugin:80 - create IPUIPlugin
2026-03-11 16:18:54,754 [INFO] IPUIPlugin:80 - create IPUIPlugin
2026-03-11 16:18:54,755 [INFO] IPUIPlugin:80 - create IPUIPlugin
2026-03-11 16:18:54,755 [INFO] IPUIPlugin:80 - create IPUIPlugin
2026-03-11 16:18:54,755 [INFO] IPUIPlugin:80 - create IPUIPlugin
2026-03-11 16:18:54,756 [INFO] IPUIPlugin:80 - create IPUIPlugin
2026-03-11 16:18:54,756 [INFO] IPUIPlugin:80 - create IPUIPlugin
2026-03-11 16:18:54,757 [INFO] IPUIPlugin:80 - create IPUIPlugin
2026-03-11 16:18:54,757 [INFO] IPUIPlugin:80 - create IPUIPlugin
2026-03-11 16:18:54,757 [INFO] IPUIPlugin:80 - create IPUIPlugin
2026-03-11 16:18:54,757 [INFO] IPUIPlugin:80 - create IPUIPlugin
2026-03-11 16:18:54,758 [INFO] IPUIPlugin:80 - create IPUIPlugin
2026-03-11 16:18:54,758 [INFO] IPUIPlugin:80 - create IPUIPlugin
2026-03-11 16:18:54,758 [INFO] IPUIPlugin:80 - create IPUIPlugin
2026-03-11 16:18:54,758 [INFO] IPUIPlugin:80 - create IPUIPlugin
2026-03-11 16:18:54,759 [INFO] IPUIPlugin:80 - create IPUIPlugin
2026-03-11 16:18:54,759 [INFO] IPUIPlugin:80 - create IPUIPlugin
2026-03-11 16:18:54,759 [INFO] IPUIPlugin:80 - create IPUIPlugin
2026-03-11 16:18:54,762 [INFO] ApiDbMcu:532 - Load IP Config File for PDM2PCM
2026-03-11 16:18:54,763 [INFO] Can:71 - Can Add PropertyChangeListener com.st.microxplorer.plugins.ip.can.Can@39557892
2026-03-11 16:18:54,764 [WARN] IP:2250 - I2C_Coeff_DF not found: check if there is a RefParameter without a condition.
2026-03-11 16:18:54,764 [WARN] IP:2250 - Analog_Filter not found: check if there is a RefParameter without a condition.
2026-03-11 16:18:54,811 [INFO] CADModel:165 - CPN selected for project levelSTM32F446RET6
2026-03-11 16:18:54,811 [INFO] CADModel:114 - Register for checkConnection events
2026-03-11 16:18:54,850 [INFO] OpenFileManager:386 - Restore cursor
2026-03-11 16:18:54,993 [WARN] IP:2250 - DEVICE_SERIAL0_CDC_FS not found: check if there is a RefParameter without a condition.
2026-03-11 16:18:54,994 [WARN] IP:2250 - DEVICE_SERIAL1_CDC_FS not found: check if there is a RefParameter without a condition.
2026-03-11 16:18:54,994 [WARN] IP:2250 - DEVICE_SERIAL2_CDC_FS not found: check if there is a RefParameter without a condition.
2026-03-11 16:18:54,994 [WARN] IP:2250 - DEVICE_SERIAL0_CDC_FS not found: check if there is a RefParameter without a condition.
2026-03-11 16:18:54,994 [WARN] IP:2250 - DEVICE_SERIAL1_CDC_FS not found: check if there is a RefParameter without a condition.
2026-03-11 16:18:54,994 [WARN] IP:2250 - DEVICE_SERIAL2_CDC_FS not found: check if there is a RefParameter without a condition.
2026-03-11 16:18:55,028 [WARN] IP:2250 - I2C_Coeff_DF not found: check if there is a RefParameter without a condition.
2026-03-11 16:18:55,028 [WARN] IP:2250 - Analog_Filter not found: check if there is a RefParameter without a condition.
2026-03-11 16:18:55,028 [WARN] IP:2250 - I2C_Coeff_DF not found: check if there is a RefParameter without a condition.
2026-03-11 16:18:55,028 [WARN] IP:2250 - Analog_Filter not found: check if there is a RefParameter without a condition.
2026-03-11 16:18:58,764 [INFO] Gpio:278 - dependency for GPIO [CAN1, I2C3, RCC, SYS, TIM9, USB_OTG_FS]
2026-03-11 16:19:19,532 [INFO] UtilMem:75 - End SaveConfig() Used Memory: 865413344 Bytes (1063256064)
2026-03-11 16:19:23,857 [INFO] UtilMem:75 - End SaveConfig() Used Memory: 438803824 Bytes (1063256064)
2026-03-11 16:19:27,524 [INFO] UtilMem:75 - End SaveConfig() Used Memory: 545496448 Bytes (1063256064)
2026-03-11 16:19:27,944 [INFO] BlockDiagram:2775 - set Specific Code input for plugin: TIM6_7
2026-03-11 16:19:27,944 [INFO] BlockDiagram:2775 - set Specific Code input for plugin: CAN
2026-03-11 16:19:27,944 [INFO] BlockDiagram:2775 - set Specific Code input for plugin: USB_DEVICE
2026-03-11 16:19:27,944 [INFO] BlockDiagram:2775 - set Specific Code input for plugin: SYS
2026-03-11 16:19:27,944 [INFO] BlockDiagram:2775 - set Specific Code input for plugin: RCC
2026-03-11 16:19:27,944 [INFO] BlockDiagram:2775 - set Specific Code input for plugin: I2C
2026-03-11 16:19:27,944 [INFO] BlockDiagram:2775 - set Specific Code input for plugin: USB_OTG_FS
2026-03-11 16:19:27,944 [INFO] BlockDiagram:2775 - set Specific Code input for plugin: NVIC
2026-03-11 16:19:27,944 [INFO] BlockDiagram:2775 - set Specific Code input for plugin: TIM1_8
2026-03-11 16:19:27,944 [INFO] BlockDiagram:2775 - set Specific Code input for plugin: DMA
2026-03-11 16:19:27,944 [INFO] BlockDiagram:2775 - set Specific Code input for plugin: TIM1_8
2026-03-11 16:19:27,945 [INFO] BlockDiagram:2775 - set Specific Code input for plugin: GPIO
2026-03-11 16:19:27,946 [INFO] CodeGenerator:892 - code generatio: config db path: /opt/st/stm32cubeide_1.19.0/plugins/com.st.stm32cube.common.mx_6.15.0.202507011659//db/
2026-03-11 16:19:27,954 [WARN] IP:2250 - I2C_Coeff_DF not found: check if there is a RefParameter without a condition.
2026-03-11 16:19:27,954 [WARN] IP:2250 - Analog_Filter not found: check if there is a RefParameter without a condition.
2026-03-11 16:19:27,986 [WARN] IP:2250 - DEVICE_SERIAL0_CDC_FS not found: check if there is a RefParameter without a condition.
2026-03-11 16:19:27,986 [WARN] IP:2250 - DEVICE_SERIAL1_CDC_FS not found: check if there is a RefParameter without a condition.
2026-03-11 16:19:27,986 [WARN] IP:2250 - DEVICE_SERIAL2_CDC_FS not found: check if there is a RefParameter without a condition.
2026-03-11 16:19:28,113 [INFO] CodeEngine:265 - oldGeneratedFile, /home/kamil/STM32CubeIDE/workspace_1.19.0/PCB_STM/MXTmpFiles/license.tmp_save
2026-03-11 16:19:28,490 [INFO] CodeEngine:289 - Generated code: /home/kamil/STM32CubeIDE/workspace_1.19.0/PCB_STM/MXTmpFiles/license.tmp
2026-03-11 16:19:28,572 [INFO] CodeEngine:265 - oldGeneratedFile, /home/kamil/STM32CubeIDE/workspace_1.19.0/PCB_STM/MXTmpFiles/gpio.tmp_save
2026-03-11 16:19:28,752 [INFO] CodeEngine:289 - Generated code: /home/kamil/STM32CubeIDE/workspace_1.19.0/PCB_STM/MXTmpFiles/gpio.tmp
2026-03-11 16:19:28,805 [WARN] IPConfigManager:3238 - Warning: the RefConfig PWREx_EnableUSBVoltageDetector is not available in your config.xml file
2026-03-11 16:19:28,811 [INFO] CodeEngine:265 - oldGeneratedFile, /home/kamil/STM32CubeIDE/workspace_1.19.0/PCB_STM/MXTmpFiles/usb_otg_fs_vars.tmp_save
2026-03-11 16:19:28,897 [INFO] CodeEngine:289 - Generated code: /home/kamil/STM32CubeIDE/workspace_1.19.0/PCB_STM/MXTmpFiles/usb_otg_fs_vars.tmp
2026-03-11 16:19:28,899 [INFO] CodeEngine:265 - oldGeneratedFile, /home/kamil/STM32CubeIDE/workspace_1.19.0/PCB_STM/MXTmpFiles/usb_otg_fs_inc.tmp_save
2026-03-11 16:19:28,972 [INFO] CodeEngine:289 - Generated code: /home/kamil/STM32CubeIDE/workspace_1.19.0/PCB_STM/MXTmpFiles/usb_otg_fs_inc.tmp
2026-03-11 16:19:28,975 [INFO] CodeEngine:265 - oldGeneratedFile, /home/kamil/STM32CubeIDE/workspace_1.19.0/PCB_STM/MXTmpFiles/usb_otg_fs_HalInit.tmp_save
2026-03-11 16:19:29,068 [INFO] CodeEngine:289 - Generated code: /home/kamil/STM32CubeIDE/workspace_1.19.0/PCB_STM/MXTmpFiles/usb_otg_fs_HalInit.tmp
2026-03-11 16:19:29,071 [INFO] CodeEngine:265 - oldGeneratedFile, /home/kamil/STM32CubeIDE/workspace_1.19.0/PCB_STM/MXTmpFiles/usb_otg_fs_Msp.tmp_save
2026-03-11 16:19:29,182 [INFO] CodeEngine:289 - Generated code: /home/kamil/STM32CubeIDE/workspace_1.19.0/PCB_STM/MXTmpFiles/usb_otg_fs_Msp.tmp
2026-03-11 16:19:29,538 [INFO] Middleware:1452 - No code input for Bsp Dependency
2026-03-11 16:19:29,546 [INFO] CodeEngine:265 - oldGeneratedFile, /home/kamil/STM32CubeIDE/workspace_1.19.0/PCB_STM/MXTmpFiles/dma.tmp_save
2026-03-11 16:19:29,605 [INFO] CodeEngine:289 - Generated code: /home/kamil/STM32CubeIDE/workspace_1.19.0/PCB_STM/MXTmpFiles/dma.tmp
2026-03-11 16:19:29,607 [INFO] CodeEngine:265 - oldGeneratedFile, /home/kamil/STM32CubeIDE/workspace_1.19.0/PCB_STM/MXTmpFiles/dma_GV.tmp_save
2026-03-11 16:19:29,665 [INFO] CodeEngine:289 - Generated code: /home/kamil/STM32CubeIDE/workspace_1.19.0/PCB_STM/MXTmpFiles/dma_GV.tmp
2026-03-11 16:19:29,689 [INFO] Middleware:1452 - No code input for Bsp Dependency
2026-03-11 16:19:29,695 [INFO] CodeEngine:265 - oldGeneratedFile, /home/kamil/STM32CubeIDE/workspace_1.19.0/PCB_STM/USB_DEVICE/App/usb_device.c_save
2026-03-11 16:19:29,759 [INFO] CodeEngine:289 - Generated code: /home/kamil/STM32CubeIDE/workspace_1.19.0/PCB_STM/USB_DEVICE/App/usb_device.c
2026-03-11 16:19:29,761 [INFO] CodeEngine:265 - oldGeneratedFile, /home/kamil/STM32CubeIDE/workspace_1.19.0/PCB_STM/USB_DEVICE/App/usb_device.h_save
2026-03-11 16:19:29,819 [INFO] CodeEngine:289 - Generated code: /home/kamil/STM32CubeIDE/workspace_1.19.0/PCB_STM/USB_DEVICE/App/usb_device.h
2026-03-11 16:19:29,820 [INFO] CodeEngine:265 - oldGeneratedFile, /home/kamil/STM32CubeIDE/workspace_1.19.0/PCB_STM/USB_DEVICE/Target/usbd_conf.h_save
2026-03-11 16:19:29,878 [INFO] CodeEngine:289 - Generated code: /home/kamil/STM32CubeIDE/workspace_1.19.0/PCB_STM/USB_DEVICE/Target/usbd_conf.h
2026-03-11 16:19:29,880 [INFO] CodeEngine:265 - oldGeneratedFile, /home/kamil/STM32CubeIDE/workspace_1.19.0/PCB_STM/USB_DEVICE/Target/usbd_conf.c_save
2026-03-11 16:19:29,946 [INFO] CodeEngine:289 - Generated code: /home/kamil/STM32CubeIDE/workspace_1.19.0/PCB_STM/USB_DEVICE/Target/usbd_conf.c
2026-03-11 16:19:29,947 [INFO] CodeEngine:265 - oldGeneratedFile, /home/kamil/STM32CubeIDE/workspace_1.19.0/PCB_STM/USB_DEVICE/App/usbd_desc.h_save
2026-03-11 16:19:29,999 [INFO] CodeEngine:289 - Generated code: /home/kamil/STM32CubeIDE/workspace_1.19.0/PCB_STM/USB_DEVICE/App/usbd_desc.h
2026-03-11 16:19:30,000 [INFO] CodeEngine:265 - oldGeneratedFile, /home/kamil/STM32CubeIDE/workspace_1.19.0/PCB_STM/USB_DEVICE/App/usbd_desc.c_save
2026-03-11 16:19:30,061 [INFO] CodeEngine:289 - Generated code: /home/kamil/STM32CubeIDE/workspace_1.19.0/PCB_STM/USB_DEVICE/App/usbd_desc.c
2026-03-11 16:19:30,062 [INFO] CodeEngine:265 - oldGeneratedFile, /home/kamil/STM32CubeIDE/workspace_1.19.0/PCB_STM/USB_DEVICE/App/usbd_cdc_if.h_save
2026-03-11 16:19:30,113 [INFO] CodeEngine:289 - Generated code: /home/kamil/STM32CubeIDE/workspace_1.19.0/PCB_STM/USB_DEVICE/App/usbd_cdc_if.h
2026-03-11 16:19:30,115 [INFO] CodeEngine:265 - oldGeneratedFile, /home/kamil/STM32CubeIDE/workspace_1.19.0/PCB_STM/USB_DEVICE/App/usbd_cdc_if.c_save
2026-03-11 16:19:30,179 [INFO] CodeEngine:289 - Generated code: /home/kamil/STM32CubeIDE/workspace_1.19.0/PCB_STM/USB_DEVICE/App/usbd_cdc_if.c
2026-03-11 16:19:30,186 [INFO] CodeEngine:265 - oldGeneratedFile, /home/kamil/STM32CubeIDE/workspace_1.19.0/PCB_STM/Core/Src/stm32f4xx_it.c_save
2026-03-11 16:19:30,270 [INFO] CodeEngine:289 - Generated code: /home/kamil/STM32CubeIDE/workspace_1.19.0/PCB_STM/Core/Src/stm32f4xx_it.c
2026-03-11 16:19:30,272 [INFO] CodeEngine:265 - oldGeneratedFile, /home/kamil/STM32CubeIDE/workspace_1.19.0/PCB_STM/Core/Inc/stm32f4xx_it.h_save
2026-03-11 16:19:30,321 [INFO] CodeEngine:289 - Generated code: /home/kamil/STM32CubeIDE/workspace_1.19.0/PCB_STM/Core/Inc/stm32f4xx_it.h
2026-03-11 16:19:30,331 [INFO] CodeEngine:265 - oldGeneratedFile, /home/kamil/STM32CubeIDE/workspace_1.19.0/PCB_STM/Core/Src/stm32f4xx_hal_msp.c_save
2026-03-11 16:19:30,420 [INFO] CodeEngine:289 - Generated code: /home/kamil/STM32CubeIDE/workspace_1.19.0/PCB_STM/Core/Src/stm32f4xx_hal_msp.c
2026-03-11 16:19:30,422 [INFO] CodeEngine:265 - oldGeneratedFile, /home/kamil/STM32CubeIDE/workspace_1.19.0/PCB_STM/MXTmpFiles/system.tmp_save
2026-03-11 16:19:30,472 [INFO] CodeEngine:289 - Generated code: /home/kamil/STM32CubeIDE/workspace_1.19.0/PCB_STM/MXTmpFiles/system.tmp
2026-03-11 16:19:30,474 [INFO] CodeEngine:265 - oldGeneratedFile, /home/kamil/STM32CubeIDE/workspace_1.19.0/PCB_STM/Core/Inc/stm32_assert.h_save
2026-03-11 16:19:30,524 [INFO] CodeEngine:289 - Generated code: /home/kamil/STM32CubeIDE/workspace_1.19.0/PCB_STM/Core/Inc/stm32_assert.h
2026-03-11 16:19:30,528 [INFO] CodeEngine:321 - oldGeneratedFile, /home/kamil/STM32CubeIDE/workspace_1.19.0/PCB_STM/Core/Inc/stm32f4xx_hal_conf.h_save
2026-03-11 16:19:30,584 [INFO] CodeEngine:345 - Generated code: /home/kamil/STM32CubeIDE/workspace_1.19.0/PCB_STM/Core/Inc/stm32f4xx_hal_conf.h
2026-03-11 16:19:30,605 [WARN] IPConfigManager:3238 - Warning: the RefConfig PLL2P_FOR_MCO is not available in your config.xml file
2026-03-11 16:19:30,611 [INFO] ApiDbMcu:532 - Load IP Config File for CAN1
2026-03-11 16:19:30,613 [INFO] ApiDbMcu:532 - Load IP Config File for I2C3
2026-03-11 16:19:30,620 [INFO] ApiDbMcu:532 - Load IP Config File for TIM6
2026-03-11 16:19:30,628 [INFO] ApiDbMcu:532 - Load IP Config File for TIM9
2026-03-11 16:19:30,635 [INFO] ApiDbMcu:532 - Load IP Config File for TIM10
2026-03-11 16:19:30,638 [INFO] ApiDbMcu:532 - Load IP Config File for RCC
2026-03-11 16:19:30,641 [WARN] IPConfigManager:3811 - IP not found : TIM
2026-03-11 16:19:30,641 [WARN] CodeGenerator:4259 - IP not found : null
2026-03-11 16:19:30,645 [INFO] CodeEngine:265 - oldGeneratedFile, /home/kamil/STM32CubeIDE/workspace_1.19.0/PCB_STM/Core/Inc/main.h_save
2026-03-11 16:19:30,718 [INFO] CodeEngine:289 - Generated code: /home/kamil/STM32CubeIDE/workspace_1.19.0/PCB_STM/Core/Inc/main.h
2026-03-11 16:19:30,720 [INFO] CodeEngine:265 - oldGeneratedFile, /home/kamil/STM32CubeIDE/workspace_1.19.0/PCB_STM/Core/Src/main.c_save
2026-03-11 16:19:30,834 [INFO] CodeEngine:289 - Generated code: /home/kamil/STM32CubeIDE/workspace_1.19.0/PCB_STM/Core/Src/main.c
2026-03-11 16:19:31,120 [INFO] ProjectBuilder:3606 - Time for Copy HAL[1] : 82mS.
2026-03-11 16:19:31,126 [INFO] ProjectBuilder:5216 - Project Generator version: 4.7.0-B52
2026-03-11 16:19:31,206 [INFO] ConfigFileManager:1595 - The Die is : DIE421
2026-03-11 16:19:31,211 [INFO] ApiDbMcu:532 - Load IP Config File for FATFS
2026-03-11 16:19:31,215 [INFO] ApiDbMcu:532 - Load IP Config File for FREERTOS
2026-03-11 16:19:31,216 [INFO] ApiDbMcu:532 - Load IP Config File for LIBJPEG
2026-03-11 16:19:31,221 [INFO] ApiDbMcu:532 - Load IP Config File for MBEDTLS
2026-03-11 16:19:31,223 [INFO] ApiDbMcu:532 - Load IP Config File for USB_HOST
2026-03-11 16:19:31,492 [INFO] LogOutputStream:77 - [STDOUT_REDIRECT] 
2026-03-11 16:19:32,180 [INFO] ProjectBuilder:5496 - Time for Generating toolchain IDE Files: 1054mS.
2026-03-11 16:19:32,181 [INFO] ProjectBuilder:3463 - Time for Copy CMSIS : 0mS.
2026-03-11 16:19:32,182 [INFO] ProjectBuilder:3463 - Time for Copy CMSIS : 1mS.
2026-03-11 16:23:02,992 [INFO] WebApp:194 - Connection lost
2026-03-11 16:23:03,151 [INFO] WebApp:191 - Connection restablished
2026-03-11 16:24:11,790 [INFO] WebApp:194 - Connection lost
2026-03-11 16:24:11,917 [INFO] WebApp:191 - Connection restablished
2026-03-11 16:25:35,313 [INFO] Gpio:278 - dependency for GPIO [CAN1, I2C3, RCC, SYS, TIM9]
2026-03-11 16:25:35,422 [INFO] Gpio:278 - dependency for GPIO [CAN1, I2C3, RCC, SYS, TIM9]
2026-03-11 16:25:35,573 [INFO] Gpio:278 - dependency for GPIO [CAN1, I2C3, RCC, SYS, TIM9]
2026-03-11 16:25:57,326 [INFO] UtilMem:75 - End SaveConfig() Used Memory: 531044728 Bytes (1034944512)
2026-03-11 16:26:00,441 [INFO] UtilMem:75 - End SaveConfig() Used Memory: 649533816 Bytes (1034944512)
2026-03-11 16:26:00,634 [INFO] BlockDiagram:2775 - set Specific Code input for plugin: TIM6_7
2026-03-11 16:26:00,634 [INFO] BlockDiagram:2775 - set Specific Code input for plugin: CAN
2026-03-11 16:26:00,634 [INFO] BlockDiagram:2775 - set Specific Code input for plugin: SYS
2026-03-11 16:26:00,634 [INFO] BlockDiagram:2775 - set Specific Code input for plugin: RCC
2026-03-11 16:26:00,634 [INFO] BlockDiagram:2775 - set Specific Code input for plugin: I2C
2026-03-11 16:26:00,634 [INFO] BlockDiagram:2775 - set Specific Code input for plugin: NVIC
2026-03-11 16:26:00,634 [INFO] BlockDiagram:2775 - set Specific Code input for plugin: TIM1_8
2026-03-11 16:26:00,634 [INFO] BlockDiagram:2775 - set Specific Code input for plugin: DMA
2026-03-11 16:26:00,634 [INFO] BlockDiagram:2775 - set Specific Code input for plugin: TIM1_8
2026-03-11 16:26:00,634 [INFO] BlockDiagram:2775 - set Specific Code input for plugin: GPIO
2026-03-11 16:26:00,634 [INFO] CodeGenerator:892 - code generatio: config db path: /opt/st/stm32cubeide_1.19.0/plugins/com.st.stm32cube.common.mx_6.15.0.202507011659//db/
2026-03-11 16:26:00,636 [WARN] IP:2250 - I2C_Coeff_DF not found: check if there is a RefParameter without a condition.
2026-03-11 16:26:00,636 [WARN] IP:2250 - Analog_Filter not found: check if there is a RefParameter without a condition.
2026-03-11 16:26:00,637 [INFO] Argument:325 - Argument : hdmavalue: null
2026-03-11 16:26:00,637 [INFO] Argument:327 - 	 sub Args: 
2026-03-11 16:26:00,637 [INFO] Argument:325 - Argument : Instancevalue: DMA1_Stream2
2026-03-11 16:26:00,637 [INFO] Argument:335 - Argument : Instancevalue: DMA1_Stream2
2026-03-11 16:26:00,637 [INFO] Argument:325 - Argument : Initvalue: null
2026-03-11 16:26:00,637 [INFO] Argument:327 - 	 sub Args: 
2026-03-11 16:26:00,637 [INFO] Argument:325 - Argument : Channelvalue: DMA_CHANNEL_3
2026-03-11 16:26:00,637 [INFO] Argument:335 - Argument : Channelvalue: DMA_CHANNEL_3
2026-03-11 16:26:00,637 [INFO] Argument:325 - Argument : Directionvalue: DMA_PERIPH_TO_MEMORY
2026-03-11 16:26:00,637 [INFO] Argument:335 - Argument : Directionvalue: DMA_PERIPH_TO_MEMORY
2026-03-11 16:26:00,637 [INFO] Argument:325 - Argument : PeriphIncvalue: DMA_PINC_DISABLE
2026-03-11 16:26:00,637 [INFO] Argument:335 - Argument : PeriphIncvalue: DMA_PINC_DISABLE
2026-03-11 16:26:00,637 [INFO] Argument:325 - Argument : MemIncvalue: DMA_MINC_ENABLE
2026-03-11 16:26:00,637 [INFO] Argument:335 - Argument : MemIncvalue: DMA_MINC_ENABLE
2026-03-11 16:26:00,637 [INFO] Argument:325 - Argument : PeriphDataAlignmentvalue: DMA_PDATAALIGN_BYTE
2026-03-11 16:26:00,637 [INFO] Argument:335 - Argument : PeriphDataAlignmentvalue: DMA_PDATAALIGN_BYTE
2026-03-11 16:26:00,637 [INFO] Argument:325 - Argument : MemDataAlignmentvalue: DMA_MDATAALIGN_BYTE
2026-03-11 16:26:00,637 [INFO] Argument:335 - Argument : MemDataAlignmentvalue: DMA_MDATAALIGN_BYTE
2026-03-11 16:26:00,637 [INFO] Argument:325 - Argument : Modevalue: DMA_NORMAL
2026-03-11 16:26:00,637 [INFO] Argument:335 - Argument : Modevalue: DMA_NORMAL
2026-03-11 16:26:00,637 [INFO] Argument:325 - Argument : Priorityvalue: DMA_PRIORITY_HIGH
2026-03-11 16:26:00,637 [INFO] Argument:335 - Argument : Priorityvalue: DMA_PRIORITY_HIGH
2026-03-11 16:26:00,637 [INFO] Argument:325 - Argument : FIFOModevalue: DMA_FIFOMODE_DISABLE
2026-03-11 16:26:00,637 [INFO] Argument:335 - Argument : FIFOModevalue: DMA_FIFOMODE_DISABLE
2026-03-11 16:26:00,637 [INFO] Argument:325 - Argument : FIFOThresholdvalue: null
2026-03-11 16:26:00,637 [INFO] Argument:335 - Argument : FIFOThresholdvalue: null
2026-03-11 16:26:00,637 [INFO] Argument:325 - Argument : MemBurstvalue: null
2026-03-11 16:26:00,637 [INFO] Argument:335 - Argument : MemBurstvalue: null
2026-03-11 16:26:00,637 [INFO] Argument:325 - Argument : PeriphBurstvalue: null
2026-03-11 16:26:00,637 [INFO] Argument:335 - Argument : PeriphBurstvalue: null
2026-03-11 16:26:00,637 [INFO] Argument:325 - Argument : Lockvalue: null
2026-03-11 16:26:00,637 [INFO] Argument:335 - Argument : Lockvalue: null
2026-03-11 16:26:00,637 [INFO] Argument:325 - Argument : Statevalue: null
2026-03-11 16:26:00,637 [INFO] Argument:335 - Argument : Statevalue: null
2026-03-11 16:26:00,637 [INFO] Argument:325 - Argument : Parentvalue: null
2026-03-11 16:26:00,637 [INFO] Argument:335 - Argument : Parentvalue: null
2026-03-11 16:26:00,637 [INFO] Argument:325 - Argument : XferCpltCallbackvalue: null
2026-03-11 16:26:00,637 [INFO] Argument:335 - Argument : XferCpltCallbackvalue: null
2026-03-11 16:26:00,637 [INFO] Argument:325 - Argument : XferHalfCpltCallbackvalue: null
2026-03-11 16:26:00,637 [INFO] Argument:335 - Argument : XferHalfCpltCallbackvalue: null
2026-03-11 16:26:00,637 [INFO] Argument:325 - Argument : XferM1CpltCallbackvalue: null
2026-03-11 16:26:00,638 [INFO] Argument:335 - Argument : XferM1CpltCallbackvalue: null
2026-03-11 16:26:00,638 [INFO] Argument:325 - Argument : XferErrorCallbackvalue: null
2026-03-11 16:26:00,638 [INFO] Argument:335 - Argument : XferErrorCallbackvalue: null
2026-03-11 16:26:00,638 [INFO] Argument:325 - Argument : ErrorCodevalue: null
2026-03-11 16:26:00,638 [INFO] Argument:335 - Argument : ErrorCodevalue: null
2026-03-11 16:26:00,709 [INFO] CodeEngine:265 - oldGeneratedFile, /home/kamil/STM32CubeIDE/workspace_1.19.0/PCB_STM/MXTmpFiles/license.tmp_save
2026-03-11 16:26:00,827 [INFO] CodeEngine:289 - Generated code: /home/kamil/STM32CubeIDE/workspace_1.19.0/PCB_STM/MXTmpFiles/license.tmp
2026-03-11 16:26:00,848 [INFO] CodeEngine:265 - oldGeneratedFile, /home/kamil/STM32CubeIDE/workspace_1.19.0/PCB_STM/MXTmpFiles/gpio.tmp_save
2026-03-11 16:26:00,920 [INFO] CodeEngine:289 - Generated code: /home/kamil/STM32CubeIDE/workspace_1.19.0/PCB_STM/MXTmpFiles/gpio.tmp
2026-03-11 16:26:01,302 [INFO] CodeEngine:265 - oldGeneratedFile, /home/kamil/STM32CubeIDE/workspace_1.19.0/PCB_STM/MXTmpFiles/dma.tmp_save
2026-03-11 16:26:01,356 [INFO] CodeEngine:289 - Generated code: /home/kamil/STM32CubeIDE/workspace_1.19.0/PCB_STM/MXTmpFiles/dma.tmp
2026-03-11 16:26:01,357 [INFO] CodeEngine:265 - oldGeneratedFile, /home/kamil/STM32CubeIDE/workspace_1.19.0/PCB_STM/MXTmpFiles/dma_GV.tmp_save
2026-03-11 16:26:01,403 [INFO] CodeEngine:289 - Generated code: /home/kamil/STM32CubeIDE/workspace_1.19.0/PCB_STM/MXTmpFiles/dma_GV.tmp
2026-03-11 16:26:01,408 [INFO] CodeEngine:265 - oldGeneratedFile, /home/kamil/STM32CubeIDE/workspace_1.19.0/PCB_STM/Core/Src/stm32f4xx_it.c_save
2026-03-11 16:26:01,474 [INFO] CodeEngine:289 - Generated code: /home/kamil/STM32CubeIDE/workspace_1.19.0/PCB_STM/Core/Src/stm32f4xx_it.c
2026-03-11 16:26:01,475 [INFO] CodeEngine:265 - oldGeneratedFile, /home/kamil/STM32CubeIDE/workspace_1.19.0/PCB_STM/Core/Inc/stm32f4xx_it.h_save
2026-03-11 16:26:01,521 [INFO] CodeEngine:289 - Generated code: /home/kamil/STM32CubeIDE/workspace_1.19.0/PCB_STM/Core/Inc/stm32f4xx_it.h
2026-03-11 16:26:01,526 [INFO] CodeEngine:265 - oldGeneratedFile, /home/kamil/STM32CubeIDE/workspace_1.19.0/PCB_STM/Core/Src/stm32f4xx_hal_msp.c_save
2026-03-11 16:26:01,596 [INFO] CodeEngine:289 - Generated code: /home/kamil/STM32CubeIDE/workspace_1.19.0/PCB_STM/Core/Src/stm32f4xx_hal_msp.c
2026-03-11 16:26:01,597 [INFO] CodeEngine:265 - oldGeneratedFile, /home/kamil/STM32CubeIDE/workspace_1.19.0/PCB_STM/MXTmpFiles/system.tmp_save
2026-03-11 16:26:01,636 [INFO] CodeEngine:289 - Generated code: /home/kamil/STM32CubeIDE/workspace_1.19.0/PCB_STM/MXTmpFiles/system.tmp
2026-03-11 16:26:01,637 [INFO] CodeEngine:265 - oldGeneratedFile, /home/kamil/STM32CubeIDE/workspace_1.19.0/PCB_STM/Core/Inc/stm32_assert.h_save
2026-03-11 16:26:01,675 [INFO] CodeEngine:289 - Generated code: /home/kamil/STM32CubeIDE/workspace_1.19.0/PCB_STM/Core/Inc/stm32_assert.h
2026-03-11 16:26:01,678 [INFO] CodeEngine:321 - oldGeneratedFile, /home/kamil/STM32CubeIDE/workspace_1.19.0/PCB_STM/Core/Inc/stm32f4xx_hal_conf.h_save
2026-03-11 16:26:01,722 [INFO] CodeEngine:345 - Generated code: /home/kamil/STM32CubeIDE/workspace_1.19.0/PCB_STM/Core/Inc/stm32f4xx_hal_conf.h
2026-03-11 16:26:01,740 [WARN] IPConfigManager:3238 - Warning: the RefConfig PLL2P_FOR_MCO is not available in your config.xml file
2026-03-11 16:26:01,744 [WARN] IPConfigManager:3811 - IP not found : TIM
2026-03-11 16:26:01,744 [WARN] CodeGenerator:4259 - IP not found : null
2026-03-11 16:26:01,746 [INFO] CodeEngine:265 - oldGeneratedFile, /home/kamil/STM32CubeIDE/workspace_1.19.0/PCB_STM/Core/Inc/main.h_save
2026-03-11 16:26:01,804 [INFO] CodeEngine:289 - Generated code: /home/kamil/STM32CubeIDE/workspace_1.19.0/PCB_STM/Core/Inc/main.h
2026-03-11 16:26:01,805 [INFO] CodeEngine:265 - oldGeneratedFile, /home/kamil/STM32CubeIDE/workspace_1.19.0/PCB_STM/Core/Src/main.c_save
2026-03-11 16:26:01,912 [INFO] CodeEngine:289 - Generated code: /home/kamil/STM32CubeIDE/workspace_1.19.0/PCB_STM/Core/Src/main.c
2026-03-11 16:26:02,107 [INFO] ProjectBuilder:3606 - Time for Copy HAL[1] : 30mS.
2026-03-11 16:26:02,108 [INFO] ProjectBuilder:5216 - Project Generator version: 4.7.0-B52
2026-03-11 16:26:02,183 [INFO] ConfigFileManager:1595 - The Die is : DIE421
2026-03-11 16:26:02,733 [INFO] ProjectBuilder:5496 - Time for Generating toolchain IDE Files: 624mS.
2026-03-11 16:26:02,733 [INFO] ProjectBuilder:3463 - Time for Copy CMSIS : 0mS.
2026-03-11 16:26:02,733 [INFO] ProjectBuilder:3463 - Time for Copy CMSIS : 0mS.
2026-03-11 16:26:26,081 [INFO] UtilMem:75 - End SaveConfig() Used Memory: 433588224 Bytes (1034944512)
2026-03-11 16:26:26,168 [INFO] BlockDiagram:2775 - set Specific Code input for plugin: TIM6_7
2026-03-11 16:26:26,169 [INFO] BlockDiagram:2775 - set Specific Code input for plugin: CAN
2026-03-11 16:26:26,169 [INFO] BlockDiagram:2775 - set Specific Code input for plugin: SYS
2026-03-11 16:26:26,169 [INFO] BlockDiagram:2775 - set Specific Code input for plugin: RCC
2026-03-11 16:26:26,169 [INFO] BlockDiagram:2775 - set Specific Code input for plugin: I2C
2026-03-11 16:26:26,169 [INFO] BlockDiagram:2775 - set Specific Code input for plugin: NVIC
2026-03-11 16:26:26,169 [INFO] BlockDiagram:2775 - set Specific Code input for plugin: TIM1_8
2026-03-11 16:26:26,169 [INFO] BlockDiagram:2775 - set Specific Code input for plugin: DMA
2026-03-11 16:26:26,169 [INFO] BlockDiagram:2775 - set Specific Code input for plugin: TIM1_8
2026-03-11 16:26:26,169 [INFO] BlockDiagram:2775 - set Specific Code input for plugin: GPIO
2026-03-11 16:26:26,169 [INFO] CodeGenerator:892 - code generatio: config db path: /opt/st/stm32cubeide_1.19.0/plugins/com.st.stm32cube.common.mx_6.15.0.202507011659//db/
2026-03-11 16:26:26,172 [WARN] IP:2250 - I2C_Coeff_DF not found: check if there is a RefParameter without a condition.
2026-03-11 16:26:26,172 [WARN] IP:2250 - Analog_Filter not found: check if there is a RefParameter without a condition.
2026-03-11 16:26:26,172 [INFO] Argument:325 - Argument : hdmavalue: null
2026-03-11 16:26:26,172 [INFO] Argument:327 - 	 sub Args: 
2026-03-11 16:26:26,172 [INFO] Argument:325 - Argument : Instancevalue: DMA1_Stream2
2026-03-11 16:26:26,172 [INFO] Argument:335 - Argument : Instancevalue: DMA1_Stream2
2026-03-11 16:26:26,172 [INFO] Argument:325 - Argument : Initvalue: null
2026-03-11 16:26:26,172 [INFO] Argument:327 - 	 sub Args: 
2026-03-11 16:26:26,172 [INFO] Argument:325 - Argument : Channelvalue: DMA_CHANNEL_3
2026-03-11 16:26:26,172 [INFO] Argument:335 - Argument : Channelvalue: DMA_CHANNEL_3
2026-03-11 16:26:26,172 [INFO] Argument:325 - Argument : Directionvalue: DMA_PERIPH_TO_MEMORY
2026-03-11 16:26:26,172 [INFO] Argument:335 - Argument : Directionvalue: DMA_PERIPH_TO_MEMORY
2026-03-11 16:26:26,172 [INFO] Argument:325 - Argument : PeriphIncvalue: DMA_PINC_DISABLE
2026-03-11 16:26:26,172 [INFO] Argument:335 - Argument : PeriphIncvalue: DMA_PINC_DISABLE
2026-03-11 16:26:26,172 [INFO] Argument:325 - Argument : MemIncvalue: DMA_MINC_ENABLE
2026-03-11 16:26:26,172 [INFO] Argument:335 - Argument : MemIncvalue: DMA_MINC_ENABLE
2026-03-11 16:26:26,172 [INFO] Argument:325 - Argument : PeriphDataAlignmentvalue: DMA_PDATAALIGN_BYTE
2026-03-11 16:26:26,172 [INFO] Argument:335 - Argument : PeriphDataAlignmentvalue: DMA_PDATAALIGN_BYTE
2026-03-11 16:26:26,172 [INFO] Argument:325 - Argument : MemDataAlignmentvalue: DMA_MDATAALIGN_BYTE
2026-03-11 16:26:26,172 [INFO] Argument:335 - Argument : MemDataAlignmentvalue: DMA_MDATAALIGN_BYTE
2026-03-11 16:26:26,172 [INFO] Argument:325 - Argument : Modevalue: DMA_NORMAL
2026-03-11 16:26:26,172 [INFO] Argument:335 - Argument : Modevalue: DMA_NORMAL
2026-03-11 16:26:26,172 [INFO] Argument:325 - Argument : Priorityvalue: DMA_PRIORITY_HIGH
2026-03-11 16:26:26,172 [INFO] Argument:335 - Argument : Priorityvalue: DMA_PRIORITY_HIGH
2026-03-11 16:26:26,172 [INFO] Argument:325 - Argument : FIFOModevalue: DMA_FIFOMODE_DISABLE
2026-03-11 16:26:26,172 [INFO] Argument:335 - Argument : FIFOModevalue: DMA_FIFOMODE_DISABLE
2026-03-11 16:26:26,172 [INFO] Argument:325 - Argument : FIFOThresholdvalue: null
2026-03-11 16:26:26,172 [INFO] Argument:335 - Argument : FIFOThresholdvalue: null
2026-03-11 16:26:26,172 [INFO] Argument:325 - Argument : MemBurstvalue: null
2026-03-11 16:26:26,172 [INFO] Argument:335 - Argument : MemBurstvalue: null
2026-03-11 16:26:26,172 [INFO] Argument:325 - Argument : PeriphBurstvalue: null
2026-03-11 16:26:26,172 [INFO] Argument:335 - Argument : PeriphBurstvalue: null
2026-03-11 16:26:26,172 [INFO] Argument:325 - Argument : Lockvalue: null
2026-03-11 16:26:26,172 [INFO] Argument:335 - Argument : Lockvalue: null
2026-03-11 16:26:26,172 [INFO] Argument:325 - Argument : Statevalue: null
2026-03-11 16:26:26,172 [INFO] Argument:335 - Argument : Statevalue: null
2026-03-11 16:26:26,172 [INFO] Argument:325 - Argument : Parentvalue: null
2026-03-11 16:26:26,172 [INFO] Argument:335 - Argument : Parentvalue: null
2026-03-11 16:26:26,172 [INFO] Argument:325 - Argument : XferCpltCallbackvalue: null
2026-03-11 16:26:26,172 [INFO] Argument:335 - Argument : XferCpltCallbackvalue: null
2026-03-11 16:26:26,172 [INFO] Argument:325 - Argument : XferHalfCpltCallbackvalue: null
2026-03-11 16:26:26,172 [INFO] Argument:335 - Argument : XferHalfCpltCallbackvalue: null
2026-03-11 16:26:26,172 [INFO] Argument:325 - Argument : XferM1CpltCallbackvalue: null
2026-03-11 16:26:26,172 [INFO] Argument:335 - Argument : XferM1CpltCallbackvalue: null
2026-03-11 16:26:26,172 [INFO] Argument:325 - Argument : XferErrorCallbackvalue: null
2026-03-11 16:26:26,172 [INFO] Argument:335 - Argument : XferErrorCallbackvalue: null
2026-03-11 16:26:26,172 [INFO] Argument:325 - Argument : ErrorCodevalue: null
2026-03-11 16:26:26,172 [INFO] Argument:335 - Argument : ErrorCodevalue: null
2026-03-11 16:26:26,242 [INFO] CodeEngine:265 - oldGeneratedFile, /home/kamil/STM32CubeIDE/workspace_1.19.0/PCB_STM/MXTmpFiles/license.tmp_save
2026-03-11 16:26:26,282 [INFO] CodeEngine:289 - Generated code: /home/kamil/STM32CubeIDE/workspace_1.19.0/PCB_STM/MXTmpFiles/license.tmp
2026-03-11 16:26:26,288 [INFO] CodeEngine:265 - oldGeneratedFile, /home/kamil/STM32CubeIDE/workspace_1.19.0/PCB_STM/MXTmpFiles/gpio.tmp_save
2026-03-11 16:26:26,331 [INFO] CodeEngine:289 - Generated code: /home/kamil/STM32CubeIDE/workspace_1.19.0/PCB_STM/MXTmpFiles/gpio.tmp
2026-03-11 16:26:26,417 [INFO] CodeEngine:265 - oldGeneratedFile, /home/kamil/STM32CubeIDE/workspace_1.19.0/PCB_STM/MXTmpFiles/dma.tmp_save
2026-03-11 16:26:26,455 [INFO] CodeEngine:289 - Generated code: /home/kamil/STM32CubeIDE/workspace_1.19.0/PCB_STM/MXTmpFiles/dma.tmp
2026-03-11 16:26:26,456 [INFO] CodeEngine:265 - oldGeneratedFile, /home/kamil/STM32CubeIDE/workspace_1.19.0/PCB_STM/MXTmpFiles/dma_GV.tmp_save
2026-03-11 16:26:26,492 [INFO] CodeEngine:289 - Generated code: /home/kamil/STM32CubeIDE/workspace_1.19.0/PCB_STM/MXTmpFiles/dma_GV.tmp
2026-03-11 16:26:26,496 [INFO] CodeEngine:265 - oldGeneratedFile, /home/kamil/STM32CubeIDE/workspace_1.19.0/PCB_STM/Core/Src/stm32f4xx_it.c_save
2026-03-11 16:26:26,547 [INFO] CodeEngine:289 - Generated code: /home/kamil/STM32CubeIDE/workspace_1.19.0/PCB_STM/Core/Src/stm32f4xx_it.c
2026-03-11 16:26:26,549 [INFO] CodeEngine:265 - oldGeneratedFile, /home/kamil/STM32CubeIDE/workspace_1.19.0/PCB_STM/Core/Inc/stm32f4xx_it.h_save
2026-03-11 16:26:26,600 [INFO] CodeEngine:289 - Generated code: /home/kamil/STM32CubeIDE/workspace_1.19.0/PCB_STM/Core/Inc/stm32f4xx_it.h
2026-03-11 16:26:26,606 [INFO] CodeEngine:265 - oldGeneratedFile, /home/kamil/STM32CubeIDE/workspace_1.19.0/PCB_STM/Core/Src/stm32f4xx_hal_msp.c_save
2026-03-11 16:26:26,673 [INFO] CodeEngine:289 - Generated code: /home/kamil/STM32CubeIDE/workspace_1.19.0/PCB_STM/Core/Src/stm32f4xx_hal_msp.c
2026-03-11 16:26:26,675 [INFO] CodeEngine:265 - oldGeneratedFile, /home/kamil/STM32CubeIDE/workspace_1.19.0/PCB_STM/MXTmpFiles/system.tmp_save
2026-03-11 16:26:26,708 [INFO] CodeEngine:289 - Generated code: /home/kamil/STM32CubeIDE/workspace_1.19.0/PCB_STM/MXTmpFiles/system.tmp
2026-03-11 16:26:26,709 [INFO] CodeEngine:265 - oldGeneratedFile, /home/kamil/STM32CubeIDE/workspace_1.19.0/PCB_STM/Core/Inc/stm32_assert.h_save
2026-03-11 16:26:26,741 [INFO] CodeEngine:289 - Generated code: /home/kamil/STM32CubeIDE/workspace_1.19.0/PCB_STM/Core/Inc/stm32_assert.h
2026-03-11 16:26:26,743 [INFO] CodeEngine:321 - oldGeneratedFile, /home/kamil/STM32CubeIDE/workspace_1.19.0/PCB_STM/Core/Inc/stm32f4xx_hal_conf.h_save
2026-03-11 16:26:26,781 [INFO] CodeEngine:345 - Generated code: /home/kamil/STM32CubeIDE/workspace_1.19.0/PCB_STM/Core/Inc/stm32f4xx_hal_conf.h
2026-03-11 16:26:26,792 [WARN] IPConfigManager:3238 - Warning: the RefConfig PLL2P_FOR_MCO is not available in your config.xml file
2026-03-11 16:26:26,795 [WARN] IPConfigManager:3811 - IP not found : TIM
2026-03-11 16:26:26,795 [WARN] CodeGenerator:4259 - IP not found : null
2026-03-11 16:26:26,797 [INFO] CodeEngine:265 - oldGeneratedFile, /home/kamil/STM32CubeIDE/workspace_1.19.0/PCB_STM/Core/Inc/main.h_save
2026-03-11 16:26:26,839 [INFO] CodeEngine:289 - Generated code: /home/kamil/STM32CubeIDE/workspace_1.19.0/PCB_STM/Core/Inc/main.h
2026-03-11 16:26:26,840 [INFO] CodeEngine:265 - oldGeneratedFile, /home/kamil/STM32CubeIDE/workspace_1.19.0/PCB_STM/Core/Src/main.c_save
2026-03-11 16:26:26,909 [INFO] CodeEngine:289 - Generated code: /home/kamil/STM32CubeIDE/workspace_1.19.0/PCB_STM/Core/Src/main.c
2026-03-11 16:26:27,089 [INFO] ProjectBuilder:3606 - Time for Copy HAL[1] : 28mS.
2026-03-11 16:26:27,091 [INFO] ProjectBuilder:5216 - Project Generator version: 4.7.0-B52
2026-03-11 16:26:27,174 [INFO] ConfigFileManager:1595 - The Die is : DIE421
2026-03-11 16:26:27,534 [INFO] ProjectBuilder:5496 - Time for Generating toolchain IDE Files: 443mS.
2026-03-11 16:26:27,534 [INFO] ProjectBuilder:3463 - Time for Copy CMSIS : 0mS.
2026-03-11 16:26:27,535 [INFO] ProjectBuilder:3463 - Time for Copy CMSIS : 0mS.
2026-03-11 16:27:59,199 [INFO] UtilMem:75 - End SaveConfig() Used Memory: 767583312 Bytes (1034944512)
2026-03-11 16:28:00,968 [INFO] UtilMem:75 - End SaveConfig() Used Memory: 836789328 Bytes (1034944512)
2026-03-11 16:28:01,060 [INFO] BlockDiagram:2775 - set Specific Code input for plugin: TIM6_7
2026-03-11 16:28:01,060 [INFO] BlockDiagram:2775 - set Specific Code input for plugin: CAN
2026-03-11 16:28:01,060 [INFO] BlockDiagram:2775 - set Specific Code input for plugin: SYS
2026-03-11 16:28:01,060 [INFO] BlockDiagram:2775 - set Specific Code input for plugin: RCC
2026-03-11 16:28:01,060 [INFO] BlockDiagram:2775 - set Specific Code input for plugin: I2C
2026-03-11 16:28:01,060 [INFO] BlockDiagram:2775 - set Specific Code input for plugin: NVIC
2026-03-11 16:28:01,060 [INFO] BlockDiagram:2775 - set Specific Code input for plugin: TIM1_8
2026-03-11 16:28:01,060 [INFO] BlockDiagram:2775 - set Specific Code input for plugin: DMA
2026-03-11 16:28:01,060 [INFO] BlockDiagram:2775 - set Specific Code input for plugin: TIM1_8
2026-03-11 16:28:01,060 [INFO] BlockDiagram:2775 - set Specific Code input for plugin: GPIO
2026-03-11 16:28:01,061 [INFO] CodeGenerator:892 - code generatio: config db path: /opt/st/stm32cubeide_1.19.0/plugins/com.st.stm32cube.common.mx_6.15.0.202507011659//db/
2026-03-11 16:28:01,062 [WARN] IP:2250 - I2C_Coeff_DF not found: check if there is a RefParameter without a condition.
2026-03-11 16:28:01,062 [WARN] IP:2250 - Analog_Filter not found: check if there is a RefParameter without a condition.
2026-03-11 16:28:01,062 [INFO] Argument:325 - Argument : hdmavalue: null
2026-03-11 16:28:01,062 [INFO] Argument:327 - 	 sub Args: 
2026-03-11 16:28:01,062 [INFO] Argument:325 - Argument : Instancevalue: DMA1_Stream2
2026-03-11 16:28:01,062 [INFO] Argument:335 - Argument : Instancevalue: DMA1_Stream2
2026-03-11 16:28:01,062 [INFO] Argument:325 - Argument : Initvalue: null
2026-03-11 16:28:01,062 [INFO] Argument:327 - 	 sub Args: 
2026-03-11 16:28:01,062 [INFO] Argument:325 - Argument : Channelvalue: DMA_CHANNEL_3
2026-03-11 16:28:01,063 [INFO] Argument:335 - Argument : Channelvalue: DMA_CHANNEL_3
2026-03-11 16:28:01,063 [INFO] Argument:325 - Argument : Directionvalue: DMA_PERIPH_TO_MEMORY
2026-03-11 16:28:01,063 [INFO] Argument:335 - Argument : Directionvalue: DMA_PERIPH_TO_MEMORY
2026-03-11 16:28:01,063 [INFO] Argument:325 - Argument : PeriphIncvalue: DMA_PINC_DISABLE
2026-03-11 16:28:01,063 [INFO] Argument:335 - Argument : PeriphIncvalue: DMA_PINC_DISABLE
2026-03-11 16:28:01,063 [INFO] Argument:325 - Argument : MemIncvalue: DMA_MINC_ENABLE
2026-03-11 16:28:01,063 [INFO] Argument:335 - Argument : MemIncvalue: DMA_MINC_ENABLE
2026-03-11 16:28:01,063 [INFO] Argument:325 - Argument : PeriphDataAlignmentvalue: DMA_PDATAALIGN_BYTE
2026-03-11 16:28:01,063 [INFO] Argument:335 - Argument : PeriphDataAlignmentvalue: DMA_PDATAALIGN_BYTE
2026-03-11 16:28:01,063 [INFO] Argument:325 - Argument : MemDataAlignmentvalue: DMA_MDATAALIGN_BYTE
2026-03-11 16:28:01,063 [INFO] Argument:335 - Argument : MemDataAlignmentvalue: DMA_MDATAALIGN_BYTE
2026-03-11 16:28:01,063 [INFO] Argument:325 - Argument : Modevalue: DMA_NORMAL
2026-03-11 16:28:01,063 [INFO] Argument:335 - Argument : Modevalue: DMA_NORMAL
2026-03-11 16:28:01,063 [INFO] Argument:325 - Argument : Priorityvalue: DMA_PRIORITY_HIGH
2026-03-11 16:28:01,063 [INFO] Argument:335 - Argument : Priorityvalue: DMA_PRIORITY_HIGH
2026-03-11 16:28:01,063 [INFO] Argument:325 - Argument : FIFOModevalue: DMA_FIFOMODE_DISABLE
2026-03-11 16:28:01,063 [INFO] Argument:335 - Argument : FIFOModevalue: DMA_FIFOMODE_DISABLE
2026-03-11 16:28:01,063 [INFO] Argument:325 - Argument : FIFOThresholdvalue: null
2026-03-11 16:28:01,063 [INFO] Argument:335 - Argument : FIFOThresholdvalue: null
2026-03-11 16:28:01,063 [INFO] Argument:325 - Argument : MemBurstvalue: null
2026-03-11 16:28:01,063 [INFO] Argument:335 - Argument : MemBurstvalue: null
2026-03-11 16:28:01,063 [INFO] Argument:325 - Argument : PeriphBurstvalue: null
2026-03-11 16:28:01,063 [INFO] Argument:335 - Argument : PeriphBurstvalue: null
2026-03-11 16:28:01,063 [INFO] Argument:325 - Argument : Lockvalue: null
2026-03-11 16:28:01,063 [INFO] Argument:335 - Argument : Lockvalue: null
2026-03-11 16:28:01,063 [INFO] Argument:325 - Argument : Statevalue: null
2026-03-11 16:28:01,063 [INFO] Argument:335 - Argument : Statevalue: null
2026-03-11 16:28:01,063 [INFO] Argument:325 - Argument : Parentvalue: null
2026-03-11 16:28:01,063 [INFO] Argument:335 - Argument : Parentvalue: null
2026-03-11 16:28:01,063 [INFO] Argument:325 - Argument : XferCpltCallbackvalue: null
2026-03-11 16:28:01,063 [INFO] Argument:335 - Argument : XferCpltCallbackvalue: null
2026-03-11 16:28:01,063 [INFO] Argument:325 - Argument : XferHalfCpltCallbackvalue: null
2026-03-11 16:28:01,063 [INFO] Argument:335 - Argument : XferHalfCpltCallbackvalue: null
2026-03-11 16:28:01,063 [INFO] Argument:325 - Argument : XferM1CpltCallbackvalue: null
2026-03-11 16:28:01,063 [INFO] Argument:335 - Argument : XferM1CpltCallbackvalue: null
2026-03-11 16:28:01,063 [INFO] Argument:325 - Argument : XferErrorCallbackvalue: null
2026-03-11 16:28:01,063 [INFO] Argument:335 - Argument : XferErrorCallbackvalue: null
2026-03-11 16:28:01,063 [INFO] Argument:325 - Argument : ErrorCodevalue: null
2026-03-11 16:28:01,063 [INFO] Argument:335 - Argument : ErrorCodevalue: null
2026-03-11 16:28:01,139 [INFO] CodeEngine:265 - oldGeneratedFile, /home/kamil/STM32CubeIDE/workspace_1.19.0/PCB_STM/MXTmpFiles/license.tmp_save
2026-03-11 16:28:01,178 [INFO] CodeEngine:289 - Generated code: /home/kamil/STM32CubeIDE/workspace_1.19.0/PCB_STM/MXTmpFiles/license.tmp
2026-03-11 16:28:01,186 [INFO] CodeEngine:265 - oldGeneratedFile, /home/kamil/STM32CubeIDE/workspace_1.19.0/PCB_STM/MXTmpFiles/gpio.tmp_save
2026-03-11 16:28:01,222 [INFO] CodeEngine:289 - Generated code: /home/kamil/STM32CubeIDE/workspace_1.19.0/PCB_STM/MXTmpFiles/gpio.tmp
2026-03-11 16:28:01,323 [INFO] CodeEngine:265 - oldGeneratedFile, /home/kamil/STM32CubeIDE/workspace_1.19.0/PCB_STM/MXTmpFiles/dma.tmp_save
2026-03-11 16:28:01,377 [INFO] CodeEngine:289 - Generated code: /home/kamil/STM32CubeIDE/workspace_1.19.0/PCB_STM/MXTmpFiles/dma.tmp
2026-03-11 16:28:01,378 [INFO] CodeEngine:265 - oldGeneratedFile, /home/kamil/STM32CubeIDE/workspace_1.19.0/PCB_STM/MXTmpFiles/dma_GV.tmp_save
2026-03-11 16:28:01,415 [INFO] CodeEngine:289 - Generated code: /home/kamil/STM32CubeIDE/workspace_1.19.0/PCB_STM/MXTmpFiles/dma_GV.tmp
2026-03-11 16:28:01,420 [INFO] CodeEngine:265 - oldGeneratedFile, /home/kamil/STM32CubeIDE/workspace_1.19.0/PCB_STM/Core/Src/stm32f4xx_it.c_save
2026-03-11 16:28:01,467 [INFO] CodeEngine:289 - Generated code: /home/kamil/STM32CubeIDE/workspace_1.19.0/PCB_STM/Core/Src/stm32f4xx_it.c
2026-03-11 16:28:01,468 [INFO] CodeEngine:265 - oldGeneratedFile, /home/kamil/STM32CubeIDE/workspace_1.19.0/PCB_STM/Core/Inc/stm32f4xx_it.h_save
2026-03-11 16:28:01,504 [INFO] CodeEngine:289 - Generated code: /home/kamil/STM32CubeIDE/workspace_1.19.0/PCB_STM/Core/Inc/stm32f4xx_it.h
2026-03-11 16:28:01,509 [INFO] CodeEngine:265 - oldGeneratedFile, /home/kamil/STM32CubeIDE/workspace_1.19.0/PCB_STM/Core/Src/stm32f4xx_hal_msp.c_save
2026-03-11 16:28:01,561 [INFO] CodeEngine:289 - Generated code: /home/kamil/STM32CubeIDE/workspace_1.19.0/PCB_STM/Core/Src/stm32f4xx_hal_msp.c
2026-03-11 16:28:01,562 [INFO] CodeEngine:265 - oldGeneratedFile, /home/kamil/STM32CubeIDE/workspace_1.19.0/PCB_STM/MXTmpFiles/system.tmp_save
2026-03-11 16:28:01,598 [INFO] CodeEngine:289 - Generated code: /home/kamil/STM32CubeIDE/workspace_1.19.0/PCB_STM/MXTmpFiles/system.tmp
2026-03-11 16:28:01,599 [INFO] CodeEngine:265 - oldGeneratedFile, /home/kamil/STM32CubeIDE/workspace_1.19.0/PCB_STM/Core/Inc/stm32_assert.h_save
2026-03-11 16:28:01,631 [INFO] CodeEngine:289 - Generated code: /home/kamil/STM32CubeIDE/workspace_1.19.0/PCB_STM/Core/Inc/stm32_assert.h
2026-03-11 16:28:01,633 [INFO] CodeEngine:321 - oldGeneratedFile, /home/kamil/STM32CubeIDE/workspace_1.19.0/PCB_STM/Core/Inc/stm32f4xx_hal_conf.h_save
2026-03-11 16:28:01,671 [INFO] CodeEngine:345 - Generated code: /home/kamil/STM32CubeIDE/workspace_1.19.0/PCB_STM/Core/Inc/stm32f4xx_hal_conf.h
2026-03-11 16:28:01,682 [WARN] IPConfigManager:3238 - Warning: the RefConfig PLL2P_FOR_MCO is not available in your config.xml file
2026-03-11 16:28:01,684 [WARN] IPConfigManager:3811 - IP not found : TIM
2026-03-11 16:28:01,684 [WARN] CodeGenerator:4259 - IP not found : null
2026-03-11 16:28:01,685 [INFO] CodeEngine:265 - oldGeneratedFile, /home/kamil/STM32CubeIDE/workspace_1.19.0/PCB_STM/Core/Inc/main.h_save
2026-03-11 16:28:01,723 [INFO] CodeEngine:289 - Generated code: /home/kamil/STM32CubeIDE/workspace_1.19.0/PCB_STM/Core/Inc/main.h
2026-03-11 16:28:01,724 [INFO] CodeEngine:265 - oldGeneratedFile, /home/kamil/STM32CubeIDE/workspace_1.19.0/PCB_STM/Core/Src/main.c_save
2026-03-11 16:28:01,783 [INFO] CodeEngine:289 - Generated code: /home/kamil/STM32CubeIDE/workspace_1.19.0/PCB_STM/Core/Src/main.c
2026-03-11 16:28:01,915 [INFO] ProjectBuilder:3606 - Time for Copy HAL[1] : 17mS.
2026-03-11 16:28:01,917 [INFO] ProjectBuilder:5216 - Project Generator version: 4.7.0-B52
2026-03-11 16:28:01,969 [INFO] ConfigFileManager:1595 - The Die is : DIE421
2026-03-11 16:28:02,329 [INFO] ProjectBuilder:5496 - Time for Generating toolchain IDE Files: 411mS.
2026-03-11 16:28:02,330 [INFO] ProjectBuilder:3463 - Time for Copy CMSIS : 1mS.
2026-03-11 16:28:02,330 [INFO] ProjectBuilder:3463 - Time for Copy CMSIS : 0mS.
2026-03-11 16:28:41,657 [INFO] UtilMem:75 - End SaveConfig() Used Memory: 413878032 Bytes (943718400)
2026-03-11 16:28:43,400 [INFO] UtilMem:75 - End SaveConfig() Used Memory: 482557712 Bytes (943718400)
2026-03-11 16:28:43,461 [INFO] BlockDiagram:2775 - set Specific Code input for plugin: TIM6_7
2026-03-11 16:28:43,461 [INFO] BlockDiagram:2775 - set Specific Code input for plugin: CAN
2026-03-11 16:28:43,461 [INFO] BlockDiagram:2775 - set Specific Code input for plugin: SYS
2026-03-11 16:28:43,461 [INFO] BlockDiagram:2775 - set Specific Code input for plugin: RCC
2026-03-11 16:28:43,461 [INFO] BlockDiagram:2775 - set Specific Code input for plugin: I2C
2026-03-11 16:28:43,461 [INFO] BlockDiagram:2775 - set Specific Code input for plugin: NVIC
2026-03-11 16:28:43,461 [INFO] BlockDiagram:2775 - set Specific Code input for plugin: TIM1_8
2026-03-11 16:28:43,461 [INFO] BlockDiagram:2775 - set Specific Code input for plugin: DMA
2026-03-11 16:28:43,461 [INFO] BlockDiagram:2775 - set Specific Code input for plugin: TIM1_8
2026-03-11 16:28:43,461 [INFO] BlockDiagram:2775 - set Specific Code input for plugin: GPIO
2026-03-11 16:28:43,461 [INFO] CodeGenerator:892 - code generatio: config db path: /opt/st/stm32cubeide_1.19.0/plugins/com.st.stm32cube.common.mx_6.15.0.202507011659//db/
2026-03-11 16:28:43,463 [WARN] IP:2250 - I2C_Coeff_DF not found: check if there is a RefParameter without a condition.
2026-03-11 16:28:43,463 [WARN] IP:2250 - Analog_Filter not found: check if there is a RefParameter without a condition.
2026-03-11 16:28:43,463 [INFO] Argument:325 - Argument : hdmavalue: null
2026-03-11 16:28:43,463 [INFO] Argument:327 - 	 sub Args: 
2026-03-11 16:28:43,463 [INFO] Argument:325 - Argument : Instancevalue: DMA1_Stream2
2026-03-11 16:28:43,463 [INFO] Argument:335 - Argument : Instancevalue: DMA1_Stream2
2026-03-11 16:28:43,463 [INFO] Argument:325 - Argument : Initvalue: null
2026-03-11 16:28:43,463 [INFO] Argument:327 - 	 sub Args: 
2026-03-11 16:28:43,463 [INFO] Argument:325 - Argument : Channelvalue: DMA_CHANNEL_3
2026-03-11 16:28:43,463 [INFO] Argument:335 - Argument : Channelvalue: DMA_CHANNEL_3
2026-03-11 16:28:43,463 [INFO] Argument:325 - Argument : Directionvalue: DMA_PERIPH_TO_MEMORY
2026-03-11 16:28:43,463 [INFO] Argument:335 - Argument : Directionvalue: DMA_PERIPH_TO_MEMORY
2026-03-11 16:28:43,463 [INFO] Argument:325 - Argument : PeriphIncvalue: DMA_PINC_DISABLE
2026-03-11 16:28:43,463 [INFO] Argument:335 - Argument : PeriphIncvalue: DMA_PINC_DISABLE
2026-03-11 16:28:43,463 [INFO] Argument:325 - Argument : MemIncvalue: DMA_MINC_ENABLE
2026-03-11 16:28:43,463 [INFO] Argument:335 - Argument : MemIncvalue: DMA_MINC_ENABLE
2026-03-11 16:28:43,463 [INFO] Argument:325 - Argument : PeriphDataAlignmentvalue: DMA_PDATAALIGN_BYTE
2026-03-11 16:28:43,463 [INFO] Argument:335 - Argument : PeriphDataAlignmentvalue: DMA_PDATAALIGN_BYTE
2026-03-11 16:28:43,463 [INFO] Argument:325 - Argument : MemDataAlignmentvalue: DMA_MDATAALIGN_BYTE
2026-03-11 16:28:43,463 [INFO] Argument:335 - Argument : MemDataAlignmentvalue: DMA_MDATAALIGN_BYTE
2026-03-11 16:28:43,463 [INFO] Argument:325 - Argument : Modevalue: DMA_NORMAL
2026-03-11 16:28:43,463 [INFO] Argument:335 - Argument : Modevalue: DMA_NORMAL
2026-03-11 16:28:43,463 [INFO] Argument:325 - Argument : Priorityvalue: DMA_PRIORITY_HIGH
2026-03-11 16:28:43,463 [INFO] Argument:335 - Argument : Priorityvalue: DMA_PRIORITY_HIGH
2026-03-11 16:28:43,463 [INFO] Argument:325 - Argument : FIFOModevalue: DMA_FIFOMODE_DISABLE
2026-03-11 16:28:43,463 [INFO] Argument:335 - Argument : FIFOModevalue: DMA_FIFOMODE_DISABLE
2026-03-11 16:28:43,463 [INFO] Argument:325 - Argument : FIFOThresholdvalue: null
2026-03-11 16:28:43,463 [INFO] Argument:335 - Argument : FIFOThresholdvalue: null
2026-03-11 16:28:43,463 [INFO] Argument:325 - Argument : MemBurstvalue: null
2026-03-11 16:28:43,463 [INFO] Argument:335 - Argument : MemBurstvalue: null
2026-03-11 16:28:43,463 [INFO] Argument:325 - Argument : PeriphBurstvalue: null
2026-03-11 16:28:43,463 [INFO] Argument:335 - Argument : PeriphBurstvalue: null
2026-03-11 16:28:43,463 [INFO] Argument:325 - Argument : Lockvalue: null
2026-03-11 16:28:43,463 [INFO] Argument:335 - Argument : Lockvalue: null
2026-03-11 16:28:43,463 [INFO] Argument:325 - Argument : Statevalue: null
2026-03-11 16:28:43,463 [INFO] Argument:335 - Argument : Statevalue: null
2026-03-11 16:28:43,463 [INFO] Argument:325 - Argument : Parentvalue: null
2026-03-11 16:28:43,463 [INFO] Argument:335 - Argument : Parentvalue: null
2026-03-11 16:28:43,463 [INFO] Argument:325 - Argument : XferCpltCallbackvalue: null
2026-03-11 16:28:43,463 [INFO] Argument:335 - Argument : XferCpltCallbackvalue: null
2026-03-11 16:28:43,463 [INFO] Argument:325 - Argument : XferHalfCpltCallbackvalue: null
2026-03-11 16:28:43,463 [INFO] Argument:335 - Argument : XferHalfCpltCallbackvalue: null
2026-03-11 16:28:43,463 [INFO] Argument:325 - Argument : XferM1CpltCallbackvalue: null
2026-03-11 16:28:43,463 [INFO] Argument:335 - Argument : XferM1CpltCallbackvalue: null
2026-03-11 16:28:43,463 [INFO] Argument:325 - Argument : XferErrorCallbackvalue: null
2026-03-11 16:28:43,463 [INFO] Argument:335 - Argument : XferErrorCallbackvalue: null
2026-03-11 16:28:43,463 [INFO] Argument:325 - Argument : ErrorCodevalue: null
2026-03-11 16:28:43,463 [INFO] Argument:335 - Argument : ErrorCodevalue: null
2026-03-11 16:28:43,517 [INFO] CodeEngine:265 - oldGeneratedFile, /home/kamil/STM32CubeIDE/workspace_1.19.0/PCB_STM/MXTmpFiles/license.tmp_save
2026-03-11 16:28:43,553 [INFO] CodeEngine:289 - Generated code: /home/kamil/STM32CubeIDE/workspace_1.19.0/PCB_STM/MXTmpFiles/license.tmp
2026-03-11 16:28:43,558 [INFO] CodeEngine:265 - oldGeneratedFile, /home/kamil/STM32CubeIDE/workspace_1.19.0/PCB_STM/MXTmpFiles/gpio.tmp_save
2026-03-11 16:28:43,595 [INFO] CodeEngine:289 - Generated code: /home/kamil/STM32CubeIDE/workspace_1.19.0/PCB_STM/MXTmpFiles/gpio.tmp
2026-03-11 16:28:43,672 [INFO] CodeEngine:265 - oldGeneratedFile, /home/kamil/STM32CubeIDE/workspace_1.19.0/PCB_STM/MXTmpFiles/dma.tmp_save
2026-03-11 16:28:43,706 [INFO] CodeEngine:289 - Generated code: /home/kamil/STM32CubeIDE/workspace_1.19.0/PCB_STM/MXTmpFiles/dma.tmp
2026-03-11 16:28:43,707 [INFO] CodeEngine:265 - oldGeneratedFile, /home/kamil/STM32CubeIDE/workspace_1.19.0/PCB_STM/MXTmpFiles/dma_GV.tmp_save
2026-03-11 16:28:43,739 [INFO] CodeEngine:289 - Generated code: /home/kamil/STM32CubeIDE/workspace_1.19.0/PCB_STM/MXTmpFiles/dma_GV.tmp
2026-03-11 16:28:43,743 [INFO] CodeEngine:265 - oldGeneratedFile, /home/kamil/STM32CubeIDE/workspace_1.19.0/PCB_STM/Core/Src/stm32f4xx_it.c_save
2026-03-11 16:28:43,789 [INFO] CodeEngine:289 - Generated code: /home/kamil/STM32CubeIDE/workspace_1.19.0/PCB_STM/Core/Src/stm32f4xx_it.c
2026-03-11 16:28:43,790 [INFO] CodeEngine:265 - oldGeneratedFile, /home/kamil/STM32CubeIDE/workspace_1.19.0/PCB_STM/Core/Inc/stm32f4xx_it.h_save
2026-03-11 16:28:43,826 [INFO] CodeEngine:289 - Generated code: /home/kamil/STM32CubeIDE/workspace_1.19.0/PCB_STM/Core/Inc/stm32f4xx_it.h
2026-03-11 16:28:43,831 [INFO] CodeEngine:265 - oldGeneratedFile, /home/kamil/STM32CubeIDE/workspace_1.19.0/PCB_STM/Core/Src/stm32f4xx_hal_msp.c_save
2026-03-11 16:28:43,886 [INFO] CodeEngine:289 - Generated code: /home/kamil/STM32CubeIDE/workspace_1.19.0/PCB_STM/Core/Src/stm32f4xx_hal_msp.c
2026-03-11 16:28:43,887 [INFO] CodeEngine:265 - oldGeneratedFile, /home/kamil/STM32CubeIDE/workspace_1.19.0/PCB_STM/MXTmpFiles/system.tmp_save
2026-03-11 16:28:43,938 [INFO] CodeEngine:289 - Generated code: /home/kamil/STM32CubeIDE/workspace_1.19.0/PCB_STM/MXTmpFiles/system.tmp
2026-03-11 16:28:43,938 [INFO] CodeEngine:265 - oldGeneratedFile, /home/kamil/STM32CubeIDE/workspace_1.19.0/PCB_STM/Core/Inc/stm32_assert.h_save
2026-03-11 16:28:43,971 [INFO] CodeEngine:289 - Generated code: /home/kamil/STM32CubeIDE/workspace_1.19.0/PCB_STM/Core/Inc/stm32_assert.h
2026-03-11 16:28:43,973 [INFO] CodeEngine:321 - oldGeneratedFile, /home/kamil/STM32CubeIDE/workspace_1.19.0/PCB_STM/Core/Inc/stm32f4xx_hal_conf.h_save
2026-03-11 16:28:44,015 [INFO] CodeEngine:345 - Generated code: /home/kamil/STM32CubeIDE/workspace_1.19.0/PCB_STM/Core/Inc/stm32f4xx_hal_conf.h
2026-03-11 16:28:44,026 [WARN] IPConfigManager:3238 - Warning: the RefConfig PLL2P_FOR_MCO is not available in your config.xml file
2026-03-11 16:28:44,027 [WARN] IPConfigManager:3811 - IP not found : TIM
2026-03-11 16:28:44,028 [WARN] CodeGenerator:4259 - IP not found : null
2026-03-11 16:28:44,030 [INFO] CodeEngine:265 - oldGeneratedFile, /home/kamil/STM32CubeIDE/workspace_1.19.0/PCB_STM/Core/Inc/main.h_save
2026-03-11 16:28:44,069 [INFO] CodeEngine:289 - Generated code: /home/kamil/STM32CubeIDE/workspace_1.19.0/PCB_STM/Core/Inc/main.h
2026-03-11 16:28:44,070 [INFO] CodeEngine:265 - oldGeneratedFile, /home/kamil/STM32CubeIDE/workspace_1.19.0/PCB_STM/Core/Src/main.c_save
2026-03-11 16:28:44,129 [INFO] CodeEngine:289 - Generated code: /home/kamil/STM32CubeIDE/workspace_1.19.0/PCB_STM/Core/Src/main.c
2026-03-11 16:28:44,259 [INFO] ProjectBuilder:3606 - Time for Copy HAL[1] : 20mS.
2026-03-11 16:28:44,260 [INFO] ProjectBuilder:5216 - Project Generator version: 4.7.0-B52
2026-03-11 16:28:44,321 [INFO] ConfigFileManager:1595 - The Die is : DIE421
2026-03-11 16:28:44,676 [INFO] ProjectBuilder:5496 - Time for Generating toolchain IDE Files: 416mS.
2026-03-11 16:28:44,676 [INFO] ProjectBuilder:3463 - Time for Copy CMSIS : 0mS.
2026-03-11 16:28:44,677 [INFO] ProjectBuilder:3463 - Time for Copy CMSIS : 0mS.
2026-03-11 16:32:31,260 [INFO] Gpio:278 - dependency for GPIO [CAN1, I2C3, RCC, SYS, TIM9]
2026-03-11 16:32:38,436 [WARN] IP:2250 - I2C_Coeff_DF not found: check if there is a RefParameter without a condition.
2026-03-11 16:32:38,436 [WARN] IP:2250 - Analog_Filter not found: check if there is a RefParameter without a condition.
2026-03-11 16:32:38,436 [WARN] IP:2250 - I2C_Coeff_DF not found: check if there is a RefParameter without a condition.
2026-03-11 16:32:38,436 [WARN] IP:2250 - Analog_Filter not found: check if there is a RefParameter without a condition.
2026-03-11 16:32:38,463 [WARN] IP:2250 - I2C_Coeff_DF not found: check if there is a RefParameter without a condition.
2026-03-11 16:32:38,463 [WARN] IP:2250 - Analog_Filter not found: check if there is a RefParameter without a condition.
2026-03-11 16:32:38,484 [WARN] IP:2250 - I2C_Coeff_DF not found: check if there is a RefParameter without a condition.
2026-03-11 16:32:38,484 [WARN] IP:2250 - Analog_Filter not found: check if there is a RefParameter without a condition.
2026-03-11 16:33:07,773 [INFO] NvicIntPanel:101 - NVIC parent = com.st.microxplorer.plugins.ip.nvic.MultiNvicIntPanel[,0,0,450x174,layout=javax.swing.BoxLayout,alignmentX=0.0,alignmentY=0.0,border=,flags=9,maximumSize=,minimumSize=,preferredSize=]
2026-03-11 16:33:11,651 [INFO] NvicIntPanel:101 - NVIC parent = com.st.microxplorer.plugins.ip.nvic.MultiNvicIntPanel[,0,0,0x0,invalid,layout=javax.swing.BoxLayout,alignmentX=0.0,alignmentY=0.0,border=,flags=9,maximumSize=,minimumSize=,preferredSize=]
2026-03-11 16:33:11,684 [INFO] NvicIntPanel:101 - NVIC parent = com.st.microxplorer.plugins.ip.nvic.MultiNvicIntPanel[,0,0,0x0,invalid,layout=javax.swing.BoxLayout,alignmentX=0.0,alignmentY=0.0,border=,flags=9,maximumSize=,minimumSize=,preferredSize=]
2026-03-11 16:33:22,075 [INFO] Gpio:278 - dependency for GPIO [CAN1, I2C3, RCC, SYS, TIM9, USB_OTG_FS]
2026-03-11 16:34:05,005 [INFO] UtilMem:75 - End SaveConfig() Used Memory: 621423416 Bytes (933232640)
2026-03-11 16:34:06,758 [INFO] UtilMem:75 - End SaveConfig() Used Memory: 723705912 Bytes (933232640)
2026-03-11 16:34:06,817 [INFO] BlockDiagram:2775 - set Specific Code input for plugin: TIM6_7
2026-03-11 16:34:06,817 [INFO] BlockDiagram:2775 - set Specific Code input for plugin: CAN
2026-03-11 16:34:06,817 [INFO] BlockDiagram:2775 - set Specific Code input for plugin: SYS
2026-03-11 16:34:06,817 [INFO] BlockDiagram:2775 - set Specific Code input for plugin: RCC
2026-03-11 16:34:06,817 [INFO] BlockDiagram:2775 - set Specific Code input for plugin: I2C
2026-03-11 16:34:06,817 [INFO] BlockDiagram:2775 - set Specific Code input for plugin: USB_OTG_FS
2026-03-11 16:34:06,817 [INFO] BlockDiagram:2775 - set Specific Code input for plugin: NVIC
2026-03-11 16:34:06,817 [INFO] BlockDiagram:2775 - set Specific Code input for plugin: TIM1_8
2026-03-11 16:34:06,817 [INFO] BlockDiagram:2775 - set Specific Code input for plugin: DMA
2026-03-11 16:34:06,817 [INFO] BlockDiagram:2775 - set Specific Code input for plugin: TIM1_8
2026-03-11 16:34:06,817 [INFO] BlockDiagram:2775 - set Specific Code input for plugin: GPIO
2026-03-11 16:34:06,817 [INFO] CodeGenerator:892 - code generatio: config db path: /opt/st/stm32cubeide_1.19.0/plugins/com.st.stm32cube.common.mx_6.15.0.202507011659//db/
2026-03-11 16:34:06,818 [WARN] IP:2250 - I2C_Coeff_DF not found: check if there is a RefParameter without a condition.
2026-03-11 16:34:06,818 [WARN] IP:2250 - Analog_Filter not found: check if there is a RefParameter without a condition.
2026-03-11 16:34:06,819 [INFO] Argument:325 - Argument : hdmavalue: null
2026-03-11 16:34:06,819 [INFO] Argument:327 - 	 sub Args: 
2026-03-11 16:34:06,819 [INFO] Argument:325 - Argument : Instancevalue: DMA1_Stream2
2026-03-11 16:34:06,819 [INFO] Argument:335 - Argument : Instancevalue: DMA1_Stream2
2026-03-11 16:34:06,819 [INFO] Argument:325 - Argument : Initvalue: null
2026-03-11 16:34:06,819 [INFO] Argument:327 - 	 sub Args: 
2026-03-11 16:34:06,819 [INFO] Argument:325 - Argument : Channelvalue: DMA_CHANNEL_3
2026-03-11 16:34:06,819 [INFO] Argument:335 - Argument : Channelvalue: DMA_CHANNEL_3
2026-03-11 16:34:06,819 [INFO] Argument:325 - Argument : Directionvalue: DMA_PERIPH_TO_MEMORY
2026-03-11 16:34:06,819 [INFO] Argument:335 - Argument : Directionvalue: DMA_PERIPH_TO_MEMORY
2026-03-11 16:34:06,819 [INFO] Argument:325 - Argument : PeriphIncvalue: DMA_PINC_DISABLE
2026-03-11 16:34:06,819 [INFO] Argument:335 - Argument : PeriphIncvalue: DMA_PINC_DISABLE
2026-03-11 16:34:06,819 [INFO] Argument:325 - Argument : MemIncvalue: DMA_MINC_ENABLE
2026-03-11 16:34:06,819 [INFO] Argument:335 - Argument : MemIncvalue: DMA_MINC_ENABLE
2026-03-11 16:34:06,819 [INFO] Argument:325 - Argument : PeriphDataAlignmentvalue: DMA_PDATAALIGN_BYTE
2026-03-11 16:34:06,819 [INFO] Argument:335 - Argument : PeriphDataAlignmentvalue: DMA_PDATAALIGN_BYTE
2026-03-11 16:34:06,819 [INFO] Argument:325 - Argument : MemDataAlignmentvalue: DMA_MDATAALIGN_BYTE
2026-03-11 16:34:06,819 [INFO] Argument:335 - Argument : MemDataAlignmentvalue: DMA_MDATAALIGN_BYTE
2026-03-11 16:34:06,819 [INFO] Argument:325 - Argument : Modevalue: DMA_NORMAL
2026-03-11 16:34:06,819 [INFO] Argument:335 - Argument : Modevalue: DMA_NORMAL
2026-03-11 16:34:06,819 [INFO] Argument:325 - Argument : Priorityvalue: DMA_PRIORITY_HIGH
2026-03-11 16:34:06,819 [INFO] Argument:335 - Argument : Priorityvalue: DMA_PRIORITY_HIGH
2026-03-11 16:34:06,819 [INFO] Argument:325 - Argument : FIFOModevalue: DMA_FIFOMODE_DISABLE
2026-03-11 16:34:06,819 [INFO] Argument:335 - Argument : FIFOModevalue: DMA_FIFOMODE_DISABLE
2026-03-11 16:34:06,819 [INFO] Argument:325 - Argument : FIFOThresholdvalue: null
2026-03-11 16:34:06,819 [INFO] Argument:335 - Argument : FIFOThresholdvalue: null
2026-03-11 16:34:06,819 [INFO] Argument:325 - Argument : MemBurstvalue: null
2026-03-11 16:34:06,819 [INFO] Argument:335 - Argument : MemBurstvalue: null
2026-03-11 16:34:06,819 [INFO] Argument:325 - Argument : PeriphBurstvalue: null
2026-03-11 16:34:06,819 [INFO] Argument:335 - Argument : PeriphBurstvalue: null
2026-03-11 16:34:06,819 [INFO] Argument:325 - Argument : Lockvalue: null
2026-03-11 16:34:06,819 [INFO] Argument:335 - Argument : Lockvalue: null
2026-03-11 16:34:06,819 [INFO] Argument:325 - Argument : Statevalue: null
2026-03-11 16:34:06,819 [INFO] Argument:335 - Argument : Statevalue: null
2026-03-11 16:34:06,819 [INFO] Argument:325 - Argument : Parentvalue: null
2026-03-11 16:34:06,819 [INFO] Argument:335 - Argument : Parentvalue: null
2026-03-11 16:34:06,819 [INFO] Argument:325 - Argument : XferCpltCallbackvalue: null
2026-03-11 16:34:06,819 [INFO] Argument:335 - Argument : XferCpltCallbackvalue: null
2026-03-11 16:34:06,819 [INFO] Argument:325 - Argument : XferHalfCpltCallbackvalue: null
2026-03-11 16:34:06,819 [INFO] Argument:335 - Argument : XferHalfCpltCallbackvalue: null
2026-03-11 16:34:06,819 [INFO] Argument:325 - Argument : XferM1CpltCallbackvalue: null
2026-03-11 16:34:06,819 [INFO] Argument:335 - Argument : XferM1CpltCallbackvalue: null
2026-03-11 16:34:06,819 [INFO] Argument:325 - Argument : XferErrorCallbackvalue: null
2026-03-11 16:34:06,819 [INFO] Argument:335 - Argument : XferErrorCallbackvalue: null
2026-03-11 16:34:06,819 [INFO] Argument:325 - Argument : ErrorCodevalue: null
2026-03-11 16:34:06,819 [INFO] Argument:335 - Argument : ErrorCodevalue: null
2026-03-11 16:34:06,877 [INFO] CodeEngine:265 - oldGeneratedFile, /home/kamil/STM32CubeIDE/workspace_1.19.0/PCB_STM/MXTmpFiles/license.tmp_save
2026-03-11 16:34:06,916 [INFO] CodeEngine:289 - Generated code: /home/kamil/STM32CubeIDE/workspace_1.19.0/PCB_STM/MXTmpFiles/license.tmp
2026-03-11 16:34:06,921 [INFO] CodeEngine:265 - oldGeneratedFile, /home/kamil/STM32CubeIDE/workspace_1.19.0/PCB_STM/MXTmpFiles/gpio.tmp_save
2026-03-11 16:34:06,964 [INFO] CodeEngine:289 - Generated code: /home/kamil/STM32CubeIDE/workspace_1.19.0/PCB_STM/MXTmpFiles/gpio.tmp
2026-03-11 16:34:07,053 [WARN] IPConfigManager:3238 - Warning: the RefConfig PWREx_EnableUSBVoltageDetector is not available in your config.xml file
2026-03-11 16:34:07,061 [INFO] CodeEngine:265 - oldGeneratedFile, /home/kamil/STM32CubeIDE/workspace_1.19.0/PCB_STM/MXTmpFiles/dma.tmp_save
2026-03-11 16:34:07,096 [INFO] CodeEngine:289 - Generated code: /home/kamil/STM32CubeIDE/workspace_1.19.0/PCB_STM/MXTmpFiles/dma.tmp
2026-03-11 16:34:07,097 [INFO] CodeEngine:265 - oldGeneratedFile, /home/kamil/STM32CubeIDE/workspace_1.19.0/PCB_STM/MXTmpFiles/dma_GV.tmp_save
2026-03-11 16:34:07,130 [INFO] CodeEngine:289 - Generated code: /home/kamil/STM32CubeIDE/workspace_1.19.0/PCB_STM/MXTmpFiles/dma_GV.tmp
2026-03-11 16:34:07,135 [INFO] CodeEngine:265 - oldGeneratedFile, /home/kamil/STM32CubeIDE/workspace_1.19.0/PCB_STM/Core/Src/stm32f4xx_it.c_save
2026-03-11 16:34:07,181 [INFO] CodeEngine:289 - Generated code: /home/kamil/STM32CubeIDE/workspace_1.19.0/PCB_STM/Core/Src/stm32f4xx_it.c
2026-03-11 16:34:07,182 [INFO] CodeEngine:265 - oldGeneratedFile, /home/kamil/STM32CubeIDE/workspace_1.19.0/PCB_STM/Core/Inc/stm32f4xx_it.h_save
2026-03-11 16:34:07,216 [INFO] CodeEngine:289 - Generated code: /home/kamil/STM32CubeIDE/workspace_1.19.0/PCB_STM/Core/Inc/stm32f4xx_it.h
2026-03-11 16:34:07,222 [INFO] CodeEngine:265 - oldGeneratedFile, /home/kamil/STM32CubeIDE/workspace_1.19.0/PCB_STM/Core/Src/stm32f4xx_hal_msp.c_save
2026-03-11 16:34:07,277 [INFO] CodeEngine:289 - Generated code: /home/kamil/STM32CubeIDE/workspace_1.19.0/PCB_STM/Core/Src/stm32f4xx_hal_msp.c
2026-03-11 16:34:07,278 [INFO] CodeEngine:265 - oldGeneratedFile, /home/kamil/STM32CubeIDE/workspace_1.19.0/PCB_STM/MXTmpFiles/system.tmp_save
2026-03-11 16:34:07,310 [INFO] CodeEngine:289 - Generated code: /home/kamil/STM32CubeIDE/workspace_1.19.0/PCB_STM/MXTmpFiles/system.tmp
2026-03-11 16:34:07,311 [INFO] CodeEngine:265 - oldGeneratedFile, /home/kamil/STM32CubeIDE/workspace_1.19.0/PCB_STM/Core/Inc/stm32_assert.h_save
2026-03-11 16:34:07,343 [INFO] CodeEngine:289 - Generated code: /home/kamil/STM32CubeIDE/workspace_1.19.0/PCB_STM/Core/Inc/stm32_assert.h
2026-03-11 16:34:07,345 [INFO] CodeEngine:321 - oldGeneratedFile, /home/kamil/STM32CubeIDE/workspace_1.19.0/PCB_STM/Core/Inc/stm32f4xx_hal_conf.h_save
2026-03-11 16:34:07,383 [INFO] CodeEngine:345 - Generated code: /home/kamil/STM32CubeIDE/workspace_1.19.0/PCB_STM/Core/Inc/stm32f4xx_hal_conf.h
2026-03-11 16:34:07,393 [WARN] IPConfigManager:3238 - Warning: the RefConfig PLL2P_FOR_MCO is not available in your config.xml file
2026-03-11 16:34:07,395 [INFO] ApiDbMcu:532 - Load IP Config File for USB_OTG_FS
2026-03-11 16:34:07,396 [WARN] IPConfigManager:3811 - IP not found : TIM
2026-03-11 16:34:07,396 [WARN] IPConfigManager:3811 - IP not found : USB_OTG
2026-03-11 16:34:07,396 [WARN] CodeGenerator:4259 - IP not found : null
2026-03-11 16:34:07,396 [WARN] CodeGenerator:4259 - IP not found : null
2026-03-11 16:34:07,398 [INFO] CodeEngine:265 - oldGeneratedFile, /home/kamil/STM32CubeIDE/workspace_1.19.0/PCB_STM/Core/Inc/main.h_save
2026-03-11 16:34:07,435 [INFO] CodeEngine:289 - Generated code: /home/kamil/STM32CubeIDE/workspace_1.19.0/PCB_STM/Core/Inc/main.h
2026-03-11 16:34:07,436 [INFO] CodeEngine:265 - oldGeneratedFile, /home/kamil/STM32CubeIDE/workspace_1.19.0/PCB_STM/Core/Src/main.c_save
2026-03-11 16:34:07,500 [INFO] CodeEngine:289 - Generated code: /home/kamil/STM32CubeIDE/workspace_1.19.0/PCB_STM/Core/Src/main.c
2026-03-11 16:34:07,635 [INFO] ProjectBuilder:3606 - Time for Copy HAL[1] : 19mS.
2026-03-11 16:34:07,638 [INFO] ProjectBuilder:5216 - Project Generator version: 4.7.0-B52
2026-03-11 16:34:07,689 [INFO] ConfigFileManager:1595 - The Die is : DIE421
2026-03-11 16:34:08,012 [INFO] ProjectBuilder:5496 - Time for Generating toolchain IDE Files: 374mS.
2026-03-11 16:34:08,013 [INFO] ProjectBuilder:3463 - Time for Copy CMSIS : 0mS.
2026-03-11 16:34:08,013 [INFO] ProjectBuilder:3463 - Time for Copy CMSIS : 0mS.
2026-03-11 16:37:45,594 [INFO] MainUpdater:2872 - connection check result : 10
2026-03-11 16:37:45,594 [INFO] MainUpdater:2872 - connection check result : 10
2026-03-11 16:37:45,622 [INFO] MicroXplorer:468 - Change Database Path : 
2026-03-11 16:37:45,622 [INFO] MicroXplorer:498 - Change Database Version : DB.6.0.150
2026-03-11 16:37:45,627 [ERROR] ProjectManagerView:395 - 
java.lang.NullPointerException: Cannot invoke "javax.swing.JTextField.getText()" because the return value of "java.util.List.get(int)" is null
	at com.st.microxplorer.plugins.projectmanager.gui.ProjectChoiceTab$9.caretUpdate(ProjectChoiceTab.java:2706) ~[filemanager.jar:?]
	at javax.swing.text.JTextComponent.fireCaretUpdate(JTextComponent.java:408) ~[?:?]
	at javax.swing.text.JTextComponent$MutableCaretEvent.fire(JTextComponent.java:4484) ~[?:?]
	at javax.swing.text.JTextComponent$MutableCaretEvent.stateChanged(JTextComponent.java:4506) ~[?:?]
	at javax.swing.text.DefaultCaret.fireStateChanged(DefaultCaret.java:857) ~[?:?]
	at javax.swing.text.DefaultCaret.changeCaretPosition(DefaultCaret.java:1343) ~[?:?]
	at javax.swing.text.DefaultCaret.handleSetDot(DefaultCaret.java:1242) ~[?:?]
	at javax.swing.text.DefaultCaret.setDot(DefaultCaret.java:1223) ~[?:?]
	at javax.swing.text.DefaultCaret$Handler.insertUpdate(DefaultCaret.java:1819) ~[?:?]
	at javax.swing.text.AbstractDocument.fireInsertUpdate(AbstractDocument.java:227) ~[?:?]
	at javax.swing.text.AbstractDocument.handleInsertString(AbstractDocument.java:781) ~[?:?]
	at javax.swing.text.AbstractDocument.insertString(AbstractDocument.java:740) ~[?:?]
	at javax.swing.text.PlainDocument.insertString(PlainDocument.java:131) ~[?:?]
	at javax.swing.text.AbstractDocument.replace(AbstractDocument.java:699) ~[?:?]
	at javax.swing.text.JTextComponent.setText(JTextComponent.java:1725) ~[?:?]
	at com.st.microxplorer.plugins.projectmanager.gui.ProjectChoiceTab.createHeapStackFields(ProjectChoiceTab.java:993) ~[filemanager.jar:?]
	at com.st.microxplorer.plugins.projectmanager.gui.ProjectChoiceTab.buildLinkSettingsPanel(ProjectChoiceTab.java:3813) ~[filemanager.jar:?]
	at com.st.microxplorer.plugins.projectmanager.gui.ProjectChoiceTab.defineWindowsFields(ProjectChoiceTab.java:1987) ~[filemanager.jar:?]
	at com.st.microxplorer.plugins.projectmanager.gui.ProjectChoiceTab.updateSettings(ProjectChoiceTab.java:558) ~[filemanager.jar:?]
	at com.st.microxplorer.plugins.projectmanager.gui.ProjectSettingsPanel.UpdateDialog(ProjectSettingsPanel.java:247) ~[filemanager.jar:?]
	at com.st.microxplorer.plugins.projectmanager.ProjectManagerView.propertyChange(ProjectManagerView.java:392) ~[filemanager.jar:?]
	at java.beans.PropertyChangeSupport.fire(PropertyChangeSupport.java:343) ~[?:?]
	at java.beans.PropertyChangeSupport.firePropertyChange(PropertyChangeSupport.java:335) ~[?:?]
	at java.beans.PropertyChangeSupport.firePropertyChange(PropertyChangeSupport.java:268) ~[?:?]
	at com.st.microxplorer.util.MXPropertyChangeSupport.firePropertyChange(MXPropertyChangeSupport.java:54) ~[STM32CubeMX.jar:?]
	at com.st.microxplorer.mxsystem.MxSystem.closeConfig(MxSystem.java:899) ~[STM32CubeMX.jar:?]
	at com.st.microxplorer.maingui.MainPanel.closeConfig(MainPanel.java:792) ~[STM32CubeMX.jar:?]
	at com.st.microxplorer.plugins.filemanager.engine.OpenFileManager.loadConfigurationFile(OpenFileManager.java:288) ~[filemanager.jar:?]
	at com.st.microxplorer.plugins.filemanager.engine.MainFileManager.userLoadConfig(MainFileManager.java:364) ~[filemanager.jar:?]
	at com.st.microxplorer.plugins.filemanager.engine.MainFileManager.userLoadConfig(MainFileManager.java:342) ~[filemanager.jar:?]
	at com.st.microxplorer.plugins.filemanager.FileManagerView.getSpecificTask(FileManagerView.java:264) ~[filemanager.jar:?]
	at com.st.stm32cube.common.mx.editor.CubeMxEditor.getMxTabbedPaneInstance(CubeMxEditor.java:1198) ~[com.st.stm32cube.common.mx_6.15.0.202507011659/:?]
	at com.st.stm32cube.common.mx.editor.CubeMxEditor$12$1.createSwingComponent(CubeMxEditor.java:1068) ~[com.st.stm32cube.common.mx_6.15.0.202507011659/:?]
	at com.st.stm32cube.common.mx.oss.core.awtswtbridge.EmbeddedSwingComposite.doComponentCreation(EmbeddedSwingComposite.java:492) ~[com.st.stm32cube.common.mx.oss_6.15.0.202507011659/:?]
	at com.st.stm32cube.common.mx.oss.core.awtswtbridge.EmbeddedSwingComposite$4.run(EmbeddedSwingComposite.java:291) ~[com.st.stm32cube.common.mx.oss_6.15.0.202507011659/:?]
	at com.st.stm32cube.common.mx.oss.core.awtswtbridge.AwtEnvironment$2.run(AwtEnvironment.java:166) ~[com.st.stm32cube.common.mx.oss_6.15.0.202507011659/:?]
	at java.awt.event.InvocationEvent.dispatch(InvocationEvent.java:318) ~[?:?]
	at java.awt.EventQueue.dispatchEventImpl(EventQueue.java:773) ~[?:?]
	at java.awt.EventQueue$4.run(EventQueue.java:720) ~[?:?]
	at java.awt.EventQueue$4.run(EventQueue.java:714) ~[?:?]
	at java.security.AccessController.doPrivileged(AccessController.java:400) ~[?:?]
	at java.security.ProtectionDomain$JavaSecurityAccessImpl.doIntersectionPrivilege(ProtectionDomain.java:87) ~[?:?]
	at java.awt.EventQueue.dispatchEvent(EventQueue.java:742) ~[?:?]
	at java.awt.EventDispatchThread.pumpOneEventForFilters(EventDispatchThread.java:203) ~[?:?]
	at java.awt.EventDispatchThread.pumpEventsForFilter(EventDispatchThread.java:124) ~[?:?]
	at java.awt.EventDispatchThread.pumpEventsForHierarchy(EventDispatchThread.java:113) ~[?:?]
	at java.awt.EventDispatchThread.pumpEvents(EventDispatchThread.java:109) ~[?:?]
	at java.awt.EventDispatchThread.pumpEvents(EventDispatchThread.java:101) ~[?:?]
	at java.awt.EventDispatchThread.run(EventDispatchThread.java:90) ~[?:?]
2026-03-11 16:37:45,628 [WARN] ThirdParty:871 - waiting for thirdparty lock release [close project]
2026-03-11 16:37:45,628 [INFO] ThirdParty:873 - entering critical section [close project]
2026-03-11 16:37:45,628 [INFO] ThirdParty:883 - exiting critical section [close project]
2026-03-11 16:37:45,629 [INFO] PinOutPanel:1589 - setPackage(No Configuration,No Configuration)
2026-03-11 16:37:45,632 [WARN] IpParametersView:155 - Warning: This peripheral hasn't parameters
2026-03-11 16:37:45,634 [WARN] MainPanel:289 - <html><b><center>Warning: This peripheral has no parameters to be configured<br></b></html>
2026-03-11 16:37:45,636 [INFO] UtilMem:75 - Begin LoadConfig() Used Memory: 545599920 Bytes (933232640)
2026-03-11 16:37:45,637 [INFO] MicroXplorer:468 - Change Database Path : 
2026-03-11 16:37:45,637 [INFO] MicroXplorer:498 - Change Database Version : DB.6.0.150
2026-03-11 16:37:45,637 [INFO] OpenFileManager:355 - Change cursor
2026-03-11 16:37:45,648 [INFO] RulesReader:64 - Compatibility file has been processed (317 Rules)
2026-03-11 16:37:45,650 [INFO] Mcu:2029 - Initializing MCU STM32F446R(C-E)Tx STM32F446RETx STM32F446RET6
2026-03-11 16:37:46,142 [INFO] Context:786 - Trying to add GPIOservice into a context  which must be forbidden
2026-03-11 16:37:46,491 [INFO] ImportTextPane:234 - (OptionalMessage_ERROR) Pin15 (VP_RIF_VS_RIF1) cannot be retrieved for this MCU
2026-03-11 16:37:46,602 [INFO] RtosManager:558 - Registered RTOS mode: class=CMSIS, group=RTOS, mode=CMSIS_V1, owner=FREERTOS
2026-03-11 16:37:46,602 [INFO] RtosManager:558 - Registered RTOS mode: class=CMSIS, group=RTOS2, mode=CMSIS_V2, owner=FREERTOS
2026-03-11 16:37:46,602 [INFO] RtosManager:558 - Registered RTOS mode: class=RTOS, group=Core, mode=CMSIS_V1, owner=FREERTOS
2026-03-11 16:37:46,602 [INFO] RtosManager:558 - Registered RTOS mode: class=RTOS, group=Core, mode=CMSIS_V2, owner=FREERTOS
2026-03-11 16:37:46,602 [WARN] ModelIntegratedComponent:184 - Missing modes for component STMicroelectronics:FreeRTOS:0.0.1:STMicroelectronics:RTOS:FreeRTOS:Core:::10.2.0:
2026-03-11 16:37:46,606 [WARN] ModelIntegratedComponent:63 - No mode defined for component null
2026-03-11 16:37:46,606 [WARN] ModelIntegratedComponent:63 - No mode defined for component null
2026-03-11 16:37:46,606 [WARN] ModelIntegratedComponent:63 - No mode defined for component null
2026-03-11 16:37:46,606 [WARN] ModelIntegratedComponent:63 - No mode defined for component null
2026-03-11 16:37:46,607 [WARN] ModelIntegratedComponent:63 - No mode defined for component null
2026-03-11 16:37:46,607 [WARN] ModelIntegratedComponent:63 - No mode defined for component null
2026-03-11 16:37:46,607 [WARN] ModelIntegratedComponent:63 - No mode defined for component null
2026-03-11 16:37:46,607 [WARN] ModelIntegratedComponent:63 - No mode defined for component null
2026-03-11 16:37:46,607 [WARN] ModelIntegratedComponent:63 - No mode defined for component null
2026-03-11 16:37:46,607 [WARN] ModelIntegratedComponent:63 - No mode defined for component null
2026-03-11 16:37:46,607 [WARN] ModelIntegratedComponent:63 - No mode defined for component null
2026-03-11 16:37:46,607 [WARN] ModelIntegratedComponent:63 - No mode defined for component null
2026-03-11 16:37:46,607 [WARN] ModelIntegratedComponent:63 - No mode defined for component null
2026-03-11 16:37:46,607 [WARN] ModelIntegratedComponent:63 - No mode defined for component null
2026-03-11 16:37:46,607 [WARN] ModelIntegratedComponent:63 - No mode defined for component null
2026-03-11 16:37:46,607 [WARN] ModelIntegratedComponent:63 - No mode defined for component null
2026-03-11 16:37:46,607 [WARN] ModelIntegratedComponent:63 - No mode defined for component null
2026-03-11 16:37:46,607 [WARN] ModelIntegratedComponent:63 - No mode defined for component null
2026-03-11 16:37:46,607 [WARN] ModelIntegratedComponent:63 - No mode defined for component null
2026-03-11 16:37:46,607 [WARN] ModelIntegratedComponent:63 - No mode defined for component null
2026-03-11 16:37:46,607 [WARN] ModelIntegratedComponent:63 - No mode defined for component null
2026-03-11 16:37:46,607 [WARN] ModelIntegratedComponent:63 - No mode defined for component null
2026-03-11 16:37:46,607 [WARN] ModelIntegratedComponent:63 - No mode defined for component null
2026-03-11 16:37:46,607 [WARN] ModelIntegratedComponent:63 - No mode defined for component null
2026-03-11 16:37:46,607 [WARN] ModelIntegratedComponent:63 - No mode defined for component null
2026-03-11 16:37:46,607 [WARN] ModelIntegratedComponent:63 - No mode defined for component null
2026-03-11 16:37:46,607 [WARN] ModelIntegratedComponent:63 - No mode defined for component null
2026-03-11 16:37:46,607 [WARN] ModelIntegratedComponent:63 - No mode defined for component null
2026-03-11 16:37:46,607 [WARN] ModelIntegratedComponent:63 - No mode defined for component null
2026-03-11 16:37:46,607 [WARN] ModelIntegratedComponent:63 - No mode defined for component null
2026-03-11 16:37:46,607 [WARN] ModelIntegratedComponent:63 - No mode defined for component null
2026-03-11 16:37:46,607 [WARN] ModelIntegratedComponent:63 - No mode defined for component null
2026-03-11 16:37:46,607 [WARN] ModelIntegratedComponent:63 - No mode defined for component null
2026-03-11 16:37:46,607 [WARN] ModelIntegratedComponent:63 - No mode defined for component null
2026-03-11 16:37:46,607 [WARN] ModelIntegratedComponent:63 - No mode defined for component null
2026-03-11 16:37:46,607 [WARN] ModelPack:524 - Component already loaded: STMicroelectronics:HAL Drivers:0.0.0:STMicroelectronics:Device:STMicro_Driver:XSPI:HAL::0.0.1:HAL_XSPI
2026-03-11 16:37:46,675 [INFO] ThirdPartyModel:298 - Start build external matchings
2026-03-11 16:37:46,976 [INFO] ThirdPartyModel:316 - End build external matchings
2026-03-11 16:37:47,001 [INFO] ImportTextPane:234 - (OptionalMessage_ERROR) IP (DMA) : Parameter (Instance) has Id (I2C3_RX) currently not set
2026-03-11 16:37:47,001 [INFO] ImportTextPane:234 - (OptionalMessage_ERROR) IP (DMA) : Parameter (Channel) has Id (I2C3_RX) currently not set
2026-03-11 16:37:47,001 [INFO] ImportTextPane:234 - (OptionalMessage_ERROR) IP (DMA) : Parameter (Direction) has Id (I2C3_RX) currently not set
2026-03-11 16:37:47,001 [INFO] ImportTextPane:234 - (OptionalMessage_ERROR) IP (DMA) : Parameter (PeriphInc) has Id (I2C3_RX) currently not set
2026-03-11 16:37:47,001 [INFO] ImportTextPane:234 - (OptionalMessage_ERROR) IP (DMA) : Parameter (MemInc) has Id (I2C3_RX) currently not set
2026-03-11 16:37:47,001 [INFO] ImportTextPane:234 - (OptionalMessage_ERROR) IP (DMA) : Parameter (PeriphDataAlignment) has Id (I2C3_RX) currently not set
2026-03-11 16:37:47,002 [INFO] ImportTextPane:234 - (OptionalMessage_ERROR) IP (DMA) : Parameter (MemDataAlignment) has Id (I2C3_RX) currently not set
2026-03-11 16:37:47,002 [INFO] ImportTextPane:234 - (OptionalMessage_ERROR) IP (DMA) : Parameter (Mode) has Id (I2C3_RX) currently not set
2026-03-11 16:37:47,002 [INFO] ImportTextPane:234 - (OptionalMessage_ERROR) IP (DMA) : Parameter (Priority) has Id (I2C3_RX) currently not set
2026-03-11 16:37:47,002 [INFO] ImportTextPane:234 - (OptionalMessage_ERROR) IP (DMA) : Parameter (FIFOMode) has Id (I2C3_RX) currently not set
2026-03-11 16:37:47,002 [WARN] IP:2250 - I2C_Coeff_DF not found: check if there is a RefParameter without a condition.
2026-03-11 16:37:47,002 [WARN] IP:2250 - Analog_Filter not found: check if there is a RefParameter without a condition.
2026-03-11 16:37:47,002 [INFO] ImportTextPane:234 - (OptionalMessage_ERROR) IP (RCC) : Invalid parameter (FamilyName)
2026-03-11 16:37:47,192 [INFO] UtilMem:75 - End LoadConfig() Used Memory: 574234080 Bytes (933232640)
2026-03-11 16:37:47,198 [WARN] ThirdParty:833 - waiting for thirdparty lock release [change project]
2026-03-11 16:37:47,198 [INFO] ThirdParty:835 - entering critical section [change project]
2026-03-11 16:37:47,198 [INFO] ThirdParty:1030 - CMSIS Pack Vendor :STMicroelectronics X-CUBE-AZRTOS-H7 3.5.0
2026-03-11 16:37:47,198 [INFO] ThirdParty:1030 - CMSIS Pack Vendor :STMicroelectronics X-CUBE-PM33A1 1.0.0
2026-03-11 16:37:47,198 [INFO] ThirdParty:1030 - CMSIS Pack Vendor :STMicroelectronics USBPD 4.1
2026-03-11 16:37:47,198 [INFO] ThirdParty:1030 - CMSIS Pack Vendor :STMicroelectronics X-CUBE-NFC9 1.0.0
2026-03-11 16:37:47,198 [INFO] ThirdParty:1030 - CMSIS Pack Vendor :STMicroelectronics USB_HOST 2.0.0
2026-03-11 16:37:47,198 [INFO] ThirdParty:1030 - CMSIS Pack Vendor :STMicroelectronics FP-SNS-MOTENVWB1 1.4.0
2026-03-11 16:37:47,198 [INFO] ThirdParty:1030 - CMSIS Pack Vendor :STMicroelectronics X-CUBE-AZRTOS-F4 1.1.0
2026-03-11 16:37:47,198 [INFO] ThirdParty:1030 - CMSIS Pack Vendor :STMicroelectronics LIBJPEG 8.0.0
2026-03-11 16:37:47,198 [INFO] ThirdParty:1030 - CMSIS Pack Vendor :STMicroelectronics FP-ATR-ASTRA1 2.0.2
2026-03-11 16:37:47,198 [INFO] ThirdParty:1030 - CMSIS Pack Vendor :wolfSSL I-CUBE-wolfSSL 5.8.2
2026-03-11 16:37:47,198 [INFO] ThirdParty:1030 - CMSIS Pack Vendor :STMicroelectronics X-CUBE-BLE1 7.1.0
2026-03-11 16:37:47,198 [INFO] ThirdParty:1030 - CMSIS Pack Vendor :STMicroelectronics X-CUBE-SMBUS 2.1.0
2026-03-11 16:37:47,198 [INFO] ThirdParty:1030 - CMSIS Pack Vendor :wolfSSL I-CUBE-wolfMQTT 1.19.2
2026-03-11 16:37:47,198 [INFO] ThirdParty:1030 - CMSIS Pack Vendor :STMicroelectronics USB_DEVICE 3.0.0
2026-03-11 16:37:47,199 [INFO] ThirdParty:1030 - CMSIS Pack Vendor :STMicroelectronics X-CUBE-ISPU 2.1.0
2026-03-11 16:37:47,199 [INFO] ThirdParty:1030 - CMSIS Pack Vendor :STMicroelectronics X-CUBE-FREERTOS 1.4.0
2026-03-11 16:37:47,199 [INFO] ThirdParty:1030 - CMSIS Pack Vendor :STMicroelectronics X-CUBE-EEPRMA1 5.2.0
2026-03-11 16:37:47,199 [INFO] ThirdParty:1030 - CMSIS Pack Vendor :STMicroelectronics X-CUBE-IPS 3.2.0
2026-03-11 16:37:47,199 [INFO] ThirdParty:1030 - CMSIS Pack Vendor :STMicroelectronics X-CUBE-BLEMGR 4.1.0
2026-03-11 16:37:47,199 [INFO] ThirdParty:1030 - CMSIS Pack Vendor :STMicroelectronics X-CUBE-AZRTOS-WB 2.0.0
2026-03-11 16:37:47,199 [INFO] ThirdParty:1030 - CMSIS Pack Vendor :STMicroelectronics X-CUBE-ST60 1.0.0
2026-03-11 16:37:47,199 [INFO] ThirdParty:1030 - CMSIS Pack Vendor :STMicroelectronics X-CUBE-GNSS1 7.0.1
2026-03-11 16:37:47,199 [INFO] ThirdParty:1030 - CMSIS Pack Vendor :STMicroelectronics X-CUBE-NFC12 1.0.0
2026-03-11 16:37:47,199 [INFO] ThirdParty:1030 - CMSIS Pack Vendor :STMicroelectronics X-CUBE-AZRTOS-F7 1.1.0
2026-03-11 16:37:47,199 [INFO] ThirdParty:1030 - CMSIS Pack Vendor :STMicroelectronics X-CUBE-AZRTOS-L5 2.0.0
2026-03-11 16:37:47,199 [INFO] ThirdParty:1030 - CMSIS Pack Vendor :STMicroelectronics USB_DEVICE 2.0.0
2026-03-11 16:37:47,199 [INFO] ThirdParty:1030 - CMSIS Pack Vendor :STMicroelectronics X-CUBE-NFC6 3.1.0
2026-03-11 16:37:47,199 [INFO] ThirdParty:1030 - CMSIS Pack Vendor :STMicroelectronics X-CUBE-ST67W61 1.1.0
2026-03-11 16:37:47,199 [INFO] ThirdParty:1030 - CMSIS Pack Vendor :Cesanta I-CUBE-Mongoose 7.19.0
2026-03-11 16:37:47,199 [INFO] ThirdParty:1030 - CMSIS Pack Vendor :quantropi X-CUBE-qispace-sdk-base 2.1.0
2026-03-11 16:37:47,199 [INFO] ThirdParty:1030 - CMSIS Pack Vendor :STMicroelectronics X-CUBE-MEMS1 12.0.0
2026-03-11 16:37:47,199 [INFO] ThirdParty:1030 - CMSIS Pack Vendor :STMicroelectronics X-CUBE-STSE01 2.0.0
2026-03-11 16:37:47,199 [INFO] ThirdParty:1030 - CMSIS Pack Vendor :STMicroelectronics FP-SNS-MOTENV1 5.1.0
2026-03-11 16:37:47,199 [INFO] ThirdParty:1030 - CMSIS Pack Vendor :STMicroelectronics FreeRTOS 0.0.1
2026-03-11 16:37:47,199 [INFO] ThirdParty:1030 - CMSIS Pack Vendor :STMicroelectronics X-CUBE-AZRTOS-G0 1.1.0
2026-03-11 16:37:47,199 [INFO] ThirdParty:1030 - CMSIS Pack Vendor :STMicroelectronics X-CUBE-SAFEA1 1.2.2
2026-03-11 16:37:47,199 [INFO] ThirdParty:1030 - CMSIS Pack Vendor :STMicroelectronics X-CUBE-NFC4 3.0.0
2026-03-11 16:37:47,199 [INFO] ThirdParty:1030 - CMSIS Pack Vendor :STMicroelectronics X-CUBE-SUBG2 5.0.0
2026-03-11 16:37:47,199 [INFO] ThirdParty:1030 - CMSIS Pack Vendor :STMicroelectronics X-CUBE-AZRTOS-H7RS 1.1.0
2026-03-11 16:37:47,199 [INFO] ThirdParty:1030 - CMSIS Pack Vendor :STMicroelectronics STM32_WPAN 1.0.0
2026-03-11 16:37:47,199 [INFO] ThirdParty:1030 - CMSIS Pack Vendor :EmbeddedOffice I-CUBE-FS-RTOS 1.0.1
2026-03-11 16:37:47,199 [INFO] ThirdParty:1030 - CMSIS Pack Vendor :STMicroelectronics lwIP 2.0.3
2026-03-11 16:37:47,199 [INFO] ThirdParty:1030 - CMSIS Pack Vendor :WES I-CUBE-Cesium 1.4.0
2026-03-11 16:37:47,199 [INFO] ThirdParty:1030 - CMSIS Pack Vendor :STMicroelectronics USB_HOST 1.0.0
2026-03-11 16:37:47,199 [INFO] ThirdParty:1030 - CMSIS Pack Vendor :Infineon AIROC-Wi-Fi-Bluetooth-STM32 1.7.1
2026-03-11 16:37:47,199 [INFO] ThirdParty:1030 - CMSIS Pack Vendor :STMicroelectronics X-CUBE-AZRTOS-G4 2.0.0
2026-03-11 16:37:47,199 [INFO] ThirdParty:1030 - CMSIS Pack Vendor :STMicroelectronics X-CUBE-WB05N 2.0.0
2026-03-11 16:37:47,199 [INFO] ThirdParty:1030 - CMSIS Pack Vendor :STMicroelectronics PDM2PCM 3.1.0
2026-03-11 16:37:47,199 [INFO] ThirdParty:1030 - CMSIS Pack Vendor :STMicroelectronics PDM2PCM 3.3.0
2026-03-11 16:37:47,199 [INFO] ThirdParty:1030 - CMSIS Pack Vendor :wolfSSL I-CUBE-wolfTPM 3.8.0
2026-03-11 16:37:47,199 [INFO] ThirdParty:1030 - CMSIS Pack Vendor :STMicroelectronics X-CUBE-AZRTOS-H7 3.4.0
2026-03-11 16:37:47,199 [INFO] ThirdParty:1030 - CMSIS Pack Vendor :STMicroelectronics X-CUBE-DISPLAY 3.0.0
2026-03-11 16:37:47,199 [INFO] ThirdParty:1030 - CMSIS Pack Vendor :wolfSSL I-CUBE-wolfSSH 1.4.20
2026-03-11 16:37:47,199 [INFO] ThirdParty:1030 - CMSIS Pack Vendor :STMicroelectronics X-CUBE-NFC7 2.0.0
2026-03-11 16:37:47,199 [INFO] ThirdParty:1030 - CMSIS Pack Vendor :STMicroelectronics FP-SNS-MOTENVWB1 1.5.0
2026-03-11 16:37:47,199 [INFO] ThirdParty:1030 - CMSIS Pack Vendor :STMicroelectronics X-CUBE-TCPP 4.2.0
2026-03-11 16:37:47,199 [INFO] ThirdParty:1030 - CMSIS Pack Vendor :RealThread X-CUBE-RT-Thread_Nano 4.1.1
2026-03-11 16:37:47,199 [INFO] ThirdParty:1030 - CMSIS Pack Vendor :STMicroelectronics FP-ATR-SIGFOX1 3.2.0
2026-03-11 16:37:47,199 [INFO] ThirdParty:1030 - CMSIS Pack Vendor :STMicroelectronics X-CUBE-NFC10 1.0.0
2026-03-11 16:37:47,199 [INFO] ThirdParty:1030 - CMSIS Pack Vendor :STMicroelectronics X-CUBE-FREERTOS 1.3.1
2026-03-11 16:37:47,199 [INFO] ThirdParty:1030 - CMSIS Pack Vendor :STMicroelectronics HAL Drivers 0.0.0
2026-03-11 16:37:47,199 [INFO] ThirdParty:1030 - CMSIS Pack Vendor :STMicroelectronics X-CUBE-FREERTOS 1.5.0
2026-03-11 16:37:47,199 [INFO] ThirdParty:1030 - CMSIS Pack Vendor :STMicroelectronics MBEDTLS 2.16.2
2026-03-11 16:37:47,199 [INFO] ThirdParty:1030 - CMSIS Pack Vendor :STMicroelectronics X-CUBE-ST60 1.1.0
2026-03-11 16:37:47,199 [INFO] ThirdParty:1030 - CMSIS Pack Vendor :STMicroelectronics X-CUBE-ALS 1.0.2
2026-03-11 16:37:47,199 [INFO] ThirdParty:1030 - CMSIS Pack Vendor :emotas I-CUBE-CANOPEN 1.3.0
2026-03-11 16:37:47,199 [INFO] ThirdParty:1030 - CMSIS Pack Vendor :STMicroelectronics MBEDTLS 2.14.1
2026-03-11 16:37:47,199 [INFO] ThirdParty:1030 - CMSIS Pack Vendor :STMicroelectronics X-CUBE-GNSS1 7.1.0
2026-03-11 16:37:47,199 [INFO] ThirdParty:1030 - CMSIS Pack Vendor :ITTIA_DB I-CUBE-ITTIADB 8.9.0
2026-03-11 16:37:47,199 [INFO] ThirdParty:1030 - CMSIS Pack Vendor :STMicroelectronics X-CUBE-TOUCHGFX 4.26.0
2026-03-11 16:37:47,199 [INFO] ThirdParty:1030 - CMSIS Pack Vendor :STMicroelectronics X-CUBE-STSE01 1.0.0
2026-03-11 16:37:47,199 [INFO] ThirdParty:1030 - CMSIS Pack Vendor :STMicroelectronics X-CUBE-TOUCHGFX 4.26.1
2026-03-11 16:37:47,199 [INFO] ThirdParty:1030 - CMSIS Pack Vendor :STMicroelectronics X-CUBE-NFC6 3.2.0
2026-03-11 16:37:47,199 [INFO] ThirdParty:1030 - CMSIS Pack Vendor :STMicroelectronics ThreadX 1.0.0
2026-03-11 16:37:47,199 [INFO] ThirdParty:1030 - CMSIS Pack Vendor :STMicroelectronics FP-SNS-SMARTAG2 1.2.0
2026-03-11 16:37:47,199 [INFO] ThirdParty:1030 - CMSIS Pack Vendor :STMicroelectronics FP-SNS-FLIGHT1 5.1.0
2026-03-11 16:37:47,199 [INFO] ThirdParty:1030 - CMSIS Pack Vendor :STMicroelectronics X-CUBE-AZRTOS-WL 2.0.0
2026-03-11 16:37:47,199 [INFO] ThirdParty:1030 - CMSIS Pack Vendor :SEGGER I-CUBE-embOS 1.3.1
2026-03-11 16:37:47,199 [INFO] ThirdParty:1030 - CMSIS Pack Vendor :STMicroelectronics X-CUBE-ALGOBUILD 1.4.0
2026-03-11 16:37:47,199 [INFO] ThirdParty:1030 - CMSIS Pack Vendor :STMicroelectronics X-CUBE-DPower 1.3.0
2026-03-11 16:37:47,199 [INFO] ThirdParty:1030 - CMSIS Pack Vendor :STMicroelectronics X-CUBE-MEMS1 11.3.0
2026-03-11 16:37:47,199 [INFO] ThirdParty:1030 - CMSIS Pack Vendor :STMicroelectronics FP-SNS-MOTENV1 5.0.0
2026-03-11 16:37:47,199 [INFO] ThirdParty:1030 - CMSIS Pack Vendor :STMicroelectronics USB_DEVICE 1.0.0
2026-03-11 16:37:47,199 [INFO] ThirdParty:1030 - CMSIS Pack Vendor :STMicroelectronics X-CUBE-AZRTOS-H7RS 1.2.0
2026-03-11 16:37:47,199 [INFO] ThirdParty:1030 - CMSIS Pack Vendor :STMicroelectronics X-CUBE-AZRTOS-L4 2.0.0
2026-03-11 16:37:47,199 [INFO] ThirdParty:1030 - CMSIS Pack Vendor :STMicroelectronics ThreadX 0.0.2
2026-03-11 16:37:47,199 [INFO] ThirdParty:1030 - CMSIS Pack Vendor :STMicroelectronics lwIP 2.1.2
2026-03-11 16:37:47,199 [INFO] ThirdParty:1030 - CMSIS Pack Vendor :STMicroelectronics X-CUBE-SFXS2LP1 4.0.0
2026-03-11 16:37:47,199 [INFO] ThirdParty:1030 - CMSIS Pack Vendor :STMicroelectronics X-CUBE-BLE2 3.3.0
2026-03-11 16:37:47,199 [INFO] ThirdParty:1030 - CMSIS Pack Vendor :Avnet-IOTCONNECT X-CUBE-iotc-st67-sdk 1.0.0
2026-03-11 16:37:47,199 [INFO] ThirdParty:1030 - CMSIS Pack Vendor :STMicroelectronics X-CUBE-TOF1 3.4.3
2026-03-11 16:37:47,199 [INFO] ThirdParty:1030 - CMSIS Pack Vendor :STMicroelectronics PDM2PCM 3.2.0
2026-03-11 16:37:47,199 [INFO] ThirdParty:1030 - CMSIS Pack Vendor :STMicroelectronics X-CUBE-ST67W61 1.2.0
2026-03-11 16:37:47,200 [INFO] ThirdParty:841 - exiting critical section [change project]
2026-03-11 16:37:47,342 [INFO] PinOutPanel:1589 - setPackage(No Configuration,No Configuration)
2026-03-11 16:37:47,342 [INFO] PinOutPanel:1589 - setPackage(STM32F446RETx,LQFP64)
2026-03-11 16:37:47,566 [INFO] UtilMem:75 - Before build in PCC Used Memory: 356500576 Bytes (933232640)
2026-03-11 16:37:47,685 [INFO] UtilMem:75 - After build in PCC Used Memory: 406309984 Bytes (933232640)
2026-03-11 16:37:47,696 [INFO] IPUIPlugin:80 - create IPUIPlugin
2026-03-11 16:37:47,696 [INFO] IPUIPlugin:80 - create IPUIPlugin
2026-03-11 16:37:47,696 [INFO] IPUIPlugin:80 - create IPUIPlugin
2026-03-11 16:37:47,696 [INFO] IPUIPlugin:80 - create IPUIPlugin
2026-03-11 16:37:47,696 [INFO] IPUIPlugin:80 - create IPUIPlugin
2026-03-11 16:37:47,696 [INFO] IPUIPlugin:80 - create IPUIPlugin
2026-03-11 16:37:47,696 [INFO] IPUIPlugin:80 - create IPUIPlugin
2026-03-11 16:37:47,696 [INFO] IPUIPlugin:80 - create IPUIPlugin
2026-03-11 16:37:47,696 [INFO] IPUIPlugin:80 - create IPUIPlugin
2026-03-11 16:37:47,696 [INFO] IPUIPlugin:80 - create IPUIPlugin
2026-03-11 16:37:47,696 [INFO] IPUIPlugin:80 - create IPUIPlugin
2026-03-11 16:37:47,696 [INFO] IPUIPlugin:80 - create IPUIPlugin
2026-03-11 16:37:47,696 [INFO] IPUIPlugin:80 - create IPUIPlugin
2026-03-11 16:37:47,696 [INFO] IPUIPlugin:80 - create IPUIPlugin
2026-03-11 16:37:47,697 [INFO] IPUIPlugin:80 - create IPUIPlugin
2026-03-11 16:37:47,697 [INFO] IPUIPlugin:80 - create IPUIPlugin
2026-03-11 16:37:47,697 [INFO] IPUIPlugin:80 - create IPUIPlugin
2026-03-11 16:37:47,697 [INFO] IPUIPlugin:80 - create IPUIPlugin
2026-03-11 16:37:47,697 [INFO] IPUIPlugin:80 - create IPUIPlugin
2026-03-11 16:37:47,697 [INFO] IPUIPlugin:80 - create IPUIPlugin
2026-03-11 16:37:47,697 [INFO] IPUIPlugin:80 - create IPUIPlugin
2026-03-11 16:37:47,697 [INFO] IPUIPlugin:80 - create IPUIPlugin
2026-03-11 16:37:47,697 [INFO] IPUIPlugin:80 - create IPUIPlugin
2026-03-11 16:37:47,697 [INFO] IPUIPlugin:80 - create IPUIPlugin
2026-03-11 16:37:47,697 [INFO] IPUIPlugin:80 - create IPUIPlugin
2026-03-11 16:37:47,697 [INFO] IPUIPlugin:80 - create IPUIPlugin
2026-03-11 16:37:47,697 [INFO] IPUIPlugin:80 - create IPUIPlugin
2026-03-11 16:37:47,698 [INFO] IPUIPlugin:80 - create IPUIPlugin
2026-03-11 16:37:47,698 [INFO] IPUIPlugin:80 - create IPUIPlugin
2026-03-11 16:37:47,698 [INFO] IPUIPlugin:80 - create IPUIPlugin
2026-03-11 16:37:47,698 [INFO] IPUIPlugin:80 - create IPUIPlugin
2026-03-11 16:37:47,698 [INFO] IPUIPlugin:80 - create IPUIPlugin
2026-03-11 16:37:47,698 [INFO] IPUIPlugin:80 - create IPUIPlugin
2026-03-11 16:37:47,698 [INFO] IPUIPlugin:80 - create IPUIPlugin
2026-03-11 16:37:47,698 [INFO] IPUIPlugin:80 - create IPUIPlugin
2026-03-11 16:37:47,698 [INFO] IPUIPlugin:80 - create IPUIPlugin
2026-03-11 16:37:47,698 [INFO] IPUIPlugin:80 - create IPUIPlugin
2026-03-11 16:37:47,698 [INFO] IPUIPlugin:80 - create IPUIPlugin
2026-03-11 16:37:47,699 [INFO] IPUIPlugin:80 - create IPUIPlugin
2026-03-11 16:37:47,699 [INFO] IPUIPlugin:80 - create IPUIPlugin
2026-03-11 16:37:47,699 [INFO] IPUIPlugin:80 - create IPUIPlugin
2026-03-11 16:37:47,699 [INFO] IPUIPlugin:80 - create IPUIPlugin
2026-03-11 16:37:47,699 [INFO] IPUIPlugin:80 - create IPUIPlugin
2026-03-11 16:37:47,699 [INFO] IPUIPlugin:80 - create IPUIPlugin
2026-03-11 16:37:47,699 [INFO] IPUIPlugin:80 - create IPUIPlugin
2026-03-11 16:37:47,699 [INFO] IPUIPlugin:80 - create IPUIPlugin
2026-03-11 16:37:47,699 [INFO] IPUIPlugin:80 - create IPUIPlugin
2026-03-11 16:37:47,700 [INFO] IPUIPlugin:80 - create IPUIPlugin
2026-03-11 16:37:47,700 [INFO] IPUIPlugin:80 - create IPUIPlugin
2026-03-11 16:37:47,700 [INFO] IPUIPlugin:80 - create IPUIPlugin
2026-03-11 16:37:47,700 [INFO] IPUIPlugin:80 - create IPUIPlugin
2026-03-11 16:37:47,700 [INFO] IPUIPlugin:80 - create IPUIPlugin
2026-03-11 16:37:47,700 [INFO] IPUIPlugin:80 - create IPUIPlugin
2026-03-11 16:37:47,700 [INFO] IPUIPlugin:80 - create IPUIPlugin
2026-03-11 16:37:47,700 [INFO] IPUIPlugin:80 - create IPUIPlugin
2026-03-11 16:37:47,701 [INFO] IPUIPlugin:80 - create IPUIPlugin
2026-03-11 16:37:47,701 [INFO] IPUIPlugin:80 - create IPUIPlugin
2026-03-11 16:37:47,701 [INFO] IPUIPlugin:80 - create IPUIPlugin
2026-03-11 16:37:47,701 [INFO] IPUIPlugin:80 - create IPUIPlugin
2026-03-11 16:37:47,702 [INFO] IPUIPlugin:80 - create IPUIPlugin
2026-03-11 16:37:47,703 [INFO] ApiDbMcu:532 - Load IP Config File for PDM2PCM
2026-03-11 16:37:47,704 [INFO] Can:71 - Can Add PropertyChangeListener com.st.microxplorer.plugins.ip.can.Can@69490d33
2026-03-11 16:37:47,704 [WARN] IP:2250 - I2C_Coeff_DF not found: check if there is a RefParameter without a condition.
2026-03-11 16:37:47,704 [WARN] IP:2250 - Analog_Filter not found: check if there is a RefParameter without a condition.
2026-03-11 16:37:47,732 [INFO] CADModel:165 - CPN selected for project levelSTM32F446RET6
2026-03-11 16:37:47,732 [INFO] CADModel:114 - Register for checkConnection events
2026-03-11 16:37:47,769 [INFO] OpenFileManager:386 - Restore cursor
2026-03-11 16:37:47,889 [WARN] IP:2250 - I2C_Coeff_DF not found: check if there is a RefParameter without a condition.
2026-03-11 16:37:47,889 [WARN] IP:2250 - Analog_Filter not found: check if there is a RefParameter without a condition.
2026-03-11 16:37:47,889 [WARN] IP:2250 - I2C_Coeff_DF not found: check if there is a RefParameter without a condition.
2026-03-11 16:37:47,890 [WARN] IP:2250 - Analog_Filter not found: check if there is a RefParameter without a condition.
2026-03-11 16:45:42,514 [INFO] MainUpdater:2872 - connection check result : 10
2026-03-11 16:45:42,514 [INFO] MainUpdater:2872 - connection check result : 10
2026-03-11 16:45:42,541 [INFO] MicroXplorer:468 - Change Database Path : 
2026-03-11 16:45:42,541 [INFO] MicroXplorer:498 - Change Database Version : DB.6.0.150
2026-03-11 16:45:42,546 [ERROR] ProjectManagerView:395 - 
java.lang.NullPointerException: Cannot invoke "javax.swing.JTextField.getText()" because the return value of "java.util.List.get(int)" is null
	at com.st.microxplorer.plugins.projectmanager.gui.ProjectChoiceTab$9.caretUpdate(ProjectChoiceTab.java:2706) ~[filemanager.jar:?]
	at javax.swing.text.JTextComponent.fireCaretUpdate(JTextComponent.java:408) ~[?:?]
	at javax.swing.text.JTextComponent$MutableCaretEvent.fire(JTextComponent.java:4484) ~[?:?]
	at javax.swing.text.JTextComponent$MutableCaretEvent.stateChanged(JTextComponent.java:4506) ~[?:?]
	at javax.swing.text.DefaultCaret.fireStateChanged(DefaultCaret.java:857) ~[?:?]
	at javax.swing.text.DefaultCaret.changeCaretPosition(DefaultCaret.java:1343) ~[?:?]
	at javax.swing.text.DefaultCaret.handleSetDot(DefaultCaret.java:1242) ~[?:?]
	at javax.swing.text.DefaultCaret.setDot(DefaultCaret.java:1223) ~[?:?]
	at javax.swing.text.DefaultCaret$Handler.insertUpdate(DefaultCaret.java:1819) ~[?:?]
	at javax.swing.text.AbstractDocument.fireInsertUpdate(AbstractDocument.java:227) ~[?:?]
	at javax.swing.text.AbstractDocument.handleInsertString(AbstractDocument.java:781) ~[?:?]
	at javax.swing.text.AbstractDocument.insertString(AbstractDocument.java:740) ~[?:?]
	at javax.swing.text.PlainDocument.insertString(PlainDocument.java:131) ~[?:?]
	at javax.swing.text.AbstractDocument.replace(AbstractDocument.java:699) ~[?:?]
	at javax.swing.text.JTextComponent.setText(JTextComponent.java:1725) ~[?:?]
	at com.st.microxplorer.plugins.projectmanager.gui.ProjectChoiceTab.createHeapStackFields(ProjectChoiceTab.java:993) ~[filemanager.jar:?]
	at com.st.microxplorer.plugins.projectmanager.gui.ProjectChoiceTab.buildLinkSettingsPanel(ProjectChoiceTab.java:3813) ~[filemanager.jar:?]
	at com.st.microxplorer.plugins.projectmanager.gui.ProjectChoiceTab.defineWindowsFields(ProjectChoiceTab.java:1987) ~[filemanager.jar:?]
	at com.st.microxplorer.plugins.projectmanager.gui.ProjectChoiceTab.updateSettings(ProjectChoiceTab.java:558) ~[filemanager.jar:?]
	at com.st.microxplorer.plugins.projectmanager.gui.ProjectSettingsPanel.UpdateDialog(ProjectSettingsPanel.java:247) ~[filemanager.jar:?]
	at com.st.microxplorer.plugins.projectmanager.ProjectManagerView.propertyChange(ProjectManagerView.java:392) ~[filemanager.jar:?]
	at java.beans.PropertyChangeSupport.fire(PropertyChangeSupport.java:343) ~[?:?]
	at java.beans.PropertyChangeSupport.firePropertyChange(PropertyChangeSupport.java:335) ~[?:?]
	at java.beans.PropertyChangeSupport.firePropertyChange(PropertyChangeSupport.java:268) ~[?:?]
	at com.st.microxplorer.util.MXPropertyChangeSupport.firePropertyChange(MXPropertyChangeSupport.java:54) ~[STM32CubeMX.jar:?]
	at com.st.microxplorer.mxsystem.MxSystem.closeConfig(MxSystem.java:899) ~[STM32CubeMX.jar:?]
	at com.st.microxplorer.maingui.MainPanel.closeConfig(MainPanel.java:792) ~[STM32CubeMX.jar:?]
	at com.st.microxplorer.plugins.filemanager.engine.OpenFileManager.loadConfigurationFile(OpenFileManager.java:288) ~[filemanager.jar:?]
	at com.st.microxplorer.plugins.filemanager.engine.MainFileManager.userLoadConfig(MainFileManager.java:364) ~[filemanager.jar:?]
	at com.st.microxplorer.plugins.filemanager.engine.MainFileManager.userLoadConfig(MainFileManager.java:342) ~[filemanager.jar:?]
	at com.st.microxplorer.plugins.filemanager.FileManagerView.getSpecificTask(FileManagerView.java:264) ~[filemanager.jar:?]
	at com.st.stm32cube.common.mx.editor.CubeMxEditor.getMxTabbedPaneInstance(CubeMxEditor.java:1198) ~[com.st.stm32cube.common.mx_6.15.0.202507011659/:?]
	at com.st.stm32cube.common.mx.editor.CubeMxEditor$12$1.createSwingComponent(CubeMxEditor.java:1068) ~[com.st.stm32cube.common.mx_6.15.0.202507011659/:?]
	at com.st.stm32cube.common.mx.oss.core.awtswtbridge.EmbeddedSwingComposite.doComponentCreation(EmbeddedSwingComposite.java:492) ~[com.st.stm32cube.common.mx.oss_6.15.0.202507011659/:?]
	at com.st.stm32cube.common.mx.oss.core.awtswtbridge.EmbeddedSwingComposite$4.run(EmbeddedSwingComposite.java:291) ~[com.st.stm32cube.common.mx.oss_6.15.0.202507011659/:?]
	at com.st.stm32cube.common.mx.oss.core.awtswtbridge.AwtEnvironment$2.run(AwtEnvironment.java:166) ~[com.st.stm32cube.common.mx.oss_6.15.0.202507011659/:?]
	at java.awt.event.InvocationEvent.dispatch(InvocationEvent.java:318) ~[?:?]
	at java.awt.EventQueue.dispatchEventImpl(EventQueue.java:773) ~[?:?]
	at java.awt.EventQueue$4.run(EventQueue.java:720) ~[?:?]
	at java.awt.EventQueue$4.run(EventQueue.java:714) ~[?:?]
	at java.security.AccessController.doPrivileged(AccessController.java:400) ~[?:?]
	at java.security.ProtectionDomain$JavaSecurityAccessImpl.doIntersectionPrivilege(ProtectionDomain.java:87) ~[?:?]
	at java.awt.EventQueue.dispatchEvent(EventQueue.java:742) ~[?:?]
	at java.awt.EventDispatchThread.pumpOneEventForFilters(EventDispatchThread.java:203) ~[?:?]
	at java.awt.EventDispatchThread.pumpEventsForFilter(EventDispatchThread.java:124) ~[?:?]
	at java.awt.EventDispatchThread.pumpEventsForHierarchy(EventDispatchThread.java:113) ~[?:?]
	at java.awt.EventDispatchThread.pumpEvents(EventDispatchThread.java:109) ~[?:?]
	at java.awt.EventDispatchThread.pumpEvents(EventDispatchThread.java:101) ~[?:?]
	at java.awt.EventDispatchThread.run(EventDispatchThread.java:90) ~[?:?]
2026-03-11 16:45:42,547 [WARN] ThirdParty:871 - waiting for thirdparty lock release [close project]
2026-03-11 16:45:42,547 [INFO] ThirdParty:873 - entering critical section [close project]
2026-03-11 16:45:42,547 [INFO] ThirdParty:883 - exiting critical section [close project]
2026-03-11 16:45:42,548 [INFO] PinOutPanel:1589 - setPackage(No Configuration,No Configuration)
2026-03-11 16:45:42,552 [WARN] IpParametersView:155 - Warning: This peripheral hasn't parameters
2026-03-11 16:45:42,555 [WARN] MainPanel:289 - <html><b><center>Warning: This peripheral has no parameters to be configured<br></b></html>
2026-03-11 16:45:42,557 [INFO] UtilMem:75 - Begin LoadConfig() Used Memory: 442119488 Bytes (933232640)
2026-03-11 16:45:42,558 [INFO] MicroXplorer:468 - Change Database Path : 
2026-03-11 16:45:42,558 [INFO] MicroXplorer:498 - Change Database Version : DB.6.0.150
2026-03-11 16:45:42,558 [INFO] OpenFileManager:355 - Change cursor
2026-03-11 16:45:42,561 [INFO] Mcu:2029 - Initializing MCU STM32F446R(C-E)Tx STM32F446RETx STM32F446RET6
2026-03-11 16:45:43,084 [INFO] Context:786 - Trying to add GPIOservice into a context  which must be forbidden
2026-03-11 16:45:43,209 [INFO] ImportTextPane:234 - (OptionalMessage_ERROR) Pin15 (VP_RIF_VS_RIF1) cannot be retrieved for this MCU
2026-03-11 16:45:43,243 [INFO] RtosManager:558 - Registered RTOS mode: class=CMSIS, group=RTOS, mode=CMSIS_V1, owner=FREERTOS
2026-03-11 16:45:43,243 [INFO] RtosManager:558 - Registered RTOS mode: class=CMSIS, group=RTOS2, mode=CMSIS_V2, owner=FREERTOS
2026-03-11 16:45:43,243 [INFO] RtosManager:558 - Registered RTOS mode: class=RTOS, group=Core, mode=CMSIS_V1, owner=FREERTOS
2026-03-11 16:45:43,243 [INFO] RtosManager:558 - Registered RTOS mode: class=RTOS, group=Core, mode=CMSIS_V2, owner=FREERTOS
2026-03-11 16:45:43,243 [WARN] ModelIntegratedComponent:184 - Missing modes for component STMicroelectronics:FreeRTOS:0.0.1:STMicroelectronics:RTOS:FreeRTOS:Core:::10.2.0:
2026-03-11 16:45:43,247 [WARN] ModelIntegratedComponent:63 - No mode defined for component null
2026-03-11 16:45:43,247 [WARN] ModelIntegratedComponent:63 - No mode defined for component null
2026-03-11 16:45:43,247 [WARN] ModelIntegratedComponent:63 - No mode defined for component null
2026-03-11 16:45:43,247 [WARN] ModelIntegratedComponent:63 - No mode defined for component null
2026-03-11 16:45:43,247 [WARN] ModelIntegratedComponent:63 - No mode defined for component null
2026-03-11 16:45:43,247 [WARN] ModelIntegratedComponent:63 - No mode defined for component null
2026-03-11 16:45:43,247 [WARN] ModelIntegratedComponent:63 - No mode defined for component null
2026-03-11 16:45:43,247 [WARN] ModelIntegratedComponent:63 - No mode defined for component null
2026-03-11 16:45:43,247 [WARN] ModelIntegratedComponent:63 - No mode defined for component null
2026-03-11 16:45:43,247 [WARN] ModelIntegratedComponent:63 - No mode defined for component null
2026-03-11 16:45:43,247 [WARN] ModelIntegratedComponent:63 - No mode defined for component null
2026-03-11 16:45:43,247 [WARN] ModelIntegratedComponent:63 - No mode defined for component null
2026-03-11 16:45:43,247 [WARN] ModelIntegratedComponent:63 - No mode defined for component null
2026-03-11 16:45:43,247 [WARN] ModelIntegratedComponent:63 - No mode defined for component null
2026-03-11 16:45:43,247 [WARN] ModelIntegratedComponent:63 - No mode defined for component null
2026-03-11 16:45:43,247 [WARN] ModelIntegratedComponent:63 - No mode defined for component null
2026-03-11 16:45:43,247 [WARN] ModelIntegratedComponent:63 - No mode defined for component null
2026-03-11 16:45:43,247 [WARN] ModelIntegratedComponent:63 - No mode defined for component null
2026-03-11 16:45:43,247 [WARN] ModelIntegratedComponent:63 - No mode defined for component null
2026-03-11 16:45:43,247 [WARN] ModelIntegratedComponent:63 - No mode defined for component null
2026-03-11 16:45:43,247 [WARN] ModelIntegratedComponent:63 - No mode defined for component null
2026-03-11 16:45:43,247 [WARN] ModelIntegratedComponent:63 - No mode defined for component null
2026-03-11 16:45:43,247 [WARN] ModelIntegratedComponent:63 - No mode defined for component null
2026-03-11 16:45:43,247 [WARN] ModelIntegratedComponent:63 - No mode defined for component null
2026-03-11 16:45:43,247 [WARN] ModelIntegratedComponent:63 - No mode defined for component null
2026-03-11 16:45:43,247 [WARN] ModelIntegratedComponent:63 - No mode defined for component null
2026-03-11 16:45:43,247 [WARN] ModelIntegratedComponent:63 - No mode defined for component null
2026-03-11 16:45:43,247 [WARN] ModelIntegratedComponent:63 - No mode defined for component null
2026-03-11 16:45:43,247 [WARN] ModelIntegratedComponent:63 - No mode defined for component null
2026-03-11 16:45:43,247 [WARN] ModelIntegratedComponent:63 - No mode defined for component null
2026-03-11 16:45:43,247 [WARN] ModelIntegratedComponent:63 - No mode defined for component null
2026-03-11 16:45:43,247 [WARN] ModelIntegratedComponent:63 - No mode defined for component null
2026-03-11 16:45:43,247 [WARN] ModelIntegratedComponent:63 - No mode defined for component null
2026-03-11 16:45:43,247 [WARN] ModelIntegratedComponent:63 - No mode defined for component null
2026-03-11 16:45:43,247 [WARN] ModelIntegratedComponent:63 - No mode defined for component null
2026-03-11 16:45:43,247 [WARN] ModelPack:524 - Component already loaded: STMicroelectronics:HAL Drivers:0.0.0:STMicroelectronics:Device:STMicro_Driver:XSPI:HAL::0.0.1:HAL_XSPI
2026-03-11 16:45:43,286 [INFO] ThirdPartyModel:298 - Start build external matchings
2026-03-11 16:45:43,561 [INFO] ThirdPartyModel:316 - End build external matchings
2026-03-11 16:45:43,571 [INFO] ImportTextPane:234 - (OptionalMessage_ERROR) IP (DMA) : Parameter (Instance) has Id (I2C3_RX) currently not set
2026-03-11 16:45:43,571 [INFO] ImportTextPane:234 - (OptionalMessage_ERROR) IP (DMA) : Parameter (Channel) has Id (I2C3_RX) currently not set
2026-03-11 16:45:43,571 [INFO] ImportTextPane:234 - (OptionalMessage_ERROR) IP (DMA) : Parameter (Direction) has Id (I2C3_RX) currently not set
2026-03-11 16:45:43,571 [INFO] ImportTextPane:234 - (OptionalMessage_ERROR) IP (DMA) : Parameter (PeriphInc) has Id (I2C3_RX) currently not set
2026-03-11 16:45:43,571 [INFO] ImportTextPane:234 - (OptionalMessage_ERROR) IP (DMA) : Parameter (MemInc) has Id (I2C3_RX) currently not set
2026-03-11 16:45:43,572 [INFO] ImportTextPane:234 - (OptionalMessage_ERROR) IP (DMA) : Parameter (PeriphDataAlignment) has Id (I2C3_RX) currently not set
2026-03-11 16:45:43,572 [INFO] ImportTextPane:234 - (OptionalMessage_ERROR) IP (DMA) : Parameter (MemDataAlignment) has Id (I2C3_RX) currently not set
2026-03-11 16:45:43,572 [INFO] ImportTextPane:234 - (OptionalMessage_ERROR) IP (DMA) : Parameter (Mode) has Id (I2C3_RX) currently not set
2026-03-11 16:45:43,572 [INFO] ImportTextPane:234 - (OptionalMessage_ERROR) IP (DMA) : Parameter (Priority) has Id (I2C3_RX) currently not set
2026-03-11 16:45:43,572 [INFO] ImportTextPane:234 - (OptionalMessage_ERROR) IP (DMA) : Parameter (FIFOMode) has Id (I2C3_RX) currently not set
2026-03-11 16:45:43,572 [WARN] IP:2250 - I2C_Coeff_DF not found: check if there is a RefParameter without a condition.
2026-03-11 16:45:43,572 [WARN] IP:2250 - Analog_Filter not found: check if there is a RefParameter without a condition.
2026-03-11 16:45:43,572 [INFO] ImportTextPane:234 - (OptionalMessage_ERROR) IP (RCC) : Invalid parameter (FamilyName)
2026-03-11 16:45:43,732 [INFO] UtilMem:75 - End LoadConfig() Used Memory: 457346912 Bytes (933232640)
2026-03-11 16:45:43,738 [WARN] ThirdParty:833 - waiting for thirdparty lock release [change project]
2026-03-11 16:45:43,738 [INFO] ThirdParty:835 - entering critical section [change project]
2026-03-11 16:45:43,738 [INFO] ThirdParty:1030 - CMSIS Pack Vendor :STMicroelectronics X-CUBE-AZRTOS-H7 3.5.0
2026-03-11 16:45:43,738 [INFO] ThirdParty:1030 - CMSIS Pack Vendor :STMicroelectronics X-CUBE-PM33A1 1.0.0
2026-03-11 16:45:43,738 [INFO] ThirdParty:1030 - CMSIS Pack Vendor :STMicroelectronics USBPD 4.1
2026-03-11 16:45:43,738 [INFO] ThirdParty:1030 - CMSIS Pack Vendor :STMicroelectronics X-CUBE-NFC9 1.0.0
2026-03-11 16:45:43,738 [INFO] ThirdParty:1030 - CMSIS Pack Vendor :STMicroelectronics USB_HOST 2.0.0
2026-03-11 16:45:43,738 [INFO] ThirdParty:1030 - CMSIS Pack Vendor :STMicroelectronics FP-SNS-MOTENVWB1 1.4.0
2026-03-11 16:45:43,738 [INFO] ThirdParty:1030 - CMSIS Pack Vendor :STMicroelectronics X-CUBE-AZRTOS-F4 1.1.0
2026-03-11 16:45:43,738 [INFO] ThirdParty:1030 - CMSIS Pack Vendor :STMicroelectronics LIBJPEG 8.0.0
2026-03-11 16:45:43,738 [INFO] ThirdParty:1030 - CMSIS Pack Vendor :STMicroelectronics FP-ATR-ASTRA1 2.0.2
2026-03-11 16:45:43,738 [INFO] ThirdParty:1030 - CMSIS Pack Vendor :wolfSSL I-CUBE-wolfSSL 5.8.2
2026-03-11 16:45:43,738 [INFO] ThirdParty:1030 - CMSIS Pack Vendor :STMicroelectronics X-CUBE-BLE1 7.1.0
2026-03-11 16:45:43,738 [INFO] ThirdParty:1030 - CMSIS Pack Vendor :STMicroelectronics X-CUBE-SMBUS 2.1.0
2026-03-11 16:45:43,738 [INFO] ThirdParty:1030 - CMSIS Pack Vendor :wolfSSL I-CUBE-wolfMQTT 1.19.2
2026-03-11 16:45:43,738 [INFO] ThirdParty:1030 - CMSIS Pack Vendor :STMicroelectronics USB_DEVICE 3.0.0
2026-03-11 16:45:43,738 [INFO] ThirdParty:1030 - CMSIS Pack Vendor :STMicroelectronics X-CUBE-ISPU 2.1.0
2026-03-11 16:45:43,738 [INFO] ThirdParty:1030 - CMSIS Pack Vendor :STMicroelectronics X-CUBE-FREERTOS 1.4.0
2026-03-11 16:45:43,738 [INFO] ThirdParty:1030 - CMSIS Pack Vendor :STMicroelectronics X-CUBE-EEPRMA1 5.2.0
2026-03-11 16:45:43,738 [INFO] ThirdParty:1030 - CMSIS Pack Vendor :STMicroelectronics X-CUBE-IPS 3.2.0
2026-03-11 16:45:43,738 [INFO] ThirdParty:1030 - CMSIS Pack Vendor :STMicroelectronics X-CUBE-BLEMGR 4.1.0
2026-03-11 16:45:43,738 [INFO] ThirdParty:1030 - CMSIS Pack Vendor :STMicroelectronics X-CUBE-AZRTOS-WB 2.0.0
2026-03-11 16:45:43,738 [INFO] ThirdParty:1030 - CMSIS Pack Vendor :STMicroelectronics X-CUBE-ST60 1.0.0
2026-03-11 16:45:43,738 [INFO] ThirdParty:1030 - CMSIS Pack Vendor :STMicroelectronics X-CUBE-GNSS1 7.0.1
2026-03-11 16:45:43,738 [INFO] ThirdParty:1030 - CMSIS Pack Vendor :STMicroelectronics X-CUBE-NFC12 1.0.0
2026-03-11 16:45:43,738 [INFO] ThirdParty:1030 - CMSIS Pack Vendor :STMicroelectronics X-CUBE-AZRTOS-F7 1.1.0
2026-03-11 16:45:43,738 [INFO] ThirdParty:1030 - CMSIS Pack Vendor :STMicroelectronics X-CUBE-AZRTOS-L5 2.0.0
2026-03-11 16:45:43,738 [INFO] ThirdParty:1030 - CMSIS Pack Vendor :STMicroelectronics USB_DEVICE 2.0.0
2026-03-11 16:45:43,738 [INFO] ThirdParty:1030 - CMSIS Pack Vendor :STMicroelectronics X-CUBE-NFC6 3.1.0
2026-03-11 16:45:43,738 [INFO] ThirdParty:1030 - CMSIS Pack Vendor :STMicroelectronics X-CUBE-ST67W61 1.1.0
2026-03-11 16:45:43,738 [INFO] ThirdParty:1030 - CMSIS Pack Vendor :Cesanta I-CUBE-Mongoose 7.19.0
2026-03-11 16:45:43,738 [INFO] ThirdParty:1030 - CMSIS Pack Vendor :quantropi X-CUBE-qispace-sdk-base 2.1.0
2026-03-11 16:45:43,738 [INFO] ThirdParty:1030 - CMSIS Pack Vendor :STMicroelectronics X-CUBE-MEMS1 12.0.0
2026-03-11 16:45:43,738 [INFO] ThirdParty:1030 - CMSIS Pack Vendor :STMicroelectronics X-CUBE-STSE01 2.0.0
2026-03-11 16:45:43,738 [INFO] ThirdParty:1030 - CMSIS Pack Vendor :STMicroelectronics FP-SNS-MOTENV1 5.1.0
2026-03-11 16:45:43,739 [INFO] ThirdParty:1030 - CMSIS Pack Vendor :STMicroelectronics FreeRTOS 0.0.1
2026-03-11 16:45:43,739 [INFO] ThirdParty:1030 - CMSIS Pack Vendor :STMicroelectronics X-CUBE-AZRTOS-G0 1.1.0
2026-03-11 16:45:43,739 [INFO] ThirdParty:1030 - CMSIS Pack Vendor :STMicroelectronics X-CUBE-SAFEA1 1.2.2
2026-03-11 16:45:43,739 [INFO] ThirdParty:1030 - CMSIS Pack Vendor :STMicroelectronics X-CUBE-NFC4 3.0.0
2026-03-11 16:45:43,739 [INFO] ThirdParty:1030 - CMSIS Pack Vendor :STMicroelectronics X-CUBE-SUBG2 5.0.0
2026-03-11 16:45:43,739 [INFO] ThirdParty:1030 - CMSIS Pack Vendor :STMicroelectronics X-CUBE-AZRTOS-H7RS 1.1.0
2026-03-11 16:45:43,739 [INFO] ThirdParty:1030 - CMSIS Pack Vendor :STMicroelectronics STM32_WPAN 1.0.0
2026-03-11 16:45:43,739 [INFO] ThirdParty:1030 - CMSIS Pack Vendor :EmbeddedOffice I-CUBE-FS-RTOS 1.0.1
2026-03-11 16:45:43,739 [INFO] ThirdParty:1030 - CMSIS Pack Vendor :STMicroelectronics lwIP 2.0.3
2026-03-11 16:45:43,739 [INFO] ThirdParty:1030 - CMSIS Pack Vendor :WES I-CUBE-Cesium 1.4.0
2026-03-11 16:45:43,739 [INFO] ThirdParty:1030 - CMSIS Pack Vendor :STMicroelectronics USB_HOST 1.0.0
2026-03-11 16:45:43,739 [INFO] ThirdParty:1030 - CMSIS Pack Vendor :Infineon AIROC-Wi-Fi-Bluetooth-STM32 1.7.1
2026-03-11 16:45:43,739 [INFO] ThirdParty:1030 - CMSIS Pack Vendor :STMicroelectronics X-CUBE-AZRTOS-G4 2.0.0
2026-03-11 16:45:43,739 [INFO] ThirdParty:1030 - CMSIS Pack Vendor :STMicroelectronics X-CUBE-WB05N 2.0.0
2026-03-11 16:45:43,739 [INFO] ThirdParty:1030 - CMSIS Pack Vendor :STMicroelectronics PDM2PCM 3.1.0
2026-03-11 16:45:43,739 [INFO] ThirdParty:1030 - CMSIS Pack Vendor :STMicroelectronics PDM2PCM 3.3.0
2026-03-11 16:45:43,739 [INFO] ThirdParty:1030 - CMSIS Pack Vendor :wolfSSL I-CUBE-wolfTPM 3.8.0
2026-03-11 16:45:43,739 [INFO] ThirdParty:1030 - CMSIS Pack Vendor :STMicroelectronics X-CUBE-AZRTOS-H7 3.4.0
2026-03-11 16:45:43,739 [INFO] ThirdParty:1030 - CMSIS Pack Vendor :STMicroelectronics X-CUBE-DISPLAY 3.0.0
2026-03-11 16:45:43,739 [INFO] ThirdParty:1030 - CMSIS Pack Vendor :wolfSSL I-CUBE-wolfSSH 1.4.20
2026-03-11 16:45:43,739 [INFO] ThirdParty:1030 - CMSIS Pack Vendor :STMicroelectronics X-CUBE-NFC7 2.0.0
2026-03-11 16:45:43,739 [INFO] ThirdParty:1030 - CMSIS Pack Vendor :STMicroelectronics FP-SNS-MOTENVWB1 1.5.0
2026-03-11 16:45:43,739 [INFO] ThirdParty:1030 - CMSIS Pack Vendor :STMicroelectronics X-CUBE-TCPP 4.2.0
2026-03-11 16:45:43,739 [INFO] ThirdParty:1030 - CMSIS Pack Vendor :RealThread X-CUBE-RT-Thread_Nano 4.1.1
2026-03-11 16:45:43,739 [INFO] ThirdParty:1030 - CMSIS Pack Vendor :STMicroelectronics FP-ATR-SIGFOX1 3.2.0
2026-03-11 16:45:43,739 [INFO] ThirdParty:1030 - CMSIS Pack Vendor :STMicroelectronics X-CUBE-NFC10 1.0.0
2026-03-11 16:45:43,739 [INFO] ThirdParty:1030 - CMSIS Pack Vendor :STMicroelectronics X-CUBE-FREERTOS 1.3.1
2026-03-11 16:45:43,739 [INFO] ThirdParty:1030 - CMSIS Pack Vendor :STMicroelectronics HAL Drivers 0.0.0
2026-03-11 16:45:43,739 [INFO] ThirdParty:1030 - CMSIS Pack Vendor :STMicroelectronics X-CUBE-FREERTOS 1.5.0
2026-03-11 16:45:43,739 [INFO] ThirdParty:1030 - CMSIS Pack Vendor :STMicroelectronics MBEDTLS 2.16.2
2026-03-11 16:45:43,739 [INFO] ThirdParty:1030 - CMSIS Pack Vendor :STMicroelectronics X-CUBE-ST60 1.1.0
2026-03-11 16:45:43,739 [INFO] ThirdParty:1030 - CMSIS Pack Vendor :STMicroelectronics X-CUBE-ALS 1.0.2
2026-03-11 16:45:43,739 [INFO] ThirdParty:1030 - CMSIS Pack Vendor :emotas I-CUBE-CANOPEN 1.3.0
2026-03-11 16:45:43,739 [INFO] ThirdParty:1030 - CMSIS Pack Vendor :STMicroelectronics MBEDTLS 2.14.1
2026-03-11 16:45:43,739 [INFO] ThirdParty:1030 - CMSIS Pack Vendor :STMicroelectronics X-CUBE-GNSS1 7.1.0
2026-03-11 16:45:43,739 [INFO] ThirdParty:1030 - CMSIS Pack Vendor :ITTIA_DB I-CUBE-ITTIADB 8.9.0
2026-03-11 16:45:43,739 [INFO] ThirdParty:1030 - CMSIS Pack Vendor :STMicroelectronics X-CUBE-TOUCHGFX 4.26.0
2026-03-11 16:45:43,739 [INFO] ThirdParty:1030 - CMSIS Pack Vendor :STMicroelectronics X-CUBE-STSE01 1.0.0
2026-03-11 16:45:43,739 [INFO] ThirdParty:1030 - CMSIS Pack Vendor :STMicroelectronics X-CUBE-TOUCHGFX 4.26.1
2026-03-11 16:45:43,739 [INFO] ThirdParty:1030 - CMSIS Pack Vendor :STMicroelectronics X-CUBE-NFC6 3.2.0
2026-03-11 16:45:43,739 [INFO] ThirdParty:1030 - CMSIS Pack Vendor :STMicroelectronics ThreadX 1.0.0
2026-03-11 16:45:43,739 [INFO] ThirdParty:1030 - CMSIS Pack Vendor :STMicroelectronics FP-SNS-SMARTAG2 1.2.0
2026-03-11 16:45:43,739 [INFO] ThirdParty:1030 - CMSIS Pack Vendor :STMicroelectronics FP-SNS-FLIGHT1 5.1.0
2026-03-11 16:45:43,739 [INFO] ThirdParty:1030 - CMSIS Pack Vendor :STMicroelectronics X-CUBE-AZRTOS-WL 2.0.0
2026-03-11 16:45:43,739 [INFO] ThirdParty:1030 - CMSIS Pack Vendor :SEGGER I-CUBE-embOS 1.3.1
2026-03-11 16:45:43,739 [INFO] ThirdParty:1030 - CMSIS Pack Vendor :STMicroelectronics X-CUBE-ALGOBUILD 1.4.0
2026-03-11 16:45:43,739 [INFO] ThirdParty:1030 - CMSIS Pack Vendor :STMicroelectronics X-CUBE-DPower 1.3.0
2026-03-11 16:45:43,739 [INFO] ThirdParty:1030 - CMSIS Pack Vendor :STMicroelectronics X-CUBE-MEMS1 11.3.0
2026-03-11 16:45:43,739 [INFO] ThirdParty:1030 - CMSIS Pack Vendor :STMicroelectronics FP-SNS-MOTENV1 5.0.0
2026-03-11 16:45:43,739 [INFO] ThirdParty:1030 - CMSIS Pack Vendor :STMicroelectronics USB_DEVICE 1.0.0
2026-03-11 16:45:43,739 [INFO] ThirdParty:1030 - CMSIS Pack Vendor :STMicroelectronics X-CUBE-AZRTOS-H7RS 1.2.0
2026-03-11 16:45:43,739 [INFO] ThirdParty:1030 - CMSIS Pack Vendor :STMicroelectronics X-CUBE-AZRTOS-L4 2.0.0
2026-03-11 16:45:43,739 [INFO] ThirdParty:1030 - CMSIS Pack Vendor :STMicroelectronics ThreadX 0.0.2
2026-03-11 16:45:43,739 [INFO] ThirdParty:1030 - CMSIS Pack Vendor :STMicroelectronics lwIP 2.1.2
2026-03-11 16:45:43,739 [INFO] ThirdParty:1030 - CMSIS Pack Vendor :STMicroelectronics X-CUBE-SFXS2LP1 4.0.0
2026-03-11 16:45:43,739 [INFO] ThirdParty:1030 - CMSIS Pack Vendor :STMicroelectronics X-CUBE-BLE2 3.3.0
2026-03-11 16:45:43,739 [INFO] ThirdParty:1030 - CMSIS Pack Vendor :Avnet-IOTCONNECT X-CUBE-iotc-st67-sdk 1.0.0
2026-03-11 16:45:43,739 [INFO] ThirdParty:1030 - CMSIS Pack Vendor :STMicroelectronics X-CUBE-TOF1 3.4.3
2026-03-11 16:45:43,739 [INFO] ThirdParty:1030 - CMSIS Pack Vendor :STMicroelectronics PDM2PCM 3.2.0
2026-03-11 16:45:43,739 [INFO] ThirdParty:1030 - CMSIS Pack Vendor :STMicroelectronics X-CUBE-ST67W61 1.2.0
2026-03-11 16:45:43,740 [INFO] ThirdParty:841 - exiting critical section [change project]
2026-03-11 16:45:43,872 [INFO] PinOutPanel:1589 - setPackage(No Configuration,No Configuration)
2026-03-11 16:45:43,872 [INFO] PinOutPanel:1589 - setPackage(STM32F446RETx,LQFP64)
2026-03-11 16:45:44,025 [INFO] UtilMem:75 - Before build in PCC Used Memory: 743598152 Bytes (933232640)
2026-03-11 16:45:44,108 [INFO] UtilMem:75 - After build in PCC Used Memory: 793929800 Bytes (933232640)
2026-03-11 16:45:44,123 [INFO] IPUIPlugin:80 - create IPUIPlugin
2026-03-11 16:45:44,123 [INFO] IPUIPlugin:80 - create IPUIPlugin
2026-03-11 16:45:44,123 [INFO] IPUIPlugin:80 - create IPUIPlugin
2026-03-11 16:45:44,123 [INFO] IPUIPlugin:80 - create IPUIPlugin
2026-03-11 16:45:44,123 [INFO] IPUIPlugin:80 - create IPUIPlugin
2026-03-11 16:45:44,123 [INFO] IPUIPlugin:80 - create IPUIPlugin
2026-03-11 16:45:44,123 [INFO] IPUIPlugin:80 - create IPUIPlugin
2026-03-11 16:45:44,124 [INFO] IPUIPlugin:80 - create IPUIPlugin
2026-03-11 16:45:44,124 [INFO] IPUIPlugin:80 - create IPUIPlugin
2026-03-11 16:45:44,124 [INFO] IPUIPlugin:80 - create IPUIPlugin
2026-03-11 16:45:44,124 [INFO] IPUIPlugin:80 - create IPUIPlugin
2026-03-11 16:45:44,124 [INFO] IPUIPlugin:80 - create IPUIPlugin
2026-03-11 16:45:44,124 [INFO] IPUIPlugin:80 - create IPUIPlugin
2026-03-11 16:45:44,124 [INFO] IPUIPlugin:80 - create IPUIPlugin
2026-03-11 16:45:44,124 [INFO] IPUIPlugin:80 - create IPUIPlugin
2026-03-11 16:45:44,124 [INFO] IPUIPlugin:80 - create IPUIPlugin
2026-03-11 16:45:44,124 [INFO] IPUIPlugin:80 - create IPUIPlugin
2026-03-11 16:45:44,124 [INFO] IPUIPlugin:80 - create IPUIPlugin
2026-03-11 16:45:44,124 [INFO] IPUIPlugin:80 - create IPUIPlugin
2026-03-11 16:45:44,124 [INFO] IPUIPlugin:80 - create IPUIPlugin
2026-03-11 16:45:44,124 [INFO] IPUIPlugin:80 - create IPUIPlugin
2026-03-11 16:45:44,125 [INFO] IPUIPlugin:80 - create IPUIPlugin
2026-03-11 16:45:44,125 [INFO] IPUIPlugin:80 - create IPUIPlugin
2026-03-11 16:45:44,125 [INFO] IPUIPlugin:80 - create IPUIPlugin
2026-03-11 16:45:44,125 [INFO] IPUIPlugin:80 - create IPUIPlugin
2026-03-11 16:45:44,125 [INFO] IPUIPlugin:80 - create IPUIPlugin
2026-03-11 16:45:44,125 [INFO] IPUIPlugin:80 - create IPUIPlugin
2026-03-11 16:45:44,125 [INFO] IPUIPlugin:80 - create IPUIPlugin
2026-03-11 16:45:44,125 [INFO] IPUIPlugin:80 - create IPUIPlugin
2026-03-11 16:45:44,125 [INFO] IPUIPlugin:80 - create IPUIPlugin
2026-03-11 16:45:44,125 [INFO] IPUIPlugin:80 - create IPUIPlugin
2026-03-11 16:45:44,126 [INFO] IPUIPlugin:80 - create IPUIPlugin
2026-03-11 16:45:44,126 [INFO] IPUIPlugin:80 - create IPUIPlugin
2026-03-11 16:45:44,126 [INFO] IPUIPlugin:80 - create IPUIPlugin
2026-03-11 16:45:44,126 [INFO] IPUIPlugin:80 - create IPUIPlugin
2026-03-11 16:45:44,126 [INFO] IPUIPlugin:80 - create IPUIPlugin
2026-03-11 16:45:44,126 [INFO] IPUIPlugin:80 - create IPUIPlugin
2026-03-11 16:45:44,126 [INFO] IPUIPlugin:80 - create IPUIPlugin
2026-03-11 16:45:44,126 [INFO] IPUIPlugin:80 - create IPUIPlugin
2026-03-11 16:45:44,127 [INFO] IPUIPlugin:80 - create IPUIPlugin
2026-03-11 16:45:44,127 [INFO] IPUIPlugin:80 - create IPUIPlugin
2026-03-11 16:45:44,127 [INFO] IPUIPlugin:80 - create IPUIPlugin
2026-03-11 16:45:44,127 [INFO] IPUIPlugin:80 - create IPUIPlugin
2026-03-11 16:45:44,127 [INFO] IPUIPlugin:80 - create IPUIPlugin
2026-03-11 16:45:44,128 [INFO] IPUIPlugin:80 - create IPUIPlugin
2026-03-11 16:45:44,128 [INFO] IPUIPlugin:80 - create IPUIPlugin
2026-03-11 16:45:44,128 [INFO] IPUIPlugin:80 - create IPUIPlugin
2026-03-11 16:45:44,128 [INFO] IPUIPlugin:80 - create IPUIPlugin
2026-03-11 16:45:44,128 [INFO] IPUIPlugin:80 - create IPUIPlugin
2026-03-11 16:45:44,128 [INFO] IPUIPlugin:80 - create IPUIPlugin
2026-03-11 16:45:44,129 [INFO] IPUIPlugin:80 - create IPUIPlugin
2026-03-11 16:45:44,129 [INFO] IPUIPlugin:80 - create IPUIPlugin
2026-03-11 16:45:44,129 [INFO] IPUIPlugin:80 - create IPUIPlugin
2026-03-11 16:45:44,129 [INFO] IPUIPlugin:80 - create IPUIPlugin
2026-03-11 16:45:44,129 [INFO] IPUIPlugin:80 - create IPUIPlugin
2026-03-11 16:45:44,129 [INFO] IPUIPlugin:80 - create IPUIPlugin
2026-03-11 16:45:44,130 [INFO] IPUIPlugin:80 - create IPUIPlugin
2026-03-11 16:45:44,130 [INFO] IPUIPlugin:80 - create IPUIPlugin
2026-03-11 16:45:44,130 [INFO] IPUIPlugin:80 - create IPUIPlugin
2026-03-11 16:45:44,130 [INFO] IPUIPlugin:80 - create IPUIPlugin
2026-03-11 16:45:44,132 [INFO] ApiDbMcu:532 - Load IP Config File for PDM2PCM
2026-03-11 16:45:44,133 [INFO] Can:71 - Can Add PropertyChangeListener com.st.microxplorer.plugins.ip.can.Can@6aa4befb
2026-03-11 16:45:44,133 [WARN] IP:2250 - I2C_Coeff_DF not found: check if there is a RefParameter without a condition.
2026-03-11 16:45:44,133 [WARN] IP:2250 - Analog_Filter not found: check if there is a RefParameter without a condition.
2026-03-11 16:45:44,180 [INFO] CADModel:165 - CPN selected for project levelSTM32F446RET6
2026-03-11 16:45:44,180 [INFO] CADModel:114 - Register for checkConnection events
2026-03-11 16:45:44,216 [INFO] OpenFileManager:386 - Restore cursor
2026-03-11 16:45:44,340 [WARN] IP:2250 - I2C_Coeff_DF not found: check if there is a RefParameter without a condition.
2026-03-11 16:45:44,340 [WARN] IP:2250 - Analog_Filter not found: check if there is a RefParameter without a condition.
2026-03-11 16:45:44,340 [WARN] IP:2250 - I2C_Coeff_DF not found: check if there is a RefParameter without a condition.
2026-03-11 16:45:44,340 [WARN] IP:2250 - Analog_Filter not found: check if there is a RefParameter without a condition.
2026-03-11 16:45:53,046 [INFO] UtilMem:75 - End SaveConfig() Used Memory: 494212968 Bytes (933232640)
2026-03-11 16:45:53,121 [INFO] BlockDiagram:2775 - set Specific Code input for plugin: TIM6_7
2026-03-11 16:45:53,121 [INFO] BlockDiagram:2775 - set Specific Code input for plugin: CAN
2026-03-11 16:45:53,121 [INFO] BlockDiagram:2775 - set Specific Code input for plugin: SYS
2026-03-11 16:45:53,121 [INFO] BlockDiagram:2775 - set Specific Code input for plugin: RCC
2026-03-11 16:45:53,121 [INFO] BlockDiagram:2775 - set Specific Code input for plugin: I2C
2026-03-11 16:45:53,121 [INFO] BlockDiagram:2775 - set Specific Code input for plugin: USB_OTG_FS
2026-03-11 16:45:53,121 [INFO] BlockDiagram:2775 - set Specific Code input for plugin: NVIC
2026-03-11 16:45:53,121 [INFO] BlockDiagram:2775 - set Specific Code input for plugin: TIM1_8
2026-03-11 16:45:53,121 [INFO] BlockDiagram:2775 - set Specific Code input for plugin: DMA
2026-03-11 16:45:53,121 [INFO] BlockDiagram:2775 - set Specific Code input for plugin: TIM1_8
2026-03-11 16:45:53,121 [INFO] BlockDiagram:2775 - set Specific Code input for plugin: GPIO
2026-03-11 16:45:53,121 [INFO] CodeGenerator:892 - code generatio: config db path: /opt/st/stm32cubeide_1.19.0/plugins/com.st.stm32cube.common.mx_6.15.0.202507011659//db/
2026-03-11 16:45:53,122 [WARN] IP:2250 - I2C_Coeff_DF not found: check if there is a RefParameter without a condition.
2026-03-11 16:45:53,123 [WARN] IP:2250 - Analog_Filter not found: check if there is a RefParameter without a condition.
2026-03-11 16:45:53,123 [INFO] Argument:325 - Argument : hdmavalue: null
2026-03-11 16:45:53,123 [INFO] Argument:327 - 	 sub Args: 
2026-03-11 16:45:53,123 [INFO] Argument:325 - Argument : Instancevalue: DMA1_Stream2
2026-03-11 16:45:53,123 [INFO] Argument:335 - Argument : Instancevalue: DMA1_Stream2
2026-03-11 16:45:53,123 [INFO] Argument:325 - Argument : Initvalue: null
2026-03-11 16:45:53,123 [INFO] Argument:327 - 	 sub Args: 
2026-03-11 16:45:53,123 [INFO] Argument:325 - Argument : Channelvalue: DMA_CHANNEL_3
2026-03-11 16:45:53,123 [INFO] Argument:335 - Argument : Channelvalue: DMA_CHANNEL_3
2026-03-11 16:45:53,123 [INFO] Argument:325 - Argument : Directionvalue: DMA_PERIPH_TO_MEMORY
2026-03-11 16:45:53,123 [INFO] Argument:335 - Argument : Directionvalue: DMA_PERIPH_TO_MEMORY
2026-03-11 16:45:53,123 [INFO] Argument:325 - Argument : PeriphIncvalue: DMA_PINC_DISABLE
2026-03-11 16:45:53,123 [INFO] Argument:335 - Argument : PeriphIncvalue: DMA_PINC_DISABLE
2026-03-11 16:45:53,123 [INFO] Argument:325 - Argument : MemIncvalue: DMA_MINC_ENABLE
2026-03-11 16:45:53,123 [INFO] Argument:335 - Argument : MemIncvalue: DMA_MINC_ENABLE
2026-03-11 16:45:53,123 [INFO] Argument:325 - Argument : PeriphDataAlignmentvalue: DMA_PDATAALIGN_BYTE
2026-03-11 16:45:53,123 [INFO] Argument:335 - Argument : PeriphDataAlignmentvalue: DMA_PDATAALIGN_BYTE
2026-03-11 16:45:53,123 [INFO] Argument:325 - Argument : MemDataAlignmentvalue: DMA_MDATAALIGN_BYTE
2026-03-11 16:45:53,123 [INFO] Argument:335 - Argument : MemDataAlignmentvalue: DMA_MDATAALIGN_BYTE
2026-03-11 16:45:53,123 [INFO] Argument:325 - Argument : Modevalue: DMA_NORMAL
2026-03-11 16:45:53,123 [INFO] Argument:335 - Argument : Modevalue: DMA_NORMAL
2026-03-11 16:45:53,123 [INFO] Argument:325 - Argument : Priorityvalue: DMA_PRIORITY_HIGH
2026-03-11 16:45:53,123 [INFO] Argument:335 - Argument : Priorityvalue: DMA_PRIORITY_HIGH
2026-03-11 16:45:53,123 [INFO] Argument:325 - Argument : FIFOModevalue: DMA_FIFOMODE_DISABLE
2026-03-11 16:45:53,123 [INFO] Argument:335 - Argument : FIFOModevalue: DMA_FIFOMODE_DISABLE
2026-03-11 16:45:53,123 [INFO] Argument:325 - Argument : FIFOThresholdvalue: null
2026-03-11 16:45:53,123 [INFO] Argument:335 - Argument : FIFOThresholdvalue: null
2026-03-11 16:45:53,123 [INFO] Argument:325 - Argument : MemBurstvalue: null
2026-03-11 16:45:53,123 [INFO] Argument:335 - Argument : MemBurstvalue: null
2026-03-11 16:45:53,123 [INFO] Argument:325 - Argument : PeriphBurstvalue: null
2026-03-11 16:45:53,123 [INFO] Argument:335 - Argument : PeriphBurstvalue: null
2026-03-11 16:45:53,123 [INFO] Argument:325 - Argument : Lockvalue: null
2026-03-11 16:45:53,123 [INFO] Argument:335 - Argument : Lockvalue: null
2026-03-11 16:45:53,123 [INFO] Argument:325 - Argument : Statevalue: null
2026-03-11 16:45:53,123 [INFO] Argument:335 - Argument : Statevalue: null
2026-03-11 16:45:53,123 [INFO] Argument:325 - Argument : Parentvalue: null
2026-03-11 16:45:53,123 [INFO] Argument:335 - Argument : Parentvalue: null
2026-03-11 16:45:53,123 [INFO] Argument:325 - Argument : XferCpltCallbackvalue: null
2026-03-11 16:45:53,123 [INFO] Argument:335 - Argument : XferCpltCallbackvalue: null
2026-03-11 16:45:53,123 [INFO] Argument:325 - Argument : XferHalfCpltCallbackvalue: null
2026-03-11 16:45:53,123 [INFO] Argument:335 - Argument : XferHalfCpltCallbackvalue: null
2026-03-11 16:45:53,123 [INFO] Argument:325 - Argument : XferM1CpltCallbackvalue: null
2026-03-11 16:45:53,123 [INFO] Argument:335 - Argument : XferM1CpltCallbackvalue: null
2026-03-11 16:45:53,123 [INFO] Argument:325 - Argument : XferErrorCallbackvalue: null
2026-03-11 16:45:53,123 [INFO] Argument:335 - Argument : XferErrorCallbackvalue: null
2026-03-11 16:45:53,123 [INFO] Argument:325 - Argument : ErrorCodevalue: null
2026-03-11 16:45:53,123 [INFO] Argument:335 - Argument : ErrorCodevalue: null
2026-03-11 16:45:53,210 [INFO] CodeEngine:265 - oldGeneratedFile, /home/kamil/STM32CubeIDE/workspace_1.19.0/PCB_STM/MXTmpFiles/license.tmp_save
2026-03-11 16:45:53,277 [INFO] CodeEngine:289 - Generated code: /home/kamil/STM32CubeIDE/workspace_1.19.0/PCB_STM/MXTmpFiles/license.tmp
2026-03-11 16:45:53,300 [INFO] CodeEngine:265 - oldGeneratedFile, /home/kamil/STM32CubeIDE/workspace_1.19.0/PCB_STM/MXTmpFiles/gpio.tmp_save
2026-03-11 16:45:53,346 [INFO] CodeEngine:289 - Generated code: /home/kamil/STM32CubeIDE/workspace_1.19.0/PCB_STM/MXTmpFiles/gpio.tmp
2026-03-11 16:45:53,450 [WARN] IPConfigManager:3238 - Warning: the RefConfig PWREx_EnableUSBVoltageDetector is not available in your config.xml file
2026-03-11 16:45:53,456 [INFO] CodeEngine:265 - oldGeneratedFile, /home/kamil/STM32CubeIDE/workspace_1.19.0/PCB_STM/MXTmpFiles/dma.tmp_save
2026-03-11 16:45:53,493 [INFO] CodeEngine:289 - Generated code: /home/kamil/STM32CubeIDE/workspace_1.19.0/PCB_STM/MXTmpFiles/dma.tmp
2026-03-11 16:45:53,494 [INFO] CodeEngine:265 - oldGeneratedFile, /home/kamil/STM32CubeIDE/workspace_1.19.0/PCB_STM/MXTmpFiles/dma_GV.tmp_save
2026-03-11 16:45:53,527 [INFO] CodeEngine:289 - Generated code: /home/kamil/STM32CubeIDE/workspace_1.19.0/PCB_STM/MXTmpFiles/dma_GV.tmp
2026-03-11 16:45:53,532 [INFO] CodeEngine:265 - oldGeneratedFile, /home/kamil/STM32CubeIDE/workspace_1.19.0/PCB_STM/Core/Src/stm32f4xx_it.c_save
2026-03-11 16:45:53,621 [INFO] CodeEngine:289 - Generated code: /home/kamil/STM32CubeIDE/workspace_1.19.0/PCB_STM/Core/Src/stm32f4xx_it.c
2026-03-11 16:45:53,622 [INFO] CodeEngine:265 - oldGeneratedFile, /home/kamil/STM32CubeIDE/workspace_1.19.0/PCB_STM/Core/Inc/stm32f4xx_it.h_save
2026-03-11 16:45:53,669 [INFO] CodeEngine:289 - Generated code: /home/kamil/STM32CubeIDE/workspace_1.19.0/PCB_STM/Core/Inc/stm32f4xx_it.h
2026-03-11 16:45:53,686 [INFO] CodeEngine:265 - oldGeneratedFile, /home/kamil/STM32CubeIDE/workspace_1.19.0/PCB_STM/Core/Src/stm32f4xx_hal_msp.c_save
2026-03-11 16:45:53,758 [INFO] CodeEngine:289 - Generated code: /home/kamil/STM32CubeIDE/workspace_1.19.0/PCB_STM/Core/Src/stm32f4xx_hal_msp.c
2026-03-11 16:45:53,759 [INFO] CodeEngine:265 - oldGeneratedFile, /home/kamil/STM32CubeIDE/workspace_1.19.0/PCB_STM/MXTmpFiles/system.tmp_save
2026-03-11 16:45:53,801 [INFO] CodeEngine:289 - Generated code: /home/kamil/STM32CubeIDE/workspace_1.19.0/PCB_STM/MXTmpFiles/system.tmp
2026-03-11 16:45:53,802 [INFO] CodeEngine:265 - oldGeneratedFile, /home/kamil/STM32CubeIDE/workspace_1.19.0/PCB_STM/Core/Inc/stm32_assert.h_save
2026-03-11 16:45:53,851 [INFO] CodeEngine:289 - Generated code: /home/kamil/STM32CubeIDE/workspace_1.19.0/PCB_STM/Core/Inc/stm32_assert.h
2026-03-11 16:45:53,853 [INFO] CodeEngine:321 - oldGeneratedFile, /home/kamil/STM32CubeIDE/workspace_1.19.0/PCB_STM/Core/Inc/stm32f4xx_hal_conf.h_save
2026-03-11 16:45:53,897 [INFO] CodeEngine:345 - Generated code: /home/kamil/STM32CubeIDE/workspace_1.19.0/PCB_STM/Core/Inc/stm32f4xx_hal_conf.h
2026-03-11 16:45:53,906 [WARN] IPConfigManager:3238 - Warning: the RefConfig PLL2P_FOR_MCO is not available in your config.xml file
2026-03-11 16:45:53,908 [INFO] ApiDbMcu:532 - Load IP Config File for CAN1
2026-03-11 16:45:53,909 [INFO] ApiDbMcu:532 - Load IP Config File for I2C3
2026-03-11 16:45:53,913 [INFO] ApiDbMcu:532 - Load IP Config File for TIM6
2026-03-11 16:45:53,918 [INFO] ApiDbMcu:532 - Load IP Config File for TIM9
2026-03-11 16:45:53,922 [INFO] ApiDbMcu:532 - Load IP Config File for TIM10
2026-03-11 16:45:53,923 [INFO] ApiDbMcu:532 - Load IP Config File for USB_OTG_FS
2026-03-11 16:45:53,924 [INFO] ApiDbMcu:532 - Load IP Config File for RCC
2026-03-11 16:45:53,924 [WARN] IPConfigManager:3811 - IP not found : TIM
2026-03-11 16:45:53,925 [WARN] IPConfigManager:3811 - IP not found : USB_OTG
2026-03-11 16:45:53,925 [WARN] CodeGenerator:4259 - IP not found : null
2026-03-11 16:45:53,925 [WARN] CodeGenerator:4259 - IP not found : null
2026-03-11 16:45:53,927 [INFO] CodeEngine:265 - oldGeneratedFile, /home/kamil/STM32CubeIDE/workspace_1.19.0/PCB_STM/Core/Inc/main.h_save
2026-03-11 16:45:53,974 [INFO] CodeEngine:289 - Generated code: /home/kamil/STM32CubeIDE/workspace_1.19.0/PCB_STM/Core/Inc/main.h
2026-03-11 16:45:53,975 [INFO] CodeEngine:265 - oldGeneratedFile, /home/kamil/STM32CubeIDE/workspace_1.19.0/PCB_STM/Core/Src/main.c_save
2026-03-11 16:45:54,036 [INFO] CodeEngine:289 - Generated code: /home/kamil/STM32CubeIDE/workspace_1.19.0/PCB_STM/Core/Src/main.c
2026-03-11 16:45:54,160 [INFO] ProjectBuilder:3606 - Time for Copy HAL[1] : 18mS.
2026-03-11 16:45:54,161 [INFO] ProjectBuilder:5216 - Project Generator version: 4.7.0-B52
2026-03-11 16:45:54,210 [INFO] ConfigFileManager:1595 - The Die is : DIE421
2026-03-11 16:45:54,211 [INFO] ApiDbMcu:532 - Load IP Config File for FATFS
2026-03-11 16:45:54,213 [INFO] ApiDbMcu:532 - Load IP Config File for FREERTOS
2026-03-11 16:45:54,214 [INFO] ApiDbMcu:532 - Load IP Config File for LIBJPEG
2026-03-11 16:45:54,215 [INFO] ApiDbMcu:532 - Load IP Config File for MBEDTLS
2026-03-11 16:45:54,218 [INFO] ApiDbMcu:532 - Load IP Config File for USB_DEVICE
2026-03-11 16:45:54,219 [INFO] ApiDbMcu:532 - Load IP Config File for USB_HOST
2026-03-11 16:45:54,564 [INFO] ProjectBuilder:5496 - Time for Generating toolchain IDE Files: 403mS.
2026-03-11 16:45:54,564 [INFO] ProjectBuilder:3463 - Time for Copy CMSIS : 0mS.
2026-03-11 16:45:54,565 [INFO] ProjectBuilder:3463 - Time for Copy CMSIS : 0mS.
2026-03-11 16:46:18,625 [ERROR] LogOutputStream:75 - [STDERR_REDIRECT] 
2026-03-11 16:46:24,273 [INFO] Activator:176 - 


2026-03-11 16:46:24,274 [INFO] Activator:177 - !SESSION log4j initialized
2026-03-11 16:46:27,138 [INFO] LogOutputStream:77 - [STDOUT_REDIRECT] 
2026-03-11 16:46:27,636 [INFO] ApplicationProperties:184 - Using Application install path: /opt/st/stm32cubeide_1.19.0/plugins/com.st.stm32cube.common.mx_6.15.0.202507011659
2026-03-11 16:46:27,655 [INFO] DbMcusXml:78 - Set database path to: /opt/st/stm32cubeide_1.19.0/plugins/com.st.stm32cube.common.mx_6.15.0.202507011659//db//mcu/
2026-03-11 16:46:27,656 [INFO] ApiDb:274 - Set plugin database path to: /opt/st/stm32cubeide_1.19.0/plugins/com.st.stm32cube.common.mx_6.15.0.202507011659//db//plugins/boardmanager/
2026-03-11 16:46:27,656 [WARN] ApiDb:259 - Overriding images path with different value:  => /opt/st/stm32cubeide_1.19.0/plugins/com.st.stm32cube.common.mx_6.15.0.202507011659//db//plugins/mcufinder/images/
2026-03-11 16:46:27,660 [INFO] ApiDb:250 - Set database path to: /home/kamil/.stmcufinder/plugins/mcufinder//mcu/
2026-03-11 16:46:27,661 [INFO] DbMcusAds:125 - Set database path to: /home/kamil/.stmcufinder/plugins/mcufinder//mcu/
2026-03-11 16:46:27,664 [INFO] CrossReferenceDbSqlite:203 - Set database path to: /home/kamil/.stmcufinder/plugins/mcufinder//mcu/cs/
2026-03-11 16:46:27,731 [INFO] RulesReader:64 - Compatibility file has been processed (317 Rules)
2026-03-11 16:46:27,764 [INFO] DbMcusXml:78 - Set database path to: /opt/st/stm32cubeide_1.19.0/plugins/com.st.stm32cube.common.mx_6.15.0.202507011659//db//mcu/
2026-03-11 16:46:27,764 [INFO] ApiDb:274 - Set plugin database path to: /opt/st/stm32cubeide_1.19.0/plugins/com.st.stm32cube.common.mx_6.15.0.202507011659//db//plugins/boardmanager/
2026-03-11 16:46:27,764 [INFO] ApiDb:261 - Set plugin images path to: /opt/st/stm32cubeide_1.19.0/plugins/com.st.stm32cube.common.mx_6.15.0.202507011659//db//plugins/mcufinder/images/
2026-03-11 16:46:27,765 [WARN] DbFile:41 - Overriding database path with different value: /home/kamil/.stmcufinder/plugins/mcufinder/ => /home/kamil/.stmcufinder/plugins/mcufinder
2026-03-11 16:46:27,765 [INFO] ApiDb:250 - Set database path to: /home/kamil/.stmcufinder/plugins/mcufinder//mcu/
2026-03-11 16:46:27,765 [WARN] DbFile:41 - Overriding database path with different value: /home/kamil/.stmcufinder/plugins/mcufinder/ => /home/kamil/.stmcufinder/plugins/mcufinder
2026-03-11 16:46:27,765 [INFO] DbMcusAds:125 - Set database path to: /home/kamil/.stmcufinder/plugins/mcufinder//mcu/
2026-03-11 16:46:27,765 [WARN] DbFile:41 - Overriding database path with different value: /home/kamil/.stmcufinder/plugins/mcufinder/ => /home/kamil/.stmcufinder/plugins/mcufinder
2026-03-11 16:46:27,765 [WARN] DbFile:41 - Overriding database path with different value: /home/kamil/.stmcufinder/plugins/mcufinder/ => /home/kamil/.stmcufinder/plugins/mcufinder
2026-03-11 16:46:27,765 [INFO] CrossReferenceDbSqlite:203 - Set database path to: /home/kamil/.stmcufinder/plugins/mcufinder//mcu/cs/
2026-03-11 16:46:27,798 [INFO] MainPanel:274 - HeapMemory: 268435456
2026-03-11 16:46:27,857 [INFO] DbMcusXml:78 - Set database path to: /opt/st/stm32cubeide_1.19.0/plugins/com.st.stm32cube.common.mx_6.15.0.202507011659//db//mcu/
2026-03-11 16:46:27,857 [INFO] ApiDb:274 - Set plugin database path to: /opt/st/stm32cubeide_1.19.0/plugins/com.st.stm32cube.common.mx_6.15.0.202507011659//db//plugins/boardmanager/
2026-03-11 16:46:27,857 [INFO] ApiDb:261 - Set plugin images path to: /opt/st/stm32cubeide_1.19.0/plugins/com.st.stm32cube.common.mx_6.15.0.202507011659//db//plugins/mcufinder/images/
2026-03-11 16:46:27,857 [WARN] DbFile:41 - Overriding database path with different value: /home/kamil/.stmcufinder/plugins/mcufinder/ => /home/kamil/.stmcufinder/plugins/mcufinder
2026-03-11 16:46:27,857 [INFO] ApiDb:250 - Set database path to: /home/kamil/.stmcufinder/plugins/mcufinder//mcu/
2026-03-11 16:46:27,857 [WARN] DbFile:41 - Overriding database path with different value: /home/kamil/.stmcufinder/plugins/mcufinder/ => /home/kamil/.stmcufinder/plugins/mcufinder
2026-03-11 16:46:27,857 [INFO] DbMcusAds:125 - Set database path to: /home/kamil/.stmcufinder/plugins/mcufinder//mcu/
2026-03-11 16:46:27,857 [WARN] DbFile:41 - Overriding database path with different value: /home/kamil/.stmcufinder/plugins/mcufinder/ => /home/kamil/.stmcufinder/plugins/mcufinder
2026-03-11 16:46:27,857 [WARN] DbFile:41 - Overriding database path with different value: /home/kamil/.stmcufinder/plugins/mcufinder/ => /home/kamil/.stmcufinder/plugins/mcufinder
2026-03-11 16:46:27,858 [INFO] CrossReferenceDbSqlite:203 - Set database path to: /home/kamil/.stmcufinder/plugins/mcufinder//mcu/cs/
2026-03-11 16:46:27,866 [INFO] ApplicationProperties:184 - Using Application install path: /opt/st/stm32cubeide_1.19.0/plugins/com.st.stm32cube.common.mx_6.15.0.202507011659
2026-03-11 16:46:27,867 [INFO] PluginManage:196 - Search for loadable plugins [exclusion list=, ]
2026-03-11 16:46:27,868 [INFO] PluginManage:310 - Check plugin analytics
2026-03-11 16:46:27,949 [INFO] AnalyticsPlugin:253 - Accepted Software Licenses: 
2026-03-11 16:46:27,949 [INFO] AnalyticsPlugin:255 - Accepted CMSIS Pack Licenses: 
2026-03-11 16:46:27,949 [INFO] AnalyticsPlugin:257 - Accepted Firmware Licenses: FW.F4.1.28.0
2026-03-11 16:46:27,951 [INFO] PluginManage:359 - Loaded plugin analytics (category:tool,tabindex:-1)
2026-03-11 16:46:27,951 [INFO] PluginManage:310 - Check plugin cadmodel
2026-03-11 16:46:27,953 [INFO] CADModel:105 - Init CAD model plugin
2026-03-11 16:46:27,954 [INFO] PluginManage:359 - Loaded plugin cadmodel (category:power,tabindex:5)
2026-03-11 16:46:27,954 [INFO] PluginManage:310 - Check plugin clock
2026-03-11 16:46:27,958 [INFO] PluginManage:359 - Loaded plugin clock (category:base,tabindex:2)
2026-03-11 16:46:27,958 [INFO] PluginManage:310 - Check plugin ddr
2026-03-11 16:46:27,959 [INFO] PluginManage:359 - Loaded plugin ddr (category:tool,tabindex:6)
2026-03-11 16:46:27,960 [INFO] PluginManage:310 - Check plugin filemanager
2026-03-11 16:46:28,042 [INFO] PluginManage:359 - Loaded plugin filemanager (category:base,tabindex:10)
2026-03-11 16:46:28,042 [INFO] PluginManage:310 - Check plugin ipmanager
2026-03-11 16:46:28,045 [INFO] PluginManage:359 - Loaded plugin ipmanager (category:base,tabindex:5)
2026-03-11 16:46:28,045 [INFO] PluginManage:310 - Check plugin lpbam
2026-03-11 16:46:28,052 [INFO] PluginManage:359 - Loaded plugin lpbam (category:base,tabindex:0)
2026-03-11 16:46:28,052 [INFO] PluginManage:310 - Check plugin memorymap
2026-03-11 16:46:28,058 [INFO] PluginManage:359 - Loaded plugin memorymap (category:base,tabindex:4)
2026-03-11 16:46:28,058 [INFO] PluginManage:310 - Check plugin pinoutandconfiguration
2026-03-11 16:46:28,062 [INFO] PluginManage:359 - Loaded plugin pinoutandconfiguration (category:base,tabindex:1)
2026-03-11 16:46:28,062 [INFO] PluginManage:310 - Check plugin pinoutconfig
2026-03-11 16:46:28,106 [WARN] SupportedApi:132 - Cannot load RTOS API schema: s4s-elt-must-match.1: The content of 'definitions' must match (annotation?, (simpleType | complexType)?, (unique | key | keyref)*)). A problem was found starting at: attribute.
2026-03-11 16:46:28,185 [INFO] PluginManage:359 - Loaded plugin pinoutconfig (category:base,tabindex:0)
2026-03-11 16:46:28,185 [INFO] PluginManage:310 - Check plugin power
2026-03-11 16:46:28,191 [INFO] PluginManage:359 - Loaded plugin power (category:power,tabindex:4)
2026-03-11 16:46:28,191 [INFO] PluginManage:310 - Check plugin projectmanager
2026-03-11 16:46:28,203 [INFO] PluginManage:359 - Loaded plugin projectmanager (category:projectmanager,tabindex:4)
2026-03-11 16:46:28,203 [INFO] PluginManage:310 - Check plugin rif
2026-03-11 16:46:28,210 [INFO] PluginManage:359 - Loaded plugin rif (category:base,tabindex:3)
2026-03-11 16:46:28,210 [INFO] PluginManage:310 - Check plugin thirdparty
2026-03-11 16:46:28,286 [INFO] PluginManage:359 - Loaded plugin thirdparty (category:base,tabindex:-1)
2026-03-11 16:46:28,285 [WARN] IntegrityCheckThread:84 - waiting for thirdparty lock release [integrity check]
2026-03-11 16:46:28,286 [INFO] PluginManage:310 - Check plugin tools
2026-03-11 16:46:28,286 [INFO] IntegrityCheckThread:86 - entering critical section [integrity check]
2026-03-11 16:46:28,286 [INFO] ThirdPartyUpdaterWithRetryManager:70 - Updater plugin not ready yet. [1/15]
2026-03-11 16:46:28,287 [INFO] PluginManage:359 - Loaded plugin tools (category:base,tabindex:7)
2026-03-11 16:46:28,288 [INFO] PluginManage:310 - Check plugin tutovideos
2026-03-11 16:46:28,395 [INFO] PluginManage:359 - Loaded plugin tutovideos (category:base,tabindex:-1)
2026-03-11 16:46:28,395 [INFO] PluginManage:310 - Check plugin updater
2026-03-11 16:46:28,409 [INFO] PluginManage:359 - Loaded plugin updater (category:base,tabindex:12)
2026-03-11 16:46:28,409 [INFO] PluginManage:310 - Check plugin userauth
2026-03-11 16:46:28,411 [INFO] UserAuth:118 - Init User Auth plugin
2026-03-11 16:46:28,412 [INFO] PluginManage:359 - Loaded plugin userauth (category:base,tabindex:14)
2026-03-11 16:46:28,412 [INFO] PluginManage:283 - PluginManage : Loaded plugins [18]
2026-03-11 16:46:28,533 [INFO] PinOutPanel:1589 - setPackage(No Configuration,No Configuration)
2026-03-11 16:46:28,569 [INFO] CADModel:165 - CPN selected for project level
2026-03-11 16:46:28,569 [INFO] CADModel:114 - Register for checkConnection events
2026-03-11 16:46:28,574 [INFO] IPUIPlugin:80 - create IPUIPlugin
2026-03-11 16:46:28,574 [INFO] PluginManager:220 - loadIPPluginJar : add tracer_emb
2026-03-11 16:46:28,575 [INFO] IPUIPlugin:80 - create IPUIPlugin
2026-03-11 16:46:28,575 [INFO] PluginManager:220 - loadIPPluginJar : add radio
2026-03-11 16:46:28,578 [INFO] IPUIPlugin:80 - create IPUIPlugin
2026-03-11 16:46:28,578 [INFO] PluginManager:220 - loadIPPluginJar : add ddr_ctrl_phy
2026-03-11 16:46:28,581 [INFO] IPUIPlugin:80 - create IPUIPlugin
2026-03-11 16:46:28,581 [INFO] PluginManager:220 - loadIPPluginJar : add mdma
2026-03-11 16:46:28,583 [INFO] IPUIPlugin:80 - create IPUIPlugin
2026-03-11 16:46:28,583 [INFO] PluginManager:220 - loadIPPluginJar : add touchsensing
2026-03-11 16:46:28,584 [INFO] IPUIPlugin:80 - create IPUIPlugin
2026-03-11 16:46:28,584 [INFO] PluginManager:220 - loadIPPluginJar : add ucpd
2026-03-11 16:46:28,587 [INFO] IPUIPlugin:80 - create IPUIPlugin
2026-03-11 16:46:28,588 [INFO] PluginManager:220 - loadIPPluginJar : add plateformsettings
2026-03-11 16:46:28,590 [INFO] IPUIPlugin:80 - create IPUIPlugin
2026-03-11 16:46:28,590 [INFO] PluginManager:220 - loadIPPluginJar : add ipddr
2026-03-11 16:46:28,593 [INFO] IPUIPlugin:80 - create IPUIPlugin
2026-03-11 16:46:28,593 [INFO] PluginManager:220 - loadIPPluginJar : add resmgrutility
2026-03-11 16:46:28,594 [INFO] IPUIPlugin:80 - create IPUIPlugin
2026-03-11 16:46:28,594 [INFO] PluginManager:220 - loadIPPluginJar : add ts
2026-03-11 16:46:28,594 [INFO] IPUIPlugin:80 - create IPUIPlugin
2026-03-11 16:46:28,595 [INFO] PluginManager:220 - loadIPPluginJar : add dma3
2026-03-11 16:46:28,595 [INFO] IPUIPlugin:80 - create IPUIPlugin
2026-03-11 16:46:28,596 [INFO] PluginManager:220 - loadIPPluginJar : add openamp
2026-03-11 16:46:28,597 [INFO] IPUIPlugin:80 - create IPUIPlugin
2026-03-11 16:46:28,597 [INFO] PluginManager:220 - loadIPPluginJar : add opamp
2026-03-11 16:46:28,599 [INFO] IPUIPlugin:80 - create IPUIPlugin
2026-03-11 16:46:28,599 [INFO] PluginManager:220 - loadIPPluginJar : add pdm2pcm
2026-03-11 16:46:28,600 [INFO] IPUIPlugin:80 - create IPUIPlugin
2026-03-11 16:46:28,600 [INFO] PluginManager:220 - loadIPPluginJar : add gfxmmu
2026-03-11 16:46:28,601 [INFO] IPUIPlugin:80 - create IPUIPlugin
2026-03-11 16:46:28,601 [INFO] PluginManager:220 - loadIPPluginJar : add aes
2026-03-11 16:46:28,602 [INFO] IPUIPlugin:80 - create IPUIPlugin
2026-03-11 16:46:28,602 [INFO] PluginManager:220 - loadIPPluginJar : add gtzc
2026-03-11 16:46:28,604 [INFO] IPUIPlugin:80 - create IPUIPlugin
2026-03-11 16:46:28,604 [INFO] PluginManager:220 - loadIPPluginJar : add sai
2026-03-11 16:46:28,605 [INFO] IPUIPlugin:80 - create IPUIPlugin
2026-03-11 16:46:28,605 [INFO] PluginManager:220 - loadIPPluginJar : add tsc
2026-03-11 16:46:28,607 [INFO] IPUIPlugin:80 - create IPUIPlugin
2026-03-11 16:46:28,607 [INFO] PluginManager:220 - loadIPPluginJar : add usbx
2026-03-11 16:46:28,608 [INFO] IPUIPlugin:80 - create IPUIPlugin
2026-03-11 16:46:28,608 [INFO] PluginManager:220 - loadIPPluginJar : add can
2026-03-11 16:46:28,610 [INFO] IPUIPlugin:80 - create IPUIPlugin
2026-03-11 16:46:28,610 [INFO] PluginManager:220 - loadIPPluginJar : add i2c
2026-03-11 16:46:28,611 [INFO] IPUIPlugin:80 - create IPUIPlugin
2026-03-11 16:46:28,612 [INFO] PluginManager:220 - loadIPPluginJar : add lorawan
2026-03-11 16:46:28,613 [INFO] IPUIPlugin:80 - create IPUIPlugin
2026-03-11 16:46:28,613 [INFO] PluginManager:220 - loadIPPluginJar : add spi
2026-03-11 16:46:28,619 [INFO] IPUIPlugin:80 - create IPUIPlugin
2026-03-11 16:46:28,619 [INFO] PluginManager:220 - loadIPPluginJar : add linkedlist
2026-03-11 16:46:28,622 [INFO] IPUIPlugin:80 - create IPUIPlugin
2026-03-11 16:46:28,622 [INFO] PluginManager:220 - loadIPPluginJar : add fmc
2026-03-11 16:46:28,623 [INFO] IPUIPlugin:80 - create IPUIPlugin
2026-03-11 16:46:28,623 [INFO] PluginManager:220 - loadIPPluginJar : add i3c
2026-03-11 16:46:28,624 [INFO] IPUIPlugin:80 - create IPUIPlugin
2026-03-11 16:46:28,624 [INFO] PluginManager:220 - loadIPPluginJar : add ltdc
2026-03-11 16:46:28,628 [INFO] IPUIPlugin:80 - create IPUIPlugin
2026-03-11 16:46:28,628 [INFO] PluginManager:220 - loadIPPluginJar : add dma
2026-03-11 16:46:28,631 [INFO] IPUIPlugin:80 - create IPUIPlugin
2026-03-11 16:46:28,631 [INFO] PluginManager:220 - loadIPPluginJar : add freertos
2026-03-11 16:46:28,633 [INFO] IPUIPlugin:80 - create IPUIPlugin
2026-03-11 16:46:28,633 [INFO] PluginManager:220 - loadIPPluginJar : add hash
2026-03-11 16:46:28,637 [INFO] IPUIPlugin:80 - create IPUIPlugin
2026-03-11 16:46:28,637 [INFO] PluginManager:220 - loadIPPluginJar : add adc
2026-03-11 16:46:28,639 [INFO] IPUIPlugin:80 - create IPUIPlugin
2026-03-11 16:46:28,639 [INFO] PluginManager:220 - loadIPPluginJar : add usart
2026-03-11 16:46:28,643 [INFO] IPUIPlugin:80 - create IPUIPlugin
2026-03-11 16:46:28,643 [INFO] PluginManager:220 - loadIPPluginJar : add stm32_wpan
2026-03-11 16:46:28,644 [INFO] IPUIPlugin:80 - create IPUIPlugin
2026-03-11 16:46:28,644 [INFO] PluginManager:220 - loadIPPluginJar : add genericplugin
2026-03-11 16:46:28,646 [INFO] IPUIPlugin:80 - create IPUIPlugin
2026-03-11 16:46:28,646 [INFO] PluginManager:220 - loadIPPluginJar : add gpio
2026-03-11 16:46:28,648 [INFO] IPUIPlugin:80 - create IPUIPlugin
2026-03-11 16:46:28,648 [INFO] PluginManager:220 - loadIPPluginJar : add nvic
2026-03-11 16:46:28,649 [INFO] IPUIPlugin:80 - create IPUIPlugin
2026-03-11 16:46:28,649 [INFO] PluginManager:220 - loadIPPluginJar : add dfsdm
2026-03-11 16:46:28,650 [INFO] IPUIPlugin:80 - create IPUIPlugin
2026-03-11 16:46:28,650 [INFO] PluginManager:220 - loadIPPluginJar : add fatfs
2026-03-11 16:46:28,651 [INFO] IPUIPlugin:80 - create IPUIPlugin
2026-03-11 16:46:28,651 [INFO] PluginManager:220 - loadIPPluginJar : add comp
2026-03-11 16:46:28,652 [INFO] IPUIPlugin:80 - create IPUIPlugin
2026-03-11 16:46:28,652 [INFO] PluginManager:220 - loadIPPluginJar : add i2s
2026-03-11 16:46:28,653 [INFO] IPUIPlugin:80 - create IPUIPlugin
2026-03-11 16:46:28,653 [INFO] PluginManager:220 - loadIPPluginJar : add cryp
2026-03-11 16:46:28,654 [INFO] IPUIPlugin:80 - create IPUIPlugin
2026-03-11 16:46:28,654 [INFO] PluginManager:220 - loadIPPluginJar : add quadspi
2026-03-11 16:46:28,657 [INFO] IPUIPlugin:80 - create IPUIPlugin
2026-03-11 16:46:28,657 [INFO] PluginManager:220 - loadIPPluginJar : add gic
2026-03-11 16:46:28,658 [INFO] IPUIPlugin:80 - create IPUIPlugin
2026-03-11 16:46:28,658 [INFO] PluginManager:220 - loadIPPluginJar : add tim
2026-03-11 16:46:28,660 [INFO] IPUIPlugin:80 - create IPUIPlugin
2026-03-11 16:46:28,660 [INFO] PluginManager:220 - loadIPPluginJar : add extmemmanager
2026-03-11 16:46:28,754 [FATAL] Updater:351 - Updater called before beeing initialized
2026-03-11 16:46:28,771 [INFO] RulesReader:64 - Compatibility file has been processed (317 Rules)
2026-03-11 16:46:28,780 [INFO] RulesReader:64 - Compatibility file has been processed (317 Rules)
2026-03-11 16:46:28,785 [INFO] CADModel:165 - CPN selected for project level
2026-03-11 16:46:28,785 [INFO] CADModel:114 - Register for checkConnection events
2026-03-11 16:46:28,785 [FATAL] Updater:351 - Updater called before beeing initialized
2026-03-11 16:46:28,785 [ERROR] CADModel:125 - Updater not yet initialized, retry later 
2026-03-11 16:46:28,857 [FATAL] Updater:351 - Updater called before beeing initialized
2026-03-11 16:46:28,858 [INFO] CADModel:165 - CPN selected for project level
2026-03-11 16:46:28,858 [INFO] CADModel:114 - Register for checkConnection events
2026-03-11 16:46:28,858 [FATAL] Updater:351 - Updater called before beeing initialized
2026-03-11 16:46:28,858 [ERROR] CADModel:125 - Updater not yet initialized, retry later 
2026-03-11 16:46:28,860 [FATAL] Updater:351 - Updater called before beeing initialized
2026-03-11 16:46:28,913 [FATAL] Updater:351 - Updater called before beeing initialized
2026-03-11 16:46:28,916 [INFO] DbMcusAds:53 - JSON generation date=Wed Feb 18 15:32:49 CET 2026 (1771425169371)
2026-03-11 16:46:28,916 [FATAL] Updater:351 - Updater called before beeing initialized
2026-03-11 16:46:28,940 [WARN] DetailPanel:346 - Failed to get advertising image, set to default
2026-03-11 16:46:28,988 [FATAL] Updater:351 - Updater called before beeing initialized
2026-03-11 16:46:28,990 [FATAL] Updater:351 - Updater called before beeing initialized
2026-03-11 16:46:28,990 [FATAL] Updater:351 - Updater called before beeing initialized
2026-03-11 16:46:28,990 [WARN] DetailPanel:346 - Failed to get advertising image, set to default
2026-03-11 16:46:28,990 [FATAL] Updater:351 - Updater called before beeing initialized
2026-03-11 16:46:29,012 [ERROR] Updater:1198 - MainUpdater not yet initialized. External WinMGr cannot be set.
2026-03-11 16:46:29,013 [INFO] Updater:1134 - Updater Version found : 6.15.0
2026-03-11 16:46:29,028 [INFO] ApplicationProperties:184 - Using Application install path: /opt/st/stm32cubeide_1.19.0/plugins/com.st.stm32cube.common.mx_6.15.0.202507011659
2026-03-11 16:46:29,328 [INFO] MainUpdater:2872 - connection check result : 10
2026-03-11 16:46:29,328 [INFO] MainUpdater:289 - Updater Check For Update Now.
2026-03-11 16:46:29,328 [INFO] MicroXplorer:498 - Change Database Version : DB.6.0.150
2026-03-11 16:46:29,331 [INFO] McuFinderGlobals:63 - Set McuFinder mode to 2 (CubeIDE integrated)
2026-03-11 16:46:29,331 [INFO] UserAuth:487 - Internet connection configuration mode: 1
2026-03-11 16:46:29,342 [INFO] JxBrowserEngine:152 - Initiate JxBrowser Engine with user profile folder
2026-03-11 16:46:29,490 [INFO] CheckServerUpdateThread:120 - End of CheckServer Thread
2026-03-11 16:46:29,749 [INFO] WebApp:169 - Instantiating new browser for Auth
2026-03-11 16:46:30,148 [INFO] WebApp:463 - Apply proxy settings
2026-03-11 16:46:30,148 [INFO] WebApp:548 - Chromium requires no authentication
2026-03-11 16:46:30,153 [INFO] WebApp:491 - Direct internet connection detected
2026-03-11 16:46:30,165 [INFO] WebApp:900 - Register for checkConnection events
2026-03-11 16:46:30,166 [INFO] WebApp:463 - Apply proxy settings
2026-03-11 16:46:30,166 [INFO] WebApp:548 - Chromium requires no authentication
2026-03-11 16:46:30,166 [INFO] WebApp:491 - Direct internet connection detected
2026-03-11 16:46:30,242 [INFO] WebApp:225 - Starting web application
2026-03-11 16:46:30,242 [INFO] WebApp:593 - Web application path used /opt/st/stm32cubeide_1.19.0/plugins/com.st.stm32cube.common.mx_6.15.0.202507011659/db/plugins/mcufinder/reactClient1/index.html
2026-03-11 16:46:30,304 [INFO] UserAuth:487 - Internet connection configuration mode: 1
2026-03-11 16:46:30,742 [INFO] WebApp:191 - Connection restablished
2026-03-11 16:46:31,392 [WARN] PackLoader:240 - Cannot read IP mode file for STMicroelectronics.X-CUBE-AZRTOS-H7.3.5.0
2026-03-11 16:46:31,401 [WARN] PackLoader:240 - Cannot read IP mode file for STMicroelectronics.FP-SNS-MOTENVWB1.1.4.0
2026-03-11 16:46:31,405 [WARN] PackLoader:240 - Cannot read IP mode file for STMicroelectronics.FP-ATR-ASTRA1.2.0.2
2026-03-11 16:46:31,410 [WARN] PackLoader:240 - Cannot read IP mode file for STMicroelectronics.X-CUBE-SMBUS.2.1.0
2026-03-11 16:46:31,414 [WARN] PackLoader:240 - Cannot read IP mode file for STMicroelectronics.X-CUBE-ST60.1.0.0
2026-03-11 16:46:31,429 [WARN] PackLoader:240 - Cannot read IP mode file for STMicroelectronics.X-CUBE-AZRTOS-F7.1.1.0
2026-03-11 16:46:31,434 [WARN] PackLoader:240 - Cannot read IP mode file for Cesanta.I-CUBE-Mongoose.7.19.0
2026-03-11 16:46:31,436 [WARN] PackLoader:240 - Cannot read IP mode file for STMicroelectronics.FP-SNS-MOTENV1.5.1.0
2026-03-11 16:46:31,443 [WARN] PackLoader:240 - Cannot read IP mode file for WES.I-CUBE-Cesium.1.4.0
2026-03-11 16:46:31,471 [WARN] PackLoader:240 - Cannot read IP mode file for Infineon.AIROC-Wi-Fi-Bluetooth-STM32.1.7.1
2026-03-11 16:46:31,491 [WARN] PackLoader:240 - Cannot read IP mode file for STMicroelectronics.X-CUBE-AZRTOS-H7.3.4.0
2026-03-11 16:46:31,499 [WARN] PackLoader:240 - Cannot read IP mode file for STMicroelectronics.X-CUBE-DISPLAY.3.0.0
2026-03-11 16:46:31,505 [WARN] PackLoader:240 - Cannot read IP mode file for STMicroelectronics.FP-SNS-MOTENVWB1.1.5.0
2026-03-11 16:46:31,509 [WARN] PackLoader:240 - Cannot read IP mode file for STMicroelectronics.X-CUBE-NFC10.1.0.0
2026-03-11 16:46:31,513 [WARN] PackLoader:240 - Cannot read IP mode file for STMicroelectronics.X-CUBE-ST60.1.1.0
2026-03-11 16:46:31,517 [WARN] PackLoader:240 - Cannot read IP mode file for emotas.I-CUBE-CANOPEN.1.3.0
2026-03-11 16:46:31,520 [WARN] PackLoader:240 - Cannot read IP mode file for STMicroelectronics.X-CUBE-GNSS1.7.1.0
2026-03-11 16:46:31,523 [WARN] PackLoader:240 - Cannot read IP mode file for STMicroelectronics.FP-SNS-SMARTAG2.1.2.0
2026-03-11 16:46:31,525 [WARN] PackLoader:240 - Cannot read IP mode file for STMicroelectronics.FP-SNS-FLIGHT1.5.1.0
2026-03-11 16:46:31,529 [INFO] LogOutputStream:77 - [STDOUT_REDIRECT] 1 : Invalid condition id : UX_CORESTACK_Condition cause : null
2026-03-11 16:46:31,529 [INFO] LogOutputStream:77 - [STDOUT_REDIRECT] 1 : Invalid condition id : UX_CORESTACK_Condition cause : null
2026-03-11 16:46:31,529 [INFO] LogOutputStream:77 - [STDOUT_REDIRECT] 1 : Invalid condition id : UX_CORESTACK_Condition cause : null
2026-03-11 16:46:31,530 [INFO] LogOutputStream:77 - [STDOUT_REDIRECT] 1 : Invalid condition id : UX_CORESTACK_Condition cause : null
2026-03-11 16:46:31,530 [INFO] LogOutputStream:77 - [STDOUT_REDIRECT] 1 : Invalid condition id : UX_CORESTACK_Condition cause : null
2026-03-11 16:46:31,531 [WARN] PackLoader:240 - Cannot read IP mode file for STMicroelectronics.X-CUBE-AZRTOS-WL.2.0.0
2026-03-11 16:46:31,534 [WARN] PackLoader:240 - Cannot read IP mode file for STMicroelectronics.FP-SNS-MOTENV1.5.0.0
2026-03-11 16:46:31,542 [WARN] PackLoader:240 - Cannot read IP mode file for STMicroelectronics.X-CUBE-AZRTOS-H7RS.1.2.0
2026-03-11 16:46:31,545 [WARN] PackLoader:240 - Cannot read IP mode file for STMicroelectronics.X-CUBE-BLE2.3.3.0
2026-03-11 16:46:31,555 [WARN] PackLoader:240 - Cannot read IP mode file for STMicroelectronics.X-CUBE-NFC9.1.0.0
2026-03-11 16:46:31,558 [WARN] PackLoader:240 - Cannot read IP mode file for wolfSSL.I-CUBE-wolfSSL.5.8.2
2026-03-11 16:46:31,560 [WARN] PackLoader:240 - Cannot read IP mode file for STMicroelectronics.X-CUBE-BLE1.7.1.0
2026-03-11 16:46:31,562 [WARN] PackLoader:240 - Cannot read IP mode file for wolfSSL.I-CUBE-wolfMQTT.1.19.2
2026-03-11 16:46:31,565 [WARN] PackLoader:240 - Cannot read IP mode file for STMicroelectronics.X-CUBE-FREERTOS.1.4.0
2026-03-11 16:46:31,568 [WARN] PackLoader:240 - Cannot read IP mode file for STMicroelectronics.X-CUBE-EEPRMA1.5.2.0
2026-03-11 16:46:31,571 [WARN] PackLoader:240 - Cannot read IP mode file for STMicroelectronics.X-CUBE-ST67W61.1.1.0
2026-03-11 16:46:31,590 [WARN] PackLoader:240 - Cannot read IP mode file for STMicroelectronics.X-CUBE-MEMS1.12.0.0
2026-03-11 16:46:31,650 [WARN] PackLoader:240 - Cannot read IP mode file for STMicroelectronics.X-CUBE-AZRTOS-G0.1.1.0
2026-03-11 16:46:31,669 [WARN] PackLoader:240 - Cannot read IP mode file for STMicroelectronics.X-CUBE-SAFEA1.1.2.2
2026-03-11 16:46:31,675 [WARN] PackLoader:240 - Cannot read IP mode file for STMicroelectronics.X-CUBE-NFC4.3.0.0
2026-03-11 16:46:31,682 [WARN] PackLoader:240 - Cannot read IP mode file for EmbeddedOffice.I-CUBE-FS-RTOS.1.0.1
2026-03-11 16:46:31,687 [WARN] PackLoader:240 - Cannot read IP mode file for STMicroelectronics.X-CUBE-WB05N.2.0.0
2026-03-11 16:46:31,691 [WARN] PackLoader:240 - Cannot read IP mode file for wolfSSL.I-CUBE-wolfTPM.3.8.0
2026-03-11 16:46:31,695 [WARN] PackLoader:240 - Cannot read IP mode file for STMicroelectronics.X-CUBE-TCPP.4.2.0
2026-03-11 16:46:31,699 [WARN] PackLoader:240 - Cannot read IP mode file for RealThread.X-CUBE-RT-Thread_Nano.4.1.1
2026-03-11 16:46:31,702 [WARN] PackLoader:240 - Cannot read IP mode file for STMicroelectronics.FP-ATR-SIGFOX1.3.2.0
2026-03-11 16:46:31,707 [WARN] PackLoader:240 - Cannot read IP mode file for STMicroelectronics.X-CUBE-FREERTOS.1.5.0
2026-03-11 16:46:31,711 [WARN] PackLoader:240 - Cannot read IP mode file for ITTIA_DB.I-CUBE-ITTIADB.8.9.0
2026-03-11 16:46:31,717 [WARN] PackLoader:240 - Cannot read IP mode file for STMicroelectronics.X-CUBE-NFC6.3.2.0
2026-03-11 16:46:31,735 [WARN] PackLoader:240 - Cannot read IP mode file for SEGGER.I-CUBE-embOS.1.3.1
2026-03-11 16:46:31,764 [WARN] PackLoader:240 - Cannot read IP mode file for STMicroelectronics.X-CUBE-ALGOBUILD.1.4.0
2026-03-11 16:46:31,792 [WARN] PackLoader:240 - Cannot read IP mode file for STMicroelectronics.X-CUBE-MEMS1.11.3.0
2026-03-11 16:46:31,843 [WARN] PackLoader:240 - Cannot read IP mode file for STMicroelectronics.X-CUBE-PM33A1.1.0.0
2026-03-11 16:46:31,848 [WARN] PackLoader:240 - Cannot read IP mode file for STMicroelectronics.X-CUBE-AZRTOS-F4.1.1.0
2026-03-11 16:46:31,851 [WARN] PackLoader:240 - Cannot read IP mode file for STMicroelectronics.X-CUBE-ISPU.2.1.0
2026-03-11 16:46:31,856 [WARN] PackLoader:240 - Cannot read IP mode file for STMicroelectronics.X-CUBE-IPS.3.2.0
2026-03-11 16:46:31,862 [WARN] PackLoader:240 - Cannot read IP mode file for STMicroelectronics.X-CUBE-NFC12.1.0.0
2026-03-11 16:46:31,875 [WARN] PackLoader:240 - Cannot read IP mode file for STMicroelectronics.X-CUBE-AZRTOS-L5.2.0.0
2026-03-11 16:46:31,879 [WARN] PackLoader:240 - Cannot read IP mode file for STMicroelectronics.X-CUBE-NFC6.3.1.0
2026-03-11 16:46:31,883 [WARN] PackLoader:240 - Cannot read IP mode file for STMicroelectronics.X-CUBE-FREERTOS.1.3.1
2026-03-11 16:46:31,886 [WARN] PackLoader:240 - Cannot read IP mode file for STMicroelectronics.X-CUBE-TOUCHGFX.4.26.0
2026-03-11 16:46:31,887 [WARN] PackLoader:240 - Cannot read IP mode file for STMicroelectronics.X-CUBE-TOUCHGFX.4.26.1
2026-03-11 16:46:31,890 [WARN] PackLoader:240 - Cannot read IP mode file for STMicroelectronics.X-CUBE-DPower.1.3.0
2026-03-11 16:46:31,899 [WARN] ConditionMgr:438 - getConditionDescription Invalid condition id : LAN8742 Phy interface Condition cause : null
2026-03-11 16:46:31,899 [WARN] PackLoader:240 - Cannot read IP mode file for STMicroelectronics.X-CUBE-AZRTOS-L4.2.0.0
2026-03-11 16:46:31,900 [WARN] ConditionMgr:1044 - genDependencies : Invalid condition id : LAN8742 Phy interface Condition cause : null
2026-03-11 16:46:31,900 [WARN] ConditionMgr:1044 - genDependencies : Invalid condition id : LAN8742 Phy interface Condition cause : null
2026-03-11 16:46:31,900 [WARN] ConditionMgr:1044 - genDependencies : Invalid condition id : LAN8742 Phy interface Condition cause : null
2026-03-11 16:46:31,905 [WARN] PackLoader:240 - Cannot read IP mode file for STMicroelectronics.X-CUBE-SFXS2LP1.4.0.0
2026-03-11 16:46:31,908 [WARN] PackLoader:240 - Cannot read IP mode file for STMicroelectronics.X-CUBE-ST67W61.1.2.0
2026-03-11 16:46:31,914 [WARN] PackLoader:240 - Cannot read IP mode file for STMicroelectronics.X-CUBE-BLEMGR.4.1.0
2026-03-11 16:46:31,922 [WARN] ConditionMgr:438 - getConditionDescription Invalid condition id : UX DEVICE CLASS RTOS Condition cause : null
2026-03-11 16:46:31,922 [WARN] ConditionMgr:438 - getConditionDescription Invalid condition id : UX DEVICE CLASS RTOS Condition cause : null
2026-03-11 16:46:31,923 [WARN] PackLoader:240 - Cannot read IP mode file for STMicroelectronics.X-CUBE-AZRTOS-WB.2.0.0
2026-03-11 16:46:31,923 [WARN] ConditionMgr:1044 - genDependencies : Invalid condition id : UX DEVICE CLASS RTOS Condition cause : null
2026-03-11 16:46:31,923 [WARN] ConditionMgr:1044 - genDependencies : Invalid condition id : UX DEVICE CLASS RTOS Condition cause : null
2026-03-11 16:46:31,923 [WARN] ConditionMgr:1044 - genDependencies : Invalid condition id : UX DEVICE CLASS RTOS Condition cause : null
2026-03-11 16:46:31,923 [WARN] ConditionMgr:1044 - genDependencies : Invalid condition id : UX DEVICE CLASS RTOS Condition cause : null
2026-03-11 16:46:31,923 [WARN] ConditionMgr:1044 - genDependencies : Invalid condition id : UX DEVICE CLASS RTOS Condition cause : null
2026-03-11 16:46:31,926 [WARN] PackLoader:240 - Cannot read IP mode file for STMicroelectronics.X-CUBE-GNSS1.7.0.1
2026-03-11 16:46:31,929 [WARN] ConditionMgr:438 - getConditionDescription Invalid condition id : Cortex-A Device cause : null
2026-03-11 16:46:31,934 [WARN] ConditionMgr:1044 - genDependencies : Invalid condition id : Cortex-A Device cause : null
2026-03-11 16:46:31,934 [WARN] ConditionMgr:1044 - genDependencies : Invalid condition id : Cortex-A Device cause : null
2026-03-11 16:46:31,934 [WARN] ConditionMgr:1044 - genDependencies : Invalid condition id : Cortex-A Device cause : null
2026-03-11 16:46:31,937 [WARN] PackLoader:240 - Cannot read IP mode file for STMicroelectronics.X-CUBE-STSE01.2.0.0
2026-03-11 16:46:31,943 [WARN] PackLoader:240 - Cannot read IP mode file for STMicroelectronics.X-CUBE-SUBG2.5.0.0
2026-03-11 16:46:31,954 [WARN] PackLoader:240 - Cannot read IP mode file for STMicroelectronics.X-CUBE-AZRTOS-H7RS.1.1.0
2026-03-11 16:46:31,962 [WARN] PackLoader:240 - Cannot read IP mode file for STMicroelectronics.X-CUBE-AZRTOS-G4.2.0.0
2026-03-11 16:46:31,965 [WARN] PackLoader:240 - Cannot read IP mode file for wolfSSL.I-CUBE-wolfSSH.1.4.20
2026-03-11 16:46:31,967 [WARN] PackLoader:240 - Cannot read IP mode file for STMicroelectronics.X-CUBE-NFC7.2.0.0
2026-03-11 16:46:31,969 [WARN] PackLoader:240 - Cannot read IP mode file for STMicroelectronics.X-CUBE-ALS.1.0.2
2026-03-11 16:46:31,972 [WARN] PackLoader:240 - Cannot read IP mode file for STMicroelectronics.X-CUBE-STSE01.1.0.0
2026-03-11 16:46:31,978 [WARN] PackLoader:240 - Cannot read IP mode file for STMicroelectronics.X-CUBE-TOF1.3.4.3
2026-03-11 16:46:31,984 [INFO] ThirdParty:978 - Integrity check success = true
2026-03-11 16:46:31,985 [INFO] IntegrityCheckThread:100 - exiting critical section [integrity check]
2026-03-11 16:46:31,985 [INFO] IntegrityCheckThread:103 - End integrity checks thread
2026-03-11 16:46:32,598 [INFO] McuFinderGlobals:63 - Set McuFinder mode to 2 (CubeIDE integrated)
2026-03-11 16:46:32,600 [INFO] MainUpdater:2872 - connection check result : 10
2026-03-11 16:46:32,600 [INFO] MainUpdater:2872 - connection check result : 10
2026-03-11 16:46:32,613 [INFO] MicroXplorer:468 - Change Database Path : 
2026-03-11 16:46:32,614 [INFO] MicroXplorer:498 - Change Database Version : DB.6.0.150
2026-03-11 16:46:32,617 [WARN] ThirdParty:871 - waiting for thirdparty lock release [close project]
2026-03-11 16:46:32,617 [INFO] ThirdParty:873 - entering critical section [close project]
2026-03-11 16:46:32,618 [INFO] ThirdParty:883 - exiting critical section [close project]
2026-03-11 16:46:32,619 [INFO] PinOutPanel:1589 - setPackage(No Configuration,No Configuration)
2026-03-11 16:46:32,620 [INFO] UtilMem:75 - Begin LoadConfig() Used Memory: 229780632 Bytes (290455552)
2026-03-11 16:46:32,622 [INFO] MicroXplorer:468 - Change Database Path : 
2026-03-11 16:46:32,622 [INFO] MicroXplorer:498 - Change Database Version : DB.6.0.150
2026-03-11 16:46:32,622 [INFO] OpenFileManager:355 - Change cursor
2026-03-11 16:46:32,636 [INFO] Mcu:2029 - Initializing MCU STM32F446R(C-E)Tx STM32F446RETx STM32F446RET6
2026-03-11 16:46:33,458 [INFO] Context:786 - Trying to add GPIOservice into a context  which must be forbidden
2026-03-11 16:46:33,835 [INFO] ImportTextPane:234 - (OptionalMessage_ERROR) Pin15 (VP_RIF_VS_RIF1) cannot be retrieved for this MCU
2026-03-11 16:46:33,939 [INFO] RtosManager:558 - Registered RTOS mode: class=CMSIS, group=RTOS, mode=CMSIS_V1, owner=FREERTOS
2026-03-11 16:46:33,939 [INFO] RtosManager:558 - Registered RTOS mode: class=CMSIS, group=RTOS2, mode=CMSIS_V2, owner=FREERTOS
2026-03-11 16:46:33,939 [INFO] RtosManager:558 - Registered RTOS mode: class=RTOS, group=Core, mode=CMSIS_V1, owner=FREERTOS
2026-03-11 16:46:33,939 [INFO] RtosManager:558 - Registered RTOS mode: class=RTOS, group=Core, mode=CMSIS_V2, owner=FREERTOS
2026-03-11 16:46:33,939 [WARN] ModelIntegratedComponent:184 - Missing modes for component STMicroelectronics:FreeRTOS:0.0.1:STMicroelectronics:RTOS:FreeRTOS:Core:::10.2.0:
2026-03-11 16:46:33,954 [WARN] ModelIntegratedComponent:63 - No mode defined for component null
2026-03-11 16:46:33,955 [WARN] ModelIntegratedComponent:63 - No mode defined for component null
2026-03-11 16:46:33,955 [WARN] ModelIntegratedComponent:63 - No mode defined for component null
2026-03-11 16:46:33,955 [WARN] ModelIntegratedComponent:63 - No mode defined for component null
2026-03-11 16:46:33,955 [WARN] ModelIntegratedComponent:63 - No mode defined for component null
2026-03-11 16:46:33,955 [WARN] ModelIntegratedComponent:63 - No mode defined for component null
2026-03-11 16:46:33,955 [WARN] ModelIntegratedComponent:63 - No mode defined for component null
2026-03-11 16:46:33,955 [WARN] ModelIntegratedComponent:63 - No mode defined for component null
2026-03-11 16:46:33,955 [WARN] ModelIntegratedComponent:63 - No mode defined for component null
2026-03-11 16:46:33,955 [WARN] ModelIntegratedComponent:63 - No mode defined for component null
2026-03-11 16:46:33,955 [WARN] ModelIntegratedComponent:63 - No mode defined for component null
2026-03-11 16:46:33,955 [WARN] ModelIntegratedComponent:63 - No mode defined for component null
2026-03-11 16:46:33,955 [WARN] ModelIntegratedComponent:63 - No mode defined for component null
2026-03-11 16:46:33,955 [WARN] ModelIntegratedComponent:63 - No mode defined for component null
2026-03-11 16:46:33,955 [WARN] ModelIntegratedComponent:63 - No mode defined for component null
2026-03-11 16:46:33,955 [WARN] ModelIntegratedComponent:63 - No mode defined for component null
2026-03-11 16:46:33,955 [WARN] ModelIntegratedComponent:63 - No mode defined for component null
2026-03-11 16:46:33,955 [WARN] ModelIntegratedComponent:63 - No mode defined for component null
2026-03-11 16:46:33,955 [WARN] ModelIntegratedComponent:63 - No mode defined for component null
2026-03-11 16:46:33,955 [WARN] ModelIntegratedComponent:63 - No mode defined for component null
2026-03-11 16:46:33,955 [WARN] ModelIntegratedComponent:63 - No mode defined for component null
2026-03-11 16:46:33,955 [WARN] ModelIntegratedComponent:63 - No mode defined for component null
2026-03-11 16:46:33,955 [WARN] ModelIntegratedComponent:63 - No mode defined for component null
2026-03-11 16:46:33,955 [WARN] ModelIntegratedComponent:63 - No mode defined for component null
2026-03-11 16:46:33,955 [WARN] ModelIntegratedComponent:63 - No mode defined for component null
2026-03-11 16:46:33,955 [WARN] ModelIntegratedComponent:63 - No mode defined for component null
2026-03-11 16:46:33,955 [WARN] ModelIntegratedComponent:63 - No mode defined for component null
2026-03-11 16:46:33,955 [WARN] ModelIntegratedComponent:63 - No mode defined for component null
2026-03-11 16:46:33,955 [WARN] ModelIntegratedComponent:63 - No mode defined for component null
2026-03-11 16:46:33,955 [WARN] ModelIntegratedComponent:63 - No mode defined for component null
2026-03-11 16:46:33,955 [WARN] ModelIntegratedComponent:63 - No mode defined for component null
2026-03-11 16:46:33,955 [WARN] ModelIntegratedComponent:63 - No mode defined for component null
2026-03-11 16:46:33,955 [WARN] ModelIntegratedComponent:63 - No mode defined for component null
2026-03-11 16:46:33,955 [WARN] ModelIntegratedComponent:63 - No mode defined for component null
2026-03-11 16:46:33,955 [WARN] ModelIntegratedComponent:63 - No mode defined for component null
2026-03-11 16:46:33,955 [WARN] ModelPack:524 - Component already loaded: STMicroelectronics:HAL Drivers:0.0.0:STMicroelectronics:Device:STMicro_Driver:XSPI:HAL::0.0.1:HAL_XSPI
2026-03-11 16:46:34,005 [INFO] ThirdPartyModel:298 - Start build external matchings
2026-03-11 16:46:34,311 [INFO] ThirdPartyModel:316 - End build external matchings
2026-03-11 16:46:34,331 [INFO] ImportTextPane:234 - (OptionalMessage_ERROR) IP (DMA) : Parameter (Instance) has Id (I2C3_RX) currently not set
2026-03-11 16:46:34,331 [INFO] ImportTextPane:234 - (OptionalMessage_ERROR) IP (DMA) : Parameter (Channel) has Id (I2C3_RX) currently not set
2026-03-11 16:46:34,331 [INFO] ImportTextPane:234 - (OptionalMessage_ERROR) IP (DMA) : Parameter (Direction) has Id (I2C3_RX) currently not set
2026-03-11 16:46:34,331 [INFO] ImportTextPane:234 - (OptionalMessage_ERROR) IP (DMA) : Parameter (PeriphInc) has Id (I2C3_RX) currently not set
2026-03-11 16:46:34,331 [INFO] ImportTextPane:234 - (OptionalMessage_ERROR) IP (DMA) : Parameter (MemInc) has Id (I2C3_RX) currently not set
2026-03-11 16:46:34,331 [INFO] ImportTextPane:234 - (OptionalMessage_ERROR) IP (DMA) : Parameter (PeriphDataAlignment) has Id (I2C3_RX) currently not set
2026-03-11 16:46:34,331 [INFO] ImportTextPane:234 - (OptionalMessage_ERROR) IP (DMA) : Parameter (MemDataAlignment) has Id (I2C3_RX) currently not set
2026-03-11 16:46:34,331 [INFO] ImportTextPane:234 - (OptionalMessage_ERROR) IP (DMA) : Parameter (Mode) has Id (I2C3_RX) currently not set
2026-03-11 16:46:34,331 [INFO] ImportTextPane:234 - (OptionalMessage_ERROR) IP (DMA) : Parameter (Priority) has Id (I2C3_RX) currently not set
2026-03-11 16:46:34,331 [INFO] ImportTextPane:234 - (OptionalMessage_ERROR) IP (DMA) : Parameter (FIFOMode) has Id (I2C3_RX) currently not set
2026-03-11 16:46:34,332 [WARN] IP:2250 - I2C_Coeff_DF not found: check if there is a RefParameter without a condition.
2026-03-11 16:46:34,332 [WARN] IP:2250 - Analog_Filter not found: check if there is a RefParameter without a condition.
2026-03-11 16:46:34,333 [INFO] ImportTextPane:234 - (OptionalMessage_ERROR) IP (RCC) : Invalid parameter (FamilyName)
2026-03-11 16:46:34,559 [INFO] ApiDb:581 - Connected to CubeFinder SQLite database (/home/kamil/.stmcufinder/plugins/mcufinder/mcu/cube-finder-db.db)
2026-03-11 16:46:34,593 [INFO] ApiDb:668 - CubeFinder database Data Model version=2.1
2026-03-11 16:46:34,593 [INFO] ApiDb:669 - CubeFinder database Configuration version=3.0.42
2026-03-11 16:46:34,593 [INFO] ApiDb:670 - CubeFinder database generation date=2026-02-13 (1770995876)
2026-03-11 16:46:34,593 [INFO] ApiDb:671 - CubeFinder database FW Pack versions=[FP-ATR-ASTRA1_V2.0.0, FP-SNS-FLIGHT1_V5.1.0, FP-SNS-MOTENV1_V5.1.0, FP-SNS-MOTENVWB1_V1.4.0, FP-SNS-SMARTAG2_V1.2.0, FP-SNS-STBOX1_V2.1.0, STM32Cube_FW_C0_V1.4.0, STM32Cube_FW_F4_V1.28.3, STM32Cube_FW_F7_V1.17.4, STM32Cube_FW_G0_V1.6.2, STM32Cube_FW_G4_V1.6.1, STM32Cube_FW_H5_V1.6.0, STM32Cube_FW_H7RS_V1.3.0, STM32Cube_FW_H7_V1.13.0, STM32Cube_FW_L0_V1.12.2, STM32Cube_FW_L4_V1.18.2, STM32Cube_FW_L5_V1.6.0, STM32Cube_FW_N6_V1.3.0, STM32Cube_FW_U0_V1.3.0, STM32Cube_FW_U3_V1.3.0, STM32Cube_FW_U5_V1.8.0, STM32Cube_FW_WB0_V1.4.0, STM32Cube_FW_WBA_V1.9.0, STM32Cube_FW_WB_V1.24.0, STM32Cube_FW_WL3_V1.4.0, STM32Cube_FW_WL_V1.5.0, X-CUBE-ALGOBUILD_V1.4.0, X-CUBE-ALS_V1.0.2, X-CUBE-AZRTOS-F4_V1.1.0, X-CUBE-AZRTOS-F7_V1.1.0, X-CUBE-AZRTOS-G0_V1.1.0, X-CUBE-AZRTOS-G4_V2.0.0, X-CUBE-AZRTOS-H7RS_V1.1.0, X-CUBE-AZRTOS-H7_V3.4.0, X-CUBE-AZRTOS-L4_V2.0.0, X-CUBE-AZRTOS-L5_V2.0.0, X-CUBE-AZRTOS-WB_V2.0.0, X-CUBE-AZRTOS-WL_V2.0.0, X-CUBE-BLE1_V7.1.0, X-CUBE-BLE2_V3.3.0, X-CUBE-BLEMGR_V4.1.0, X-CUBE-EEPRMA1_V5.2.0, X-CUBE-FREERTOS_V1.3.1, X-CUBE-GNSS1_V6.0.0, X-CUBE-MEMS1_V12.0.0, X-CUBE-NFC4_V3.0.0, X-CUBE-NFC7_V2.0.0, X-CUBE-SFXS2LP1_V4.0.0, X-CUBE-ST67W61_V1.1.0, X-CUBE-SUBG2_V5.0.0, X-CUBE-TOF1_V3.4.3]
2026-03-11 16:46:34,623 [INFO] DbBoardsSqlite:226 - include board P-NUCLEO-WB55-NUCLEO as a kit item of type 'Nucleo-64'
2026-03-11 16:46:34,623 [INFO] DbBoardsSqlite:226 - include board P-NUCLEO-WB55-USBDONGLE as a kit item of type 'Nucleo USB Dongle'
2026-03-11 16:46:34,623 [INFO] DbBoardsSqlite:226 - include board STEVAL-IDP005V1 as a kit item of type 'Evaluation Board'
2026-03-11 16:46:34,623 [INFO] DbBoardsSqlite:226 - include board STEVAL-IDP005V2 as a kit item of type 'Evaluation Board'
2026-03-11 16:46:34,655 [INFO] ApiDb:240 - Found 880 in-development CPN: [B-G473E-ZEST1S, B-WB1M-WPAN1, B-WBA5M-WPAN, B-WL5M-SUBG1, NUCLEO-C031C6, NUCLEO-C051C8, NUCLEO-C071RB, NUCLEO-C092RC, NUCLEO-H503RB, NUCLEO-H533RE, NUCLEO-H563ZI, NUCLEO-H7S3L8, NUCLEO-N657X0-Q, NUCLEO-U031R8, NUCLEO-U083RC, NUCLEO-U385RG-Q, NUCLEO-U545RE-Q, NUCLEO-U5A5ZJ-Q, NUCLEO-WB05KZ, NUCLEO-WB07CC, NUCLEO-WB09KE, NUCLEO-WBA52CG, NUCLEO-WBA55CG, NUCLEO-WL33CC1, NUCLEO-WL33CC2, STEVAL-PROTEUS1, STEVAL-SMARTAG2, STEVAL-STWINBX1, STM320518-EVAL, STM32C0116-DK, STM32C011D6Y3TR, STM32C011D6Y6TR, STM32C011F4P3, STM32C011F4P6, STM32C011F4U3, STM32C011F4U6TR, STM32C011F6P3, STM32C011F6P6, STM32C011F6U3, STM32C011F6U6TR, STM32C011J4M3, STM32C011J4M6, STM32C011J6M3, STM32C011J6M6, STM32C0316-DK, STM32C031C4T3, STM32C031C4T6, STM32C031C4U3, STM32C031C4U6, STM32C031C6T3, STM32C031C6T6, STM32C031C6U3, STM32C031C6U6, STM32C031F4P3, STM32C031F4P6, STM32C031F6P3, STM32C031F6P6, STM32C031G4U3, STM32C031G4U6, STM32C031G6U3, STM32C031G6U6, STM32C031K4T3, STM32C031K4T6, STM32C031K4U3, STM32C031K4U6, STM32C031K6T3, STM32C031K6T6, STM32C031K6U3, STM32C031K6U6, STM32C051C6T6, STM32C051C6U6, STM32C051C8T6, STM32C051C8U6, STM32C051D8Y6TR, STM32C051F6P6, STM32C051F8P6, STM32C051G6U6, STM32C051G8U6, STM32C051K6T6, STM32C051K6U6, STM32C051K8T6, STM32C071C8T6, STM32C071C8T6N, STM32C071C8U6, STM32C071C8U6N, STM32C071CBT6, STM32C071CBT6N, STM32C071CBU6, STM32C071CBU6N, STM32C071F8P6, STM32C071F8P6N, STM32C071FBP6, STM32C071FBP6N, STM32C071FBY6TR, STM32C071G8U6, STM32C071G8U6N, STM32C071GBU6, STM32C071GBU6N, STM32C071K8T6, STM32C071K8T6N, STM32C071K8U6, STM32C071K8U6N, STM32C071KBT6, STM32C071KBT6N, STM32C071KBU6, STM32C071KBU6N, STM32C071R8T6, STM32C071R8T6N, STM32C071RBI6N, STM32C071RBT6, STM32C071RBT6N, STM32C091CBT6, STM32C091CBU6, STM32C091CCT6, STM32C091CCU6, STM32C091ECY6TR, STM32C091FBP6, STM32C091FCP6, STM32C091GBU6, STM32C091GCU6, STM32C091KBT6, STM32C091KBU6, STM32C091KCT6, STM32C091KCU6, STM32C091RBT6, STM32C091RCI6, STM32C091RCT6, STM32C092CBT6, STM32C092CBU6, STM32C092CCT6, STM32C092CCU6, STM32C092ECY6TR, STM32C092FBP6, STM32C092FCP6, STM32C092GBU6, STM32C092GCU6, STM32C092KBT6, STM32C092KBU6, STM32C092KCT6, STM32C092KCU6, STM32C092RBT6, STM32C092RCI6, STM32C092RCT6, STM32G071K8TXN, STM32G071K8UXN, STM32G081GBU6N, STM32G081KBT6N, STM32G081KBUXN, STM32G0B1CCT6N, STM32G0B1KCT6, STM32G0B1NEY6TR, STM32G0B1RCT6N, STM32G0C1CCT6, STM32G0C1CCT6N, STM32G0C1CCU6N, STM32G0C1CET6N, STM32G0C1CEU6N, STM32G0C1KCT6, STM32G0C1NEY6TR, STM32G0C1RCI6N, STM32G0C1RCT6N, STM32G0C1REI6N, STM32G0C1RET6N, STM32G0C1VCI6, STM32G0C1VEI6, STM32G411C6T3, STM32G411C6T6, STM32G411C6U3, STM32G411C6U6, STM32G411C8T3, STM32G411C8T6, STM32G411C8U3, STM32G411C8U6, STM32G411CBT3, STM32G411CBT6, STM32G411CBU3, STM32G411CBU6, STM32G411K6T3, STM32G411K6T6, STM32G411K6U3, STM32G411K6U6, STM32G411K8T3, STM32G411K8T6, STM32G411K8U3, STM32G411K8U6, STM32G411KBT3, STM32G411KBT6, STM32G411KBU3, STM32G411KBU6, STM32G411M6T3, STM32G411M6T6, STM32G411M8T3, STM32G411M8T6, STM32G411MBT3, STM32G411MBT6, STM32G411R6T3, STM32G411R6T6, STM32G411R8T3, STM32G411R8T6, STM32G411RBT3, STM32G411RBT6, STM32G414CBT3, STM32G414CBT6, STM32G414CBU3, STM32G414CBU6, STM32G414CCT3, STM32G414CCT6, STM32G414CCU3, STM32G414CCU6, STM32G414MBT3, STM32G414MBT6, STM32G414MCT3, STM32G414MCT6, STM32G414RBT3, STM32G414RBT6, STM32G414RCT3, STM32G414RCT6, STM32G414VBT3, STM32G414VBT6, STM32G414VCT3, STM32G414VCT6, STM32G431CBT3Z, STM32G431RBT3Z, STM32G471CCT6, STM32G471CCU6, STM32G471CET3, STM32G471CET6, STM32G471CEU3, STM32G471CEU6, STM32G471MCT6, STM32G471MET3, STM32G471MET6, STM32G471MEY6TR, STM32G471QCT6, STM32G471QET3, STM32G471RCT6, STM32G471RET3, STM32G471RET6, STM32G471VCH6, STM32G471VCI6, STM32G471VCT6, STM32G471VEH3, STM32G471VEH6, STM32G471VEI3, STM32G471VEI6, STM32G471VET3, STM32G471VET6, STM32G473QET3Z, STM32G473RET3Z, STM32G474CCT6, STM32G491RET3Z, STM32H503CBT6, STM32H503CBU6, STM32H503EBY6TR, STM32H503KBU6, STM32H503RBT6, STM32H523CCT6, STM32H523CCU6, STM32H523CET6, STM32H523CEU6, STM32H523HEY6TR, STM32H523RCT6, STM32H523RET6, STM32H523VCI6, STM32H523VCT6, STM32H523VEI6, STM32H523VET6, STM32H523ZCJ6, STM32H523ZCT6, STM32H523ZEJ6, STM32H523ZET6, STM32H533CET6, STM32H533CEU6, STM32H533HEY6TR, STM32H533RET6, STM32H533VEI6, STM32H533VET6, STM32H533ZEJ6, STM32H533ZET6, STM32H562AGI6, STM32H562AII6, STM32H562IGK6, STM32H562IGT6, STM32H562IIK6, STM32H562IIT6, STM32H562RGT6, STM32H562RGV6, STM32H562RIT6, STM32H562RIV6, STM32H562VGT6, STM32H562VIT6, STM32H562ZGT6, STM32H562ZIT6, STM32H563AGI6, STM32H563AII3Q, STM32H563AII6, STM32H563IGK6, STM32H563IGT6, STM32H563IIK3Q, STM32H563IIK6, STM32H563IIT3Q, STM32H563IIT6, STM32H563MIY3QTR, STM32H563RGT6, STM32H563RGV6, STM32H563RIT6, STM32H563RIV6, STM32H563VGT6, STM32H563VIT3Q, STM32H563VIT6, STM32H563ZGT6, STM32H563ZIT3Q, STM32H563ZIT6, STM32H573AII3Q, STM32H573AII6, STM32H573I-DK, STM32H573IIK3Q, STM32H573IIK6, STM32H573IIT3Q, STM32H573IIT6, STM32H573MIY3QTR, STM32H573RIT6, STM32H573RIV6, STM32H573VIT3Q, STM32H573VIT6, STM32H573ZIT3Q, STM32H573ZIT6, STM32H7R3A8I6, STM32H7R3I8K6, STM32H7R3I8T6, STM32H7R3L8H6, STM32H7R3L8H6H, STM32H7R3R8V6, STM32H7R3V8H6, STM32H7R3V8T6, STM32H7R3V8Y6TR, STM32H7R3Z8J6, STM32H7R3Z8T6, STM32H7R7A8I6, STM32H7R7I8K6, STM32H7R7I8T6, STM32H7R7L8H6, STM32H7R7L8H6H, STM32H7R7Z8J6, STM32H7S3A8I6, STM32H7S3I8K6, STM32H7S3I8T6, STM32H7S3L8H6, STM32H7S3L8H6H, STM32H7S3R8V6, STM32H7S3V8H6, STM32H7S3V8T6, STM32H7S3V8Y6TR, STM32H7S3Z8J6, STM32H7S3Z8T6, STM32H7S78-DK, STM32H7S7A8I6, STM32H7S7I8K6, STM32H7S7I8T6, STM32H7S7L8H6, STM32H7S7L8H6H, STM32H7S7Z8J6, STM32L4R5QGI6STR, STM32MP131AAE3, STM32MP131AAF3, STM32MP131AAG3, STM32MP131CAE3, STM32MP131CAF3, STM32MP131CAG3, STM32MP131DAE7, STM32MP131DAF7, STM32MP131DAG7, STM32MP131FAE7, STM32MP131FAF7, STM32MP131FAG7, STM32MP133AAE3, STM32MP133AAF3, STM32MP133AAG3, STM32MP133CAE3, STM32MP133CAF3, STM32MP133CAG3, STM32MP133DAE7, STM32MP133DAF7, STM32MP133DAG7, STM32MP133FAE7, STM32MP133FAF7, STM32MP133FAG7, STM32MP135AAE3, STM32MP135AAF3, STM32MP135AAG3, STM32MP135CAE3, STM32MP135CAF3, STM32MP135CAG3, STM32MP135DAE7, STM32MP135DAF7, STM32MP135DAG7, STM32MP135F-DK, STM32MP135FAE7, STM32MP135FAF7, STM32MP135FAF7T, STM32MP135FAF7U, STM32MP135FAG7, STM32MP211AAL3, STM32MP211AAM3, STM32MP211AAN3, STM32MP211AAO3, STM32MP211CAL3, STM32MP211CAM3, STM32MP211CAN3, STM32MP211CAO3, STM32MP211DAL3, STM32MP211DAM3, STM32MP211DAN3, STM32MP211DAO3, STM32MP211FAL3, STM32MP211FAM3, STM32MP211FAN3, STM32MP211FAO3, STM32MP213AAL3, STM32MP213AAM3, STM32MP213AAN3, STM32MP213AAO3, STM32MP213CAL3, STM32MP213CAM3, STM32MP213CAN3, STM32MP213CAO3, STM32MP213DAL3, STM32MP213DAM3, STM32MP213DAN3, STM32MP213DAO3, STM32MP213FAL3, STM32MP213FAM3, STM32MP213FAN3, STM32MP213FAO3, STM32MP215AAL3, STM32MP215AAM3, STM32MP215AAN3, STM32MP215AAO3, STM32MP215CAL3, STM32MP215CAM3, STM32MP215CAN3, STM32MP215CAO3, STM32MP215DAL3, STM32MP215DAM3, STM32MP215DAN3, STM32MP215DAO3, STM32MP215F-DK, STM32MP215FAL3, STM32MP215FAM3, STM32MP215FAN3, STM32MP215FAO3, STM32MP231AAJ3, STM32MP231AAK3, STM32MP231AAL3, STM32MP231CAJ3, STM32MP231CAK3, STM32MP231CAL3, STM32MP231DAJ3, STM32MP231DAK3, STM32MP231DAL3, STM32MP231FAJ3, STM32MP231FAK3, STM32MP231FAL3, STM32MP233AAJ3, STM32MP233AAK3, STM32MP233AAL3, STM32MP233CAJ3, STM32MP233CAK3, STM32MP233CAL3, STM32MP233DAJ3, STM32MP233DAK3, STM32MP233DAL3, STM32MP233FAJ3, STM32MP233FAK3, STM32MP233FAL3, STM32MP235AAJ3, STM32MP235AAK3, STM32MP235AAL3, STM32MP235CAJ3, STM32MP235CAK3, STM32MP235CAL3, STM32MP235DAJ3, STM32MP235DAK3, STM32MP235DAL3, STM32MP235FAJ3, STM32MP235FAK3, STM32MP235FAL3, STM32MP251AAI3, STM32MP251AAK3, STM32MP251AAL3, STM32MP251CAI3, STM32MP251CAK3, STM32MP251CAL3, STM32MP251DAI3, STM32MP251DAK3, STM32MP251DAL3, STM32MP251FAI3, STM32MP251FAK3, STM32MP251FAL3, STM32MP253AAI3, STM32MP253AAK3, STM32MP253AAL3, STM32MP253CAI3, STM32MP253CAK3, STM32MP253CAL3, STM32MP253DAI3, STM32MP253DAK3, STM32MP253DAL3, STM32MP253FAI3, STM32MP253FAK3, STM32MP253FAL3, STM32MP255AAI3, STM32MP255AAK3, STM32MP255AAL3, STM32MP255CAI3, STM32MP255CAK3, STM32MP255CAL3, STM32MP255DAI3, STM32MP255DAK3, STM32MP255DAL3, STM32MP255FAI3, STM32MP255FAK3, STM32MP255FAL3, STM32MP257AAI3, STM32MP257AAK3, STM32MP257AAL3, STM32MP257CAI3, STM32MP257CAK3, STM32MP257CAL3, STM32MP257DAI3, STM32MP257DAK3, STM32MP257DAL3, STM32MP257F-DK, STM32MP257F-EV1, STM32MP257FAI3, STM32MP257FAK3, STM32MP257FAL3, STM32N645A0H3Q, STM32N645B0H3Q, STM32N645I0H3Q, STM32N645L0H3Q, STM32N645X0H3Q, STM32N645Z0H3Q, STM32N647A0H3Q, STM32N647B0H3Q, STM32N647I0H3Q, STM32N647L0H3Q, STM32N647X0H3Q, STM32N647Z0H3Q, STM32N655A0H3Q, STM32N655B0H3Q, STM32N655I0H3Q, STM32N655L0H3Q, STM32N655X0H3Q, STM32N655Z0H3Q, STM32N6570-DK, STM32N657A0H3Q, STM32N657B0H3Q, STM32N657I0H3Q, STM32N657L0H3Q, STM32N657X0H3Q, STM32N657Z0H3Q, STM32U031C6T6, STM32U031C6U6, STM32U031C8T6, STM32U031C8U6, STM32U031F4P6, STM32U031F6P6, STM32U031F8P6, STM32U031G6Y6TR, STM32U031G8Y6TR, STM32U031K4U6, STM32U031K6U6, STM32U031K8U6, STM32U031R6I6, STM32U031R6T6, STM32U031R8I6, STM32U031R8T6, STM32U073C8T6, STM32U073C8U6, STM32U073CBT6, STM32U073CBU6, STM32U073CCT6, STM32U073CCU6, STM32U073H8Y6TR, STM32U073HBY6TR, STM32U073HCY6TR, STM32U073K8U6, STM32U073KBU6, STM32U073KCU6, STM32U073M8I6, STM32U073M8T6, STM32U073MBI6, STM32U073MBT6, STM32U073MCI6, STM32U073MCT6, STM32U073R8I6, STM32U073R8T6, STM32U073RBI6, STM32U073RBT6, STM32U073RCI6, STM32U073RCT6, STM32U083C-DK, STM32U083CCT6, STM32U083CCU6, STM32U083HCY6TR, STM32U083KCU6, STM32U083MCI6, STM32U083MCT6, STM32U083RCI6, STM32U083RCT6, STM32U375CET6, STM32U375CET6Q, STM32U375CEU6, STM32U375CEU6Q, STM32U375CEY6QTR, STM32U375CGT6, STM32U375CGT6Q, STM32U375CGU6, STM32U375CGU6Q, STM32U375CGY6QTR, STM32U375KEU6, STM32U375KGU6, STM32U375REI6, STM32U375REI6Q, STM32U375RET6, STM32U375RET6Q, STM32U375REY6GTR, STM32U375REY6QTR, STM32U375RGI6, STM32U375RGI6Q, STM32U375RGT6, STM32U375RGT6Q, STM32U375RGY6GTR, STM32U375RGY6QTR, STM32U375VEI6, STM32U375VEI6Q, STM32U375VET6, STM32U375VET6Q, STM32U375VGI6, STM32U375VGI6Q, STM32U375VGT6, STM32U375VGT6Q, STM32U385CGT6, STM32U385CGT6Q, STM32U385CGU6, STM32U385CGU6Q, STM32U385CGY6QTR, STM32U385KGU6, STM32U385RGI6, STM32U385RGI6Q, STM32U385RGT6, STM32U385RGT6Q, STM32U385RGY6GTR, STM32U385RGY6QTR, STM32U385VGI6, STM32U385VGI6Q, STM32U385VGT6, STM32U385VGT6Q, STM32U535CBT6, STM32U535CBT6Q, STM32U535CBU6, STM32U535CBU6Q, STM32U535CCT6, STM32U535CCT6Q, STM32U535CCU6, STM32U535CCU6Q, STM32U535CET6, STM32U535CET6Q, STM32U535CEU6, STM32U535CEU6Q, STM32U535JEY6QTR, STM32U535NCY6QTR, STM32U535NEY6QTR, STM32U535RBI6, STM32U535RBI6Q, STM32U535RBT6, STM32U535RBT6Q, STM32U535RCI6, STM32U535RCI6Q, STM32U535RCT6, STM32U535RCT6Q, STM32U535REI6, STM32U535REI6Q, STM32U535RET6, STM32U535RET6Q, STM32U535VCI6, STM32U535VCI6Q, STM32U535VCT6, STM32U535VCT6Q, STM32U535VEI6, STM32U535VEI6Q, STM32U535VET6, STM32U535VET6Q, STM32U545CET6, STM32U545CET6Q, STM32U545CEU6, STM32U545CEU6Q, STM32U545JEY6QTR, STM32U545NEY6QTR, STM32U545REI6, STM32U545REI6Q, STM32U545RET6, STM32U545RET6Q, STM32U545VEI6, STM32U545VEI6Q, STM32U545VET6, STM32U545VET6Q, STM32U595AIH6, STM32U595AIH6Q, STM32U595AJH6, STM32U595AJH6Q, STM32U595QII6, STM32U595QII6Q, STM32U595QJI6, STM32U595QJI6Q, STM32U595RIT6, STM32U595RIT6Q, STM32U595RJT6, STM32U595RJT6Q, STM32U595VIT6, STM32U595VIT6Q, STM32U595VJT6, STM32U595VJT6Q, STM32U595ZIT6, STM32U595ZIT6Q, STM32U595ZIY6QTR, STM32U595ZJT6, STM32U595ZJT6Q, STM32U595ZJY6QTR, STM32U599BJY6QTR, STM32U599NIH6Q, STM32U599NJH6Q, STM32U599VIT6Q, STM32U599VJT6, STM32U599VJT6Q, STM32U599ZIT6Q, STM32U599ZIY6QTR, STM32U599ZJT6Q, STM32U599ZJY6QTR, STM32U5A5AJH6, STM32U5A5AJH6Q, STM32U5A5QII3Q , STM32U5A5QJI6, STM32U5A5QJI6Q, STM32U5A5RJT6, STM32U5A5RJT6Q, STM32U5A5VJT6, STM32U5A5VJT6Q, STM32U5A5ZJT6, STM32U5A5ZJT6Q, STM32U5A5ZJY6QTR, STM32U5A9BJY6QTR, STM32U5A9J-DK, STM32U5A9NJH6Q, STM32U5A9VJT6Q, STM32U5A9ZJT6Q, STM32U5A9ZJY6QTR, STM32U5F7VIT6, STM32U5F7VIT6Q, STM32U5F7VJT6, STM32U5F7VJT6Q, STM32U5F9BJY6QTR, STM32U5F9NJH6Q, STM32U5F9VIT6Q, STM32U5F9VJT6Q, STM32U5F9ZIJ6QTR, STM32U5F9ZIT6Q, STM32U5F9ZJJ6QTR, STM32U5F9ZJT6Q, STM32U5G7VJT6, STM32U5G7VJT6Q, STM32U5G9BJY6QTR, STM32U5G9J-DK1, STM32U5G9J-DK2, STM32U5G9NJH6Q, STM32U5G9VJT6Q, STM32U5G9ZJJ6QTR, STM32U5G9ZJT6Q, STM32WB05KZV6TR, STM32WB05KZV7TR, STM32WB05TZF6TR, STM32WB05TZF7TR, STM32WB06CCF6TR, STM32WB06CCF7TR, STM32WB06CCV6TR, STM32WB06CCV7TR, STM32WB06KCV6TR, STM32WB06KCV7TR, STM32WB07CCF6TR, STM32WB07CCF7TR, STM32WB07CCV6TR, STM32WB07CCV7TR, STM32WB07KCV6TR, STM32WB07KCV7TR, STM32WB09KEV6TR, STM32WB09KEV7TR, STM32WB09TEF6TR, STM32WB09TEF7TR, STM32WB1MMCH6, STM32WBA50KGU6, STM32WBA50KGU6TR, STM32WBA52CEU6, STM32WBA52CEU6TR, STM32WBA52CEU7, STM32WBA52CEU7TR, STM32WBA52CGU6, STM32WBA52CGU6TR, STM32WBA52CGU6U, STM32WBA52CGU7, STM32WBA52CGU7TR, STM32WBA52KEU6, STM32WBA52KEU6TR, STM32WBA52KGU6, STM32WBA52KGU6TR, STM32WBA54CEU6, STM32WBA54CEU6TR, STM32WBA54CEU7, STM32WBA54CEU7TR, STM32WBA54CGU6, STM32WBA54CGU6TR, STM32WBA54CGU7, STM32WBA54CGU7TR, STM32WBA54KEU6, STM32WBA54KEU6TR, STM32WBA54KEU7, STM32WBA54KEU7TR, STM32WBA54KGU6, STM32WBA54KGU6TR, STM32WBA54KGU7, STM32WBA54KGU7TR, STM32WBA55CEU6, STM32WBA55CEU6TR, STM32WBA55CEU7, STM32WBA55CEU7TR, STM32WBA55CGU6, STM32WBA55CGU6TR, STM32WBA55CGU6U, STM32WBA55CGU7, STM32WBA55CGU7TR, STM32WBA55G-DK1, STM32WBA55HEF6, STM32WBA55HEF7, STM32WBA55HGF6, STM32WBA55HGF7, STM32WBA55UEI6, STM32WBA55UEI6TR, STM32WBA55UEI7, STM32WBA55UEI7TR, STM32WBA55UGI6, STM32WBA55UGI6TR, STM32WBA55UGI7, STM32WBA55UGI7TR, STM32WBA5MMGH6TR, STM32WBA62MGF6, STM32WBA62MIF6, STM32WBA65MGF7, STM32WBA65MIF6, STM32WBA65MIF7, STM32WL30K8V6, STM32WL30KBV6, STM32WL31C8V6, STM32WL31CBV6, STM32WL31K8V6, STM32WL31KBV6, STM32WL33C8V6, STM32WL33C8V6X, STM32WL33CBV6, STM32WL33CBV6X, STM32WL33CCV6, STM32WL33CCV6A, STM32WL33CCV6X, STM32WL33K8V7, STM32WL33K8V7X, STM32WL33KBV7 , STM32WL33KBV7X, STM32WL33KCV7, STM32WL33KCV7X, STM32WL5MOCH6, STM32WL5MOCH6TR]
2026-03-11 16:46:34,657 [INFO] ApiDb:668 - CubeFinder database Data Model version=2.1
2026-03-11 16:46:34,657 [INFO] ApiDb:669 - CubeFinder database Configuration version=3.0.42
2026-03-11 16:46:34,657 [INFO] ApiDb:670 - CubeFinder database generation date=2026-02-13 (1770995876)
2026-03-11 16:46:34,657 [INFO] ApiDb:671 - CubeFinder database FW Pack versions=[FP-ATR-ASTRA1_V2.0.0, FP-SNS-FLIGHT1_V5.1.0, FP-SNS-MOTENV1_V5.1.0, FP-SNS-MOTENVWB1_V1.4.0, FP-SNS-SMARTAG2_V1.2.0, FP-SNS-STBOX1_V2.1.0, STM32Cube_FW_C0_V1.4.0, STM32Cube_FW_F4_V1.28.3, STM32Cube_FW_F7_V1.17.4, STM32Cube_FW_G0_V1.6.2, STM32Cube_FW_G4_V1.6.1, STM32Cube_FW_H5_V1.6.0, STM32Cube_FW_H7RS_V1.3.0, STM32Cube_FW_H7_V1.13.0, STM32Cube_FW_L0_V1.12.2, STM32Cube_FW_L4_V1.18.2, STM32Cube_FW_L5_V1.6.0, STM32Cube_FW_N6_V1.3.0, STM32Cube_FW_U0_V1.3.0, STM32Cube_FW_U3_V1.3.0, STM32Cube_FW_U5_V1.8.0, STM32Cube_FW_WB0_V1.4.0, STM32Cube_FW_WBA_V1.9.0, STM32Cube_FW_WB_V1.24.0, STM32Cube_FW_WL3_V1.4.0, STM32Cube_FW_WL_V1.5.0, X-CUBE-ALGOBUILD_V1.4.0, X-CUBE-ALS_V1.0.2, X-CUBE-AZRTOS-F4_V1.1.0, X-CUBE-AZRTOS-F7_V1.1.0, X-CUBE-AZRTOS-G0_V1.1.0, X-CUBE-AZRTOS-G4_V2.0.0, X-CUBE-AZRTOS-H7RS_V1.1.0, X-CUBE-AZRTOS-H7_V3.4.0, X-CUBE-AZRTOS-L4_V2.0.0, X-CUBE-AZRTOS-L5_V2.0.0, X-CUBE-AZRTOS-WB_V2.0.0, X-CUBE-AZRTOS-WL_V2.0.0, X-CUBE-BLE1_V7.1.0, X-CUBE-BLE2_V3.3.0, X-CUBE-BLEMGR_V4.1.0, X-CUBE-EEPRMA1_V5.2.0, X-CUBE-FREERTOS_V1.3.1, X-CUBE-GNSS1_V6.0.0, X-CUBE-MEMS1_V12.0.0, X-CUBE-NFC4_V3.0.0, X-CUBE-NFC7_V2.0.0, X-CUBE-SFXS2LP1_V4.0.0, X-CUBE-ST67W61_V1.1.0, X-CUBE-SUBG2_V5.0.0, X-CUBE-TOF1_V3.4.3]
2026-03-11 16:46:36,363 [INFO] ApiDb:240 - Found 880 in-development CPN: [B-G473E-ZEST1S, B-WB1M-WPAN1, B-WBA5M-WPAN, B-WL5M-SUBG1, NUCLEO-C031C6, NUCLEO-C051C8, NUCLEO-C071RB, NUCLEO-C092RC, NUCLEO-H503RB, NUCLEO-H533RE, NUCLEO-H563ZI, NUCLEO-H7S3L8, NUCLEO-N657X0-Q, NUCLEO-U031R8, NUCLEO-U083RC, NUCLEO-U385RG-Q, NUCLEO-U545RE-Q, NUCLEO-U5A5ZJ-Q, NUCLEO-WB05KZ, NUCLEO-WB07CC, NUCLEO-WB09KE, NUCLEO-WBA52CG, NUCLEO-WBA55CG, NUCLEO-WL33CC1, NUCLEO-WL33CC2, STEVAL-PROTEUS1, STEVAL-SMARTAG2, STEVAL-STWINBX1, STM320518-EVAL, STM32C0116-DK, STM32C011D6Y3TR, STM32C011D6Y6TR, STM32C011F4P3, STM32C011F4P6, STM32C011F4U3, STM32C011F4U6TR, STM32C011F6P3, STM32C011F6P6, STM32C011F6U3, STM32C011F6U6TR, STM32C011J4M3, STM32C011J4M6, STM32C011J6M3, STM32C011J6M6, STM32C0316-DK, STM32C031C4T3, STM32C031C4T6, STM32C031C4U3, STM32C031C4U6, STM32C031C6T3, STM32C031C6T6, STM32C031C6U3, STM32C031C6U6, STM32C031F4P3, STM32C031F4P6, STM32C031F6P3, STM32C031F6P6, STM32C031G4U3, STM32C031G4U6, STM32C031G6U3, STM32C031G6U6, STM32C031K4T3, STM32C031K4T6, STM32C031K4U3, STM32C031K4U6, STM32C031K6T3, STM32C031K6T6, STM32C031K6U3, STM32C031K6U6, STM32C051C6T6, STM32C051C6U6, STM32C051C8T6, STM32C051C8U6, STM32C051D8Y6TR, STM32C051F6P6, STM32C051F8P6, STM32C051G6U6, STM32C051G8U6, STM32C051K6T6, STM32C051K6U6, STM32C051K8T6, STM32C071C8T6, STM32C071C8T6N, STM32C071C8U6, STM32C071C8U6N, STM32C071CBT6, STM32C071CBT6N, STM32C071CBU6, STM32C071CBU6N, STM32C071F8P6, STM32C071F8P6N, STM32C071FBP6, STM32C071FBP6N, STM32C071FBY6TR, STM32C071G8U6, STM32C071G8U6N, STM32C071GBU6, STM32C071GBU6N, STM32C071K8T6, STM32C071K8T6N, STM32C071K8U6, STM32C071K8U6N, STM32C071KBT6, STM32C071KBT6N, STM32C071KBU6, STM32C071KBU6N, STM32C071R8T6, STM32C071R8T6N, STM32C071RBI6N, STM32C071RBT6, STM32C071RBT6N, STM32C091CBT6, STM32C091CBU6, STM32C091CCT6, STM32C091CCU6, STM32C091ECY6TR, STM32C091FBP6, STM32C091FCP6, STM32C091GBU6, STM32C091GCU6, STM32C091KBT6, STM32C091KBU6, STM32C091KCT6, STM32C091KCU6, STM32C091RBT6, STM32C091RCI6, STM32C091RCT6, STM32C092CBT6, STM32C092CBU6, STM32C092CCT6, STM32C092CCU6, STM32C092ECY6TR, STM32C092FBP6, STM32C092FCP6, STM32C092GBU6, STM32C092GCU6, STM32C092KBT6, STM32C092KBU6, STM32C092KCT6, STM32C092KCU6, STM32C092RBT6, STM32C092RCI6, STM32C092RCT6, STM32G071K8TXN, STM32G071K8UXN, STM32G081GBU6N, STM32G081KBT6N, STM32G081KBUXN, STM32G0B1CCT6N, STM32G0B1KCT6, STM32G0B1NEY6TR, STM32G0B1RCT6N, STM32G0C1CCT6, STM32G0C1CCT6N, STM32G0C1CCU6N, STM32G0C1CET6N, STM32G0C1CEU6N, STM32G0C1KCT6, STM32G0C1NEY6TR, STM32G0C1RCI6N, STM32G0C1RCT6N, STM32G0C1REI6N, STM32G0C1RET6N, STM32G0C1VCI6, STM32G0C1VEI6, STM32G411C6T3, STM32G411C6T6, STM32G411C6U3, STM32G411C6U6, STM32G411C8T3, STM32G411C8T6, STM32G411C8U3, STM32G411C8U6, STM32G411CBT3, STM32G411CBT6, STM32G411CBU3, STM32G411CBU6, STM32G411K6T3, STM32G411K6T6, STM32G411K6U3, STM32G411K6U6, STM32G411K8T3, STM32G411K8T6, STM32G411K8U3, STM32G411K8U6, STM32G411KBT3, STM32G411KBT6, STM32G411KBU3, STM32G411KBU6, STM32G411M6T3, STM32G411M6T6, STM32G411M8T3, STM32G411M8T6, STM32G411MBT3, STM32G411MBT6, STM32G411R6T3, STM32G411R6T6, STM32G411R8T3, STM32G411R8T6, STM32G411RBT3, STM32G411RBT6, STM32G414CBT3, STM32G414CBT6, STM32G414CBU3, STM32G414CBU6, STM32G414CCT3, STM32G414CCT6, STM32G414CCU3, STM32G414CCU6, STM32G414MBT3, STM32G414MBT6, STM32G414MCT3, STM32G414MCT6, STM32G414RBT3, STM32G414RBT6, STM32G414RCT3, STM32G414RCT6, STM32G414VBT3, STM32G414VBT6, STM32G414VCT3, STM32G414VCT6, STM32G431CBT3Z, STM32G431RBT3Z, STM32G471CCT6, STM32G471CCU6, STM32G471CET3, STM32G471CET6, STM32G471CEU3, STM32G471CEU6, STM32G471MCT6, STM32G471MET3, STM32G471MET6, STM32G471MEY6TR, STM32G471QCT6, STM32G471QET3, STM32G471RCT6, STM32G471RET3, STM32G471RET6, STM32G471VCH6, STM32G471VCI6, STM32G471VCT6, STM32G471VEH3, STM32G471VEH6, STM32G471VEI3, STM32G471VEI6, STM32G471VET3, STM32G471VET6, STM32G473QET3Z, STM32G473RET3Z, STM32G474CCT6, STM32G491RET3Z, STM32H503CBT6, STM32H503CBU6, STM32H503EBY6TR, STM32H503KBU6, STM32H503RBT6, STM32H523CCT6, STM32H523CCU6, STM32H523CET6, STM32H523CEU6, STM32H523HEY6TR, STM32H523RCT6, STM32H523RET6, STM32H523VCI6, STM32H523VCT6, STM32H523VEI6, STM32H523VET6, STM32H523ZCJ6, STM32H523ZCT6, STM32H523ZEJ6, STM32H523ZET6, STM32H533CET6, STM32H533CEU6, STM32H533HEY6TR, STM32H533RET6, STM32H533VEI6, STM32H533VET6, STM32H533ZEJ6, STM32H533ZET6, STM32H562AGI6, STM32H562AII6, STM32H562IGK6, STM32H562IGT6, STM32H562IIK6, STM32H562IIT6, STM32H562RGT6, STM32H562RGV6, STM32H562RIT6, STM32H562RIV6, STM32H562VGT6, STM32H562VIT6, STM32H562ZGT6, STM32H562ZIT6, STM32H563AGI6, STM32H563AII3Q, STM32H563AII6, STM32H563IGK6, STM32H563IGT6, STM32H563IIK3Q, STM32H563IIK6, STM32H563IIT3Q, STM32H563IIT6, STM32H563MIY3QTR, STM32H563RGT6, STM32H563RGV6, STM32H563RIT6, STM32H563RIV6, STM32H563VGT6, STM32H563VIT3Q, STM32H563VIT6, STM32H563ZGT6, STM32H563ZIT3Q, STM32H563ZIT6, STM32H573AII3Q, STM32H573AII6, STM32H573I-DK, STM32H573IIK3Q, STM32H573IIK6, STM32H573IIT3Q, STM32H573IIT6, STM32H573MIY3QTR, STM32H573RIT6, STM32H573RIV6, STM32H573VIT3Q, STM32H573VIT6, STM32H573ZIT3Q, STM32H573ZIT6, STM32H7R3A8I6, STM32H7R3I8K6, STM32H7R3I8T6, STM32H7R3L8H6, STM32H7R3L8H6H, STM32H7R3R8V6, STM32H7R3V8H6, STM32H7R3V8T6, STM32H7R3V8Y6TR, STM32H7R3Z8J6, STM32H7R3Z8T6, STM32H7R7A8I6, STM32H7R7I8K6, STM32H7R7I8T6, STM32H7R7L8H6, STM32H7R7L8H6H, STM32H7R7Z8J6, STM32H7S3A8I6, STM32H7S3I8K6, STM32H7S3I8T6, STM32H7S3L8H6, STM32H7S3L8H6H, STM32H7S3R8V6, STM32H7S3V8H6, STM32H7S3V8T6, STM32H7S3V8Y6TR, STM32H7S3Z8J6, STM32H7S3Z8T6, STM32H7S78-DK, STM32H7S7A8I6, STM32H7S7I8K6, STM32H7S7I8T6, STM32H7S7L8H6, STM32H7S7L8H6H, STM32H7S7Z8J6, STM32L4R5QGI6STR, STM32MP131AAE3, STM32MP131AAF3, STM32MP131AAG3, STM32MP131CAE3, STM32MP131CAF3, STM32MP131CAG3, STM32MP131DAE7, STM32MP131DAF7, STM32MP131DAG7, STM32MP131FAE7, STM32MP131FAF7, STM32MP131FAG7, STM32MP133AAE3, STM32MP133AAF3, STM32MP133AAG3, STM32MP133CAE3, STM32MP133CAF3, STM32MP133CAG3, STM32MP133DAE7, STM32MP133DAF7, STM32MP133DAG7, STM32MP133FAE7, STM32MP133FAF7, STM32MP133FAG7, STM32MP135AAE3, STM32MP135AAF3, STM32MP135AAG3, STM32MP135CAE3, STM32MP135CAF3, STM32MP135CAG3, STM32MP135DAE7, STM32MP135DAF7, STM32MP135DAG7, STM32MP135F-DK, STM32MP135FAE7, STM32MP135FAF7, STM32MP135FAF7T, STM32MP135FAF7U, STM32MP135FAG7, STM32MP211AAL3, STM32MP211AAM3, STM32MP211AAN3, STM32MP211AAO3, STM32MP211CAL3, STM32MP211CAM3, STM32MP211CAN3, STM32MP211CAO3, STM32MP211DAL3, STM32MP211DAM3, STM32MP211DAN3, STM32MP211DAO3, STM32MP211FAL3, STM32MP211FAM3, STM32MP211FAN3, STM32MP211FAO3, STM32MP213AAL3, STM32MP213AAM3, STM32MP213AAN3, STM32MP213AAO3, STM32MP213CAL3, STM32MP213CAM3, STM32MP213CAN3, STM32MP213CAO3, STM32MP213DAL3, STM32MP213DAM3, STM32MP213DAN3, STM32MP213DAO3, STM32MP213FAL3, STM32MP213FAM3, STM32MP213FAN3, STM32MP213FAO3, STM32MP215AAL3, STM32MP215AAM3, STM32MP215AAN3, STM32MP215AAO3, STM32MP215CAL3, STM32MP215CAM3, STM32MP215CAN3, STM32MP215CAO3, STM32MP215DAL3, STM32MP215DAM3, STM32MP215DAN3, STM32MP215DAO3, STM32MP215F-DK, STM32MP215FAL3, STM32MP215FAM3, STM32MP215FAN3, STM32MP215FAO3, STM32MP231AAJ3, STM32MP231AAK3, STM32MP231AAL3, STM32MP231CAJ3, STM32MP231CAK3, STM32MP231CAL3, STM32MP231DAJ3, STM32MP231DAK3, STM32MP231DAL3, STM32MP231FAJ3, STM32MP231FAK3, STM32MP231FAL3, STM32MP233AAJ3, STM32MP233AAK3, STM32MP233AAL3, STM32MP233CAJ3, STM32MP233CAK3, STM32MP233CAL3, STM32MP233DAJ3, STM32MP233DAK3, STM32MP233DAL3, STM32MP233FAJ3, STM32MP233FAK3, STM32MP233FAL3, STM32MP235AAJ3, STM32MP235AAK3, STM32MP235AAL3, STM32MP235CAJ3, STM32MP235CAK3, STM32MP235CAL3, STM32MP235DAJ3, STM32MP235DAK3, STM32MP235DAL3, STM32MP235FAJ3, STM32MP235FAK3, STM32MP235FAL3, STM32MP251AAI3, STM32MP251AAK3, STM32MP251AAL3, STM32MP251CAI3, STM32MP251CAK3, STM32MP251CAL3, STM32MP251DAI3, STM32MP251DAK3, STM32MP251DAL3, STM32MP251FAI3, STM32MP251FAK3, STM32MP251FAL3, STM32MP253AAI3, STM32MP253AAK3, STM32MP253AAL3, STM32MP253CAI3, STM32MP253CAK3, STM32MP253CAL3, STM32MP253DAI3, STM32MP253DAK3, STM32MP253DAL3, STM32MP253FAI3, STM32MP253FAK3, STM32MP253FAL3, STM32MP255AAI3, STM32MP255AAK3, STM32MP255AAL3, STM32MP255CAI3, STM32MP255CAK3, STM32MP255CAL3, STM32MP255DAI3, STM32MP255DAK3, STM32MP255DAL3, STM32MP255FAI3, STM32MP255FAK3, STM32MP255FAL3, STM32MP257AAI3, STM32MP257AAK3, STM32MP257AAL3, STM32MP257CAI3, STM32MP257CAK3, STM32MP257CAL3, STM32MP257DAI3, STM32MP257DAK3, STM32MP257DAL3, STM32MP257F-DK, STM32MP257F-EV1, STM32MP257FAI3, STM32MP257FAK3, STM32MP257FAL3, STM32N645A0H3Q, STM32N645B0H3Q, STM32N645I0H3Q, STM32N645L0H3Q, STM32N645X0H3Q, STM32N645Z0H3Q, STM32N647A0H3Q, STM32N647B0H3Q, STM32N647I0H3Q, STM32N647L0H3Q, STM32N647X0H3Q, STM32N647Z0H3Q, STM32N655A0H3Q, STM32N655B0H3Q, STM32N655I0H3Q, STM32N655L0H3Q, STM32N655X0H3Q, STM32N655Z0H3Q, STM32N6570-DK, STM32N657A0H3Q, STM32N657B0H3Q, STM32N657I0H3Q, STM32N657L0H3Q, STM32N657X0H3Q, STM32N657Z0H3Q, STM32U031C6T6, STM32U031C6U6, STM32U031C8T6, STM32U031C8U6, STM32U031F4P6, STM32U031F6P6, STM32U031F8P6, STM32U031G6Y6TR, STM32U031G8Y6TR, STM32U031K4U6, STM32U031K6U6, STM32U031K8U6, STM32U031R6I6, STM32U031R6T6, STM32U031R8I6, STM32U031R8T6, STM32U073C8T6, STM32U073C8U6, STM32U073CBT6, STM32U073CBU6, STM32U073CCT6, STM32U073CCU6, STM32U073H8Y6TR, STM32U073HBY6TR, STM32U073HCY6TR, STM32U073K8U6, STM32U073KBU6, STM32U073KCU6, STM32U073M8I6, STM32U073M8T6, STM32U073MBI6, STM32U073MBT6, STM32U073MCI6, STM32U073MCT6, STM32U073R8I6, STM32U073R8T6, STM32U073RBI6, STM32U073RBT6, STM32U073RCI6, STM32U073RCT6, STM32U083C-DK, STM32U083CCT6, STM32U083CCU6, STM32U083HCY6TR, STM32U083KCU6, STM32U083MCI6, STM32U083MCT6, STM32U083RCI6, STM32U083RCT6, STM32U375CET6, STM32U375CET6Q, STM32U375CEU6, STM32U375CEU6Q, STM32U375CEY6QTR, STM32U375CGT6, STM32U375CGT6Q, STM32U375CGU6, STM32U375CGU6Q, STM32U375CGY6QTR, STM32U375KEU6, STM32U375KGU6, STM32U375REI6, STM32U375REI6Q, STM32U375RET6, STM32U375RET6Q, STM32U375REY6GTR, STM32U375REY6QTR, STM32U375RGI6, STM32U375RGI6Q, STM32U375RGT6, STM32U375RGT6Q, STM32U375RGY6GTR, STM32U375RGY6QTR, STM32U375VEI6, STM32U375VEI6Q, STM32U375VET6, STM32U375VET6Q, STM32U375VGI6, STM32U375VGI6Q, STM32U375VGT6, STM32U375VGT6Q, STM32U385CGT6, STM32U385CGT6Q, STM32U385CGU6, STM32U385CGU6Q, STM32U385CGY6QTR, STM32U385KGU6, STM32U385RGI6, STM32U385RGI6Q, STM32U385RGT6, STM32U385RGT6Q, STM32U385RGY6GTR, STM32U385RGY6QTR, STM32U385VGI6, STM32U385VGI6Q, STM32U385VGT6, STM32U385VGT6Q, STM32U535CBT6, STM32U535CBT6Q, STM32U535CBU6, STM32U535CBU6Q, STM32U535CCT6, STM32U535CCT6Q, STM32U535CCU6, STM32U535CCU6Q, STM32U535CET6, STM32U535CET6Q, STM32U535CEU6, STM32U535CEU6Q, STM32U535JEY6QTR, STM32U535NCY6QTR, STM32U535NEY6QTR, STM32U535RBI6, STM32U535RBI6Q, STM32U535RBT6, STM32U535RBT6Q, STM32U535RCI6, STM32U535RCI6Q, STM32U535RCT6, STM32U535RCT6Q, STM32U535REI6, STM32U535REI6Q, STM32U535RET6, STM32U535RET6Q, STM32U535VCI6, STM32U535VCI6Q, STM32U535VCT6, STM32U535VCT6Q, STM32U535VEI6, STM32U535VEI6Q, STM32U535VET6, STM32U535VET6Q, STM32U545CET6, STM32U545CET6Q, STM32U545CEU6, STM32U545CEU6Q, STM32U545JEY6QTR, STM32U545NEY6QTR, STM32U545REI6, STM32U545REI6Q, STM32U545RET6, STM32U545RET6Q, STM32U545VEI6, STM32U545VEI6Q, STM32U545VET6, STM32U545VET6Q, STM32U595AIH6, STM32U595AIH6Q, STM32U595AJH6, STM32U595AJH6Q, STM32U595QII6, STM32U595QII6Q, STM32U595QJI6, STM32U595QJI6Q, STM32U595RIT6, STM32U595RIT6Q, STM32U595RJT6, STM32U595RJT6Q, STM32U595VIT6, STM32U595VIT6Q, STM32U595VJT6, STM32U595VJT6Q, STM32U595ZIT6, STM32U595ZIT6Q, STM32U595ZIY6QTR, STM32U595ZJT6, STM32U595ZJT6Q, STM32U595ZJY6QTR, STM32U599BJY6QTR, STM32U599NIH6Q, STM32U599NJH6Q, STM32U599VIT6Q, STM32U599VJT6, STM32U599VJT6Q, STM32U599ZIT6Q, STM32U599ZIY6QTR, STM32U599ZJT6Q, STM32U599ZJY6QTR, STM32U5A5AJH6, STM32U5A5AJH6Q, STM32U5A5QII3Q , STM32U5A5QJI6, STM32U5A5QJI6Q, STM32U5A5RJT6, STM32U5A5RJT6Q, STM32U5A5VJT6, STM32U5A5VJT6Q, STM32U5A5ZJT6, STM32U5A5ZJT6Q, STM32U5A5ZJY6QTR, STM32U5A9BJY6QTR, STM32U5A9J-DK, STM32U5A9NJH6Q, STM32U5A9VJT6Q, STM32U5A9ZJT6Q, STM32U5A9ZJY6QTR, STM32U5F7VIT6, STM32U5F7VIT6Q, STM32U5F7VJT6, STM32U5F7VJT6Q, STM32U5F9BJY6QTR, STM32U5F9NJH6Q, STM32U5F9VIT6Q, STM32U5F9VJT6Q, STM32U5F9ZIJ6QTR, STM32U5F9ZIT6Q, STM32U5F9ZJJ6QTR, STM32U5F9ZJT6Q, STM32U5G7VJT6, STM32U5G7VJT6Q, STM32U5G9BJY6QTR, STM32U5G9J-DK1, STM32U5G9J-DK2, STM32U5G9NJH6Q, STM32U5G9VJT6Q, STM32U5G9ZJJ6QTR, STM32U5G9ZJT6Q, STM32WB05KZV6TR, STM32WB05KZV7TR, STM32WB05TZF6TR, STM32WB05TZF7TR, STM32WB06CCF6TR, STM32WB06CCF7TR, STM32WB06CCV6TR, STM32WB06CCV7TR, STM32WB06KCV6TR, STM32WB06KCV7TR, STM32WB07CCF6TR, STM32WB07CCF7TR, STM32WB07CCV6TR, STM32WB07CCV7TR, STM32WB07KCV6TR, STM32WB07KCV7TR, STM32WB09KEV6TR, STM32WB09KEV7TR, STM32WB09TEF6TR, STM32WB09TEF7TR, STM32WB1MMCH6, STM32WBA50KGU6, STM32WBA50KGU6TR, STM32WBA52CEU6, STM32WBA52CEU6TR, STM32WBA52CEU7, STM32WBA52CEU7TR, STM32WBA52CGU6, STM32WBA52CGU6TR, STM32WBA52CGU6U, STM32WBA52CGU7, STM32WBA52CGU7TR, STM32WBA52KEU6, STM32WBA52KEU6TR, STM32WBA52KGU6, STM32WBA52KGU6TR, STM32WBA54CEU6, STM32WBA54CEU6TR, STM32WBA54CEU7, STM32WBA54CEU7TR, STM32WBA54CGU6, STM32WBA54CGU6TR, STM32WBA54CGU7, STM32WBA54CGU7TR, STM32WBA54KEU6, STM32WBA54KEU6TR, STM32WBA54KEU7, STM32WBA54KEU7TR, STM32WBA54KGU6, STM32WBA54KGU6TR, STM32WBA54KGU7, STM32WBA54KGU7TR, STM32WBA55CEU6, STM32WBA55CEU6TR, STM32WBA55CEU7, STM32WBA55CEU7TR, STM32WBA55CGU6, STM32WBA55CGU6TR, STM32WBA55CGU6U, STM32WBA55CGU7, STM32WBA55CGU7TR, STM32WBA55G-DK1, STM32WBA55HEF6, STM32WBA55HEF7, STM32WBA55HGF6, STM32WBA55HGF7, STM32WBA55UEI6, STM32WBA55UEI6TR, STM32WBA55UEI7, STM32WBA55UEI7TR, STM32WBA55UGI6, STM32WBA55UGI6TR, STM32WBA55UGI7, STM32WBA55UGI7TR, STM32WBA5MMGH6TR, STM32WBA62MGF6, STM32WBA62MIF6, STM32WBA65MGF7, STM32WBA65MIF6, STM32WBA65MIF7, STM32WL30K8V6, STM32WL30KBV6, STM32WL31C8V6, STM32WL31CBV6, STM32WL31K8V6, STM32WL31KBV6, STM32WL33C8V6, STM32WL33C8V6X, STM32WL33CBV6, STM32WL33CBV6X, STM32WL33CCV6, STM32WL33CCV6A, STM32WL33CCV6X, STM32WL33K8V7, STM32WL33K8V7X, STM32WL33KBV7 , STM32WL33KBV7X, STM32WL33KCV7, STM32WL33KCV7X, STM32WL5MOCH6, STM32WL5MOCH6TR]
2026-03-11 16:46:36,368 [INFO] DbMcus:218 - Found 4922 MCUs, 4922 are supported
2026-03-11 16:46:36,368 [INFO] ApiDb:423 - Load user favorites file /home/kamil/.stm32cubeide/favorites.mcus.txt: 0 item(s)
2026-03-11 16:46:36,368 [INFO] ApiDb:427 - User favorites MCUs=[]
2026-03-11 16:46:36,369 [INFO] DbMcus:224 - Set 0 / 0 favorites MCUs
2026-03-11 16:46:36,692 [INFO] BoardInfo:889 - No configuration file found for board P-NUCLEO-WB55
2026-03-11 16:46:36,692 [INFO] DbBoards:161 - Kit is not supported: P-NUCLEO-WB55
2026-03-11 16:46:36,694 [INFO] BoardInfo:889 - No configuration file found for board STEVAL-BFA001V1B
2026-03-11 16:46:36,695 [INFO] DbBoards:161 - Kit is not supported: STEVAL-BFA001V1B
2026-03-11 16:46:36,695 [INFO] BoardInfo:889 - No configuration file found for board STEVAL-BFA001V2B
2026-03-11 16:46:36,695 [INFO] DbBoards:161 - Kit is not supported: STEVAL-BFA001V2B
2026-03-11 16:46:36,758 [INFO] DbBoards:168 - Found 212 boards, 209 are supported
2026-03-11 16:46:36,758 [INFO] DbBoards:169 - Found 212 boards, 43 of them is supported for  Bsp
2026-03-11 16:46:36,760 [INFO] ApiDb:423 - Load user favorites file /home/kamil/.stm32cubeide/favorites.boards.txt: 0 item(s)
2026-03-11 16:46:36,760 [INFO] ApiDb:427 - User favorites Boards=[]
2026-03-11 16:46:36,760 [INFO] DbBoards:198 - Set 0 / 0 favorites Boards
2026-03-11 16:46:36,803 [INFO] UtilMem:75 - End LoadConfig() Used Memory: 261942448 Bytes (335544320)
2026-03-11 16:46:36,876 [WARN] ThirdParty:833 - waiting for thirdparty lock release [change project]
2026-03-11 16:46:36,876 [INFO] ThirdParty:835 - entering critical section [change project]
2026-03-11 16:46:36,876 [INFO] ThirdParty:1030 - CMSIS Pack Vendor :STMicroelectronics X-CUBE-AZRTOS-H7 3.5.0
2026-03-11 16:46:36,876 [INFO] ThirdParty:1030 - CMSIS Pack Vendor :STMicroelectronics X-CUBE-PM33A1 1.0.0
2026-03-11 16:46:36,876 [INFO] ThirdParty:1030 - CMSIS Pack Vendor :STMicroelectronics USBPD 4.1
2026-03-11 16:46:36,876 [INFO] ThirdParty:1030 - CMSIS Pack Vendor :STMicroelectronics X-CUBE-NFC9 1.0.0
2026-03-11 16:46:36,876 [INFO] ThirdParty:1030 - CMSIS Pack Vendor :STMicroelectronics USB_HOST 2.0.0
2026-03-11 16:46:36,876 [INFO] ThirdParty:1030 - CMSIS Pack Vendor :STMicroelectronics FP-SNS-MOTENVWB1 1.4.0
2026-03-11 16:46:36,877 [INFO] ThirdParty:1030 - CMSIS Pack Vendor :STMicroelectronics X-CUBE-AZRTOS-F4 1.1.0
2026-03-11 16:46:36,877 [INFO] ThirdParty:1030 - CMSIS Pack Vendor :STMicroelectronics LIBJPEG 8.0.0
2026-03-11 16:46:36,877 [INFO] ThirdParty:1030 - CMSIS Pack Vendor :STMicroelectronics FP-ATR-ASTRA1 2.0.2
2026-03-11 16:46:36,877 [INFO] ThirdParty:1030 - CMSIS Pack Vendor :wolfSSL I-CUBE-wolfSSL 5.8.2
2026-03-11 16:46:36,877 [INFO] ThirdParty:1030 - CMSIS Pack Vendor :STMicroelectronics X-CUBE-BLE1 7.1.0
2026-03-11 16:46:36,877 [INFO] ThirdParty:1030 - CMSIS Pack Vendor :STMicroelectronics X-CUBE-SMBUS 2.1.0
2026-03-11 16:46:36,877 [INFO] ThirdParty:1030 - CMSIS Pack Vendor :wolfSSL I-CUBE-wolfMQTT 1.19.2
2026-03-11 16:46:36,877 [INFO] ThirdParty:1030 - CMSIS Pack Vendor :STMicroelectronics USB_DEVICE 3.0.0
2026-03-11 16:46:36,877 [INFO] ThirdParty:1030 - CMSIS Pack Vendor :STMicroelectronics X-CUBE-ISPU 2.1.0
2026-03-11 16:46:36,877 [INFO] ThirdParty:1030 - CMSIS Pack Vendor :STMicroelectronics X-CUBE-FREERTOS 1.4.0
2026-03-11 16:46:36,877 [INFO] ThirdParty:1030 - CMSIS Pack Vendor :STMicroelectronics X-CUBE-EEPRMA1 5.2.0
2026-03-11 16:46:36,877 [INFO] ThirdParty:1030 - CMSIS Pack Vendor :STMicroelectronics X-CUBE-IPS 3.2.0
2026-03-11 16:46:36,877 [INFO] ThirdParty:1030 - CMSIS Pack Vendor :STMicroelectronics X-CUBE-BLEMGR 4.1.0
2026-03-11 16:46:36,877 [INFO] ThirdParty:1030 - CMSIS Pack Vendor :STMicroelectronics X-CUBE-AZRTOS-WB 2.0.0
2026-03-11 16:46:36,877 [INFO] ThirdParty:1030 - CMSIS Pack Vendor :STMicroelectronics X-CUBE-ST60 1.0.0
2026-03-11 16:46:36,877 [INFO] ThirdParty:1030 - CMSIS Pack Vendor :STMicroelectronics X-CUBE-GNSS1 7.0.1
2026-03-11 16:46:36,877 [INFO] ThirdParty:1030 - CMSIS Pack Vendor :STMicroelectronics X-CUBE-NFC12 1.0.0
2026-03-11 16:46:36,877 [INFO] ThirdParty:1030 - CMSIS Pack Vendor :STMicroelectronics X-CUBE-AZRTOS-F7 1.1.0
2026-03-11 16:46:36,877 [INFO] ThirdParty:1030 - CMSIS Pack Vendor :STMicroelectronics X-CUBE-AZRTOS-L5 2.0.0
2026-03-11 16:46:36,877 [INFO] ThirdParty:1030 - CMSIS Pack Vendor :STMicroelectronics USB_DEVICE 2.0.0
2026-03-11 16:46:36,877 [INFO] ThirdParty:1030 - CMSIS Pack Vendor :STMicroelectronics X-CUBE-NFC6 3.1.0
2026-03-11 16:46:36,877 [INFO] ThirdParty:1030 - CMSIS Pack Vendor :STMicroelectronics X-CUBE-ST67W61 1.1.0
2026-03-11 16:46:36,877 [INFO] ThirdParty:1030 - CMSIS Pack Vendor :Cesanta I-CUBE-Mongoose 7.19.0
2026-03-11 16:46:36,877 [INFO] ThirdParty:1030 - CMSIS Pack Vendor :quantropi X-CUBE-qispace-sdk-base 2.1.0
2026-03-11 16:46:36,877 [INFO] ThirdParty:1030 - CMSIS Pack Vendor :STMicroelectronics X-CUBE-MEMS1 12.0.0
2026-03-11 16:46:36,877 [INFO] ThirdParty:1030 - CMSIS Pack Vendor :STMicroelectronics X-CUBE-STSE01 2.0.0
2026-03-11 16:46:36,877 [INFO] ThirdParty:1030 - CMSIS Pack Vendor :STMicroelectronics FP-SNS-MOTENV1 5.1.0
2026-03-11 16:46:36,877 [INFO] ThirdParty:1030 - CMSIS Pack Vendor :STMicroelectronics FreeRTOS 0.0.1
2026-03-11 16:46:36,877 [INFO] ThirdParty:1030 - CMSIS Pack Vendor :STMicroelectronics X-CUBE-AZRTOS-G0 1.1.0
2026-03-11 16:46:36,877 [INFO] ThirdParty:1030 - CMSIS Pack Vendor :STMicroelectronics X-CUBE-SAFEA1 1.2.2
2026-03-11 16:46:36,877 [INFO] ThirdParty:1030 - CMSIS Pack Vendor :STMicroelectronics X-CUBE-NFC4 3.0.0
2026-03-11 16:46:36,877 [INFO] ThirdParty:1030 - CMSIS Pack Vendor :STMicroelectronics X-CUBE-SUBG2 5.0.0
2026-03-11 16:46:36,877 [INFO] ThirdParty:1030 - CMSIS Pack Vendor :STMicroelectronics X-CUBE-AZRTOS-H7RS 1.1.0
2026-03-11 16:46:36,877 [INFO] ThirdParty:1030 - CMSIS Pack Vendor :STMicroelectronics STM32_WPAN 1.0.0
2026-03-11 16:46:36,877 [INFO] ThirdParty:1030 - CMSIS Pack Vendor :EmbeddedOffice I-CUBE-FS-RTOS 1.0.1
2026-03-11 16:46:36,877 [INFO] ThirdParty:1030 - CMSIS Pack Vendor :STMicroelectronics lwIP 2.0.3
2026-03-11 16:46:36,877 [INFO] ThirdParty:1030 - CMSIS Pack Vendor :WES I-CUBE-Cesium 1.4.0
2026-03-11 16:46:36,877 [INFO] ThirdParty:1030 - CMSIS Pack Vendor :STMicroelectronics USB_HOST 1.0.0
2026-03-11 16:46:36,877 [INFO] ThirdParty:1030 - CMSIS Pack Vendor :Infineon AIROC-Wi-Fi-Bluetooth-STM32 1.7.1
2026-03-11 16:46:36,877 [INFO] ThirdParty:1030 - CMSIS Pack Vendor :STMicroelectronics X-CUBE-AZRTOS-G4 2.0.0
2026-03-11 16:46:36,877 [INFO] ThirdParty:1030 - CMSIS Pack Vendor :STMicroelectronics X-CUBE-WB05N 2.0.0
2026-03-11 16:46:36,877 [INFO] ThirdParty:1030 - CMSIS Pack Vendor :STMicroelectronics PDM2PCM 3.1.0
2026-03-11 16:46:36,877 [INFO] ThirdParty:1030 - CMSIS Pack Vendor :STMicroelectronics PDM2PCM 3.3.0
2026-03-11 16:46:36,877 [INFO] ThirdParty:1030 - CMSIS Pack Vendor :wolfSSL I-CUBE-wolfTPM 3.8.0
2026-03-11 16:46:36,877 [INFO] ThirdParty:1030 - CMSIS Pack Vendor :STMicroelectronics X-CUBE-AZRTOS-H7 3.4.0
2026-03-11 16:46:36,877 [INFO] ThirdParty:1030 - CMSIS Pack Vendor :STMicroelectronics X-CUBE-DISPLAY 3.0.0
2026-03-11 16:46:36,877 [INFO] ThirdParty:1030 - CMSIS Pack Vendor :wolfSSL I-CUBE-wolfSSH 1.4.20
2026-03-11 16:46:36,877 [INFO] ThirdParty:1030 - CMSIS Pack Vendor :STMicroelectronics X-CUBE-NFC7 2.0.0
2026-03-11 16:46:36,877 [INFO] ThirdParty:1030 - CMSIS Pack Vendor :STMicroelectronics FP-SNS-MOTENVWB1 1.5.0
2026-03-11 16:46:36,877 [INFO] ThirdParty:1030 - CMSIS Pack Vendor :STMicroelectronics X-CUBE-TCPP 4.2.0
2026-03-11 16:46:36,877 [INFO] ThirdParty:1030 - CMSIS Pack Vendor :RealThread X-CUBE-RT-Thread_Nano 4.1.1
2026-03-11 16:46:36,877 [INFO] ThirdParty:1030 - CMSIS Pack Vendor :STMicroelectronics FP-ATR-SIGFOX1 3.2.0
2026-03-11 16:46:36,877 [INFO] ThirdParty:1030 - CMSIS Pack Vendor :STMicroelectronics X-CUBE-NFC10 1.0.0
2026-03-11 16:46:36,877 [INFO] ThirdParty:1030 - CMSIS Pack Vendor :STMicroelectronics X-CUBE-FREERTOS 1.3.1
2026-03-11 16:46:36,877 [INFO] ThirdParty:1030 - CMSIS Pack Vendor :STMicroelectronics HAL Drivers 0.0.0
2026-03-11 16:46:36,877 [INFO] ThirdParty:1030 - CMSIS Pack Vendor :STMicroelectronics X-CUBE-FREERTOS 1.5.0
2026-03-11 16:46:36,877 [INFO] ThirdParty:1030 - CMSIS Pack Vendor :STMicroelectronics MBEDTLS 2.16.2
2026-03-11 16:46:36,877 [INFO] ThirdParty:1030 - CMSIS Pack Vendor :STMicroelectronics X-CUBE-ST60 1.1.0
2026-03-11 16:46:36,877 [INFO] ThirdParty:1030 - CMSIS Pack Vendor :STMicroelectronics X-CUBE-ALS 1.0.2
2026-03-11 16:46:36,877 [INFO] ThirdParty:1030 - CMSIS Pack Vendor :emotas I-CUBE-CANOPEN 1.3.0
2026-03-11 16:46:36,877 [INFO] ThirdParty:1030 - CMSIS Pack Vendor :STMicroelectronics MBEDTLS 2.14.1
2026-03-11 16:46:36,877 [INFO] ThirdParty:1030 - CMSIS Pack Vendor :STMicroelectronics X-CUBE-GNSS1 7.1.0
2026-03-11 16:46:36,877 [INFO] ThirdParty:1030 - CMSIS Pack Vendor :ITTIA_DB I-CUBE-ITTIADB 8.9.0
2026-03-11 16:46:36,877 [INFO] ThirdParty:1030 - CMSIS Pack Vendor :STMicroelectronics X-CUBE-TOUCHGFX 4.26.0
2026-03-11 16:46:36,877 [INFO] ThirdParty:1030 - CMSIS Pack Vendor :STMicroelectronics X-CUBE-STSE01 1.0.0
2026-03-11 16:46:36,877 [INFO] ThirdParty:1030 - CMSIS Pack Vendor :STMicroelectronics X-CUBE-TOUCHGFX 4.26.1
2026-03-11 16:46:36,877 [INFO] ThirdParty:1030 - CMSIS Pack Vendor :STMicroelectronics X-CUBE-NFC6 3.2.0
2026-03-11 16:46:36,877 [INFO] ThirdParty:1030 - CMSIS Pack Vendor :STMicroelectronics ThreadX 1.0.0
2026-03-11 16:46:36,877 [INFO] ThirdParty:1030 - CMSIS Pack Vendor :STMicroelectronics FP-SNS-SMARTAG2 1.2.0
2026-03-11 16:46:36,877 [INFO] ThirdParty:1030 - CMSIS Pack Vendor :STMicroelectronics FP-SNS-FLIGHT1 5.1.0
2026-03-11 16:46:36,877 [INFO] ThirdParty:1030 - CMSIS Pack Vendor :STMicroelectronics X-CUBE-AZRTOS-WL 2.0.0
2026-03-11 16:46:36,877 [INFO] ThirdParty:1030 - CMSIS Pack Vendor :SEGGER I-CUBE-embOS 1.3.1
2026-03-11 16:46:36,878 [INFO] ThirdParty:1030 - CMSIS Pack Vendor :STMicroelectronics X-CUBE-ALGOBUILD 1.4.0
2026-03-11 16:46:36,878 [INFO] ThirdParty:1030 - CMSIS Pack Vendor :STMicroelectronics X-CUBE-DPower 1.3.0
2026-03-11 16:46:36,878 [INFO] ThirdParty:1030 - CMSIS Pack Vendor :STMicroelectronics X-CUBE-MEMS1 11.3.0
2026-03-11 16:46:36,878 [INFO] ThirdParty:1030 - CMSIS Pack Vendor :STMicroelectronics FP-SNS-MOTENV1 5.0.0
2026-03-11 16:46:36,878 [INFO] ThirdParty:1030 - CMSIS Pack Vendor :STMicroelectronics USB_DEVICE 1.0.0
2026-03-11 16:46:36,878 [INFO] ThirdParty:1030 - CMSIS Pack Vendor :STMicroelectronics X-CUBE-AZRTOS-H7RS 1.2.0
2026-03-11 16:46:36,878 [INFO] ThirdParty:1030 - CMSIS Pack Vendor :STMicroelectronics X-CUBE-AZRTOS-L4 2.0.0
2026-03-11 16:46:36,878 [INFO] ThirdParty:1030 - CMSIS Pack Vendor :STMicroelectronics ThreadX 0.0.2
2026-03-11 16:46:36,878 [INFO] ThirdParty:1030 - CMSIS Pack Vendor :STMicroelectronics lwIP 2.1.2
2026-03-11 16:46:36,878 [INFO] ThirdParty:1030 - CMSIS Pack Vendor :STMicroelectronics X-CUBE-SFXS2LP1 4.0.0
2026-03-11 16:46:36,878 [INFO] ThirdParty:1030 - CMSIS Pack Vendor :STMicroelectronics X-CUBE-BLE2 3.3.0
2026-03-11 16:46:36,878 [INFO] ThirdParty:1030 - CMSIS Pack Vendor :Avnet-IOTCONNECT X-CUBE-iotc-st67-sdk 1.0.0
2026-03-11 16:46:36,878 [INFO] ThirdParty:1030 - CMSIS Pack Vendor :STMicroelectronics X-CUBE-TOF1 3.4.3
2026-03-11 16:46:36,878 [INFO] ThirdParty:1030 - CMSIS Pack Vendor :STMicroelectronics PDM2PCM 3.2.0
2026-03-11 16:46:36,878 [INFO] ThirdParty:1030 - CMSIS Pack Vendor :STMicroelectronics X-CUBE-ST67W61 1.2.0
2026-03-11 16:46:36,878 [INFO] ThirdParty:841 - exiting critical section [change project]
2026-03-11 16:46:37,204 [INFO] PinOutPanel:1589 - setPackage(No Configuration,No Configuration)
2026-03-11 16:46:37,205 [INFO] PinOutPanel:1589 - setPackage(STM32F446RETx,LQFP64)
2026-03-11 16:46:37,598 [INFO] UtilMem:75 - Before build in PCC Used Memory: 200324176 Bytes (365953024)
2026-03-11 16:46:37,942 [INFO] UtilMem:75 - After build in PCC Used Memory: 334963888 Bytes (365953024)
2026-03-11 16:46:37,972 [INFO] IPUIPlugin:80 - create IPUIPlugin
2026-03-11 16:46:37,972 [INFO] IPUIPlugin:80 - create IPUIPlugin
2026-03-11 16:46:37,973 [INFO] IPUIPlugin:80 - create IPUIPlugin
2026-03-11 16:46:37,973 [INFO] IPUIPlugin:80 - create IPUIPlugin
2026-03-11 16:46:37,973 [INFO] IPUIPlugin:80 - create IPUIPlugin
2026-03-11 16:46:37,973 [INFO] IPUIPlugin:80 - create IPUIPlugin
2026-03-11 16:46:37,973 [INFO] IPUIPlugin:80 - create IPUIPlugin
2026-03-11 16:46:37,973 [INFO] IPUIPlugin:80 - create IPUIPlugin
2026-03-11 16:46:37,973 [INFO] IPUIPlugin:80 - create IPUIPlugin
2026-03-11 16:46:37,973 [INFO] IPUIPlugin:80 - create IPUIPlugin
2026-03-11 16:46:37,974 [INFO] IPUIPlugin:80 - create IPUIPlugin
2026-03-11 16:46:37,974 [INFO] IPUIPlugin:80 - create IPUIPlugin
2026-03-11 16:46:37,974 [INFO] IPUIPlugin:80 - create IPUIPlugin
2026-03-11 16:46:37,974 [INFO] IPUIPlugin:80 - create IPUIPlugin
2026-03-11 16:46:37,974 [INFO] IPUIPlugin:80 - create IPUIPlugin
2026-03-11 16:46:37,974 [INFO] IPUIPlugin:80 - create IPUIPlugin
2026-03-11 16:46:37,974 [INFO] IPUIPlugin:80 - create IPUIPlugin
2026-03-11 16:46:37,974 [INFO] IPUIPlugin:80 - create IPUIPlugin
2026-03-11 16:46:37,975 [INFO] IPUIPlugin:80 - create IPUIPlugin
2026-03-11 16:46:37,975 [INFO] IPUIPlugin:80 - create IPUIPlugin
2026-03-11 16:46:37,975 [INFO] IPUIPlugin:80 - create IPUIPlugin
2026-03-11 16:46:37,975 [INFO] IPUIPlugin:80 - create IPUIPlugin
2026-03-11 16:46:37,975 [INFO] IPUIPlugin:80 - create IPUIPlugin
2026-03-11 16:46:37,975 [INFO] IPUIPlugin:80 - create IPUIPlugin
2026-03-11 16:46:37,975 [INFO] IPUIPlugin:80 - create IPUIPlugin
2026-03-11 16:46:37,975 [INFO] IPUIPlugin:80 - create IPUIPlugin
2026-03-11 16:46:37,976 [INFO] IPUIPlugin:80 - create IPUIPlugin
2026-03-11 16:46:37,976 [INFO] IPUIPlugin:80 - create IPUIPlugin
2026-03-11 16:46:37,976 [INFO] IPUIPlugin:80 - create IPUIPlugin
2026-03-11 16:46:37,976 [INFO] IPUIPlugin:80 - create IPUIPlugin
2026-03-11 16:46:37,976 [INFO] IPUIPlugin:80 - create IPUIPlugin
2026-03-11 16:46:37,976 [INFO] IPUIPlugin:80 - create IPUIPlugin
2026-03-11 16:46:37,976 [INFO] IPUIPlugin:80 - create IPUIPlugin
2026-03-11 16:46:37,977 [INFO] IPUIPlugin:80 - create IPUIPlugin
2026-03-11 16:46:37,977 [INFO] IPUIPlugin:80 - create IPUIPlugin
2026-03-11 16:46:37,977 [INFO] IPUIPlugin:80 - create IPUIPlugin
2026-03-11 16:46:37,977 [INFO] IPUIPlugin:80 - create IPUIPlugin
2026-03-11 16:46:37,977 [INFO] IPUIPlugin:80 - create IPUIPlugin
2026-03-11 16:46:37,978 [INFO] IPUIPlugin:80 - create IPUIPlugin
2026-03-11 16:46:37,978 [INFO] IPUIPlugin:80 - create IPUIPlugin
2026-03-11 16:46:37,978 [INFO] IPUIPlugin:80 - create IPUIPlugin
2026-03-11 16:46:37,978 [INFO] IPUIPlugin:80 - create IPUIPlugin
2026-03-11 16:46:37,978 [INFO] IPUIPlugin:80 - create IPUIPlugin
2026-03-11 16:46:37,978 [INFO] IPUIPlugin:80 - create IPUIPlugin
2026-03-11 16:46:37,979 [INFO] IPUIPlugin:80 - create IPUIPlugin
2026-03-11 16:46:37,979 [INFO] IPUIPlugin:80 - create IPUIPlugin
2026-03-11 16:46:37,979 [INFO] IPUIPlugin:80 - create IPUIPlugin
2026-03-11 16:46:37,979 [INFO] IPUIPlugin:80 - create IPUIPlugin
2026-03-11 16:46:37,979 [INFO] IPUIPlugin:80 - create IPUIPlugin
2026-03-11 16:46:37,980 [INFO] IPUIPlugin:80 - create IPUIPlugin
2026-03-11 16:46:37,980 [INFO] IPUIPlugin:80 - create IPUIPlugin
2026-03-11 16:46:37,980 [INFO] IPUIPlugin:80 - create IPUIPlugin
2026-03-11 16:46:37,980 [INFO] IPUIPlugin:80 - create IPUIPlugin
2026-03-11 16:46:37,980 [INFO] IPUIPlugin:80 - create IPUIPlugin
2026-03-11 16:46:37,981 [INFO] IPUIPlugin:80 - create IPUIPlugin
2026-03-11 16:46:37,981 [INFO] IPUIPlugin:80 - create IPUIPlugin
2026-03-11 16:46:37,981 [INFO] IPUIPlugin:80 - create IPUIPlugin
2026-03-11 16:46:37,981 [INFO] IPUIPlugin:80 - create IPUIPlugin
2026-03-11 16:46:37,982 [INFO] IPUIPlugin:80 - create IPUIPlugin
2026-03-11 16:46:37,982 [INFO] IPUIPlugin:80 - create IPUIPlugin
2026-03-11 16:46:38,003 [INFO] ApiDbMcu:532 - Load IP Config File for PDM2PCM
2026-03-11 16:46:38,008 [INFO] Can:71 - Can Add PropertyChangeListener com.st.microxplorer.plugins.ip.can.Can@1a6090c9
2026-03-11 16:46:38,009 [WARN] IP:2250 - I2C_Coeff_DF not found: check if there is a RefParameter without a condition.
2026-03-11 16:46:38,009 [WARN] IP:2250 - Analog_Filter not found: check if there is a RefParameter without a condition.
2026-03-11 16:46:38,122 [INFO] CADModel:165 - CPN selected for project levelSTM32F446RET6
2026-03-11 16:46:38,122 [INFO] CADModel:114 - Register for checkConnection events
2026-03-11 16:46:38,160 [INFO] OpenFileManager:386 - Restore cursor
2026-03-11 16:46:38,292 [WARN] IP:2250 - I2C_Coeff_DF not found: check if there is a RefParameter without a condition.
2026-03-11 16:46:38,292 [WARN] IP:2250 - Analog_Filter not found: check if there is a RefParameter without a condition.
2026-03-11 16:46:38,293 [WARN] IP:2250 - I2C_Coeff_DF not found: check if there is a RefParameter without a condition.
2026-03-11 16:46:38,293 [WARN] IP:2250 - Analog_Filter not found: check if there is a RefParameter without a condition.
2026-03-11 16:46:54,320 [INFO] NvicIntPanel:101 - NVIC parent = com.st.microxplorer.plugins.ip.nvic.MultiNvicIntPanel[,0,0,450x177,layout=javax.swing.BoxLayout,alignmentX=0.0,alignmentY=0.0,border=,flags=9,maximumSize=,minimumSize=,preferredSize=]
2026-03-11 16:47:03,796 [INFO] UtilMem:75 - End SaveConfig() Used Memory: 306523016 Bytes (591396864)
2026-03-11 16:47:04,129 [INFO] BlockDiagram:2775 - set Specific Code input for plugin: TIM6_7
2026-03-11 16:47:04,129 [INFO] BlockDiagram:2775 - set Specific Code input for plugin: CAN
2026-03-11 16:47:04,129 [INFO] BlockDiagram:2775 - set Specific Code input for plugin: SYS
2026-03-11 16:47:04,129 [INFO] BlockDiagram:2775 - set Specific Code input for plugin: RCC
2026-03-11 16:47:04,129 [INFO] BlockDiagram:2775 - set Specific Code input for plugin: I2C
2026-03-11 16:47:04,129 [INFO] BlockDiagram:2775 - set Specific Code input for plugin: USB_OTG_FS
2026-03-11 16:47:04,130 [INFO] BlockDiagram:2775 - set Specific Code input for plugin: NVIC
2026-03-11 16:47:04,130 [INFO] BlockDiagram:2775 - set Specific Code input for plugin: TIM1_8
2026-03-11 16:47:04,130 [INFO] BlockDiagram:2775 - set Specific Code input for plugin: DMA
2026-03-11 16:47:04,130 [INFO] BlockDiagram:2775 - set Specific Code input for plugin: TIM1_8
2026-03-11 16:47:04,130 [INFO] BlockDiagram:2775 - set Specific Code input for plugin: GPIO
2026-03-11 16:47:04,131 [INFO] CodeGenerator:892 - code generatio: config db path: /opt/st/stm32cubeide_1.19.0/plugins/com.st.stm32cube.common.mx_6.15.0.202507011659//db/
2026-03-11 16:47:04,136 [WARN] IP:2250 - I2C_Coeff_DF not found: check if there is a RefParameter without a condition.
2026-03-11 16:47:04,136 [WARN] IP:2250 - Analog_Filter not found: check if there is a RefParameter without a condition.
2026-03-11 16:47:04,255 [INFO] CodeEngine:265 - oldGeneratedFile, /home/kamil/STM32CubeIDE/workspace_1.19.0/PCB_STM/MXTmpFiles/license.tmp_save
2026-03-11 16:47:04,528 [INFO] CodeEngine:289 - Generated code: /home/kamil/STM32CubeIDE/workspace_1.19.0/PCB_STM/MXTmpFiles/license.tmp
2026-03-11 16:47:04,577 [INFO] CodeEngine:265 - oldGeneratedFile, /home/kamil/STM32CubeIDE/workspace_1.19.0/PCB_STM/MXTmpFiles/gpio.tmp_save
2026-03-11 16:47:04,652 [INFO] CodeEngine:289 - Generated code: /home/kamil/STM32CubeIDE/workspace_1.19.0/PCB_STM/MXTmpFiles/gpio.tmp
2026-03-11 16:47:04,909 [WARN] IPConfigManager:3238 - Warning: the RefConfig PWREx_EnableUSBVoltageDetector is not available in your config.xml file
2026-03-11 16:47:04,919 [INFO] CodeEngine:265 - oldGeneratedFile, /home/kamil/STM32CubeIDE/workspace_1.19.0/PCB_STM/MXTmpFiles/dma.tmp_save
2026-03-11 16:47:04,970 [INFO] CodeEngine:289 - Generated code: /home/kamil/STM32CubeIDE/workspace_1.19.0/PCB_STM/MXTmpFiles/dma.tmp
2026-03-11 16:47:04,971 [INFO] CodeEngine:265 - oldGeneratedFile, /home/kamil/STM32CubeIDE/workspace_1.19.0/PCB_STM/MXTmpFiles/dma_GV.tmp_save
2026-03-11 16:47:05,026 [INFO] CodeEngine:289 - Generated code: /home/kamil/STM32CubeIDE/workspace_1.19.0/PCB_STM/MXTmpFiles/dma_GV.tmp
2026-03-11 16:47:05,035 [INFO] CodeEngine:265 - oldGeneratedFile, /home/kamil/STM32CubeIDE/workspace_1.19.0/PCB_STM/Core/Src/stm32f4xx_it.c_save
2026-03-11 16:47:05,146 [INFO] CodeEngine:289 - Generated code: /home/kamil/STM32CubeIDE/workspace_1.19.0/PCB_STM/Core/Src/stm32f4xx_it.c
2026-03-11 16:47:05,148 [INFO] CodeEngine:265 - oldGeneratedFile, /home/kamil/STM32CubeIDE/workspace_1.19.0/PCB_STM/Core/Inc/stm32f4xx_it.h_save
2026-03-11 16:47:05,224 [INFO] CodeEngine:289 - Generated code: /home/kamil/STM32CubeIDE/workspace_1.19.0/PCB_STM/Core/Inc/stm32f4xx_it.h
2026-03-11 16:47:05,240 [INFO] CodeEngine:265 - oldGeneratedFile, /home/kamil/STM32CubeIDE/workspace_1.19.0/PCB_STM/Core/Src/stm32f4xx_hal_msp.c_save
2026-03-11 16:47:05,368 [INFO] CodeEngine:289 - Generated code: /home/kamil/STM32CubeIDE/workspace_1.19.0/PCB_STM/Core/Src/stm32f4xx_hal_msp.c
2026-03-11 16:47:05,370 [INFO] CodeEngine:265 - oldGeneratedFile, /home/kamil/STM32CubeIDE/workspace_1.19.0/PCB_STM/MXTmpFiles/system.tmp_save
2026-03-11 16:47:05,422 [INFO] CodeEngine:289 - Generated code: /home/kamil/STM32CubeIDE/workspace_1.19.0/PCB_STM/MXTmpFiles/system.tmp
2026-03-11 16:47:05,424 [INFO] CodeEngine:265 - oldGeneratedFile, /home/kamil/STM32CubeIDE/workspace_1.19.0/PCB_STM/Core/Inc/stm32_assert.h_save
2026-03-11 16:47:05,481 [INFO] CodeEngine:289 - Generated code: /home/kamil/STM32CubeIDE/workspace_1.19.0/PCB_STM/Core/Inc/stm32_assert.h
2026-03-11 16:47:05,487 [INFO] CodeEngine:321 - oldGeneratedFile, /home/kamil/STM32CubeIDE/workspace_1.19.0/PCB_STM/Core/Inc/stm32f4xx_hal_conf.h_save
2026-03-11 16:47:05,533 [INFO] CodeEngine:345 - Generated code: /home/kamil/STM32CubeIDE/workspace_1.19.0/PCB_STM/Core/Inc/stm32f4xx_hal_conf.h
2026-03-11 16:47:05,552 [WARN] IPConfigManager:3238 - Warning: the RefConfig PLL2P_FOR_MCO is not available in your config.xml file
2026-03-11 16:47:05,555 [INFO] ApiDbMcu:532 - Load IP Config File for CAN1
2026-03-11 16:47:05,557 [INFO] ApiDbMcu:532 - Load IP Config File for I2C3
2026-03-11 16:47:05,563 [INFO] ApiDbMcu:532 - Load IP Config File for TIM6
2026-03-11 16:47:05,569 [INFO] ApiDbMcu:532 - Load IP Config File for TIM9
2026-03-11 16:47:05,575 [INFO] ApiDbMcu:532 - Load IP Config File for TIM10
2026-03-11 16:47:05,576 [INFO] ApiDbMcu:532 - Load IP Config File for USB_OTG_FS
2026-03-11 16:47:05,578 [INFO] ApiDbMcu:532 - Load IP Config File for RCC
2026-03-11 16:47:05,580 [WARN] IPConfigManager:3811 - IP not found : TIM
2026-03-11 16:47:05,580 [WARN] IPConfigManager:3811 - IP not found : USB_OTG
2026-03-11 16:47:05,580 [WARN] CodeGenerator:4259 - IP not found : null
2026-03-11 16:47:05,580 [WARN] CodeGenerator:4259 - IP not found : null
2026-03-11 16:47:05,582 [INFO] CodeEngine:265 - oldGeneratedFile, /home/kamil/STM32CubeIDE/workspace_1.19.0/PCB_STM/Core/Inc/main.h_save
2026-03-11 16:47:05,637 [INFO] CodeEngine:289 - Generated code: /home/kamil/STM32CubeIDE/workspace_1.19.0/PCB_STM/Core/Inc/main.h
2026-03-11 16:47:05,638 [INFO] CodeEngine:265 - oldGeneratedFile, /home/kamil/STM32CubeIDE/workspace_1.19.0/PCB_STM/Core/Src/main.c_save
2026-03-11 16:47:05,741 [INFO] CodeEngine:289 - Generated code: /home/kamil/STM32CubeIDE/workspace_1.19.0/PCB_STM/Core/Src/main.c
2026-03-11 16:47:05,883 [INFO] ProjectBuilder:3606 - Time for Copy HAL[1] : 20mS.
2026-03-11 16:47:05,886 [INFO] ProjectBuilder:5216 - Project Generator version: 4.7.0-B52
2026-03-11 16:47:05,947 [INFO] ConfigFileManager:1595 - The Die is : DIE421
2026-03-11 16:47:05,951 [INFO] ApiDbMcu:532 - Load IP Config File for FATFS
2026-03-11 16:47:05,952 [INFO] ApiDbMcu:532 - Load IP Config File for FREERTOS
2026-03-11 16:47:05,953 [INFO] ApiDbMcu:532 - Load IP Config File for LIBJPEG
2026-03-11 16:47:05,956 [INFO] ApiDbMcu:532 - Load IP Config File for MBEDTLS
2026-03-11 16:47:05,960 [INFO] ApiDbMcu:532 - Load IP Config File for USB_DEVICE
2026-03-11 16:47:05,961 [INFO] ApiDbMcu:532 - Load IP Config File for USB_HOST
2026-03-11 16:47:06,228 [INFO] LogOutputStream:77 - [STDOUT_REDIRECT] 
2026-03-11 16:47:06,886 [INFO] ProjectBuilder:5496 - Time for Generating toolchain IDE Files: 1000mS.
2026-03-11 16:47:06,887 [INFO] ProjectBuilder:3463 - Time for Copy CMSIS : 0mS.
2026-03-11 16:47:06,888 [INFO] ProjectBuilder:3463 - Time for Copy CMSIS : 0mS.
2026-03-11 16:47:36,816 [WARN] IP:2250 - DEVICE_SERIAL0_CDC_FS not found: check if there is a RefParameter without a condition.
2026-03-11 16:47:36,817 [WARN] IP:2250 - DEVICE_SERIAL1_CDC_FS not found: check if there is a RefParameter without a condition.
2026-03-11 16:47:36,817 [WARN] IP:2250 - DEVICE_SERIAL2_CDC_FS not found: check if there is a RefParameter without a condition.
2026-03-11 16:47:36,817 [WARN] IP:2250 - DEVICE_SERIAL0_CDC_FS not found: check if there is a RefParameter without a condition.
2026-03-11 16:47:36,817 [WARN] IP:2250 - DEVICE_SERIAL1_CDC_FS not found: check if there is a RefParameter without a condition.
2026-03-11 16:47:36,817 [WARN] IP:2250 - DEVICE_SERIAL2_CDC_FS not found: check if there is a RefParameter without a condition.
2026-03-11 16:47:36,833 [WARN] IP:2250 - DEVICE_SERIAL0_CDC_FS not found: check if there is a RefParameter without a condition.
2026-03-11 16:47:36,834 [WARN] IP:2250 - DEVICE_SERIAL1_CDC_FS not found: check if there is a RefParameter without a condition.
2026-03-11 16:47:36,834 [WARN] IP:2250 - DEVICE_SERIAL2_CDC_FS not found: check if there is a RefParameter without a condition.
2026-03-11 16:47:46,000 [INFO] UtilMem:75 - End SaveConfig() Used Memory: 684195824 Bytes (1073741824)
2026-03-11 16:47:48,498 [INFO] UtilMem:75 - End SaveConfig() Used Memory: 739770368 Bytes (1073741824)
2026-03-11 16:47:48,584 [INFO] BlockDiagram:2775 - set Specific Code input for plugin: TIM6_7
2026-03-11 16:47:48,584 [INFO] BlockDiagram:2775 - set Specific Code input for plugin: CAN
2026-03-11 16:47:48,584 [INFO] BlockDiagram:2775 - set Specific Code input for plugin: USB_DEVICE
2026-03-11 16:47:48,584 [INFO] BlockDiagram:2775 - set Specific Code input for plugin: SYS
2026-03-11 16:47:48,584 [INFO] BlockDiagram:2775 - set Specific Code input for plugin: RCC
2026-03-11 16:47:48,584 [INFO] BlockDiagram:2775 - set Specific Code input for plugin: I2C
2026-03-11 16:47:48,584 [INFO] BlockDiagram:2775 - set Specific Code input for plugin: USB_OTG_FS
2026-03-11 16:47:48,584 [INFO] BlockDiagram:2775 - set Specific Code input for plugin: NVIC
2026-03-11 16:47:48,584 [INFO] BlockDiagram:2775 - set Specific Code input for plugin: TIM1_8
2026-03-11 16:47:48,584 [INFO] BlockDiagram:2775 - set Specific Code input for plugin: DMA
2026-03-11 16:47:48,584 [INFO] BlockDiagram:2775 - set Specific Code input for plugin: TIM1_8
2026-03-11 16:47:48,585 [INFO] BlockDiagram:2775 - set Specific Code input for plugin: GPIO
2026-03-11 16:47:48,585 [INFO] CodeGenerator:892 - code generatio: config db path: /opt/st/stm32cubeide_1.19.0/plugins/com.st.stm32cube.common.mx_6.15.0.202507011659//db/
2026-03-11 16:47:48,588 [WARN] IP:2250 - I2C_Coeff_DF not found: check if there is a RefParameter without a condition.
2026-03-11 16:47:48,589 [WARN] IP:2250 - Analog_Filter not found: check if there is a RefParameter without a condition.
2026-03-11 16:47:48,589 [INFO] Argument:325 - Argument : hdmavalue: null
2026-03-11 16:47:48,589 [INFO] Argument:327 - 	 sub Args: 
2026-03-11 16:47:48,589 [INFO] Argument:325 - Argument : Instancevalue: DMA1_Stream2
2026-03-11 16:47:48,589 [INFO] Argument:335 - Argument : Instancevalue: DMA1_Stream2
2026-03-11 16:47:48,589 [INFO] Argument:325 - Argument : Initvalue: null
2026-03-11 16:47:48,590 [INFO] Argument:327 - 	 sub Args: 
2026-03-11 16:47:48,590 [INFO] Argument:325 - Argument : Channelvalue: DMA_CHANNEL_3
2026-03-11 16:47:48,590 [INFO] Argument:335 - Argument : Channelvalue: DMA_CHANNEL_3
2026-03-11 16:47:48,590 [INFO] Argument:325 - Argument : Directionvalue: DMA_PERIPH_TO_MEMORY
2026-03-11 16:47:48,590 [INFO] Argument:335 - Argument : Directionvalue: DMA_PERIPH_TO_MEMORY
2026-03-11 16:47:48,590 [INFO] Argument:325 - Argument : PeriphIncvalue: DMA_PINC_DISABLE
2026-03-11 16:47:48,590 [INFO] Argument:335 - Argument : PeriphIncvalue: DMA_PINC_DISABLE
2026-03-11 16:47:48,590 [INFO] Argument:325 - Argument : MemIncvalue: DMA_MINC_ENABLE
2026-03-11 16:47:48,590 [INFO] Argument:335 - Argument : MemIncvalue: DMA_MINC_ENABLE
2026-03-11 16:47:48,590 [INFO] Argument:325 - Argument : PeriphDataAlignmentvalue: DMA_PDATAALIGN_BYTE
2026-03-11 16:47:48,590 [INFO] Argument:335 - Argument : PeriphDataAlignmentvalue: DMA_PDATAALIGN_BYTE
2026-03-11 16:47:48,590 [INFO] Argument:325 - Argument : MemDataAlignmentvalue: DMA_MDATAALIGN_BYTE
2026-03-11 16:47:48,590 [INFO] Argument:335 - Argument : MemDataAlignmentvalue: DMA_MDATAALIGN_BYTE
2026-03-11 16:47:48,590 [INFO] Argument:325 - Argument : Modevalue: DMA_NORMAL
2026-03-11 16:47:48,590 [INFO] Argument:335 - Argument : Modevalue: DMA_NORMAL
2026-03-11 16:47:48,590 [INFO] Argument:325 - Argument : Priorityvalue: DMA_PRIORITY_HIGH
2026-03-11 16:47:48,590 [INFO] Argument:335 - Argument : Priorityvalue: DMA_PRIORITY_HIGH
2026-03-11 16:47:48,590 [INFO] Argument:325 - Argument : FIFOModevalue: DMA_FIFOMODE_DISABLE
2026-03-11 16:47:48,590 [INFO] Argument:335 - Argument : FIFOModevalue: DMA_FIFOMODE_DISABLE
2026-03-11 16:47:48,590 [INFO] Argument:325 - Argument : FIFOThresholdvalue: null
2026-03-11 16:47:48,590 [INFO] Argument:335 - Argument : FIFOThresholdvalue: null
2026-03-11 16:47:48,590 [INFO] Argument:325 - Argument : MemBurstvalue: null
2026-03-11 16:47:48,590 [INFO] Argument:335 - Argument : MemBurstvalue: null
2026-03-11 16:47:48,590 [INFO] Argument:325 - Argument : PeriphBurstvalue: null
2026-03-11 16:47:48,590 [INFO] Argument:335 - Argument : PeriphBurstvalue: null
2026-03-11 16:47:48,590 [INFO] Argument:325 - Argument : Lockvalue: null
2026-03-11 16:47:48,590 [INFO] Argument:335 - Argument : Lockvalue: null
2026-03-11 16:47:48,590 [INFO] Argument:325 - Argument : Statevalue: null
2026-03-11 16:47:48,590 [INFO] Argument:335 - Argument : Statevalue: null
2026-03-11 16:47:48,590 [INFO] Argument:325 - Argument : Parentvalue: null
2026-03-11 16:47:48,590 [INFO] Argument:335 - Argument : Parentvalue: null
2026-03-11 16:47:48,590 [INFO] Argument:325 - Argument : XferCpltCallbackvalue: null
2026-03-11 16:47:48,590 [INFO] Argument:335 - Argument : XferCpltCallbackvalue: null
2026-03-11 16:47:48,590 [INFO] Argument:325 - Argument : XferHalfCpltCallbackvalue: null
2026-03-11 16:47:48,590 [INFO] Argument:335 - Argument : XferHalfCpltCallbackvalue: null
2026-03-11 16:47:48,590 [INFO] Argument:325 - Argument : XferM1CpltCallbackvalue: null
2026-03-11 16:47:48,590 [INFO] Argument:335 - Argument : XferM1CpltCallbackvalue: null
2026-03-11 16:47:48,590 [INFO] Argument:325 - Argument : XferErrorCallbackvalue: null
2026-03-11 16:47:48,590 [INFO] Argument:335 - Argument : XferErrorCallbackvalue: null
2026-03-11 16:47:48,590 [INFO] Argument:325 - Argument : ErrorCodevalue: null
2026-03-11 16:47:48,590 [INFO] Argument:335 - Argument : ErrorCodevalue: null
2026-03-11 16:47:48,613 [WARN] IP:2250 - DEVICE_SERIAL0_CDC_FS not found: check if there is a RefParameter without a condition.
2026-03-11 16:47:48,613 [WARN] IP:2250 - DEVICE_SERIAL1_CDC_FS not found: check if there is a RefParameter without a condition.
2026-03-11 16:47:48,613 [WARN] IP:2250 - DEVICE_SERIAL2_CDC_FS not found: check if there is a RefParameter without a condition.
2026-03-11 16:47:48,665 [INFO] CodeEngine:265 - oldGeneratedFile, /home/kamil/STM32CubeIDE/workspace_1.19.0/PCB_STM/MXTmpFiles/license.tmp_save
2026-03-11 16:47:48,778 [INFO] CodeEngine:289 - Generated code: /home/kamil/STM32CubeIDE/workspace_1.19.0/PCB_STM/MXTmpFiles/license.tmp
2026-03-11 16:47:48,794 [INFO] CodeEngine:265 - oldGeneratedFile, /home/kamil/STM32CubeIDE/workspace_1.19.0/PCB_STM/MXTmpFiles/gpio.tmp_save
2026-03-11 16:47:48,873 [INFO] CodeEngine:289 - Generated code: /home/kamil/STM32CubeIDE/workspace_1.19.0/PCB_STM/MXTmpFiles/gpio.tmp
2026-03-11 16:47:48,923 [WARN] IPConfigManager:3238 - Warning: the RefConfig PWREx_EnableUSBVoltageDetector is not available in your config.xml file
2026-03-11 16:47:48,927 [INFO] CodeEngine:265 - oldGeneratedFile, /home/kamil/STM32CubeIDE/workspace_1.19.0/PCB_STM/MXTmpFiles/usb_otg_fs_vars.tmp_save
2026-03-11 16:47:49,011 [INFO] CodeEngine:289 - Generated code: /home/kamil/STM32CubeIDE/workspace_1.19.0/PCB_STM/MXTmpFiles/usb_otg_fs_vars.tmp
2026-03-11 16:47:49,012 [INFO] CodeEngine:265 - oldGeneratedFile, /home/kamil/STM32CubeIDE/workspace_1.19.0/PCB_STM/MXTmpFiles/usb_otg_fs_inc.tmp_save
2026-03-11 16:47:49,092 [INFO] CodeEngine:289 - Generated code: /home/kamil/STM32CubeIDE/workspace_1.19.0/PCB_STM/MXTmpFiles/usb_otg_fs_inc.tmp
2026-03-11 16:47:49,093 [INFO] CodeEngine:265 - oldGeneratedFile, /home/kamil/STM32CubeIDE/workspace_1.19.0/PCB_STM/MXTmpFiles/usb_otg_fs_HalInit.tmp_save
2026-03-11 16:47:49,169 [INFO] CodeEngine:289 - Generated code: /home/kamil/STM32CubeIDE/workspace_1.19.0/PCB_STM/MXTmpFiles/usb_otg_fs_HalInit.tmp
2026-03-11 16:47:49,171 [INFO] CodeEngine:265 - oldGeneratedFile, /home/kamil/STM32CubeIDE/workspace_1.19.0/PCB_STM/MXTmpFiles/usb_otg_fs_Msp.tmp_save
2026-03-11 16:47:49,247 [INFO] CodeEngine:289 - Generated code: /home/kamil/STM32CubeIDE/workspace_1.19.0/PCB_STM/MXTmpFiles/usb_otg_fs_Msp.tmp
2026-03-11 16:47:49,410 [INFO] Middleware:1452 - No code input for Bsp Dependency
2026-03-11 16:47:49,416 [INFO] CodeEngine:265 - oldGeneratedFile, /home/kamil/STM32CubeIDE/workspace_1.19.0/PCB_STM/MXTmpFiles/dma.tmp_save
2026-03-11 16:47:49,473 [INFO] CodeEngine:289 - Generated code: /home/kamil/STM32CubeIDE/workspace_1.19.0/PCB_STM/MXTmpFiles/dma.tmp
2026-03-11 16:47:49,473 [INFO] CodeEngine:265 - oldGeneratedFile, /home/kamil/STM32CubeIDE/workspace_1.19.0/PCB_STM/MXTmpFiles/dma_GV.tmp_save
2026-03-11 16:47:49,516 [INFO] CodeEngine:289 - Generated code: /home/kamil/STM32CubeIDE/workspace_1.19.0/PCB_STM/MXTmpFiles/dma_GV.tmp
2026-03-11 16:47:49,535 [INFO] Middleware:1452 - No code input for Bsp Dependency
2026-03-11 16:47:49,538 [INFO] CodeEngine:265 - oldGeneratedFile, /home/kamil/STM32CubeIDE/workspace_1.19.0/PCB_STM/USB_DEVICE/App/usb_device.c_save
2026-03-11 16:47:49,602 [INFO] CodeEngine:289 - Generated code: /home/kamil/STM32CubeIDE/workspace_1.19.0/PCB_STM/USB_DEVICE/App/usb_device.c
2026-03-11 16:47:49,603 [INFO] CodeEngine:265 - oldGeneratedFile, /home/kamil/STM32CubeIDE/workspace_1.19.0/PCB_STM/USB_DEVICE/App/usb_device.h_save
2026-03-11 16:47:49,648 [INFO] CodeEngine:289 - Generated code: /home/kamil/STM32CubeIDE/workspace_1.19.0/PCB_STM/USB_DEVICE/App/usb_device.h
2026-03-11 16:47:49,649 [INFO] CodeEngine:265 - oldGeneratedFile, /home/kamil/STM32CubeIDE/workspace_1.19.0/PCB_STM/USB_DEVICE/Target/usbd_conf.h_save
2026-03-11 16:47:49,689 [INFO] CodeEngine:289 - Generated code: /home/kamil/STM32CubeIDE/workspace_1.19.0/PCB_STM/USB_DEVICE/Target/usbd_conf.h
2026-03-11 16:47:49,690 [INFO] CodeEngine:265 - oldGeneratedFile, /home/kamil/STM32CubeIDE/workspace_1.19.0/PCB_STM/USB_DEVICE/Target/usbd_conf.c_save
2026-03-11 16:47:49,745 [INFO] CodeEngine:289 - Generated code: /home/kamil/STM32CubeIDE/workspace_1.19.0/PCB_STM/USB_DEVICE/Target/usbd_conf.c
2026-03-11 16:47:49,745 [INFO] CodeEngine:265 - oldGeneratedFile, /home/kamil/STM32CubeIDE/workspace_1.19.0/PCB_STM/USB_DEVICE/App/usbd_desc.h_save
2026-03-11 16:47:49,782 [INFO] CodeEngine:289 - Generated code: /home/kamil/STM32CubeIDE/workspace_1.19.0/PCB_STM/USB_DEVICE/App/usbd_desc.h
2026-03-11 16:47:49,783 [INFO] CodeEngine:265 - oldGeneratedFile, /home/kamil/STM32CubeIDE/workspace_1.19.0/PCB_STM/USB_DEVICE/App/usbd_desc.c_save
2026-03-11 16:47:49,821 [INFO] CodeEngine:289 - Generated code: /home/kamil/STM32CubeIDE/workspace_1.19.0/PCB_STM/USB_DEVICE/App/usbd_desc.c
2026-03-11 16:47:49,822 [INFO] CodeEngine:265 - oldGeneratedFile, /home/kamil/STM32CubeIDE/workspace_1.19.0/PCB_STM/USB_DEVICE/App/usbd_cdc_if.h_save
2026-03-11 16:47:49,862 [INFO] CodeEngine:289 - Generated code: /home/kamil/STM32CubeIDE/workspace_1.19.0/PCB_STM/USB_DEVICE/App/usbd_cdc_if.h
2026-03-11 16:47:49,863 [INFO] CodeEngine:265 - oldGeneratedFile, /home/kamil/STM32CubeIDE/workspace_1.19.0/PCB_STM/USB_DEVICE/App/usbd_cdc_if.c_save
2026-03-11 16:47:49,904 [INFO] CodeEngine:289 - Generated code: /home/kamil/STM32CubeIDE/workspace_1.19.0/PCB_STM/USB_DEVICE/App/usbd_cdc_if.c
2026-03-11 16:47:49,910 [INFO] CodeEngine:265 - oldGeneratedFile, /home/kamil/STM32CubeIDE/workspace_1.19.0/PCB_STM/Core/Src/stm32f4xx_it.c_save
2026-03-11 16:47:49,967 [INFO] CodeEngine:289 - Generated code: /home/kamil/STM32CubeIDE/workspace_1.19.0/PCB_STM/Core/Src/stm32f4xx_it.c
2026-03-11 16:47:49,968 [INFO] CodeEngine:265 - oldGeneratedFile, /home/kamil/STM32CubeIDE/workspace_1.19.0/PCB_STM/Core/Inc/stm32f4xx_it.h_save
2026-03-11 16:47:50,004 [INFO] CodeEngine:289 - Generated code: /home/kamil/STM32CubeIDE/workspace_1.19.0/PCB_STM/Core/Inc/stm32f4xx_it.h
2026-03-11 16:47:50,014 [INFO] CodeEngine:265 - oldGeneratedFile, /home/kamil/STM32CubeIDE/workspace_1.19.0/PCB_STM/Core/Src/stm32f4xx_hal_msp.c_save
2026-03-11 16:47:50,077 [INFO] CodeEngine:289 - Generated code: /home/kamil/STM32CubeIDE/workspace_1.19.0/PCB_STM/Core/Src/stm32f4xx_hal_msp.c
2026-03-11 16:47:50,078 [INFO] CodeEngine:265 - oldGeneratedFile, /home/kamil/STM32CubeIDE/workspace_1.19.0/PCB_STM/MXTmpFiles/system.tmp_save
2026-03-11 16:47:50,125 [INFO] CodeEngine:289 - Generated code: /home/kamil/STM32CubeIDE/workspace_1.19.0/PCB_STM/MXTmpFiles/system.tmp
2026-03-11 16:47:50,126 [INFO] CodeEngine:265 - oldGeneratedFile, /home/kamil/STM32CubeIDE/workspace_1.19.0/PCB_STM/Core/Inc/stm32_assert.h_save
2026-03-11 16:47:50,160 [INFO] CodeEngine:289 - Generated code: /home/kamil/STM32CubeIDE/workspace_1.19.0/PCB_STM/Core/Inc/stm32_assert.h
2026-03-11 16:47:50,162 [INFO] CodeEngine:321 - oldGeneratedFile, /home/kamil/STM32CubeIDE/workspace_1.19.0/PCB_STM/Core/Inc/stm32f4xx_hal_conf.h_save
2026-03-11 16:47:50,202 [INFO] CodeEngine:345 - Generated code: /home/kamil/STM32CubeIDE/workspace_1.19.0/PCB_STM/Core/Inc/stm32f4xx_hal_conf.h
2026-03-11 16:47:50,215 [WARN] IPConfigManager:3238 - Warning: the RefConfig PLL2P_FOR_MCO is not available in your config.xml file
2026-03-11 16:47:50,219 [WARN] IPConfigManager:3811 - IP not found : TIM
2026-03-11 16:47:50,219 [WARN] CodeGenerator:4259 - IP not found : null
2026-03-11 16:47:50,221 [INFO] CodeEngine:265 - oldGeneratedFile, /home/kamil/STM32CubeIDE/workspace_1.19.0/PCB_STM/Core/Inc/main.h_save
2026-03-11 16:47:50,263 [INFO] CodeEngine:289 - Generated code: /home/kamil/STM32CubeIDE/workspace_1.19.0/PCB_STM/Core/Inc/main.h
2026-03-11 16:47:50,265 [INFO] CodeEngine:265 - oldGeneratedFile, /home/kamil/STM32CubeIDE/workspace_1.19.0/PCB_STM/Core/Src/main.c_save
2026-03-11 16:47:50,342 [INFO] CodeEngine:289 - Generated code: /home/kamil/STM32CubeIDE/workspace_1.19.0/PCB_STM/Core/Src/main.c
2026-03-11 16:47:50,594 [INFO] ProjectBuilder:3606 - Time for Copy HAL[1] : 33mS.
2026-03-11 16:47:50,597 [INFO] ProjectBuilder:5216 - Project Generator version: 4.7.0-B52
2026-03-11 16:47:50,673 [INFO] ConfigFileManager:1595 - The Die is : DIE421
2026-03-11 16:47:51,163 [INFO] ProjectBuilder:5496 - Time for Generating toolchain IDE Files: 567mS.
2026-03-11 16:47:51,163 [INFO] ProjectBuilder:3463 - Time for Copy CMSIS : 0mS.
2026-03-11 16:47:51,164 [INFO] ProjectBuilder:3463 - Time for Copy CMSIS : 0mS.
2026-03-11 17:02:43,489 [INFO] WebApp:194 - Connection lost
2026-03-11 17:02:53,382 [INFO] WebApp:191 - Connection restablished
2026-03-11 17:03:20,407 [INFO] WebApp:194 - Connection lost
2026-03-11 17:03:31,828 [INFO] WebApp:191 - Connection restablished
2026-03-11 17:06:22,828 [INFO] Gpio:278 - dependency for GPIO [CAN1, I2C3, RCC, SYS, TIM9]
2026-03-11 17:06:39,779 [INFO] UtilMem:75 - End SaveConfig() Used Memory: 637490200 Bytes (1073741824)
2026-03-11 17:06:42,161 [INFO] UtilMem:75 - End SaveConfig() Used Memory: 752307224 Bytes (1073741824)
2026-03-11 17:06:42,301 [INFO] BlockDiagram:2775 - set Specific Code input for plugin: TIM6_7
2026-03-11 17:06:42,301 [INFO] BlockDiagram:2775 - set Specific Code input for plugin: CAN
2026-03-11 17:06:42,301 [INFO] BlockDiagram:2775 - set Specific Code input for plugin: SYS
2026-03-11 17:06:42,301 [INFO] BlockDiagram:2775 - set Specific Code input for plugin: RCC
2026-03-11 17:06:42,301 [INFO] BlockDiagram:2775 - set Specific Code input for plugin: I2C
2026-03-11 17:06:42,301 [INFO] BlockDiagram:2775 - set Specific Code input for plugin: NVIC
2026-03-11 17:06:42,301 [INFO] BlockDiagram:2775 - set Specific Code input for plugin: TIM1_8
2026-03-11 17:06:42,301 [INFO] BlockDiagram:2775 - set Specific Code input for plugin: DMA
2026-03-11 17:06:42,301 [INFO] BlockDiagram:2775 - set Specific Code input for plugin: TIM1_8
2026-03-11 17:06:42,301 [INFO] BlockDiagram:2775 - set Specific Code input for plugin: GPIO
2026-03-11 17:06:42,302 [INFO] CodeGenerator:892 - code generatio: config db path: /opt/st/stm32cubeide_1.19.0/plugins/com.st.stm32cube.common.mx_6.15.0.202507011659//db/
2026-03-11 17:06:42,304 [WARN] IP:2250 - I2C_Coeff_DF not found: check if there is a RefParameter without a condition.
2026-03-11 17:06:42,304 [WARN] IP:2250 - Analog_Filter not found: check if there is a RefParameter without a condition.
2026-03-11 17:06:42,305 [INFO] Argument:325 - Argument : hdmavalue: null
2026-03-11 17:06:42,305 [INFO] Argument:327 - 	 sub Args: 
2026-03-11 17:06:42,305 [INFO] Argument:325 - Argument : Instancevalue: DMA1_Stream2
2026-03-11 17:06:42,305 [INFO] Argument:335 - Argument : Instancevalue: DMA1_Stream2
2026-03-11 17:06:42,305 [INFO] Argument:325 - Argument : Initvalue: null
2026-03-11 17:06:42,305 [INFO] Argument:327 - 	 sub Args: 
2026-03-11 17:06:42,305 [INFO] Argument:325 - Argument : Channelvalue: DMA_CHANNEL_3
2026-03-11 17:06:42,305 [INFO] Argument:335 - Argument : Channelvalue: DMA_CHANNEL_3
2026-03-11 17:06:42,305 [INFO] Argument:325 - Argument : Directionvalue: DMA_PERIPH_TO_MEMORY
2026-03-11 17:06:42,305 [INFO] Argument:335 - Argument : Directionvalue: DMA_PERIPH_TO_MEMORY
2026-03-11 17:06:42,305 [INFO] Argument:325 - Argument : PeriphIncvalue: DMA_PINC_DISABLE
2026-03-11 17:06:42,305 [INFO] Argument:335 - Argument : PeriphIncvalue: DMA_PINC_DISABLE
2026-03-11 17:06:42,305 [INFO] Argument:325 - Argument : MemIncvalue: DMA_MINC_ENABLE
2026-03-11 17:06:42,306 [INFO] Argument:335 - Argument : MemIncvalue: DMA_MINC_ENABLE
2026-03-11 17:06:42,306 [INFO] Argument:325 - Argument : PeriphDataAlignmentvalue: DMA_PDATAALIGN_BYTE
2026-03-11 17:06:42,306 [INFO] Argument:335 - Argument : PeriphDataAlignmentvalue: DMA_PDATAALIGN_BYTE
2026-03-11 17:06:42,306 [INFO] Argument:325 - Argument : MemDataAlignmentvalue: DMA_MDATAALIGN_BYTE
2026-03-11 17:06:42,306 [INFO] Argument:335 - Argument : MemDataAlignmentvalue: DMA_MDATAALIGN_BYTE
2026-03-11 17:06:42,306 [INFO] Argument:325 - Argument : Modevalue: DMA_NORMAL
2026-03-11 17:06:42,306 [INFO] Argument:335 - Argument : Modevalue: DMA_NORMAL
2026-03-11 17:06:42,306 [INFO] Argument:325 - Argument : Priorityvalue: DMA_PRIORITY_HIGH
2026-03-11 17:06:42,306 [INFO] Argument:335 - Argument : Priorityvalue: DMA_PRIORITY_HIGH
2026-03-11 17:06:42,306 [INFO] Argument:325 - Argument : FIFOModevalue: DMA_FIFOMODE_DISABLE
2026-03-11 17:06:42,306 [INFO] Argument:335 - Argument : FIFOModevalue: DMA_FIFOMODE_DISABLE
2026-03-11 17:06:42,306 [INFO] Argument:325 - Argument : FIFOThresholdvalue: null
2026-03-11 17:06:42,306 [INFO] Argument:335 - Argument : FIFOThresholdvalue: null
2026-03-11 17:06:42,306 [INFO] Argument:325 - Argument : MemBurstvalue: null
2026-03-11 17:06:42,306 [INFO] Argument:335 - Argument : MemBurstvalue: null
2026-03-11 17:06:42,306 [INFO] Argument:325 - Argument : PeriphBurstvalue: null
2026-03-11 17:06:42,306 [INFO] Argument:335 - Argument : PeriphBurstvalue: null
2026-03-11 17:06:42,306 [INFO] Argument:325 - Argument : Lockvalue: null
2026-03-11 17:06:42,306 [INFO] Argument:335 - Argument : Lockvalue: null
2026-03-11 17:06:42,306 [INFO] Argument:325 - Argument : Statevalue: null
2026-03-11 17:06:42,306 [INFO] Argument:335 - Argument : Statevalue: null
2026-03-11 17:06:42,306 [INFO] Argument:325 - Argument : Parentvalue: null
2026-03-11 17:06:42,306 [INFO] Argument:335 - Argument : Parentvalue: null
2026-03-11 17:06:42,306 [INFO] Argument:325 - Argument : XferCpltCallbackvalue: null
2026-03-11 17:06:42,306 [INFO] Argument:335 - Argument : XferCpltCallbackvalue: null
2026-03-11 17:06:42,306 [INFO] Argument:325 - Argument : XferHalfCpltCallbackvalue: null
2026-03-11 17:06:42,306 [INFO] Argument:335 - Argument : XferHalfCpltCallbackvalue: null
2026-03-11 17:06:42,307 [INFO] Argument:325 - Argument : XferM1CpltCallbackvalue: null
2026-03-11 17:06:42,307 [INFO] Argument:335 - Argument : XferM1CpltCallbackvalue: null
2026-03-11 17:06:42,307 [INFO] Argument:325 - Argument : XferErrorCallbackvalue: null
2026-03-11 17:06:42,307 [INFO] Argument:335 - Argument : XferErrorCallbackvalue: null
2026-03-11 17:06:42,307 [INFO] Argument:325 - Argument : ErrorCodevalue: null
2026-03-11 17:06:42,307 [INFO] Argument:335 - Argument : ErrorCodevalue: null
2026-03-11 17:06:42,465 [INFO] CodeEngine:265 - oldGeneratedFile, /home/kamil/STM32CubeIDE/workspace_1.19.0/PCB_STM/MXTmpFiles/license.tmp_save
2026-03-11 17:06:42,593 [INFO] CodeEngine:289 - Generated code: /home/kamil/STM32CubeIDE/workspace_1.19.0/PCB_STM/MXTmpFiles/license.tmp
2026-03-11 17:06:42,619 [INFO] CodeEngine:265 - oldGeneratedFile, /home/kamil/STM32CubeIDE/workspace_1.19.0/PCB_STM/MXTmpFiles/gpio.tmp_save
2026-03-11 17:06:42,721 [INFO] CodeEngine:289 - Generated code: /home/kamil/STM32CubeIDE/workspace_1.19.0/PCB_STM/MXTmpFiles/gpio.tmp
2026-03-11 17:06:43,056 [INFO] CodeEngine:265 - oldGeneratedFile, /home/kamil/STM32CubeIDE/workspace_1.19.0/PCB_STM/MXTmpFiles/dma.tmp_save
2026-03-11 17:06:43,132 [INFO] CodeEngine:289 - Generated code: /home/kamil/STM32CubeIDE/workspace_1.19.0/PCB_STM/MXTmpFiles/dma.tmp
2026-03-11 17:06:43,133 [INFO] CodeEngine:265 - oldGeneratedFile, /home/kamil/STM32CubeIDE/workspace_1.19.0/PCB_STM/MXTmpFiles/dma_GV.tmp_save
2026-03-11 17:06:43,204 [INFO] CodeEngine:289 - Generated code: /home/kamil/STM32CubeIDE/workspace_1.19.0/PCB_STM/MXTmpFiles/dma_GV.tmp
2026-03-11 17:06:43,213 [INFO] CodeEngine:265 - oldGeneratedFile, /home/kamil/STM32CubeIDE/workspace_1.19.0/PCB_STM/Core/Src/stm32f4xx_it.c_save
2026-03-11 17:06:43,400 [INFO] CodeEngine:289 - Generated code: /home/kamil/STM32CubeIDE/workspace_1.19.0/PCB_STM/Core/Src/stm32f4xx_it.c
2026-03-11 17:06:43,401 [INFO] CodeEngine:265 - oldGeneratedFile, /home/kamil/STM32CubeIDE/workspace_1.19.0/PCB_STM/Core/Inc/stm32f4xx_it.h_save
2026-03-11 17:06:43,459 [INFO] CodeEngine:289 - Generated code: /home/kamil/STM32CubeIDE/workspace_1.19.0/PCB_STM/Core/Inc/stm32f4xx_it.h
2026-03-11 17:06:43,466 [INFO] CodeEngine:265 - oldGeneratedFile, /home/kamil/STM32CubeIDE/workspace_1.19.0/PCB_STM/Core/Src/stm32f4xx_hal_msp.c_save
2026-03-11 17:06:43,558 [INFO] CodeEngine:289 - Generated code: /home/kamil/STM32CubeIDE/workspace_1.19.0/PCB_STM/Core/Src/stm32f4xx_hal_msp.c
2026-03-11 17:06:43,558 [INFO] CodeEngine:265 - oldGeneratedFile, /home/kamil/STM32CubeIDE/workspace_1.19.0/PCB_STM/MXTmpFiles/system.tmp_save
2026-03-11 17:06:43,594 [INFO] CodeEngine:289 - Generated code: /home/kamil/STM32CubeIDE/workspace_1.19.0/PCB_STM/MXTmpFiles/system.tmp
2026-03-11 17:06:43,595 [INFO] CodeEngine:265 - oldGeneratedFile, /home/kamil/STM32CubeIDE/workspace_1.19.0/PCB_STM/Core/Inc/stm32_assert.h_save
2026-03-11 17:06:43,629 [INFO] CodeEngine:289 - Generated code: /home/kamil/STM32CubeIDE/workspace_1.19.0/PCB_STM/Core/Inc/stm32_assert.h
2026-03-11 17:06:43,631 [INFO] CodeEngine:321 - oldGeneratedFile, /home/kamil/STM32CubeIDE/workspace_1.19.0/PCB_STM/Core/Inc/stm32f4xx_hal_conf.h_save
2026-03-11 17:06:43,672 [INFO] CodeEngine:345 - Generated code: /home/kamil/STM32CubeIDE/workspace_1.19.0/PCB_STM/Core/Inc/stm32f4xx_hal_conf.h
2026-03-11 17:06:43,690 [WARN] IPConfigManager:3238 - Warning: the RefConfig PLL2P_FOR_MCO is not available in your config.xml file
2026-03-11 17:06:43,693 [WARN] IPConfigManager:3811 - IP not found : TIM
2026-03-11 17:06:43,693 [WARN] CodeGenerator:4259 - IP not found : null
2026-03-11 17:06:43,695 [INFO] CodeEngine:265 - oldGeneratedFile, /home/kamil/STM32CubeIDE/workspace_1.19.0/PCB_STM/Core/Inc/main.h_save
2026-03-11 17:06:43,750 [INFO] CodeEngine:289 - Generated code: /home/kamil/STM32CubeIDE/workspace_1.19.0/PCB_STM/Core/Inc/main.h
2026-03-11 17:06:43,751 [INFO] CodeEngine:265 - oldGeneratedFile, /home/kamil/STM32CubeIDE/workspace_1.19.0/PCB_STM/Core/Src/main.c_save
2026-03-11 17:06:43,826 [INFO] CodeEngine:289 - Generated code: /home/kamil/STM32CubeIDE/workspace_1.19.0/PCB_STM/Core/Src/main.c
2026-03-11 17:06:44,002 [INFO] ProjectBuilder:3606 - Time for Copy HAL[1] : 20mS.
2026-03-11 17:06:44,004 [INFO] ProjectBuilder:5216 - Project Generator version: 4.7.0-B52
2026-03-11 17:06:44,056 [INFO] ConfigFileManager:1595 - The Die is : DIE421
2026-03-11 17:06:44,599 [INFO] ProjectBuilder:5496 - Time for Generating toolchain IDE Files: 595mS.
2026-03-11 17:06:44,600 [INFO] ProjectBuilder:3463 - Time for Copy CMSIS : 0mS.
2026-03-11 17:06:44,601 [INFO] ProjectBuilder:3463 - Time for Copy CMSIS : 0mS.
2026-03-11 17:07:10,987 [ERROR] LogOutputStream:75 - [STDERR_REDIRECT] 
2026-03-11 17:07:17,092 [INFO] Activator:176 - 


2026-03-11 17:07:17,093 [INFO] Activator:177 - !SESSION log4j initialized
2026-03-11 17:07:19,784 [INFO] LogOutputStream:77 - [STDOUT_REDIRECT] 
2026-03-11 17:07:20,201 [INFO] ApplicationProperties:184 - Using Application install path: /opt/st/stm32cubeide_1.19.0/plugins/com.st.stm32cube.common.mx_6.15.0.202507011659
2026-03-11 17:07:20,212 [INFO] DbMcusXml:78 - Set database path to: /opt/st/stm32cubeide_1.19.0/plugins/com.st.stm32cube.common.mx_6.15.0.202507011659//db//mcu/
2026-03-11 17:07:20,212 [INFO] ApiDb:274 - Set plugin database path to: /opt/st/stm32cubeide_1.19.0/plugins/com.st.stm32cube.common.mx_6.15.0.202507011659//db//plugins/boardmanager/
2026-03-11 17:07:20,212 [WARN] ApiDb:259 - Overriding images path with different value:  => /opt/st/stm32cubeide_1.19.0/plugins/com.st.stm32cube.common.mx_6.15.0.202507011659//db//plugins/mcufinder/images/
2026-03-11 17:07:20,214 [INFO] ApiDb:250 - Set database path to: /home/kamil/.stmcufinder/plugins/mcufinder//mcu/
2026-03-11 17:07:20,215 [INFO] DbMcusAds:125 - Set database path to: /home/kamil/.stmcufinder/plugins/mcufinder//mcu/
2026-03-11 17:07:20,215 [INFO] CrossReferenceDbSqlite:203 - Set database path to: /home/kamil/.stmcufinder/plugins/mcufinder//mcu/cs/
2026-03-11 17:07:20,288 [INFO] RulesReader:64 - Compatibility file has been processed (317 Rules)
2026-03-11 17:07:20,337 [INFO] DbMcusXml:78 - Set database path to: /opt/st/stm32cubeide_1.19.0/plugins/com.st.stm32cube.common.mx_6.15.0.202507011659//db//mcu/
2026-03-11 17:07:20,337 [INFO] ApiDb:274 - Set plugin database path to: /opt/st/stm32cubeide_1.19.0/plugins/com.st.stm32cube.common.mx_6.15.0.202507011659//db//plugins/boardmanager/
2026-03-11 17:07:20,337 [INFO] ApiDb:261 - Set plugin images path to: /opt/st/stm32cubeide_1.19.0/plugins/com.st.stm32cube.common.mx_6.15.0.202507011659//db//plugins/mcufinder/images/
2026-03-11 17:07:20,337 [WARN] DbFile:41 - Overriding database path with different value: /home/kamil/.stmcufinder/plugins/mcufinder/ => /home/kamil/.stmcufinder/plugins/mcufinder
2026-03-11 17:07:20,337 [INFO] ApiDb:250 - Set database path to: /home/kamil/.stmcufinder/plugins/mcufinder//mcu/
2026-03-11 17:07:20,337 [WARN] DbFile:41 - Overriding database path with different value: /home/kamil/.stmcufinder/plugins/mcufinder/ => /home/kamil/.stmcufinder/plugins/mcufinder
2026-03-11 17:07:20,337 [INFO] DbMcusAds:125 - Set database path to: /home/kamil/.stmcufinder/plugins/mcufinder//mcu/
2026-03-11 17:07:20,338 [WARN] DbFile:41 - Overriding database path with different value: /home/kamil/.stmcufinder/plugins/mcufinder/ => /home/kamil/.stmcufinder/plugins/mcufinder
2026-03-11 17:07:20,338 [WARN] DbFile:41 - Overriding database path with different value: /home/kamil/.stmcufinder/plugins/mcufinder/ => /home/kamil/.stmcufinder/plugins/mcufinder
2026-03-11 17:07:20,338 [INFO] CrossReferenceDbSqlite:203 - Set database path to: /home/kamil/.stmcufinder/plugins/mcufinder//mcu/cs/
2026-03-11 17:07:20,380 [INFO] MainPanel:274 - HeapMemory: 268435456
2026-03-11 17:07:20,466 [INFO] DbMcusXml:78 - Set database path to: /opt/st/stm32cubeide_1.19.0/plugins/com.st.stm32cube.common.mx_6.15.0.202507011659//db//mcu/
2026-03-11 17:07:20,466 [INFO] ApiDb:274 - Set plugin database path to: /opt/st/stm32cubeide_1.19.0/plugins/com.st.stm32cube.common.mx_6.15.0.202507011659//db//plugins/boardmanager/
2026-03-11 17:07:20,466 [INFO] ApiDb:261 - Set plugin images path to: /opt/st/stm32cubeide_1.19.0/plugins/com.st.stm32cube.common.mx_6.15.0.202507011659//db//plugins/mcufinder/images/
2026-03-11 17:07:20,466 [WARN] DbFile:41 - Overriding database path with different value: /home/kamil/.stmcufinder/plugins/mcufinder/ => /home/kamil/.stmcufinder/plugins/mcufinder
2026-03-11 17:07:20,467 [INFO] ApiDb:250 - Set database path to: /home/kamil/.stmcufinder/plugins/mcufinder//mcu/
2026-03-11 17:07:20,467 [WARN] DbFile:41 - Overriding database path with different value: /home/kamil/.stmcufinder/plugins/mcufinder/ => /home/kamil/.stmcufinder/plugins/mcufinder
2026-03-11 17:07:20,467 [INFO] DbMcusAds:125 - Set database path to: /home/kamil/.stmcufinder/plugins/mcufinder//mcu/
2026-03-11 17:07:20,467 [WARN] DbFile:41 - Overriding database path with different value: /home/kamil/.stmcufinder/plugins/mcufinder/ => /home/kamil/.stmcufinder/plugins/mcufinder
2026-03-11 17:07:20,467 [WARN] DbFile:41 - Overriding database path with different value: /home/kamil/.stmcufinder/plugins/mcufinder/ => /home/kamil/.stmcufinder/plugins/mcufinder
2026-03-11 17:07:20,467 [INFO] CrossReferenceDbSqlite:203 - Set database path to: /home/kamil/.stmcufinder/plugins/mcufinder//mcu/cs/
2026-03-11 17:07:20,477 [INFO] ApplicationProperties:184 - Using Application install path: /opt/st/stm32cubeide_1.19.0/plugins/com.st.stm32cube.common.mx_6.15.0.202507011659
2026-03-11 17:07:20,478 [INFO] PluginManage:196 - Search for loadable plugins [exclusion list=, ]
2026-03-11 17:07:20,478 [INFO] PluginManage:310 - Check plugin analytics
2026-03-11 17:07:20,581 [INFO] AnalyticsPlugin:253 - Accepted Software Licenses: 
2026-03-11 17:07:20,581 [INFO] AnalyticsPlugin:255 - Accepted CMSIS Pack Licenses: 
2026-03-11 17:07:20,581 [INFO] AnalyticsPlugin:257 - Accepted Firmware Licenses: FW.F4.1.28.0
2026-03-11 17:07:20,582 [INFO] PluginManage:359 - Loaded plugin analytics (category:tool,tabindex:-1)
2026-03-11 17:07:20,582 [INFO] PluginManage:310 - Check plugin cadmodel
2026-03-11 17:07:20,585 [INFO] CADModel:105 - Init CAD model plugin
2026-03-11 17:07:20,585 [INFO] PluginManage:359 - Loaded plugin cadmodel (category:power,tabindex:5)
2026-03-11 17:07:20,585 [INFO] PluginManage:310 - Check plugin clock
2026-03-11 17:07:20,590 [INFO] PluginManage:359 - Loaded plugin clock (category:base,tabindex:2)
2026-03-11 17:07:20,590 [INFO] PluginManage:310 - Check plugin ddr
2026-03-11 17:07:20,591 [INFO] PluginManage:359 - Loaded plugin ddr (category:tool,tabindex:6)
2026-03-11 17:07:20,591 [INFO] PluginManage:310 - Check plugin filemanager
2026-03-11 17:07:20,672 [INFO] PluginManage:359 - Loaded plugin filemanager (category:base,tabindex:10)
2026-03-11 17:07:20,672 [INFO] PluginManage:310 - Check plugin ipmanager
2026-03-11 17:07:20,675 [INFO] PluginManage:359 - Loaded plugin ipmanager (category:base,tabindex:5)
2026-03-11 17:07:20,675 [INFO] PluginManage:310 - Check plugin lpbam
2026-03-11 17:07:20,679 [INFO] PluginManage:359 - Loaded plugin lpbam (category:base,tabindex:0)
2026-03-11 17:07:20,679 [INFO] PluginManage:310 - Check plugin memorymap
2026-03-11 17:07:20,685 [INFO] PluginManage:359 - Loaded plugin memorymap (category:base,tabindex:4)
2026-03-11 17:07:20,685 [INFO] PluginManage:310 - Check plugin pinoutandconfiguration
2026-03-11 17:07:20,689 [INFO] PluginManage:359 - Loaded plugin pinoutandconfiguration (category:base,tabindex:1)
2026-03-11 17:07:20,689 [INFO] PluginManage:310 - Check plugin pinoutconfig
2026-03-11 17:07:20,740 [WARN] SupportedApi:132 - Cannot load RTOS API schema: s4s-elt-must-match.1: The content of 'definitions' must match (annotation?, (simpleType | complexType)?, (unique | key | keyref)*)). A problem was found starting at: attribute.
2026-03-11 17:07:20,812 [INFO] PluginManage:359 - Loaded plugin pinoutconfig (category:base,tabindex:0)
2026-03-11 17:07:20,812 [INFO] PluginManage:310 - Check plugin power
2026-03-11 17:07:20,817 [INFO] PluginManage:359 - Loaded plugin power (category:power,tabindex:4)
2026-03-11 17:07:20,817 [INFO] PluginManage:310 - Check plugin projectmanager
2026-03-11 17:07:20,827 [INFO] PluginManage:359 - Loaded plugin projectmanager (category:projectmanager,tabindex:4)
2026-03-11 17:07:20,827 [INFO] PluginManage:310 - Check plugin rif
2026-03-11 17:07:20,832 [INFO] PluginManage:359 - Loaded plugin rif (category:base,tabindex:3)
2026-03-11 17:07:20,832 [INFO] PluginManage:310 - Check plugin thirdparty
2026-03-11 17:07:20,893 [INFO] PluginManage:359 - Loaded plugin thirdparty (category:base,tabindex:-1)
2026-03-11 17:07:20,893 [INFO] PluginManage:310 - Check plugin tools
2026-03-11 17:07:20,893 [WARN] IntegrityCheckThread:84 - waiting for thirdparty lock release [integrity check]
2026-03-11 17:07:20,893 [INFO] IntegrityCheckThread:86 - entering critical section [integrity check]
2026-03-11 17:07:20,894 [INFO] ThirdPartyUpdaterWithRetryManager:70 - Updater plugin not ready yet. [1/15]
2026-03-11 17:07:20,894 [INFO] PluginManage:359 - Loaded plugin tools (category:base,tabindex:7)
2026-03-11 17:07:20,894 [INFO] PluginManage:310 - Check plugin tutovideos
2026-03-11 17:07:20,997 [INFO] PluginManage:359 - Loaded plugin tutovideos (category:base,tabindex:-1)
2026-03-11 17:07:20,998 [INFO] PluginManage:310 - Check plugin updater
2026-03-11 17:07:21,011 [INFO] PluginManage:359 - Loaded plugin updater (category:base,tabindex:12)
2026-03-11 17:07:21,012 [INFO] PluginManage:310 - Check plugin userauth
2026-03-11 17:07:21,014 [INFO] UserAuth:118 - Init User Auth plugin
2026-03-11 17:07:21,014 [INFO] PluginManage:359 - Loaded plugin userauth (category:base,tabindex:14)
2026-03-11 17:07:21,014 [INFO] PluginManage:283 - PluginManage : Loaded plugins [18]
2026-03-11 17:07:21,102 [INFO] PinOutPanel:1589 - setPackage(No Configuration,No Configuration)
2026-03-11 17:07:21,137 [INFO] CADModel:165 - CPN selected for project level
2026-03-11 17:07:21,137 [INFO] CADModel:114 - Register for checkConnection events
2026-03-11 17:07:21,142 [INFO] IPUIPlugin:80 - create IPUIPlugin
2026-03-11 17:07:21,142 [INFO] PluginManager:220 - loadIPPluginJar : add tracer_emb
2026-03-11 17:07:21,143 [INFO] IPUIPlugin:80 - create IPUIPlugin
2026-03-11 17:07:21,143 [INFO] PluginManager:220 - loadIPPluginJar : add radio
2026-03-11 17:07:21,146 [INFO] IPUIPlugin:80 - create IPUIPlugin
2026-03-11 17:07:21,146 [INFO] PluginManager:220 - loadIPPluginJar : add ddr_ctrl_phy
2026-03-11 17:07:21,149 [INFO] IPUIPlugin:80 - create IPUIPlugin
2026-03-11 17:07:21,149 [INFO] PluginManager:220 - loadIPPluginJar : add mdma
2026-03-11 17:07:21,151 [INFO] IPUIPlugin:80 - create IPUIPlugin
2026-03-11 17:07:21,151 [INFO] PluginManager:220 - loadIPPluginJar : add touchsensing
2026-03-11 17:07:21,152 [INFO] IPUIPlugin:80 - create IPUIPlugin
2026-03-11 17:07:21,152 [INFO] PluginManager:220 - loadIPPluginJar : add ucpd
2026-03-11 17:07:21,154 [INFO] IPUIPlugin:80 - create IPUIPlugin
2026-03-11 17:07:21,156 [INFO] PluginManager:220 - loadIPPluginJar : add plateformsettings
2026-03-11 17:07:21,157 [INFO] IPUIPlugin:80 - create IPUIPlugin
2026-03-11 17:07:21,157 [INFO] PluginManager:220 - loadIPPluginJar : add ipddr
2026-03-11 17:07:21,160 [INFO] IPUIPlugin:80 - create IPUIPlugin
2026-03-11 17:07:21,160 [INFO] PluginManager:220 - loadIPPluginJar : add resmgrutility
2026-03-11 17:07:21,160 [INFO] IPUIPlugin:80 - create IPUIPlugin
2026-03-11 17:07:21,160 [INFO] PluginManager:220 - loadIPPluginJar : add ts
2026-03-11 17:07:21,161 [INFO] IPUIPlugin:80 - create IPUIPlugin
2026-03-11 17:07:21,161 [INFO] PluginManager:220 - loadIPPluginJar : add dma3
2026-03-11 17:07:21,162 [INFO] IPUIPlugin:80 - create IPUIPlugin
2026-03-11 17:07:21,162 [INFO] PluginManager:220 - loadIPPluginJar : add openamp
2026-03-11 17:07:21,163 [INFO] IPUIPlugin:80 - create IPUIPlugin
2026-03-11 17:07:21,163 [INFO] PluginManager:220 - loadIPPluginJar : add opamp
2026-03-11 17:07:21,164 [INFO] IPUIPlugin:80 - create IPUIPlugin
2026-03-11 17:07:21,164 [INFO] PluginManager:220 - loadIPPluginJar : add pdm2pcm
2026-03-11 17:07:21,165 [INFO] IPUIPlugin:80 - create IPUIPlugin
2026-03-11 17:07:21,165 [INFO] PluginManager:220 - loadIPPluginJar : add gfxmmu
2026-03-11 17:07:21,166 [INFO] IPUIPlugin:80 - create IPUIPlugin
2026-03-11 17:07:21,166 [INFO] PluginManager:220 - loadIPPluginJar : add aes
2026-03-11 17:07:21,167 [INFO] IPUIPlugin:80 - create IPUIPlugin
2026-03-11 17:07:21,167 [INFO] PluginManager:220 - loadIPPluginJar : add gtzc
2026-03-11 17:07:21,168 [INFO] IPUIPlugin:80 - create IPUIPlugin
2026-03-11 17:07:21,168 [INFO] PluginManager:220 - loadIPPluginJar : add sai
2026-03-11 17:07:21,169 [INFO] IPUIPlugin:80 - create IPUIPlugin
2026-03-11 17:07:21,169 [INFO] PluginManager:220 - loadIPPluginJar : add tsc
2026-03-11 17:07:21,170 [INFO] IPUIPlugin:80 - create IPUIPlugin
2026-03-11 17:07:21,170 [INFO] PluginManager:220 - loadIPPluginJar : add usbx
2026-03-11 17:07:21,171 [INFO] IPUIPlugin:80 - create IPUIPlugin
2026-03-11 17:07:21,171 [INFO] PluginManager:220 - loadIPPluginJar : add can
2026-03-11 17:07:21,172 [INFO] IPUIPlugin:80 - create IPUIPlugin
2026-03-11 17:07:21,173 [INFO] PluginManager:220 - loadIPPluginJar : add i2c
2026-03-11 17:07:21,174 [INFO] IPUIPlugin:80 - create IPUIPlugin
2026-03-11 17:07:21,174 [INFO] PluginManager:220 - loadIPPluginJar : add lorawan
2026-03-11 17:07:21,175 [INFO] IPUIPlugin:80 - create IPUIPlugin
2026-03-11 17:07:21,175 [INFO] PluginManager:220 - loadIPPluginJar : add spi
2026-03-11 17:07:21,178 [INFO] IPUIPlugin:80 - create IPUIPlugin
2026-03-11 17:07:21,178 [INFO] PluginManager:220 - loadIPPluginJar : add linkedlist
2026-03-11 17:07:21,181 [INFO] IPUIPlugin:80 - create IPUIPlugin
2026-03-11 17:07:21,181 [INFO] PluginManager:220 - loadIPPluginJar : add fmc
2026-03-11 17:07:21,182 [INFO] IPUIPlugin:80 - create IPUIPlugin
2026-03-11 17:07:21,182 [INFO] PluginManager:220 - loadIPPluginJar : add i3c
2026-03-11 17:07:21,182 [INFO] IPUIPlugin:80 - create IPUIPlugin
2026-03-11 17:07:21,182 [INFO] PluginManager:220 - loadIPPluginJar : add ltdc
2026-03-11 17:07:21,185 [INFO] IPUIPlugin:80 - create IPUIPlugin
2026-03-11 17:07:21,185 [INFO] PluginManager:220 - loadIPPluginJar : add dma
2026-03-11 17:07:21,189 [INFO] IPUIPlugin:80 - create IPUIPlugin
2026-03-11 17:07:21,189 [INFO] PluginManager:220 - loadIPPluginJar : add freertos
2026-03-11 17:07:21,190 [INFO] IPUIPlugin:80 - create IPUIPlugin
2026-03-11 17:07:21,190 [INFO] PluginManager:220 - loadIPPluginJar : add hash
2026-03-11 17:07:21,193 [INFO] IPUIPlugin:80 - create IPUIPlugin
2026-03-11 17:07:21,193 [INFO] PluginManager:220 - loadIPPluginJar : add adc
2026-03-11 17:07:21,195 [INFO] IPUIPlugin:80 - create IPUIPlugin
2026-03-11 17:07:21,195 [INFO] PluginManager:220 - loadIPPluginJar : add usart
2026-03-11 17:07:21,198 [INFO] IPUIPlugin:80 - create IPUIPlugin
2026-03-11 17:07:21,198 [INFO] PluginManager:220 - loadIPPluginJar : add stm32_wpan
2026-03-11 17:07:21,199 [INFO] IPUIPlugin:80 - create IPUIPlugin
2026-03-11 17:07:21,199 [INFO] PluginManager:220 - loadIPPluginJar : add genericplugin
2026-03-11 17:07:21,201 [INFO] IPUIPlugin:80 - create IPUIPlugin
2026-03-11 17:07:21,201 [INFO] PluginManager:220 - loadIPPluginJar : add gpio
2026-03-11 17:07:21,202 [INFO] IPUIPlugin:80 - create IPUIPlugin
2026-03-11 17:07:21,202 [INFO] PluginManager:220 - loadIPPluginJar : add nvic
2026-03-11 17:07:21,203 [INFO] IPUIPlugin:80 - create IPUIPlugin
2026-03-11 17:07:21,204 [INFO] PluginManager:220 - loadIPPluginJar : add dfsdm
2026-03-11 17:07:21,204 [INFO] IPUIPlugin:80 - create IPUIPlugin
2026-03-11 17:07:21,204 [INFO] PluginManager:220 - loadIPPluginJar : add fatfs
2026-03-11 17:07:21,205 [INFO] IPUIPlugin:80 - create IPUIPlugin
2026-03-11 17:07:21,205 [INFO] PluginManager:220 - loadIPPluginJar : add comp
2026-03-11 17:07:21,206 [INFO] IPUIPlugin:80 - create IPUIPlugin
2026-03-11 17:07:21,206 [INFO] PluginManager:220 - loadIPPluginJar : add i2s
2026-03-11 17:07:21,207 [INFO] IPUIPlugin:80 - create IPUIPlugin
2026-03-11 17:07:21,207 [INFO] PluginManager:220 - loadIPPluginJar : add cryp
2026-03-11 17:07:21,208 [INFO] IPUIPlugin:80 - create IPUIPlugin
2026-03-11 17:07:21,208 [INFO] PluginManager:220 - loadIPPluginJar : add quadspi
2026-03-11 17:07:21,210 [INFO] IPUIPlugin:80 - create IPUIPlugin
2026-03-11 17:07:21,210 [INFO] PluginManager:220 - loadIPPluginJar : add gic
2026-03-11 17:07:21,211 [INFO] IPUIPlugin:80 - create IPUIPlugin
2026-03-11 17:07:21,211 [INFO] PluginManager:220 - loadIPPluginJar : add tim
2026-03-11 17:07:21,212 [INFO] IPUIPlugin:80 - create IPUIPlugin
2026-03-11 17:07:21,212 [INFO] PluginManager:220 - loadIPPluginJar : add extmemmanager
2026-03-11 17:07:21,303 [FATAL] Updater:351 - Updater called before beeing initialized
2026-03-11 17:07:21,319 [INFO] RulesReader:64 - Compatibility file has been processed (317 Rules)
2026-03-11 17:07:21,330 [INFO] RulesReader:64 - Compatibility file has been processed (317 Rules)
2026-03-11 17:07:21,335 [INFO] CADModel:165 - CPN selected for project level
2026-03-11 17:07:21,335 [INFO] CADModel:114 - Register for checkConnection events
2026-03-11 17:07:21,335 [FATAL] Updater:351 - Updater called before beeing initialized
2026-03-11 17:07:21,335 [ERROR] CADModel:125 - Updater not yet initialized, retry later 
2026-03-11 17:07:21,410 [FATAL] Updater:351 - Updater called before beeing initialized
2026-03-11 17:07:21,411 [INFO] CADModel:165 - CPN selected for project level
2026-03-11 17:07:21,411 [INFO] CADModel:114 - Register for checkConnection events
2026-03-11 17:07:21,411 [FATAL] Updater:351 - Updater called before beeing initialized
2026-03-11 17:07:21,411 [ERROR] CADModel:125 - Updater not yet initialized, retry later 
2026-03-11 17:07:21,413 [FATAL] Updater:351 - Updater called before beeing initialized
2026-03-11 17:07:21,468 [FATAL] Updater:351 - Updater called before beeing initialized
2026-03-11 17:07:21,472 [INFO] DbMcusAds:53 - JSON generation date=Wed Feb 18 15:32:49 CET 2026 (1771425169371)
2026-03-11 17:07:21,472 [FATAL] Updater:351 - Updater called before beeing initialized
2026-03-11 17:07:21,492 [WARN] DetailPanel:346 - Failed to get advertising image, set to default
2026-03-11 17:07:21,538 [FATAL] Updater:351 - Updater called before beeing initialized
2026-03-11 17:07:21,539 [FATAL] Updater:351 - Updater called before beeing initialized
2026-03-11 17:07:21,539 [FATAL] Updater:351 - Updater called before beeing initialized
2026-03-11 17:07:21,539 [WARN] DetailPanel:346 - Failed to get advertising image, set to default
2026-03-11 17:07:21,540 [FATAL] Updater:351 - Updater called before beeing initialized
2026-03-11 17:07:21,563 [ERROR] Updater:1198 - MainUpdater not yet initialized. External WinMGr cannot be set.
2026-03-11 17:07:21,564 [INFO] Updater:1134 - Updater Version found : 6.15.0
2026-03-11 17:07:21,576 [INFO] ApplicationProperties:184 - Using Application install path: /opt/st/stm32cubeide_1.19.0/plugins/com.st.stm32cube.common.mx_6.15.0.202507011659
2026-03-11 17:07:21,836 [INFO] MainUpdater:2872 - connection check result : 10
2026-03-11 17:07:21,836 [INFO] MainUpdater:289 - Updater Check For Update Now.
2026-03-11 17:07:21,836 [INFO] MicroXplorer:498 - Change Database Version : DB.6.0.150
2026-03-11 17:07:21,839 [INFO] McuFinderGlobals:63 - Set McuFinder mode to 2 (CubeIDE integrated)
2026-03-11 17:07:21,839 [INFO] UserAuth:487 - Internet connection configuration mode: 1
2026-03-11 17:07:21,852 [INFO] JxBrowserEngine:152 - Initiate JxBrowser Engine with user profile folder
2026-03-11 17:07:21,994 [INFO] CheckServerUpdateThread:120 - End of CheckServer Thread
2026-03-11 17:07:22,301 [INFO] WebApp:169 - Instantiating new browser for Auth
2026-03-11 17:07:22,740 [INFO] WebApp:463 - Apply proxy settings
2026-03-11 17:07:22,740 [INFO] WebApp:548 - Chromium requires no authentication
2026-03-11 17:07:22,745 [INFO] WebApp:491 - Direct internet connection detected
2026-03-11 17:07:22,756 [INFO] WebApp:900 - Register for checkConnection events
2026-03-11 17:07:22,757 [INFO] WebApp:463 - Apply proxy settings
2026-03-11 17:07:22,757 [INFO] WebApp:548 - Chromium requires no authentication
2026-03-11 17:07:22,757 [INFO] WebApp:491 - Direct internet connection detected
2026-03-11 17:07:22,833 [INFO] WebApp:225 - Starting web application
2026-03-11 17:07:22,833 [INFO] WebApp:593 - Web application path used /opt/st/stm32cubeide_1.19.0/plugins/com.st.stm32cube.common.mx_6.15.0.202507011659/db/plugins/mcufinder/reactClient1/index.html
2026-03-11 17:07:22,910 [INFO] UserAuth:487 - Internet connection configuration mode: 1
2026-03-11 17:07:22,961 [INFO] WebApp:191 - Connection restablished
2026-03-11 17:07:24,061 [WARN] PackLoader:240 - Cannot read IP mode file for STMicroelectronics.X-CUBE-AZRTOS-H7.3.5.0
2026-03-11 17:07:24,068 [WARN] PackLoader:240 - Cannot read IP mode file for STMicroelectronics.FP-SNS-MOTENVWB1.1.4.0
2026-03-11 17:07:24,072 [WARN] PackLoader:240 - Cannot read IP mode file for STMicroelectronics.FP-ATR-ASTRA1.2.0.2
2026-03-11 17:07:24,076 [WARN] PackLoader:240 - Cannot read IP mode file for STMicroelectronics.X-CUBE-SMBUS.2.1.0
2026-03-11 17:07:24,079 [WARN] PackLoader:240 - Cannot read IP mode file for STMicroelectronics.X-CUBE-ST60.1.0.0
2026-03-11 17:07:24,094 [WARN] PackLoader:240 - Cannot read IP mode file for STMicroelectronics.X-CUBE-AZRTOS-F7.1.1.0
2026-03-11 17:07:24,100 [WARN] PackLoader:240 - Cannot read IP mode file for Cesanta.I-CUBE-Mongoose.7.19.0
2026-03-11 17:07:24,103 [WARN] PackLoader:240 - Cannot read IP mode file for STMicroelectronics.FP-SNS-MOTENV1.5.1.0
2026-03-11 17:07:24,109 [WARN] PackLoader:240 - Cannot read IP mode file for WES.I-CUBE-Cesium.1.4.0
2026-03-11 17:07:24,125 [WARN] PackLoader:240 - Cannot read IP mode file for Infineon.AIROC-Wi-Fi-Bluetooth-STM32.1.7.1
2026-03-11 17:07:24,145 [WARN] PackLoader:240 - Cannot read IP mode file for STMicroelectronics.X-CUBE-AZRTOS-H7.3.4.0
2026-03-11 17:07:24,152 [WARN] PackLoader:240 - Cannot read IP mode file for STMicroelectronics.X-CUBE-DISPLAY.3.0.0
2026-03-11 17:07:24,158 [WARN] PackLoader:240 - Cannot read IP mode file for STMicroelectronics.FP-SNS-MOTENVWB1.1.5.0
2026-03-11 17:07:24,163 [WARN] PackLoader:240 - Cannot read IP mode file for STMicroelectronics.X-CUBE-NFC10.1.0.0
2026-03-11 17:07:24,168 [WARN] PackLoader:240 - Cannot read IP mode file for STMicroelectronics.X-CUBE-ST60.1.1.0
2026-03-11 17:07:24,172 [WARN] PackLoader:240 - Cannot read IP mode file for emotas.I-CUBE-CANOPEN.1.3.0
2026-03-11 17:07:24,175 [WARN] PackLoader:240 - Cannot read IP mode file for STMicroelectronics.X-CUBE-GNSS1.7.1.0
2026-03-11 17:07:24,180 [WARN] PackLoader:240 - Cannot read IP mode file for STMicroelectronics.FP-SNS-SMARTAG2.1.2.0
2026-03-11 17:07:24,182 [WARN] PackLoader:240 - Cannot read IP mode file for STMicroelectronics.FP-SNS-FLIGHT1.5.1.0
2026-03-11 17:07:24,194 [INFO] LogOutputStream:77 - [STDOUT_REDIRECT] 1 : Invalid condition id : UX_CORESTACK_Condition cause : null
2026-03-11 17:07:24,195 [INFO] LogOutputStream:77 - [STDOUT_REDIRECT] 1 : Invalid condition id : UX_CORESTACK_Condition cause : null
2026-03-11 17:07:24,195 [INFO] LogOutputStream:77 - [STDOUT_REDIRECT] 1 : Invalid condition id : UX_CORESTACK_Condition cause : null
2026-03-11 17:07:24,195 [INFO] LogOutputStream:77 - [STDOUT_REDIRECT] 1 : Invalid condition id : UX_CORESTACK_Condition cause : null
2026-03-11 17:07:24,195 [INFO] LogOutputStream:77 - [STDOUT_REDIRECT] 1 : Invalid condition id : UX_CORESTACK_Condition cause : null
2026-03-11 17:07:24,197 [WARN] PackLoader:240 - Cannot read IP mode file for STMicroelectronics.X-CUBE-AZRTOS-WL.2.0.0
2026-03-11 17:07:24,201 [WARN] PackLoader:240 - Cannot read IP mode file for STMicroelectronics.FP-SNS-MOTENV1.5.0.0
2026-03-11 17:07:24,213 [WARN] PackLoader:240 - Cannot read IP mode file for STMicroelectronics.X-CUBE-AZRTOS-H7RS.1.2.0
2026-03-11 17:07:24,218 [WARN] PackLoader:240 - Cannot read IP mode file for STMicroelectronics.X-CUBE-BLE2.3.3.0
2026-03-11 17:07:24,230 [WARN] PackLoader:240 - Cannot read IP mode file for STMicroelectronics.X-CUBE-NFC9.1.0.0
2026-03-11 17:07:24,234 [WARN] PackLoader:240 - Cannot read IP mode file for wolfSSL.I-CUBE-wolfSSL.5.8.2
2026-03-11 17:07:24,237 [WARN] PackLoader:240 - Cannot read IP mode file for STMicroelectronics.X-CUBE-BLE1.7.1.0
2026-03-11 17:07:24,239 [WARN] PackLoader:240 - Cannot read IP mode file for wolfSSL.I-CUBE-wolfMQTT.1.19.2
2026-03-11 17:07:24,243 [WARN] PackLoader:240 - Cannot read IP mode file for STMicroelectronics.X-CUBE-FREERTOS.1.4.0
2026-03-11 17:07:24,246 [WARN] PackLoader:240 - Cannot read IP mode file for STMicroelectronics.X-CUBE-EEPRMA1.5.2.0
2026-03-11 17:07:24,251 [WARN] PackLoader:240 - Cannot read IP mode file for STMicroelectronics.X-CUBE-ST67W61.1.1.0
2026-03-11 17:07:24,277 [WARN] PackLoader:240 - Cannot read IP mode file for STMicroelectronics.X-CUBE-MEMS1.12.0.0
2026-03-11 17:07:24,355 [WARN] PackLoader:240 - Cannot read IP mode file for STMicroelectronics.X-CUBE-AZRTOS-G0.1.1.0
2026-03-11 17:07:24,361 [WARN] PackLoader:240 - Cannot read IP mode file for STMicroelectronics.X-CUBE-SAFEA1.1.2.2
2026-03-11 17:07:24,365 [WARN] PackLoader:240 - Cannot read IP mode file for STMicroelectronics.X-CUBE-NFC4.3.0.0
2026-03-11 17:07:24,370 [WARN] PackLoader:240 - Cannot read IP mode file for EmbeddedOffice.I-CUBE-FS-RTOS.1.0.1
2026-03-11 17:07:24,374 [WARN] PackLoader:240 - Cannot read IP mode file for STMicroelectronics.X-CUBE-WB05N.2.0.0
2026-03-11 17:07:24,377 [WARN] PackLoader:240 - Cannot read IP mode file for wolfSSL.I-CUBE-wolfTPM.3.8.0
2026-03-11 17:07:24,381 [WARN] PackLoader:240 - Cannot read IP mode file for STMicroelectronics.X-CUBE-TCPP.4.2.0
2026-03-11 17:07:24,385 [WARN] PackLoader:240 - Cannot read IP mode file for RealThread.X-CUBE-RT-Thread_Nano.4.1.1
2026-03-11 17:07:24,389 [WARN] PackLoader:240 - Cannot read IP mode file for STMicroelectronics.FP-ATR-SIGFOX1.3.2.0
2026-03-11 17:07:24,393 [WARN] PackLoader:240 - Cannot read IP mode file for STMicroelectronics.X-CUBE-FREERTOS.1.5.0
2026-03-11 17:07:24,398 [WARN] PackLoader:240 - Cannot read IP mode file for ITTIA_DB.I-CUBE-ITTIADB.8.9.0
2026-03-11 17:07:24,405 [WARN] PackLoader:240 - Cannot read IP mode file for STMicroelectronics.X-CUBE-NFC6.3.2.0
2026-03-11 17:07:24,444 [WARN] PackLoader:240 - Cannot read IP mode file for SEGGER.I-CUBE-embOS.1.3.1
2026-03-11 17:07:24,491 [WARN] PackLoader:240 - Cannot read IP mode file for STMicroelectronics.X-CUBE-ALGOBUILD.1.4.0
2026-03-11 17:07:24,574 [WARN] PackLoader:240 - Cannot read IP mode file for STMicroelectronics.X-CUBE-MEMS1.11.3.0
2026-03-11 17:07:24,675 [WARN] PackLoader:240 - Cannot read IP mode file for STMicroelectronics.X-CUBE-PM33A1.1.0.0
2026-03-11 17:07:24,687 [WARN] PackLoader:240 - Cannot read IP mode file for STMicroelectronics.X-CUBE-AZRTOS-F4.1.1.0
2026-03-11 17:07:24,691 [WARN] PackLoader:240 - Cannot read IP mode file for STMicroelectronics.X-CUBE-ISPU.2.1.0
2026-03-11 17:07:24,701 [WARN] PackLoader:240 - Cannot read IP mode file for STMicroelectronics.X-CUBE-IPS.3.2.0
2026-03-11 17:07:24,709 [WARN] PackLoader:240 - Cannot read IP mode file for STMicroelectronics.X-CUBE-NFC12.1.0.0
2026-03-11 17:07:24,718 [WARN] PackLoader:240 - Cannot read IP mode file for STMicroelectronics.X-CUBE-AZRTOS-L5.2.0.0
2026-03-11 17:07:24,723 [WARN] PackLoader:240 - Cannot read IP mode file for STMicroelectronics.X-CUBE-NFC6.3.1.0
2026-03-11 17:07:24,727 [WARN] PackLoader:240 - Cannot read IP mode file for STMicroelectronics.X-CUBE-FREERTOS.1.3.1
2026-03-11 17:07:24,730 [WARN] PackLoader:240 - Cannot read IP mode file for STMicroelectronics.X-CUBE-TOUCHGFX.4.26.0
2026-03-11 17:07:24,732 [WARN] PackLoader:240 - Cannot read IP mode file for STMicroelectronics.X-CUBE-TOUCHGFX.4.26.1
2026-03-11 17:07:24,734 [WARN] PackLoader:240 - Cannot read IP mode file for STMicroelectronics.X-CUBE-DPower.1.3.0
2026-03-11 17:07:24,742 [WARN] ConditionMgr:438 - getConditionDescription Invalid condition id : LAN8742 Phy interface Condition cause : null
2026-03-11 17:07:24,743 [WARN] PackLoader:240 - Cannot read IP mode file for STMicroelectronics.X-CUBE-AZRTOS-L4.2.0.0
2026-03-11 17:07:24,743 [WARN] ConditionMgr:1044 - genDependencies : Invalid condition id : LAN8742 Phy interface Condition cause : null
2026-03-11 17:07:24,744 [WARN] ConditionMgr:1044 - genDependencies : Invalid condition id : LAN8742 Phy interface Condition cause : null
2026-03-11 17:07:24,744 [WARN] ConditionMgr:1044 - genDependencies : Invalid condition id : LAN8742 Phy interface Condition cause : null
2026-03-11 17:07:24,747 [WARN] PackLoader:240 - Cannot read IP mode file for STMicroelectronics.X-CUBE-SFXS2LP1.4.0.0
2026-03-11 17:07:24,751 [WARN] PackLoader:240 - Cannot read IP mode file for STMicroelectronics.X-CUBE-ST67W61.1.2.0
2026-03-11 17:07:24,756 [WARN] PackLoader:240 - Cannot read IP mode file for STMicroelectronics.X-CUBE-BLEMGR.4.1.0
2026-03-11 17:07:24,762 [WARN] ConditionMgr:438 - getConditionDescription Invalid condition id : UX DEVICE CLASS RTOS Condition cause : null
2026-03-11 17:07:24,762 [WARN] ConditionMgr:438 - getConditionDescription Invalid condition id : UX DEVICE CLASS RTOS Condition cause : null
2026-03-11 17:07:24,763 [WARN] PackLoader:240 - Cannot read IP mode file for STMicroelectronics.X-CUBE-AZRTOS-WB.2.0.0
2026-03-11 17:07:24,763 [WARN] ConditionMgr:1044 - genDependencies : Invalid condition id : UX DEVICE CLASS RTOS Condition cause : null
2026-03-11 17:07:24,763 [WARN] ConditionMgr:1044 - genDependencies : Invalid condition id : UX DEVICE CLASS RTOS Condition cause : null
2026-03-11 17:07:24,763 [WARN] ConditionMgr:1044 - genDependencies : Invalid condition id : UX DEVICE CLASS RTOS Condition cause : null
2026-03-11 17:07:24,764 [WARN] ConditionMgr:1044 - genDependencies : Invalid condition id : UX DEVICE CLASS RTOS Condition cause : null
2026-03-11 17:07:24,764 [WARN] ConditionMgr:1044 - genDependencies : Invalid condition id : UX DEVICE CLASS RTOS Condition cause : null
2026-03-11 17:07:24,766 [WARN] PackLoader:240 - Cannot read IP mode file for STMicroelectronics.X-CUBE-GNSS1.7.0.1
2026-03-11 17:07:24,769 [WARN] ConditionMgr:438 - getConditionDescription Invalid condition id : Cortex-A Device cause : null
2026-03-11 17:07:24,772 [WARN] ConditionMgr:1044 - genDependencies : Invalid condition id : Cortex-A Device cause : null
2026-03-11 17:07:24,772 [WARN] ConditionMgr:1044 - genDependencies : Invalid condition id : Cortex-A Device cause : null
2026-03-11 17:07:24,772 [WARN] ConditionMgr:1044 - genDependencies : Invalid condition id : Cortex-A Device cause : null
2026-03-11 17:07:24,775 [WARN] PackLoader:240 - Cannot read IP mode file for STMicroelectronics.X-CUBE-STSE01.2.0.0
2026-03-11 17:07:24,781 [WARN] PackLoader:240 - Cannot read IP mode file for STMicroelectronics.X-CUBE-SUBG2.5.0.0
2026-03-11 17:07:24,790 [WARN] PackLoader:240 - Cannot read IP mode file for STMicroelectronics.X-CUBE-AZRTOS-H7RS.1.1.0
2026-03-11 17:07:24,798 [WARN] PackLoader:240 - Cannot read IP mode file for STMicroelectronics.X-CUBE-AZRTOS-G4.2.0.0
2026-03-11 17:07:24,806 [WARN] PackLoader:240 - Cannot read IP mode file for wolfSSL.I-CUBE-wolfSSH.1.4.20
2026-03-11 17:07:24,808 [WARN] PackLoader:240 - Cannot read IP mode file for STMicroelectronics.X-CUBE-NFC7.2.0.0
2026-03-11 17:07:24,811 [WARN] PackLoader:240 - Cannot read IP mode file for STMicroelectronics.X-CUBE-ALS.1.0.2
2026-03-11 17:07:24,814 [WARN] PackLoader:240 - Cannot read IP mode file for STMicroelectronics.X-CUBE-STSE01.1.0.0
2026-03-11 17:07:24,823 [WARN] PackLoader:240 - Cannot read IP mode file for STMicroelectronics.X-CUBE-TOF1.3.4.3
2026-03-11 17:07:24,830 [INFO] ThirdParty:978 - Integrity check success = true
2026-03-11 17:07:24,830 [INFO] IntegrityCheckThread:100 - exiting critical section [integrity check]
2026-03-11 17:07:24,830 [INFO] IntegrityCheckThread:103 - End integrity checks thread
2026-03-11 17:07:37,568 [INFO] McuFinderGlobals:63 - Set McuFinder mode to 2 (CubeIDE integrated)
2026-03-11 17:07:37,572 [INFO] MainUpdater:2872 - connection check result : 10
2026-03-11 17:07:37,573 [INFO] MainUpdater:2872 - connection check result : 10
2026-03-11 17:07:37,596 [INFO] MicroXplorer:468 - Change Database Path : 
2026-03-11 17:07:37,597 [INFO] MicroXplorer:498 - Change Database Version : DB.6.0.150
2026-03-11 17:07:37,603 [WARN] ThirdParty:871 - waiting for thirdparty lock release [close project]
2026-03-11 17:07:37,603 [INFO] ThirdParty:873 - entering critical section [close project]
2026-03-11 17:07:37,604 [INFO] ThirdParty:883 - exiting critical section [close project]
2026-03-11 17:07:37,606 [INFO] PinOutPanel:1589 - setPackage(No Configuration,No Configuration)
2026-03-11 17:07:37,607 [INFO] UtilMem:75 - Begin LoadConfig() Used Memory: 273262928 Bytes (395313152)
2026-03-11 17:07:37,609 [INFO] MicroXplorer:468 - Change Database Path : 
2026-03-11 17:07:37,609 [INFO] MicroXplorer:498 - Change Database Version : DB.6.0.150
2026-03-11 17:07:37,609 [INFO] OpenFileManager:355 - Change cursor
2026-03-11 17:07:37,628 [INFO] Mcu:2029 - Initializing MCU STM32F446R(C-E)Tx STM32F446RETx STM32F446RET6
2026-03-11 17:07:38,892 [INFO] Context:786 - Trying to add GPIOservice into a context  which must be forbidden
2026-03-11 17:07:39,178 [INFO] ImportTextPane:234 - (OptionalMessage_ERROR) Pin14 (VP_RIF_VS_RIF1) cannot be retrieved for this MCU
2026-03-11 17:07:39,322 [INFO] RtosManager:558 - Registered RTOS mode: class=CMSIS, group=RTOS, mode=CMSIS_V1, owner=FREERTOS
2026-03-11 17:07:39,323 [INFO] RtosManager:558 - Registered RTOS mode: class=CMSIS, group=RTOS2, mode=CMSIS_V2, owner=FREERTOS
2026-03-11 17:07:39,323 [INFO] RtosManager:558 - Registered RTOS mode: class=RTOS, group=Core, mode=CMSIS_V1, owner=FREERTOS
2026-03-11 17:07:39,323 [INFO] RtosManager:558 - Registered RTOS mode: class=RTOS, group=Core, mode=CMSIS_V2, owner=FREERTOS
2026-03-11 17:07:39,323 [WARN] ModelIntegratedComponent:184 - Missing modes for component STMicroelectronics:FreeRTOS:0.0.1:STMicroelectronics:RTOS:FreeRTOS:Core:::10.2.0:
2026-03-11 17:07:39,340 [WARN] ModelIntegratedComponent:63 - No mode defined for component null
2026-03-11 17:07:39,341 [WARN] ModelIntegratedComponent:63 - No mode defined for component null
2026-03-11 17:07:39,341 [WARN] ModelIntegratedComponent:63 - No mode defined for component null
2026-03-11 17:07:39,341 [WARN] ModelIntegratedComponent:63 - No mode defined for component null
2026-03-11 17:07:39,341 [WARN] ModelIntegratedComponent:63 - No mode defined for component null
2026-03-11 17:07:39,341 [WARN] ModelIntegratedComponent:63 - No mode defined for component null
2026-03-11 17:07:39,341 [WARN] ModelIntegratedComponent:63 - No mode defined for component null
2026-03-11 17:07:39,341 [WARN] ModelIntegratedComponent:63 - No mode defined for component null
2026-03-11 17:07:39,341 [WARN] ModelIntegratedComponent:63 - No mode defined for component null
2026-03-11 17:07:39,341 [WARN] ModelIntegratedComponent:63 - No mode defined for component null
2026-03-11 17:07:39,341 [WARN] ModelIntegratedComponent:63 - No mode defined for component null
2026-03-11 17:07:39,341 [WARN] ModelIntegratedComponent:63 - No mode defined for component null
2026-03-11 17:07:39,341 [WARN] ModelIntegratedComponent:63 - No mode defined for component null
2026-03-11 17:07:39,341 [WARN] ModelIntegratedComponent:63 - No mode defined for component null
2026-03-11 17:07:39,341 [WARN] ModelIntegratedComponent:63 - No mode defined for component null
2026-03-11 17:07:39,341 [WARN] ModelIntegratedComponent:63 - No mode defined for component null
2026-03-11 17:07:39,341 [WARN] ModelIntegratedComponent:63 - No mode defined for component null
2026-03-11 17:07:39,341 [WARN] ModelIntegratedComponent:63 - No mode defined for component null
2026-03-11 17:07:39,341 [WARN] ModelIntegratedComponent:63 - No mode defined for component null
2026-03-11 17:07:39,341 [WARN] ModelIntegratedComponent:63 - No mode defined for component null
2026-03-11 17:07:39,341 [WARN] ModelIntegratedComponent:63 - No mode defined for component null
2026-03-11 17:07:39,341 [WARN] ModelIntegratedComponent:63 - No mode defined for component null
2026-03-11 17:07:39,341 [WARN] ModelIntegratedComponent:63 - No mode defined for component null
2026-03-11 17:07:39,341 [WARN] ModelIntegratedComponent:63 - No mode defined for component null
2026-03-11 17:07:39,341 [WARN] ModelIntegratedComponent:63 - No mode defined for component null
2026-03-11 17:07:39,341 [WARN] ModelIntegratedComponent:63 - No mode defined for component null
2026-03-11 17:07:39,341 [WARN] ModelIntegratedComponent:63 - No mode defined for component null
2026-03-11 17:07:39,341 [WARN] ModelIntegratedComponent:63 - No mode defined for component null
2026-03-11 17:07:39,341 [WARN] ModelIntegratedComponent:63 - No mode defined for component null
2026-03-11 17:07:39,341 [WARN] ModelIntegratedComponent:63 - No mode defined for component null
2026-03-11 17:07:39,341 [WARN] ModelIntegratedComponent:63 - No mode defined for component null
2026-03-11 17:07:39,341 [WARN] ModelIntegratedComponent:63 - No mode defined for component null
2026-03-11 17:07:39,341 [WARN] ModelIntegratedComponent:63 - No mode defined for component null
2026-03-11 17:07:39,341 [WARN] ModelIntegratedComponent:63 - No mode defined for component null
2026-03-11 17:07:39,342 [WARN] ModelIntegratedComponent:63 - No mode defined for component null
2026-03-11 17:07:39,342 [WARN] ModelPack:524 - Component already loaded: STMicroelectronics:HAL Drivers:0.0.0:STMicroelectronics:Device:STMicro_Driver:XSPI:HAL::0.0.1:HAL_XSPI
2026-03-11 17:07:39,419 [INFO] ThirdPartyModel:298 - Start build external matchings
2026-03-11 17:07:39,726 [INFO] ThirdPartyModel:316 - End build external matchings
2026-03-11 17:07:39,751 [INFO] ImportTextPane:234 - (OptionalMessage_ERROR) IP (DMA) : Parameter (Instance) has Id (I2C3_RX) currently not set
2026-03-11 17:07:39,751 [INFO] ImportTextPane:234 - (OptionalMessage_ERROR) IP (DMA) : Parameter (Channel) has Id (I2C3_RX) currently not set
2026-03-11 17:07:39,751 [INFO] ImportTextPane:234 - (OptionalMessage_ERROR) IP (DMA) : Parameter (Direction) has Id (I2C3_RX) currently not set
2026-03-11 17:07:39,751 [INFO] ImportTextPane:234 - (OptionalMessage_ERROR) IP (DMA) : Parameter (PeriphInc) has Id (I2C3_RX) currently not set
2026-03-11 17:07:39,751 [INFO] ImportTextPane:234 - (OptionalMessage_ERROR) IP (DMA) : Parameter (MemInc) has Id (I2C3_RX) currently not set
2026-03-11 17:07:39,751 [INFO] ImportTextPane:234 - (OptionalMessage_ERROR) IP (DMA) : Parameter (PeriphDataAlignment) has Id (I2C3_RX) currently not set
2026-03-11 17:07:39,751 [INFO] ImportTextPane:234 - (OptionalMessage_ERROR) IP (DMA) : Parameter (MemDataAlignment) has Id (I2C3_RX) currently not set
2026-03-11 17:07:39,751 [INFO] ImportTextPane:234 - (OptionalMessage_ERROR) IP (DMA) : Parameter (Mode) has Id (I2C3_RX) currently not set
2026-03-11 17:07:39,752 [INFO] ImportTextPane:234 - (OptionalMessage_ERROR) IP (DMA) : Parameter (Priority) has Id (I2C3_RX) currently not set
2026-03-11 17:07:39,752 [INFO] ImportTextPane:234 - (OptionalMessage_ERROR) IP (DMA) : Parameter (FIFOMode) has Id (I2C3_RX) currently not set
2026-03-11 17:07:39,753 [WARN] IP:2250 - I2C_Coeff_DF not found: check if there is a RefParameter without a condition.
2026-03-11 17:07:39,753 [WARN] IP:2250 - Analog_Filter not found: check if there is a RefParameter without a condition.
2026-03-11 17:07:39,753 [INFO] ImportTextPane:234 - (OptionalMessage_ERROR) IP (RCC) : Invalid parameter (FamilyName)
2026-03-11 17:07:39,962 [INFO] ApiDb:581 - Connected to CubeFinder SQLite database (/home/kamil/.stmcufinder/plugins/mcufinder/mcu/cube-finder-db.db)
2026-03-11 17:07:39,999 [INFO] ApiDb:668 - CubeFinder database Data Model version=2.1
2026-03-11 17:07:39,999 [INFO] ApiDb:669 - CubeFinder database Configuration version=3.0.42
2026-03-11 17:07:40,000 [INFO] ApiDb:670 - CubeFinder database generation date=2026-02-13 (1770995876)
2026-03-11 17:07:40,000 [INFO] ApiDb:671 - CubeFinder database FW Pack versions=[FP-ATR-ASTRA1_V2.0.0, FP-SNS-FLIGHT1_V5.1.0, FP-SNS-MOTENV1_V5.1.0, FP-SNS-MOTENVWB1_V1.4.0, FP-SNS-SMARTAG2_V1.2.0, FP-SNS-STBOX1_V2.1.0, STM32Cube_FW_C0_V1.4.0, STM32Cube_FW_F4_V1.28.3, STM32Cube_FW_F7_V1.17.4, STM32Cube_FW_G0_V1.6.2, STM32Cube_FW_G4_V1.6.1, STM32Cube_FW_H5_V1.6.0, STM32Cube_FW_H7RS_V1.3.0, STM32Cube_FW_H7_V1.13.0, STM32Cube_FW_L0_V1.12.2, STM32Cube_FW_L4_V1.18.2, STM32Cube_FW_L5_V1.6.0, STM32Cube_FW_N6_V1.3.0, STM32Cube_FW_U0_V1.3.0, STM32Cube_FW_U3_V1.3.0, STM32Cube_FW_U5_V1.8.0, STM32Cube_FW_WB0_V1.4.0, STM32Cube_FW_WBA_V1.9.0, STM32Cube_FW_WB_V1.24.0, STM32Cube_FW_WL3_V1.4.0, STM32Cube_FW_WL_V1.5.0, X-CUBE-ALGOBUILD_V1.4.0, X-CUBE-ALS_V1.0.2, X-CUBE-AZRTOS-F4_V1.1.0, X-CUBE-AZRTOS-F7_V1.1.0, X-CUBE-AZRTOS-G0_V1.1.0, X-CUBE-AZRTOS-G4_V2.0.0, X-CUBE-AZRTOS-H7RS_V1.1.0, X-CUBE-AZRTOS-H7_V3.4.0, X-CUBE-AZRTOS-L4_V2.0.0, X-CUBE-AZRTOS-L5_V2.0.0, X-CUBE-AZRTOS-WB_V2.0.0, X-CUBE-AZRTOS-WL_V2.0.0, X-CUBE-BLE1_V7.1.0, X-CUBE-BLE2_V3.3.0, X-CUBE-BLEMGR_V4.1.0, X-CUBE-EEPRMA1_V5.2.0, X-CUBE-FREERTOS_V1.3.1, X-CUBE-GNSS1_V6.0.0, X-CUBE-MEMS1_V12.0.0, X-CUBE-NFC4_V3.0.0, X-CUBE-NFC7_V2.0.0, X-CUBE-SFXS2LP1_V4.0.0, X-CUBE-ST67W61_V1.1.0, X-CUBE-SUBG2_V5.0.0, X-CUBE-TOF1_V3.4.3]
2026-03-11 17:07:40,036 [INFO] DbBoardsSqlite:226 - include board P-NUCLEO-WB55-NUCLEO as a kit item of type 'Nucleo-64'
2026-03-11 17:07:40,037 [INFO] DbBoardsSqlite:226 - include board P-NUCLEO-WB55-USBDONGLE as a kit item of type 'Nucleo USB Dongle'
2026-03-11 17:07:40,037 [INFO] DbBoardsSqlite:226 - include board STEVAL-IDP005V1 as a kit item of type 'Evaluation Board'
2026-03-11 17:07:40,037 [INFO] DbBoardsSqlite:226 - include board STEVAL-IDP005V2 as a kit item of type 'Evaluation Board'
2026-03-11 17:07:40,080 [INFO] ApiDb:240 - Found 880 in-development CPN: [B-G473E-ZEST1S, B-WB1M-WPAN1, B-WBA5M-WPAN, B-WL5M-SUBG1, NUCLEO-C031C6, NUCLEO-C051C8, NUCLEO-C071RB, NUCLEO-C092RC, NUCLEO-H503RB, NUCLEO-H533RE, NUCLEO-H563ZI, NUCLEO-H7S3L8, NUCLEO-N657X0-Q, NUCLEO-U031R8, NUCLEO-U083RC, NUCLEO-U385RG-Q, NUCLEO-U545RE-Q, NUCLEO-U5A5ZJ-Q, NUCLEO-WB05KZ, NUCLEO-WB07CC, NUCLEO-WB09KE, NUCLEO-WBA52CG, NUCLEO-WBA55CG, NUCLEO-WL33CC1, NUCLEO-WL33CC2, STEVAL-PROTEUS1, STEVAL-SMARTAG2, STEVAL-STWINBX1, STM320518-EVAL, STM32C0116-DK, STM32C011D6Y3TR, STM32C011D6Y6TR, STM32C011F4P3, STM32C011F4P6, STM32C011F4U3, STM32C011F4U6TR, STM32C011F6P3, STM32C011F6P6, STM32C011F6U3, STM32C011F6U6TR, STM32C011J4M3, STM32C011J4M6, STM32C011J6M3, STM32C011J6M6, STM32C0316-DK, STM32C031C4T3, STM32C031C4T6, STM32C031C4U3, STM32C031C4U6, STM32C031C6T3, STM32C031C6T6, STM32C031C6U3, STM32C031C6U6, STM32C031F4P3, STM32C031F4P6, STM32C031F6P3, STM32C031F6P6, STM32C031G4U3, STM32C031G4U6, STM32C031G6U3, STM32C031G6U6, STM32C031K4T3, STM32C031K4T6, STM32C031K4U3, STM32C031K4U6, STM32C031K6T3, STM32C031K6T6, STM32C031K6U3, STM32C031K6U6, STM32C051C6T6, STM32C051C6U6, STM32C051C8T6, STM32C051C8U6, STM32C051D8Y6TR, STM32C051F6P6, STM32C051F8P6, STM32C051G6U6, STM32C051G8U6, STM32C051K6T6, STM32C051K6U6, STM32C051K8T6, STM32C071C8T6, STM32C071C8T6N, STM32C071C8U6, STM32C071C8U6N, STM32C071CBT6, STM32C071CBT6N, STM32C071CBU6, STM32C071CBU6N, STM32C071F8P6, STM32C071F8P6N, STM32C071FBP6, STM32C071FBP6N, STM32C071FBY6TR, STM32C071G8U6, STM32C071G8U6N, STM32C071GBU6, STM32C071GBU6N, STM32C071K8T6, STM32C071K8T6N, STM32C071K8U6, STM32C071K8U6N, STM32C071KBT6, STM32C071KBT6N, STM32C071KBU6, STM32C071KBU6N, STM32C071R8T6, STM32C071R8T6N, STM32C071RBI6N, STM32C071RBT6, STM32C071RBT6N, STM32C091CBT6, STM32C091CBU6, STM32C091CCT6, STM32C091CCU6, STM32C091ECY6TR, STM32C091FBP6, STM32C091FCP6, STM32C091GBU6, STM32C091GCU6, STM32C091KBT6, STM32C091KBU6, STM32C091KCT6, STM32C091KCU6, STM32C091RBT6, STM32C091RCI6, STM32C091RCT6, STM32C092CBT6, STM32C092CBU6, STM32C092CCT6, STM32C092CCU6, STM32C092ECY6TR, STM32C092FBP6, STM32C092FCP6, STM32C092GBU6, STM32C092GCU6, STM32C092KBT6, STM32C092KBU6, STM32C092KCT6, STM32C092KCU6, STM32C092RBT6, STM32C092RCI6, STM32C092RCT6, STM32G071K8TXN, STM32G071K8UXN, STM32G081GBU6N, STM32G081KBT6N, STM32G081KBUXN, STM32G0B1CCT6N, STM32G0B1KCT6, STM32G0B1NEY6TR, STM32G0B1RCT6N, STM32G0C1CCT6, STM32G0C1CCT6N, STM32G0C1CCU6N, STM32G0C1CET6N, STM32G0C1CEU6N, STM32G0C1KCT6, STM32G0C1NEY6TR, STM32G0C1RCI6N, STM32G0C1RCT6N, STM32G0C1REI6N, STM32G0C1RET6N, STM32G0C1VCI6, STM32G0C1VEI6, STM32G411C6T3, STM32G411C6T6, STM32G411C6U3, STM32G411C6U6, STM32G411C8T3, STM32G411C8T6, STM32G411C8U3, STM32G411C8U6, STM32G411CBT3, STM32G411CBT6, STM32G411CBU3, STM32G411CBU6, STM32G411K6T3, STM32G411K6T6, STM32G411K6U3, STM32G411K6U6, STM32G411K8T3, STM32G411K8T6, STM32G411K8U3, STM32G411K8U6, STM32G411KBT3, STM32G411KBT6, STM32G411KBU3, STM32G411KBU6, STM32G411M6T3, STM32G411M6T6, STM32G411M8T3, STM32G411M8T6, STM32G411MBT3, STM32G411MBT6, STM32G411R6T3, STM32G411R6T6, STM32G411R8T3, STM32G411R8T6, STM32G411RBT3, STM32G411RBT6, STM32G414CBT3, STM32G414CBT6, STM32G414CBU3, STM32G414CBU6, STM32G414CCT3, STM32G414CCT6, STM32G414CCU3, STM32G414CCU6, STM32G414MBT3, STM32G414MBT6, STM32G414MCT3, STM32G414MCT6, STM32G414RBT3, STM32G414RBT6, STM32G414RCT3, STM32G414RCT6, STM32G414VBT3, STM32G414VBT6, STM32G414VCT3, STM32G414VCT6, STM32G431CBT3Z, STM32G431RBT3Z, STM32G471CCT6, STM32G471CCU6, STM32G471CET3, STM32G471CET6, STM32G471CEU3, STM32G471CEU6, STM32G471MCT6, STM32G471MET3, STM32G471MET6, STM32G471MEY6TR, STM32G471QCT6, STM32G471QET3, STM32G471RCT6, STM32G471RET3, STM32G471RET6, STM32G471VCH6, STM32G471VCI6, STM32G471VCT6, STM32G471VEH3, STM32G471VEH6, STM32G471VEI3, STM32G471VEI6, STM32G471VET3, STM32G471VET6, STM32G473QET3Z, STM32G473RET3Z, STM32G474CCT6, STM32G491RET3Z, STM32H503CBT6, STM32H503CBU6, STM32H503EBY6TR, STM32H503KBU6, STM32H503RBT6, STM32H523CCT6, STM32H523CCU6, STM32H523CET6, STM32H523CEU6, STM32H523HEY6TR, STM32H523RCT6, STM32H523RET6, STM32H523VCI6, STM32H523VCT6, STM32H523VEI6, STM32H523VET6, STM32H523ZCJ6, STM32H523ZCT6, STM32H523ZEJ6, STM32H523ZET6, STM32H533CET6, STM32H533CEU6, STM32H533HEY6TR, STM32H533RET6, STM32H533VEI6, STM32H533VET6, STM32H533ZEJ6, STM32H533ZET6, STM32H562AGI6, STM32H562AII6, STM32H562IGK6, STM32H562IGT6, STM32H562IIK6, STM32H562IIT6, STM32H562RGT6, STM32H562RGV6, STM32H562RIT6, STM32H562RIV6, STM32H562VGT6, STM32H562VIT6, STM32H562ZGT6, STM32H562ZIT6, STM32H563AGI6, STM32H563AII3Q, STM32H563AII6, STM32H563IGK6, STM32H563IGT6, STM32H563IIK3Q, STM32H563IIK6, STM32H563IIT3Q, STM32H563IIT6, STM32H563MIY3QTR, STM32H563RGT6, STM32H563RGV6, STM32H563RIT6, STM32H563RIV6, STM32H563VGT6, STM32H563VIT3Q, STM32H563VIT6, STM32H563ZGT6, STM32H563ZIT3Q, STM32H563ZIT6, STM32H573AII3Q, STM32H573AII6, STM32H573I-DK, STM32H573IIK3Q, STM32H573IIK6, STM32H573IIT3Q, STM32H573IIT6, STM32H573MIY3QTR, STM32H573RIT6, STM32H573RIV6, STM32H573VIT3Q, STM32H573VIT6, STM32H573ZIT3Q, STM32H573ZIT6, STM32H7R3A8I6, STM32H7R3I8K6, STM32H7R3I8T6, STM32H7R3L8H6, STM32H7R3L8H6H, STM32H7R3R8V6, STM32H7R3V8H6, STM32H7R3V8T6, STM32H7R3V8Y6TR, STM32H7R3Z8J6, STM32H7R3Z8T6, STM32H7R7A8I6, STM32H7R7I8K6, STM32H7R7I8T6, STM32H7R7L8H6, STM32H7R7L8H6H, STM32H7R7Z8J6, STM32H7S3A8I6, STM32H7S3I8K6, STM32H7S3I8T6, STM32H7S3L8H6, STM32H7S3L8H6H, STM32H7S3R8V6, STM32H7S3V8H6, STM32H7S3V8T6, STM32H7S3V8Y6TR, STM32H7S3Z8J6, STM32H7S3Z8T6, STM32H7S78-DK, STM32H7S7A8I6, STM32H7S7I8K6, STM32H7S7I8T6, STM32H7S7L8H6, STM32H7S7L8H6H, STM32H7S7Z8J6, STM32L4R5QGI6STR, STM32MP131AAE3, STM32MP131AAF3, STM32MP131AAG3, STM32MP131CAE3, STM32MP131CAF3, STM32MP131CAG3, STM32MP131DAE7, STM32MP131DAF7, STM32MP131DAG7, STM32MP131FAE7, STM32MP131FAF7, STM32MP131FAG7, STM32MP133AAE3, STM32MP133AAF3, STM32MP133AAG3, STM32MP133CAE3, STM32MP133CAF3, STM32MP133CAG3, STM32MP133DAE7, STM32MP133DAF7, STM32MP133DAG7, STM32MP133FAE7, STM32MP133FAF7, STM32MP133FAG7, STM32MP135AAE3, STM32MP135AAF3, STM32MP135AAG3, STM32MP135CAE3, STM32MP135CAF3, STM32MP135CAG3, STM32MP135DAE7, STM32MP135DAF7, STM32MP135DAG7, STM32MP135F-DK, STM32MP135FAE7, STM32MP135FAF7, STM32MP135FAF7T, STM32MP135FAF7U, STM32MP135FAG7, STM32MP211AAL3, STM32MP211AAM3, STM32MP211AAN3, STM32MP211AAO3, STM32MP211CAL3, STM32MP211CAM3, STM32MP211CAN3, STM32MP211CAO3, STM32MP211DAL3, STM32MP211DAM3, STM32MP211DAN3, STM32MP211DAO3, STM32MP211FAL3, STM32MP211FAM3, STM32MP211FAN3, STM32MP211FAO3, STM32MP213AAL3, STM32MP213AAM3, STM32MP213AAN3, STM32MP213AAO3, STM32MP213CAL3, STM32MP213CAM3, STM32MP213CAN3, STM32MP213CAO3, STM32MP213DAL3, STM32MP213DAM3, STM32MP213DAN3, STM32MP213DAO3, STM32MP213FAL3, STM32MP213FAM3, STM32MP213FAN3, STM32MP213FAO3, STM32MP215AAL3, STM32MP215AAM3, STM32MP215AAN3, STM32MP215AAO3, STM32MP215CAL3, STM32MP215CAM3, STM32MP215CAN3, STM32MP215CAO3, STM32MP215DAL3, STM32MP215DAM3, STM32MP215DAN3, STM32MP215DAO3, STM32MP215F-DK, STM32MP215FAL3, STM32MP215FAM3, STM32MP215FAN3, STM32MP215FAO3, STM32MP231AAJ3, STM32MP231AAK3, STM32MP231AAL3, STM32MP231CAJ3, STM32MP231CAK3, STM32MP231CAL3, STM32MP231DAJ3, STM32MP231DAK3, STM32MP231DAL3, STM32MP231FAJ3, STM32MP231FAK3, STM32MP231FAL3, STM32MP233AAJ3, STM32MP233AAK3, STM32MP233AAL3, STM32MP233CAJ3, STM32MP233CAK3, STM32MP233CAL3, STM32MP233DAJ3, STM32MP233DAK3, STM32MP233DAL3, STM32MP233FAJ3, STM32MP233FAK3, STM32MP233FAL3, STM32MP235AAJ3, STM32MP235AAK3, STM32MP235AAL3, STM32MP235CAJ3, STM32MP235CAK3, STM32MP235CAL3, STM32MP235DAJ3, STM32MP235DAK3, STM32MP235DAL3, STM32MP235FAJ3, STM32MP235FAK3, STM32MP235FAL3, STM32MP251AAI3, STM32MP251AAK3, STM32MP251AAL3, STM32MP251CAI3, STM32MP251CAK3, STM32MP251CAL3, STM32MP251DAI3, STM32MP251DAK3, STM32MP251DAL3, STM32MP251FAI3, STM32MP251FAK3, STM32MP251FAL3, STM32MP253AAI3, STM32MP253AAK3, STM32MP253AAL3, STM32MP253CAI3, STM32MP253CAK3, STM32MP253CAL3, STM32MP253DAI3, STM32MP253DAK3, STM32MP253DAL3, STM32MP253FAI3, STM32MP253FAK3, STM32MP253FAL3, STM32MP255AAI3, STM32MP255AAK3, STM32MP255AAL3, STM32MP255CAI3, STM32MP255CAK3, STM32MP255CAL3, STM32MP255DAI3, STM32MP255DAK3, STM32MP255DAL3, STM32MP255FAI3, STM32MP255FAK3, STM32MP255FAL3, STM32MP257AAI3, STM32MP257AAK3, STM32MP257AAL3, STM32MP257CAI3, STM32MP257CAK3, STM32MP257CAL3, STM32MP257DAI3, STM32MP257DAK3, STM32MP257DAL3, STM32MP257F-DK, STM32MP257F-EV1, STM32MP257FAI3, STM32MP257FAK3, STM32MP257FAL3, STM32N645A0H3Q, STM32N645B0H3Q, STM32N645I0H3Q, STM32N645L0H3Q, STM32N645X0H3Q, STM32N645Z0H3Q, STM32N647A0H3Q, STM32N647B0H3Q, STM32N647I0H3Q, STM32N647L0H3Q, STM32N647X0H3Q, STM32N647Z0H3Q, STM32N655A0H3Q, STM32N655B0H3Q, STM32N655I0H3Q, STM32N655L0H3Q, STM32N655X0H3Q, STM32N655Z0H3Q, STM32N6570-DK, STM32N657A0H3Q, STM32N657B0H3Q, STM32N657I0H3Q, STM32N657L0H3Q, STM32N657X0H3Q, STM32N657Z0H3Q, STM32U031C6T6, STM32U031C6U6, STM32U031C8T6, STM32U031C8U6, STM32U031F4P6, STM32U031F6P6, STM32U031F8P6, STM32U031G6Y6TR, STM32U031G8Y6TR, STM32U031K4U6, STM32U031K6U6, STM32U031K8U6, STM32U031R6I6, STM32U031R6T6, STM32U031R8I6, STM32U031R8T6, STM32U073C8T6, STM32U073C8U6, STM32U073CBT6, STM32U073CBU6, STM32U073CCT6, STM32U073CCU6, STM32U073H8Y6TR, STM32U073HBY6TR, STM32U073HCY6TR, STM32U073K8U6, STM32U073KBU6, STM32U073KCU6, STM32U073M8I6, STM32U073M8T6, STM32U073MBI6, STM32U073MBT6, STM32U073MCI6, STM32U073MCT6, STM32U073R8I6, STM32U073R8T6, STM32U073RBI6, STM32U073RBT6, STM32U073RCI6, STM32U073RCT6, STM32U083C-DK, STM32U083CCT6, STM32U083CCU6, STM32U083HCY6TR, STM32U083KCU6, STM32U083MCI6, STM32U083MCT6, STM32U083RCI6, STM32U083RCT6, STM32U375CET6, STM32U375CET6Q, STM32U375CEU6, STM32U375CEU6Q, STM32U375CEY6QTR, STM32U375CGT6, STM32U375CGT6Q, STM32U375CGU6, STM32U375CGU6Q, STM32U375CGY6QTR, STM32U375KEU6, STM32U375KGU6, STM32U375REI6, STM32U375REI6Q, STM32U375RET6, STM32U375RET6Q, STM32U375REY6GTR, STM32U375REY6QTR, STM32U375RGI6, STM32U375RGI6Q, STM32U375RGT6, STM32U375RGT6Q, STM32U375RGY6GTR, STM32U375RGY6QTR, STM32U375VEI6, STM32U375VEI6Q, STM32U375VET6, STM32U375VET6Q, STM32U375VGI6, STM32U375VGI6Q, STM32U375VGT6, STM32U375VGT6Q, STM32U385CGT6, STM32U385CGT6Q, STM32U385CGU6, STM32U385CGU6Q, STM32U385CGY6QTR, STM32U385KGU6, STM32U385RGI6, STM32U385RGI6Q, STM32U385RGT6, STM32U385RGT6Q, STM32U385RGY6GTR, STM32U385RGY6QTR, STM32U385VGI6, STM32U385VGI6Q, STM32U385VGT6, STM32U385VGT6Q, STM32U535CBT6, STM32U535CBT6Q, STM32U535CBU6, STM32U535CBU6Q, STM32U535CCT6, STM32U535CCT6Q, STM32U535CCU6, STM32U535CCU6Q, STM32U535CET6, STM32U535CET6Q, STM32U535CEU6, STM32U535CEU6Q, STM32U535JEY6QTR, STM32U535NCY6QTR, STM32U535NEY6QTR, STM32U535RBI6, STM32U535RBI6Q, STM32U535RBT6, STM32U535RBT6Q, STM32U535RCI6, STM32U535RCI6Q, STM32U535RCT6, STM32U535RCT6Q, STM32U535REI6, STM32U535REI6Q, STM32U535RET6, STM32U535RET6Q, STM32U535VCI6, STM32U535VCI6Q, STM32U535VCT6, STM32U535VCT6Q, STM32U535VEI6, STM32U535VEI6Q, STM32U535VET6, STM32U535VET6Q, STM32U545CET6, STM32U545CET6Q, STM32U545CEU6, STM32U545CEU6Q, STM32U545JEY6QTR, STM32U545NEY6QTR, STM32U545REI6, STM32U545REI6Q, STM32U545RET6, STM32U545RET6Q, STM32U545VEI6, STM32U545VEI6Q, STM32U545VET6, STM32U545VET6Q, STM32U595AIH6, STM32U595AIH6Q, STM32U595AJH6, STM32U595AJH6Q, STM32U595QII6, STM32U595QII6Q, STM32U595QJI6, STM32U595QJI6Q, STM32U595RIT6, STM32U595RIT6Q, STM32U595RJT6, STM32U595RJT6Q, STM32U595VIT6, STM32U595VIT6Q, STM32U595VJT6, STM32U595VJT6Q, STM32U595ZIT6, STM32U595ZIT6Q, STM32U595ZIY6QTR, STM32U595ZJT6, STM32U595ZJT6Q, STM32U595ZJY6QTR, STM32U599BJY6QTR, STM32U599NIH6Q, STM32U599NJH6Q, STM32U599VIT6Q, STM32U599VJT6, STM32U599VJT6Q, STM32U599ZIT6Q, STM32U599ZIY6QTR, STM32U599ZJT6Q, STM32U599ZJY6QTR, STM32U5A5AJH6, STM32U5A5AJH6Q, STM32U5A5QII3Q , STM32U5A5QJI6, STM32U5A5QJI6Q, STM32U5A5RJT6, STM32U5A5RJT6Q, STM32U5A5VJT6, STM32U5A5VJT6Q, STM32U5A5ZJT6, STM32U5A5ZJT6Q, STM32U5A5ZJY6QTR, STM32U5A9BJY6QTR, STM32U5A9J-DK, STM32U5A9NJH6Q, STM32U5A9VJT6Q, STM32U5A9ZJT6Q, STM32U5A9ZJY6QTR, STM32U5F7VIT6, STM32U5F7VIT6Q, STM32U5F7VJT6, STM32U5F7VJT6Q, STM32U5F9BJY6QTR, STM32U5F9NJH6Q, STM32U5F9VIT6Q, STM32U5F9VJT6Q, STM32U5F9ZIJ6QTR, STM32U5F9ZIT6Q, STM32U5F9ZJJ6QTR, STM32U5F9ZJT6Q, STM32U5G7VJT6, STM32U5G7VJT6Q, STM32U5G9BJY6QTR, STM32U5G9J-DK1, STM32U5G9J-DK2, STM32U5G9NJH6Q, STM32U5G9VJT6Q, STM32U5G9ZJJ6QTR, STM32U5G9ZJT6Q, STM32WB05KZV6TR, STM32WB05KZV7TR, STM32WB05TZF6TR, STM32WB05TZF7TR, STM32WB06CCF6TR, STM32WB06CCF7TR, STM32WB06CCV6TR, STM32WB06CCV7TR, STM32WB06KCV6TR, STM32WB06KCV7TR, STM32WB07CCF6TR, STM32WB07CCF7TR, STM32WB07CCV6TR, STM32WB07CCV7TR, STM32WB07KCV6TR, STM32WB07KCV7TR, STM32WB09KEV6TR, STM32WB09KEV7TR, STM32WB09TEF6TR, STM32WB09TEF7TR, STM32WB1MMCH6, STM32WBA50KGU6, STM32WBA50KGU6TR, STM32WBA52CEU6, STM32WBA52CEU6TR, STM32WBA52CEU7, STM32WBA52CEU7TR, STM32WBA52CGU6, STM32WBA52CGU6TR, STM32WBA52CGU6U, STM32WBA52CGU7, STM32WBA52CGU7TR, STM32WBA52KEU6, STM32WBA52KEU6TR, STM32WBA52KGU6, STM32WBA52KGU6TR, STM32WBA54CEU6, STM32WBA54CEU6TR, STM32WBA54CEU7, STM32WBA54CEU7TR, STM32WBA54CGU6, STM32WBA54CGU6TR, STM32WBA54CGU7, STM32WBA54CGU7TR, STM32WBA54KEU6, STM32WBA54KEU6TR, STM32WBA54KEU7, STM32WBA54KEU7TR, STM32WBA54KGU6, STM32WBA54KGU6TR, STM32WBA54KGU7, STM32WBA54KGU7TR, STM32WBA55CEU6, STM32WBA55CEU6TR, STM32WBA55CEU7, STM32WBA55CEU7TR, STM32WBA55CGU6, STM32WBA55CGU6TR, STM32WBA55CGU6U, STM32WBA55CGU7, STM32WBA55CGU7TR, STM32WBA55G-DK1, STM32WBA55HEF6, STM32WBA55HEF7, STM32WBA55HGF6, STM32WBA55HGF7, STM32WBA55UEI6, STM32WBA55UEI6TR, STM32WBA55UEI7, STM32WBA55UEI7TR, STM32WBA55UGI6, STM32WBA55UGI6TR, STM32WBA55UGI7, STM32WBA55UGI7TR, STM32WBA5MMGH6TR, STM32WBA62MGF6, STM32WBA62MIF6, STM32WBA65MGF7, STM32WBA65MIF6, STM32WBA65MIF7, STM32WL30K8V6, STM32WL30KBV6, STM32WL31C8V6, STM32WL31CBV6, STM32WL31K8V6, STM32WL31KBV6, STM32WL33C8V6, STM32WL33C8V6X, STM32WL33CBV6, STM32WL33CBV6X, STM32WL33CCV6, STM32WL33CCV6A, STM32WL33CCV6X, STM32WL33K8V7, STM32WL33K8V7X, STM32WL33KBV7 , STM32WL33KBV7X, STM32WL33KCV7, STM32WL33KCV7X, STM32WL5MOCH6, STM32WL5MOCH6TR]
2026-03-11 17:07:40,083 [INFO] ApiDb:668 - CubeFinder database Data Model version=2.1
2026-03-11 17:07:40,083 [INFO] ApiDb:669 - CubeFinder database Configuration version=3.0.42
2026-03-11 17:07:40,083 [INFO] ApiDb:670 - CubeFinder database generation date=2026-02-13 (1770995876)
2026-03-11 17:07:40,083 [INFO] ApiDb:671 - CubeFinder database FW Pack versions=[FP-ATR-ASTRA1_V2.0.0, FP-SNS-FLIGHT1_V5.1.0, FP-SNS-MOTENV1_V5.1.0, FP-SNS-MOTENVWB1_V1.4.0, FP-SNS-SMARTAG2_V1.2.0, FP-SNS-STBOX1_V2.1.0, STM32Cube_FW_C0_V1.4.0, STM32Cube_FW_F4_V1.28.3, STM32Cube_FW_F7_V1.17.4, STM32Cube_FW_G0_V1.6.2, STM32Cube_FW_G4_V1.6.1, STM32Cube_FW_H5_V1.6.0, STM32Cube_FW_H7RS_V1.3.0, STM32Cube_FW_H7_V1.13.0, STM32Cube_FW_L0_V1.12.2, STM32Cube_FW_L4_V1.18.2, STM32Cube_FW_L5_V1.6.0, STM32Cube_FW_N6_V1.3.0, STM32Cube_FW_U0_V1.3.0, STM32Cube_FW_U3_V1.3.0, STM32Cube_FW_U5_V1.8.0, STM32Cube_FW_WB0_V1.4.0, STM32Cube_FW_WBA_V1.9.0, STM32Cube_FW_WB_V1.24.0, STM32Cube_FW_WL3_V1.4.0, STM32Cube_FW_WL_V1.5.0, X-CUBE-ALGOBUILD_V1.4.0, X-CUBE-ALS_V1.0.2, X-CUBE-AZRTOS-F4_V1.1.0, X-CUBE-AZRTOS-F7_V1.1.0, X-CUBE-AZRTOS-G0_V1.1.0, X-CUBE-AZRTOS-G4_V2.0.0, X-CUBE-AZRTOS-H7RS_V1.1.0, X-CUBE-AZRTOS-H7_V3.4.0, X-CUBE-AZRTOS-L4_V2.0.0, X-CUBE-AZRTOS-L5_V2.0.0, X-CUBE-AZRTOS-WB_V2.0.0, X-CUBE-AZRTOS-WL_V2.0.0, X-CUBE-BLE1_V7.1.0, X-CUBE-BLE2_V3.3.0, X-CUBE-BLEMGR_V4.1.0, X-CUBE-EEPRMA1_V5.2.0, X-CUBE-FREERTOS_V1.3.1, X-CUBE-GNSS1_V6.0.0, X-CUBE-MEMS1_V12.0.0, X-CUBE-NFC4_V3.0.0, X-CUBE-NFC7_V2.0.0, X-CUBE-SFXS2LP1_V4.0.0, X-CUBE-ST67W61_V1.1.0, X-CUBE-SUBG2_V5.0.0, X-CUBE-TOF1_V3.4.3]
2026-03-11 17:07:41,884 [INFO] ApiDb:240 - Found 880 in-development CPN: [B-G473E-ZEST1S, B-WB1M-WPAN1, B-WBA5M-WPAN, B-WL5M-SUBG1, NUCLEO-C031C6, NUCLEO-C051C8, NUCLEO-C071RB, NUCLEO-C092RC, NUCLEO-H503RB, NUCLEO-H533RE, NUCLEO-H563ZI, NUCLEO-H7S3L8, NUCLEO-N657X0-Q, NUCLEO-U031R8, NUCLEO-U083RC, NUCLEO-U385RG-Q, NUCLEO-U545RE-Q, NUCLEO-U5A5ZJ-Q, NUCLEO-WB05KZ, NUCLEO-WB07CC, NUCLEO-WB09KE, NUCLEO-WBA52CG, NUCLEO-WBA55CG, NUCLEO-WL33CC1, NUCLEO-WL33CC2, STEVAL-PROTEUS1, STEVAL-SMARTAG2, STEVAL-STWINBX1, STM320518-EVAL, STM32C0116-DK, STM32C011D6Y3TR, STM32C011D6Y6TR, STM32C011F4P3, STM32C011F4P6, STM32C011F4U3, STM32C011F4U6TR, STM32C011F6P3, STM32C011F6P6, STM32C011F6U3, STM32C011F6U6TR, STM32C011J4M3, STM32C011J4M6, STM32C011J6M3, STM32C011J6M6, STM32C0316-DK, STM32C031C4T3, STM32C031C4T6, STM32C031C4U3, STM32C031C4U6, STM32C031C6T3, STM32C031C6T6, STM32C031C6U3, STM32C031C6U6, STM32C031F4P3, STM32C031F4P6, STM32C031F6P3, STM32C031F6P6, STM32C031G4U3, STM32C031G4U6, STM32C031G6U3, STM32C031G6U6, STM32C031K4T3, STM32C031K4T6, STM32C031K4U3, STM32C031K4U6, STM32C031K6T3, STM32C031K6T6, STM32C031K6U3, STM32C031K6U6, STM32C051C6T6, STM32C051C6U6, STM32C051C8T6, STM32C051C8U6, STM32C051D8Y6TR, STM32C051F6P6, STM32C051F8P6, STM32C051G6U6, STM32C051G8U6, STM32C051K6T6, STM32C051K6U6, STM32C051K8T6, STM32C071C8T6, STM32C071C8T6N, STM32C071C8U6, STM32C071C8U6N, STM32C071CBT6, STM32C071CBT6N, STM32C071CBU6, STM32C071CBU6N, STM32C071F8P6, STM32C071F8P6N, STM32C071FBP6, STM32C071FBP6N, STM32C071FBY6TR, STM32C071G8U6, STM32C071G8U6N, STM32C071GBU6, STM32C071GBU6N, STM32C071K8T6, STM32C071K8T6N, STM32C071K8U6, STM32C071K8U6N, STM32C071KBT6, STM32C071KBT6N, STM32C071KBU6, STM32C071KBU6N, STM32C071R8T6, STM32C071R8T6N, STM32C071RBI6N, STM32C071RBT6, STM32C071RBT6N, STM32C091CBT6, STM32C091CBU6, STM32C091CCT6, STM32C091CCU6, STM32C091ECY6TR, STM32C091FBP6, STM32C091FCP6, STM32C091GBU6, STM32C091GCU6, STM32C091KBT6, STM32C091KBU6, STM32C091KCT6, STM32C091KCU6, STM32C091RBT6, STM32C091RCI6, STM32C091RCT6, STM32C092CBT6, STM32C092CBU6, STM32C092CCT6, STM32C092CCU6, STM32C092ECY6TR, STM32C092FBP6, STM32C092FCP6, STM32C092GBU6, STM32C092GCU6, STM32C092KBT6, STM32C092KBU6, STM32C092KCT6, STM32C092KCU6, STM32C092RBT6, STM32C092RCI6, STM32C092RCT6, STM32G071K8TXN, STM32G071K8UXN, STM32G081GBU6N, STM32G081KBT6N, STM32G081KBUXN, STM32G0B1CCT6N, STM32G0B1KCT6, STM32G0B1NEY6TR, STM32G0B1RCT6N, STM32G0C1CCT6, STM32G0C1CCT6N, STM32G0C1CCU6N, STM32G0C1CET6N, STM32G0C1CEU6N, STM32G0C1KCT6, STM32G0C1NEY6TR, STM32G0C1RCI6N, STM32G0C1RCT6N, STM32G0C1REI6N, STM32G0C1RET6N, STM32G0C1VCI6, STM32G0C1VEI6, STM32G411C6T3, STM32G411C6T6, STM32G411C6U3, STM32G411C6U6, STM32G411C8T3, STM32G411C8T6, STM32G411C8U3, STM32G411C8U6, STM32G411CBT3, STM32G411CBT6, STM32G411CBU3, STM32G411CBU6, STM32G411K6T3, STM32G411K6T6, STM32G411K6U3, STM32G411K6U6, STM32G411K8T3, STM32G411K8T6, STM32G411K8U3, STM32G411K8U6, STM32G411KBT3, STM32G411KBT6, STM32G411KBU3, STM32G411KBU6, STM32G411M6T3, STM32G411M6T6, STM32G411M8T3, STM32G411M8T6, STM32G411MBT3, STM32G411MBT6, STM32G411R6T3, STM32G411R6T6, STM32G411R8T3, STM32G411R8T6, STM32G411RBT3, STM32G411RBT6, STM32G414CBT3, STM32G414CBT6, STM32G414CBU3, STM32G414CBU6, STM32G414CCT3, STM32G414CCT6, STM32G414CCU3, STM32G414CCU6, STM32G414MBT3, STM32G414MBT6, STM32G414MCT3, STM32G414MCT6, STM32G414RBT3, STM32G414RBT6, STM32G414RCT3, STM32G414RCT6, STM32G414VBT3, STM32G414VBT6, STM32G414VCT3, STM32G414VCT6, STM32G431CBT3Z, STM32G431RBT3Z, STM32G471CCT6, STM32G471CCU6, STM32G471CET3, STM32G471CET6, STM32G471CEU3, STM32G471CEU6, STM32G471MCT6, STM32G471MET3, STM32G471MET6, STM32G471MEY6TR, STM32G471QCT6, STM32G471QET3, STM32G471RCT6, STM32G471RET3, STM32G471RET6, STM32G471VCH6, STM32G471VCI6, STM32G471VCT6, STM32G471VEH3, STM32G471VEH6, STM32G471VEI3, STM32G471VEI6, STM32G471VET3, STM32G471VET6, STM32G473QET3Z, STM32G473RET3Z, STM32G474CCT6, STM32G491RET3Z, STM32H503CBT6, STM32H503CBU6, STM32H503EBY6TR, STM32H503KBU6, STM32H503RBT6, STM32H523CCT6, STM32H523CCU6, STM32H523CET6, STM32H523CEU6, STM32H523HEY6TR, STM32H523RCT6, STM32H523RET6, STM32H523VCI6, STM32H523VCT6, STM32H523VEI6, STM32H523VET6, STM32H523ZCJ6, STM32H523ZCT6, STM32H523ZEJ6, STM32H523ZET6, STM32H533CET6, STM32H533CEU6, STM32H533HEY6TR, STM32H533RET6, STM32H533VEI6, STM32H533VET6, STM32H533ZEJ6, STM32H533ZET6, STM32H562AGI6, STM32H562AII6, STM32H562IGK6, STM32H562IGT6, STM32H562IIK6, STM32H562IIT6, STM32H562RGT6, STM32H562RGV6, STM32H562RIT6, STM32H562RIV6, STM32H562VGT6, STM32H562VIT6, STM32H562ZGT6, STM32H562ZIT6, STM32H563AGI6, STM32H563AII3Q, STM32H563AII6, STM32H563IGK6, STM32H563IGT6, STM32H563IIK3Q, STM32H563IIK6, STM32H563IIT3Q, STM32H563IIT6, STM32H563MIY3QTR, STM32H563RGT6, STM32H563RGV6, STM32H563RIT6, STM32H563RIV6, STM32H563VGT6, STM32H563VIT3Q, STM32H563VIT6, STM32H563ZGT6, STM32H563ZIT3Q, STM32H563ZIT6, STM32H573AII3Q, STM32H573AII6, STM32H573I-DK, STM32H573IIK3Q, STM32H573IIK6, STM32H573IIT3Q, STM32H573IIT6, STM32H573MIY3QTR, STM32H573RIT6, STM32H573RIV6, STM32H573VIT3Q, STM32H573VIT6, STM32H573ZIT3Q, STM32H573ZIT6, STM32H7R3A8I6, STM32H7R3I8K6, STM32H7R3I8T6, STM32H7R3L8H6, STM32H7R3L8H6H, STM32H7R3R8V6, STM32H7R3V8H6, STM32H7R3V8T6, STM32H7R3V8Y6TR, STM32H7R3Z8J6, STM32H7R3Z8T6, STM32H7R7A8I6, STM32H7R7I8K6, STM32H7R7I8T6, STM32H7R7L8H6, STM32H7R7L8H6H, STM32H7R7Z8J6, STM32H7S3A8I6, STM32H7S3I8K6, STM32H7S3I8T6, STM32H7S3L8H6, STM32H7S3L8H6H, STM32H7S3R8V6, STM32H7S3V8H6, STM32H7S3V8T6, STM32H7S3V8Y6TR, STM32H7S3Z8J6, STM32H7S3Z8T6, STM32H7S78-DK, STM32H7S7A8I6, STM32H7S7I8K6, STM32H7S7I8T6, STM32H7S7L8H6, STM32H7S7L8H6H, STM32H7S7Z8J6, STM32L4R5QGI6STR, STM32MP131AAE3, STM32MP131AAF3, STM32MP131AAG3, STM32MP131CAE3, STM32MP131CAF3, STM32MP131CAG3, STM32MP131DAE7, STM32MP131DAF7, STM32MP131DAG7, STM32MP131FAE7, STM32MP131FAF7, STM32MP131FAG7, STM32MP133AAE3, STM32MP133AAF3, STM32MP133AAG3, STM32MP133CAE3, STM32MP133CAF3, STM32MP133CAG3, STM32MP133DAE7, STM32MP133DAF7, STM32MP133DAG7, STM32MP133FAE7, STM32MP133FAF7, STM32MP133FAG7, STM32MP135AAE3, STM32MP135AAF3, STM32MP135AAG3, STM32MP135CAE3, STM32MP135CAF3, STM32MP135CAG3, STM32MP135DAE7, STM32MP135DAF7, STM32MP135DAG7, STM32MP135F-DK, STM32MP135FAE7, STM32MP135FAF7, STM32MP135FAF7T, STM32MP135FAF7U, STM32MP135FAG7, STM32MP211AAL3, STM32MP211AAM3, STM32MP211AAN3, STM32MP211AAO3, STM32MP211CAL3, STM32MP211CAM3, STM32MP211CAN3, STM32MP211CAO3, STM32MP211DAL3, STM32MP211DAM3, STM32MP211DAN3, STM32MP211DAO3, STM32MP211FAL3, STM32MP211FAM3, STM32MP211FAN3, STM32MP211FAO3, STM32MP213AAL3, STM32MP213AAM3, STM32MP213AAN3, STM32MP213AAO3, STM32MP213CAL3, STM32MP213CAM3, STM32MP213CAN3, STM32MP213CAO3, STM32MP213DAL3, STM32MP213DAM3, STM32MP213DAN3, STM32MP213DAO3, STM32MP213FAL3, STM32MP213FAM3, STM32MP213FAN3, STM32MP213FAO3, STM32MP215AAL3, STM32MP215AAM3, STM32MP215AAN3, STM32MP215AAO3, STM32MP215CAL3, STM32MP215CAM3, STM32MP215CAN3, STM32MP215CAO3, STM32MP215DAL3, STM32MP215DAM3, STM32MP215DAN3, STM32MP215DAO3, STM32MP215F-DK, STM32MP215FAL3, STM32MP215FAM3, STM32MP215FAN3, STM32MP215FAO3, STM32MP231AAJ3, STM32MP231AAK3, STM32MP231AAL3, STM32MP231CAJ3, STM32MP231CAK3, STM32MP231CAL3, STM32MP231DAJ3, STM32MP231DAK3, STM32MP231DAL3, STM32MP231FAJ3, STM32MP231FAK3, STM32MP231FAL3, STM32MP233AAJ3, STM32MP233AAK3, STM32MP233AAL3, STM32MP233CAJ3, STM32MP233CAK3, STM32MP233CAL3, STM32MP233DAJ3, STM32MP233DAK3, STM32MP233DAL3, STM32MP233FAJ3, STM32MP233FAK3, STM32MP233FAL3, STM32MP235AAJ3, STM32MP235AAK3, STM32MP235AAL3, STM32MP235CAJ3, STM32MP235CAK3, STM32MP235CAL3, STM32MP235DAJ3, STM32MP235DAK3, STM32MP235DAL3, STM32MP235FAJ3, STM32MP235FAK3, STM32MP235FAL3, STM32MP251AAI3, STM32MP251AAK3, STM32MP251AAL3, STM32MP251CAI3, STM32MP251CAK3, STM32MP251CAL3, STM32MP251DAI3, STM32MP251DAK3, STM32MP251DAL3, STM32MP251FAI3, STM32MP251FAK3, STM32MP251FAL3, STM32MP253AAI3, STM32MP253AAK3, STM32MP253AAL3, STM32MP253CAI3, STM32MP253CAK3, STM32MP253CAL3, STM32MP253DAI3, STM32MP253DAK3, STM32MP253DAL3, STM32MP253FAI3, STM32MP253FAK3, STM32MP253FAL3, STM32MP255AAI3, STM32MP255AAK3, STM32MP255AAL3, STM32MP255CAI3, STM32MP255CAK3, STM32MP255CAL3, STM32MP255DAI3, STM32MP255DAK3, STM32MP255DAL3, STM32MP255FAI3, STM32MP255FAK3, STM32MP255FAL3, STM32MP257AAI3, STM32MP257AAK3, STM32MP257AAL3, STM32MP257CAI3, STM32MP257CAK3, STM32MP257CAL3, STM32MP257DAI3, STM32MP257DAK3, STM32MP257DAL3, STM32MP257F-DK, STM32MP257F-EV1, STM32MP257FAI3, STM32MP257FAK3, STM32MP257FAL3, STM32N645A0H3Q, STM32N645B0H3Q, STM32N645I0H3Q, STM32N645L0H3Q, STM32N645X0H3Q, STM32N645Z0H3Q, STM32N647A0H3Q, STM32N647B0H3Q, STM32N647I0H3Q, STM32N647L0H3Q, STM32N647X0H3Q, STM32N647Z0H3Q, STM32N655A0H3Q, STM32N655B0H3Q, STM32N655I0H3Q, STM32N655L0H3Q, STM32N655X0H3Q, STM32N655Z0H3Q, STM32N6570-DK, STM32N657A0H3Q, STM32N657B0H3Q, STM32N657I0H3Q, STM32N657L0H3Q, STM32N657X0H3Q, STM32N657Z0H3Q, STM32U031C6T6, STM32U031C6U6, STM32U031C8T6, STM32U031C8U6, STM32U031F4P6, STM32U031F6P6, STM32U031F8P6, STM32U031G6Y6TR, STM32U031G8Y6TR, STM32U031K4U6, STM32U031K6U6, STM32U031K8U6, STM32U031R6I6, STM32U031R6T6, STM32U031R8I6, STM32U031R8T6, STM32U073C8T6, STM32U073C8U6, STM32U073CBT6, STM32U073CBU6, STM32U073CCT6, STM32U073CCU6, STM32U073H8Y6TR, STM32U073HBY6TR, STM32U073HCY6TR, STM32U073K8U6, STM32U073KBU6, STM32U073KCU6, STM32U073M8I6, STM32U073M8T6, STM32U073MBI6, STM32U073MBT6, STM32U073MCI6, STM32U073MCT6, STM32U073R8I6, STM32U073R8T6, STM32U073RBI6, STM32U073RBT6, STM32U073RCI6, STM32U073RCT6, STM32U083C-DK, STM32U083CCT6, STM32U083CCU6, STM32U083HCY6TR, STM32U083KCU6, STM32U083MCI6, STM32U083MCT6, STM32U083RCI6, STM32U083RCT6, STM32U375CET6, STM32U375CET6Q, STM32U375CEU6, STM32U375CEU6Q, STM32U375CEY6QTR, STM32U375CGT6, STM32U375CGT6Q, STM32U375CGU6, STM32U375CGU6Q, STM32U375CGY6QTR, STM32U375KEU6, STM32U375KGU6, STM32U375REI6, STM32U375REI6Q, STM32U375RET6, STM32U375RET6Q, STM32U375REY6GTR, STM32U375REY6QTR, STM32U375RGI6, STM32U375RGI6Q, STM32U375RGT6, STM32U375RGT6Q, STM32U375RGY6GTR, STM32U375RGY6QTR, STM32U375VEI6, STM32U375VEI6Q, STM32U375VET6, STM32U375VET6Q, STM32U375VGI6, STM32U375VGI6Q, STM32U375VGT6, STM32U375VGT6Q, STM32U385CGT6, STM32U385CGT6Q, STM32U385CGU6, STM32U385CGU6Q, STM32U385CGY6QTR, STM32U385KGU6, STM32U385RGI6, STM32U385RGI6Q, STM32U385RGT6, STM32U385RGT6Q, STM32U385RGY6GTR, STM32U385RGY6QTR, STM32U385VGI6, STM32U385VGI6Q, STM32U385VGT6, STM32U385VGT6Q, STM32U535CBT6, STM32U535CBT6Q, STM32U535CBU6, STM32U535CBU6Q, STM32U535CCT6, STM32U535CCT6Q, STM32U535CCU6, STM32U535CCU6Q, STM32U535CET6, STM32U535CET6Q, STM32U535CEU6, STM32U535CEU6Q, STM32U535JEY6QTR, STM32U535NCY6QTR, STM32U535NEY6QTR, STM32U535RBI6, STM32U535RBI6Q, STM32U535RBT6, STM32U535RBT6Q, STM32U535RCI6, STM32U535RCI6Q, STM32U535RCT6, STM32U535RCT6Q, STM32U535REI6, STM32U535REI6Q, STM32U535RET6, STM32U535RET6Q, STM32U535VCI6, STM32U535VCI6Q, STM32U535VCT6, STM32U535VCT6Q, STM32U535VEI6, STM32U535VEI6Q, STM32U535VET6, STM32U535VET6Q, STM32U545CET6, STM32U545CET6Q, STM32U545CEU6, STM32U545CEU6Q, STM32U545JEY6QTR, STM32U545NEY6QTR, STM32U545REI6, STM32U545REI6Q, STM32U545RET6, STM32U545RET6Q, STM32U545VEI6, STM32U545VEI6Q, STM32U545VET6, STM32U545VET6Q, STM32U595AIH6, STM32U595AIH6Q, STM32U595AJH6, STM32U595AJH6Q, STM32U595QII6, STM32U595QII6Q, STM32U595QJI6, STM32U595QJI6Q, STM32U595RIT6, STM32U595RIT6Q, STM32U595RJT6, STM32U595RJT6Q, STM32U595VIT6, STM32U595VIT6Q, STM32U595VJT6, STM32U595VJT6Q, STM32U595ZIT6, STM32U595ZIT6Q, STM32U595ZIY6QTR, STM32U595ZJT6, STM32U595ZJT6Q, STM32U595ZJY6QTR, STM32U599BJY6QTR, STM32U599NIH6Q, STM32U599NJH6Q, STM32U599VIT6Q, STM32U599VJT6, STM32U599VJT6Q, STM32U599ZIT6Q, STM32U599ZIY6QTR, STM32U599ZJT6Q, STM32U599ZJY6QTR, STM32U5A5AJH6, STM32U5A5AJH6Q, STM32U5A5QII3Q , STM32U5A5QJI6, STM32U5A5QJI6Q, STM32U5A5RJT6, STM32U5A5RJT6Q, STM32U5A5VJT6, STM32U5A5VJT6Q, STM32U5A5ZJT6, STM32U5A5ZJT6Q, STM32U5A5ZJY6QTR, STM32U5A9BJY6QTR, STM32U5A9J-DK, STM32U5A9NJH6Q, STM32U5A9VJT6Q, STM32U5A9ZJT6Q, STM32U5A9ZJY6QTR, STM32U5F7VIT6, STM32U5F7VIT6Q, STM32U5F7VJT6, STM32U5F7VJT6Q, STM32U5F9BJY6QTR, STM32U5F9NJH6Q, STM32U5F9VIT6Q, STM32U5F9VJT6Q, STM32U5F9ZIJ6QTR, STM32U5F9ZIT6Q, STM32U5F9ZJJ6QTR, STM32U5F9ZJT6Q, STM32U5G7VJT6, STM32U5G7VJT6Q, STM32U5G9BJY6QTR, STM32U5G9J-DK1, STM32U5G9J-DK2, STM32U5G9NJH6Q, STM32U5G9VJT6Q, STM32U5G9ZJJ6QTR, STM32U5G9ZJT6Q, STM32WB05KZV6TR, STM32WB05KZV7TR, STM32WB05TZF6TR, STM32WB05TZF7TR, STM32WB06CCF6TR, STM32WB06CCF7TR, STM32WB06CCV6TR, STM32WB06CCV7TR, STM32WB06KCV6TR, STM32WB06KCV7TR, STM32WB07CCF6TR, STM32WB07CCF7TR, STM32WB07CCV6TR, STM32WB07CCV7TR, STM32WB07KCV6TR, STM32WB07KCV7TR, STM32WB09KEV6TR, STM32WB09KEV7TR, STM32WB09TEF6TR, STM32WB09TEF7TR, STM32WB1MMCH6, STM32WBA50KGU6, STM32WBA50KGU6TR, STM32WBA52CEU6, STM32WBA52CEU6TR, STM32WBA52CEU7, STM32WBA52CEU7TR, STM32WBA52CGU6, STM32WBA52CGU6TR, STM32WBA52CGU6U, STM32WBA52CGU7, STM32WBA52CGU7TR, STM32WBA52KEU6, STM32WBA52KEU6TR, STM32WBA52KGU6, STM32WBA52KGU6TR, STM32WBA54CEU6, STM32WBA54CEU6TR, STM32WBA54CEU7, STM32WBA54CEU7TR, STM32WBA54CGU6, STM32WBA54CGU6TR, STM32WBA54CGU7, STM32WBA54CGU7TR, STM32WBA54KEU6, STM32WBA54KEU6TR, STM32WBA54KEU7, STM32WBA54KEU7TR, STM32WBA54KGU6, STM32WBA54KGU6TR, STM32WBA54KGU7, STM32WBA54KGU7TR, STM32WBA55CEU6, STM32WBA55CEU6TR, STM32WBA55CEU7, STM32WBA55CEU7TR, STM32WBA55CGU6, STM32WBA55CGU6TR, STM32WBA55CGU6U, STM32WBA55CGU7, STM32WBA55CGU7TR, STM32WBA55G-DK1, STM32WBA55HEF6, STM32WBA55HEF7, STM32WBA55HGF6, STM32WBA55HGF7, STM32WBA55UEI6, STM32WBA55UEI6TR, STM32WBA55UEI7, STM32WBA55UEI7TR, STM32WBA55UGI6, STM32WBA55UGI6TR, STM32WBA55UGI7, STM32WBA55UGI7TR, STM32WBA5MMGH6TR, STM32WBA62MGF6, STM32WBA62MIF6, STM32WBA65MGF7, STM32WBA65MIF6, STM32WBA65MIF7, STM32WL30K8V6, STM32WL30KBV6, STM32WL31C8V6, STM32WL31CBV6, STM32WL31K8V6, STM32WL31KBV6, STM32WL33C8V6, STM32WL33C8V6X, STM32WL33CBV6, STM32WL33CBV6X, STM32WL33CCV6, STM32WL33CCV6A, STM32WL33CCV6X, STM32WL33K8V7, STM32WL33K8V7X, STM32WL33KBV7 , STM32WL33KBV7X, STM32WL33KCV7, STM32WL33KCV7X, STM32WL5MOCH6, STM32WL5MOCH6TR]
2026-03-11 17:07:41,888 [INFO] DbMcus:218 - Found 4922 MCUs, 4922 are supported
2026-03-11 17:07:41,888 [INFO] ApiDb:423 - Load user favorites file /home/kamil/.stm32cubeide/favorites.mcus.txt: 0 item(s)
2026-03-11 17:07:41,888 [INFO] ApiDb:427 - User favorites MCUs=[]
2026-03-11 17:07:41,888 [INFO] DbMcus:224 - Set 0 / 0 favorites MCUs
2026-03-11 17:07:42,226 [INFO] BoardInfo:889 - No configuration file found for board P-NUCLEO-WB55
2026-03-11 17:07:42,227 [INFO] DbBoards:161 - Kit is not supported: P-NUCLEO-WB55
2026-03-11 17:07:42,237 [INFO] BoardInfo:889 - No configuration file found for board STEVAL-BFA001V1B
2026-03-11 17:07:42,237 [INFO] DbBoards:161 - Kit is not supported: STEVAL-BFA001V1B
2026-03-11 17:07:42,239 [INFO] BoardInfo:889 - No configuration file found for board STEVAL-BFA001V2B
2026-03-11 17:07:42,239 [INFO] DbBoards:161 - Kit is not supported: STEVAL-BFA001V2B
2026-03-11 17:07:42,322 [INFO] DbBoards:168 - Found 212 boards, 209 are supported
2026-03-11 17:07:42,323 [INFO] DbBoards:169 - Found 212 boards, 43 of them is supported for  Bsp
2026-03-11 17:07:42,325 [INFO] ApiDb:423 - Load user favorites file /home/kamil/.stm32cubeide/favorites.boards.txt: 0 item(s)
2026-03-11 17:07:42,325 [INFO] ApiDb:427 - User favorites Boards=[]
2026-03-11 17:07:42,325 [INFO] DbBoards:198 - Set 0 / 0 favorites Boards
2026-03-11 17:07:42,368 [INFO] UtilMem:75 - End LoadConfig() Used Memory: 221226400 Bytes (426770432)
2026-03-11 17:07:42,458 [WARN] ThirdParty:833 - waiting for thirdparty lock release [change project]
2026-03-11 17:07:42,458 [INFO] ThirdParty:835 - entering critical section [change project]
2026-03-11 17:07:42,459 [INFO] ThirdParty:1030 - CMSIS Pack Vendor :STMicroelectronics X-CUBE-AZRTOS-H7 3.5.0
2026-03-11 17:07:42,459 [INFO] ThirdParty:1030 - CMSIS Pack Vendor :STMicroelectronics X-CUBE-PM33A1 1.0.0
2026-03-11 17:07:42,459 [INFO] ThirdParty:1030 - CMSIS Pack Vendor :STMicroelectronics USBPD 4.1
2026-03-11 17:07:42,459 [INFO] ThirdParty:1030 - CMSIS Pack Vendor :STMicroelectronics X-CUBE-NFC9 1.0.0
2026-03-11 17:07:42,459 [INFO] ThirdParty:1030 - CMSIS Pack Vendor :STMicroelectronics USB_HOST 2.0.0
2026-03-11 17:07:42,459 [INFO] ThirdParty:1030 - CMSIS Pack Vendor :STMicroelectronics FP-SNS-MOTENVWB1 1.4.0
2026-03-11 17:07:42,459 [INFO] ThirdParty:1030 - CMSIS Pack Vendor :STMicroelectronics X-CUBE-AZRTOS-F4 1.1.0
2026-03-11 17:07:42,459 [INFO] ThirdParty:1030 - CMSIS Pack Vendor :STMicroelectronics LIBJPEG 8.0.0
2026-03-11 17:07:42,459 [INFO] ThirdParty:1030 - CMSIS Pack Vendor :STMicroelectronics FP-ATR-ASTRA1 2.0.2
2026-03-11 17:07:42,459 [INFO] ThirdParty:1030 - CMSIS Pack Vendor :wolfSSL I-CUBE-wolfSSL 5.8.2
2026-03-11 17:07:42,459 [INFO] ThirdParty:1030 - CMSIS Pack Vendor :STMicroelectronics X-CUBE-BLE1 7.1.0
2026-03-11 17:07:42,459 [INFO] ThirdParty:1030 - CMSIS Pack Vendor :STMicroelectronics X-CUBE-SMBUS 2.1.0
2026-03-11 17:07:42,459 [INFO] ThirdParty:1030 - CMSIS Pack Vendor :wolfSSL I-CUBE-wolfMQTT 1.19.2
2026-03-11 17:07:42,459 [INFO] ThirdParty:1030 - CMSIS Pack Vendor :STMicroelectronics USB_DEVICE 3.0.0
2026-03-11 17:07:42,459 [INFO] ThirdParty:1030 - CMSIS Pack Vendor :STMicroelectronics X-CUBE-ISPU 2.1.0
2026-03-11 17:07:42,459 [INFO] ThirdParty:1030 - CMSIS Pack Vendor :STMicroelectronics X-CUBE-FREERTOS 1.4.0
2026-03-11 17:07:42,459 [INFO] ThirdParty:1030 - CMSIS Pack Vendor :STMicroelectronics X-CUBE-EEPRMA1 5.2.0
2026-03-11 17:07:42,459 [INFO] ThirdParty:1030 - CMSIS Pack Vendor :STMicroelectronics X-CUBE-IPS 3.2.0
2026-03-11 17:07:42,459 [INFO] ThirdParty:1030 - CMSIS Pack Vendor :STMicroelectronics X-CUBE-BLEMGR 4.1.0
2026-03-11 17:07:42,459 [INFO] ThirdParty:1030 - CMSIS Pack Vendor :STMicroelectronics X-CUBE-AZRTOS-WB 2.0.0
2026-03-11 17:07:42,459 [INFO] ThirdParty:1030 - CMSIS Pack Vendor :STMicroelectronics X-CUBE-ST60 1.0.0
2026-03-11 17:07:42,459 [INFO] ThirdParty:1030 - CMSIS Pack Vendor :STMicroelectronics X-CUBE-GNSS1 7.0.1
2026-03-11 17:07:42,459 [INFO] ThirdParty:1030 - CMSIS Pack Vendor :STMicroelectronics X-CUBE-NFC12 1.0.0
2026-03-11 17:07:42,459 [INFO] ThirdParty:1030 - CMSIS Pack Vendor :STMicroelectronics X-CUBE-AZRTOS-F7 1.1.0
2026-03-11 17:07:42,460 [INFO] ThirdParty:1030 - CMSIS Pack Vendor :STMicroelectronics X-CUBE-AZRTOS-L5 2.0.0
2026-03-11 17:07:42,460 [INFO] ThirdParty:1030 - CMSIS Pack Vendor :STMicroelectronics USB_DEVICE 2.0.0
2026-03-11 17:07:42,460 [INFO] ThirdParty:1030 - CMSIS Pack Vendor :STMicroelectronics X-CUBE-NFC6 3.1.0
2026-03-11 17:07:42,460 [INFO] ThirdParty:1030 - CMSIS Pack Vendor :STMicroelectronics X-CUBE-ST67W61 1.1.0
2026-03-11 17:07:42,460 [INFO] ThirdParty:1030 - CMSIS Pack Vendor :Cesanta I-CUBE-Mongoose 7.19.0
2026-03-11 17:07:42,460 [INFO] ThirdParty:1030 - CMSIS Pack Vendor :quantropi X-CUBE-qispace-sdk-base 2.1.0
2026-03-11 17:07:42,460 [INFO] ThirdParty:1030 - CMSIS Pack Vendor :STMicroelectronics X-CUBE-MEMS1 12.0.0
2026-03-11 17:07:42,460 [INFO] ThirdParty:1030 - CMSIS Pack Vendor :STMicroelectronics X-CUBE-STSE01 2.0.0
2026-03-11 17:07:42,460 [INFO] ThirdParty:1030 - CMSIS Pack Vendor :STMicroelectronics FP-SNS-MOTENV1 5.1.0
2026-03-11 17:07:42,460 [INFO] ThirdParty:1030 - CMSIS Pack Vendor :STMicroelectronics FreeRTOS 0.0.1
2026-03-11 17:07:42,460 [INFO] ThirdParty:1030 - CMSIS Pack Vendor :STMicroelectronics X-CUBE-AZRTOS-G0 1.1.0
2026-03-11 17:07:42,460 [INFO] ThirdParty:1030 - CMSIS Pack Vendor :STMicroelectronics X-CUBE-SAFEA1 1.2.2
2026-03-11 17:07:42,460 [INFO] ThirdParty:1030 - CMSIS Pack Vendor :STMicroelectronics X-CUBE-NFC4 3.0.0
2026-03-11 17:07:42,460 [INFO] ThirdParty:1030 - CMSIS Pack Vendor :STMicroelectronics X-CUBE-SUBG2 5.0.0
2026-03-11 17:07:42,460 [INFO] ThirdParty:1030 - CMSIS Pack Vendor :STMicroelectronics X-CUBE-AZRTOS-H7RS 1.1.0
2026-03-11 17:07:42,460 [INFO] ThirdParty:1030 - CMSIS Pack Vendor :STMicroelectronics STM32_WPAN 1.0.0
2026-03-11 17:07:42,460 [INFO] ThirdParty:1030 - CMSIS Pack Vendor :EmbeddedOffice I-CUBE-FS-RTOS 1.0.1
2026-03-11 17:07:42,460 [INFO] ThirdParty:1030 - CMSIS Pack Vendor :STMicroelectronics lwIP 2.0.3
2026-03-11 17:07:42,460 [INFO] ThirdParty:1030 - CMSIS Pack Vendor :WES I-CUBE-Cesium 1.4.0
2026-03-11 17:07:42,460 [INFO] ThirdParty:1030 - CMSIS Pack Vendor :STMicroelectronics USB_HOST 1.0.0
2026-03-11 17:07:42,460 [INFO] ThirdParty:1030 - CMSIS Pack Vendor :Infineon AIROC-Wi-Fi-Bluetooth-STM32 1.7.1
2026-03-11 17:07:42,460 [INFO] ThirdParty:1030 - CMSIS Pack Vendor :STMicroelectronics X-CUBE-AZRTOS-G4 2.0.0
2026-03-11 17:07:42,460 [INFO] ThirdParty:1030 - CMSIS Pack Vendor :STMicroelectronics X-CUBE-WB05N 2.0.0
2026-03-11 17:07:42,460 [INFO] ThirdParty:1030 - CMSIS Pack Vendor :STMicroelectronics PDM2PCM 3.1.0
2026-03-11 17:07:42,460 [INFO] ThirdParty:1030 - CMSIS Pack Vendor :STMicroelectronics PDM2PCM 3.3.0
2026-03-11 17:07:42,460 [INFO] ThirdParty:1030 - CMSIS Pack Vendor :wolfSSL I-CUBE-wolfTPM 3.8.0
2026-03-11 17:07:42,460 [INFO] ThirdParty:1030 - CMSIS Pack Vendor :STMicroelectronics X-CUBE-AZRTOS-H7 3.4.0
2026-03-11 17:07:42,460 [INFO] ThirdParty:1030 - CMSIS Pack Vendor :STMicroelectronics X-CUBE-DISPLAY 3.0.0
2026-03-11 17:07:42,460 [INFO] ThirdParty:1030 - CMSIS Pack Vendor :wolfSSL I-CUBE-wolfSSH 1.4.20
2026-03-11 17:07:42,460 [INFO] ThirdParty:1030 - CMSIS Pack Vendor :STMicroelectronics X-CUBE-NFC7 2.0.0
2026-03-11 17:07:42,460 [INFO] ThirdParty:1030 - CMSIS Pack Vendor :STMicroelectronics FP-SNS-MOTENVWB1 1.5.0
2026-03-11 17:07:42,461 [INFO] ThirdParty:1030 - CMSIS Pack Vendor :STMicroelectronics X-CUBE-TCPP 4.2.0
2026-03-11 17:07:42,461 [INFO] ThirdParty:1030 - CMSIS Pack Vendor :RealThread X-CUBE-RT-Thread_Nano 4.1.1
2026-03-11 17:07:42,461 [INFO] ThirdParty:1030 - CMSIS Pack Vendor :STMicroelectronics FP-ATR-SIGFOX1 3.2.0
2026-03-11 17:07:42,461 [INFO] ThirdParty:1030 - CMSIS Pack Vendor :STMicroelectronics X-CUBE-NFC10 1.0.0
2026-03-11 17:07:42,461 [INFO] ThirdParty:1030 - CMSIS Pack Vendor :STMicroelectronics X-CUBE-FREERTOS 1.3.1
2026-03-11 17:07:42,461 [INFO] ThirdParty:1030 - CMSIS Pack Vendor :STMicroelectronics HAL Drivers 0.0.0
2026-03-11 17:07:42,461 [INFO] ThirdParty:1030 - CMSIS Pack Vendor :STMicroelectronics X-CUBE-FREERTOS 1.5.0
2026-03-11 17:07:42,461 [INFO] ThirdParty:1030 - CMSIS Pack Vendor :STMicroelectronics MBEDTLS 2.16.2
2026-03-11 17:07:42,461 [INFO] ThirdParty:1030 - CMSIS Pack Vendor :STMicroelectronics X-CUBE-ST60 1.1.0
2026-03-11 17:07:42,461 [INFO] ThirdParty:1030 - CMSIS Pack Vendor :STMicroelectronics X-CUBE-ALS 1.0.2
2026-03-11 17:07:42,461 [INFO] ThirdParty:1030 - CMSIS Pack Vendor :emotas I-CUBE-CANOPEN 1.3.0
2026-03-11 17:07:42,461 [INFO] ThirdParty:1030 - CMSIS Pack Vendor :STMicroelectronics MBEDTLS 2.14.1
2026-03-11 17:07:42,461 [INFO] ThirdParty:1030 - CMSIS Pack Vendor :STMicroelectronics X-CUBE-GNSS1 7.1.0
2026-03-11 17:07:42,461 [INFO] ThirdParty:1030 - CMSIS Pack Vendor :ITTIA_DB I-CUBE-ITTIADB 8.9.0
2026-03-11 17:07:42,461 [INFO] ThirdParty:1030 - CMSIS Pack Vendor :STMicroelectronics X-CUBE-TOUCHGFX 4.26.0
2026-03-11 17:07:42,461 [INFO] ThirdParty:1030 - CMSIS Pack Vendor :STMicroelectronics X-CUBE-STSE01 1.0.0
2026-03-11 17:07:42,461 [INFO] ThirdParty:1030 - CMSIS Pack Vendor :STMicroelectronics X-CUBE-TOUCHGFX 4.26.1
2026-03-11 17:07:42,461 [INFO] ThirdParty:1030 - CMSIS Pack Vendor :STMicroelectronics X-CUBE-NFC6 3.2.0
2026-03-11 17:07:42,461 [INFO] ThirdParty:1030 - CMSIS Pack Vendor :STMicroelectronics ThreadX 1.0.0
2026-03-11 17:07:42,461 [INFO] ThirdParty:1030 - CMSIS Pack Vendor :STMicroelectronics FP-SNS-SMARTAG2 1.2.0
2026-03-11 17:07:42,461 [INFO] ThirdParty:1030 - CMSIS Pack Vendor :STMicroelectronics FP-SNS-FLIGHT1 5.1.0
2026-03-11 17:07:42,461 [INFO] ThirdParty:1030 - CMSIS Pack Vendor :STMicroelectronics X-CUBE-AZRTOS-WL 2.0.0
2026-03-11 17:07:42,461 [INFO] ThirdParty:1030 - CMSIS Pack Vendor :SEGGER I-CUBE-embOS 1.3.1
2026-03-11 17:07:42,461 [INFO] ThirdParty:1030 - CMSIS Pack Vendor :STMicroelectronics X-CUBE-ALGOBUILD 1.4.0
2026-03-11 17:07:42,461 [INFO] ThirdParty:1030 - CMSIS Pack Vendor :STMicroelectronics X-CUBE-DPower 1.3.0
2026-03-11 17:07:42,461 [INFO] ThirdParty:1030 - CMSIS Pack Vendor :STMicroelectronics X-CUBE-MEMS1 11.3.0
2026-03-11 17:07:42,461 [INFO] ThirdParty:1030 - CMSIS Pack Vendor :STMicroelectronics FP-SNS-MOTENV1 5.0.0
2026-03-11 17:07:42,461 [INFO] ThirdParty:1030 - CMSIS Pack Vendor :STMicroelectronics USB_DEVICE 1.0.0
2026-03-11 17:07:42,461 [INFO] ThirdParty:1030 - CMSIS Pack Vendor :STMicroelectronics X-CUBE-AZRTOS-H7RS 1.2.0
2026-03-11 17:07:42,462 [INFO] ThirdParty:1030 - CMSIS Pack Vendor :STMicroelectronics X-CUBE-AZRTOS-L4 2.0.0
2026-03-11 17:07:42,462 [INFO] ThirdParty:1030 - CMSIS Pack Vendor :STMicroelectronics ThreadX 0.0.2
2026-03-11 17:07:42,462 [INFO] ThirdParty:1030 - CMSIS Pack Vendor :STMicroelectronics lwIP 2.1.2
2026-03-11 17:07:42,462 [INFO] ThirdParty:1030 - CMSIS Pack Vendor :STMicroelectronics X-CUBE-SFXS2LP1 4.0.0
2026-03-11 17:07:42,462 [INFO] ThirdParty:1030 - CMSIS Pack Vendor :STMicroelectronics X-CUBE-BLE2 3.3.0
2026-03-11 17:07:42,462 [INFO] ThirdParty:1030 - CMSIS Pack Vendor :Avnet-IOTCONNECT X-CUBE-iotc-st67-sdk 1.0.0
2026-03-11 17:07:42,462 [INFO] ThirdParty:1030 - CMSIS Pack Vendor :STMicroelectronics X-CUBE-TOF1 3.4.3
2026-03-11 17:07:42,462 [INFO] ThirdParty:1030 - CMSIS Pack Vendor :STMicroelectronics PDM2PCM 3.2.0
2026-03-11 17:07:42,462 [INFO] ThirdParty:1030 - CMSIS Pack Vendor :STMicroelectronics X-CUBE-ST67W61 1.2.0
2026-03-11 17:07:42,462 [INFO] ThirdParty:841 - exiting critical section [change project]
2026-03-11 17:07:42,803 [INFO] PinOutPanel:1589 - setPackage(No Configuration,No Configuration)
2026-03-11 17:07:42,804 [INFO] PinOutPanel:1589 - setPackage(STM32F446RETx,LQFP64)
2026-03-11 17:07:43,244 [INFO] UtilMem:75 - Before build in PCC Used Memory: 366477824 Bytes (426770432)
2026-03-11 17:07:43,626 [INFO] UtilMem:75 - After build in PCC Used Memory: 342410048 Bytes (426770432)
2026-03-11 17:07:43,647 [INFO] IPUIPlugin:80 - create IPUIPlugin
2026-03-11 17:07:43,647 [INFO] IPUIPlugin:80 - create IPUIPlugin
2026-03-11 17:07:43,647 [INFO] IPUIPlugin:80 - create IPUIPlugin
2026-03-11 17:07:43,647 [INFO] IPUIPlugin:80 - create IPUIPlugin
2026-03-11 17:07:43,647 [INFO] IPUIPlugin:80 - create IPUIPlugin
2026-03-11 17:07:43,647 [INFO] IPUIPlugin:80 - create IPUIPlugin
2026-03-11 17:07:43,647 [INFO] IPUIPlugin:80 - create IPUIPlugin
2026-03-11 17:07:43,647 [INFO] IPUIPlugin:80 - create IPUIPlugin
2026-03-11 17:07:43,647 [INFO] IPUIPlugin:80 - create IPUIPlugin
2026-03-11 17:07:43,647 [INFO] IPUIPlugin:80 - create IPUIPlugin
2026-03-11 17:07:43,648 [INFO] IPUIPlugin:80 - create IPUIPlugin
2026-03-11 17:07:43,648 [INFO] IPUIPlugin:80 - create IPUIPlugin
2026-03-11 17:07:43,648 [INFO] IPUIPlugin:80 - create IPUIPlugin
2026-03-11 17:07:43,648 [INFO] IPUIPlugin:80 - create IPUIPlugin
2026-03-11 17:07:43,648 [INFO] IPUIPlugin:80 - create IPUIPlugin
2026-03-11 17:07:43,648 [INFO] IPUIPlugin:80 - create IPUIPlugin
2026-03-11 17:07:43,648 [INFO] IPUIPlugin:80 - create IPUIPlugin
2026-03-11 17:07:43,648 [INFO] IPUIPlugin:80 - create IPUIPlugin
2026-03-11 17:07:43,648 [INFO] IPUIPlugin:80 - create IPUIPlugin
2026-03-11 17:07:43,648 [INFO] IPUIPlugin:80 - create IPUIPlugin
2026-03-11 17:07:43,648 [INFO] IPUIPlugin:80 - create IPUIPlugin
2026-03-11 17:07:43,648 [INFO] IPUIPlugin:80 - create IPUIPlugin
2026-03-11 17:07:43,648 [INFO] IPUIPlugin:80 - create IPUIPlugin
2026-03-11 17:07:43,649 [INFO] IPUIPlugin:80 - create IPUIPlugin
2026-03-11 17:07:43,649 [INFO] IPUIPlugin:80 - create IPUIPlugin
2026-03-11 17:07:43,649 [INFO] IPUIPlugin:80 - create IPUIPlugin
2026-03-11 17:07:43,649 [INFO] IPUIPlugin:80 - create IPUIPlugin
2026-03-11 17:07:43,649 [INFO] IPUIPlugin:80 - create IPUIPlugin
2026-03-11 17:07:43,649 [INFO] IPUIPlugin:80 - create IPUIPlugin
2026-03-11 17:07:43,649 [INFO] IPUIPlugin:80 - create IPUIPlugin
2026-03-11 17:07:43,649 [INFO] IPUIPlugin:80 - create IPUIPlugin
2026-03-11 17:07:43,649 [INFO] IPUIPlugin:80 - create IPUIPlugin
2026-03-11 17:07:43,649 [INFO] IPUIPlugin:80 - create IPUIPlugin
2026-03-11 17:07:43,649 [INFO] IPUIPlugin:80 - create IPUIPlugin
2026-03-11 17:07:43,650 [INFO] IPUIPlugin:80 - create IPUIPlugin
2026-03-11 17:07:43,650 [INFO] IPUIPlugin:80 - create IPUIPlugin
2026-03-11 17:07:43,650 [INFO] IPUIPlugin:80 - create IPUIPlugin
2026-03-11 17:07:43,650 [INFO] IPUIPlugin:80 - create IPUIPlugin
2026-03-11 17:07:43,650 [INFO] IPUIPlugin:80 - create IPUIPlugin
2026-03-11 17:07:43,650 [INFO] IPUIPlugin:80 - create IPUIPlugin
2026-03-11 17:07:43,650 [INFO] IPUIPlugin:80 - create IPUIPlugin
2026-03-11 17:07:43,650 [INFO] IPUIPlugin:80 - create IPUIPlugin
2026-03-11 17:07:43,650 [INFO] IPUIPlugin:80 - create IPUIPlugin
2026-03-11 17:07:43,651 [INFO] IPUIPlugin:80 - create IPUIPlugin
2026-03-11 17:07:43,651 [INFO] IPUIPlugin:80 - create IPUIPlugin
2026-03-11 17:07:43,651 [INFO] IPUIPlugin:80 - create IPUIPlugin
2026-03-11 17:07:43,651 [INFO] IPUIPlugin:80 - create IPUIPlugin
2026-03-11 17:07:43,651 [INFO] IPUIPlugin:80 - create IPUIPlugin
2026-03-11 17:07:43,651 [INFO] IPUIPlugin:80 - create IPUIPlugin
2026-03-11 17:07:43,651 [INFO] IPUIPlugin:80 - create IPUIPlugin
2026-03-11 17:07:43,651 [INFO] IPUIPlugin:80 - create IPUIPlugin
2026-03-11 17:07:43,652 [INFO] IPUIPlugin:80 - create IPUIPlugin
2026-03-11 17:07:43,652 [INFO] IPUIPlugin:80 - create IPUIPlugin
2026-03-11 17:07:43,652 [INFO] IPUIPlugin:80 - create IPUIPlugin
2026-03-11 17:07:43,652 [INFO] IPUIPlugin:80 - create IPUIPlugin
2026-03-11 17:07:43,652 [INFO] IPUIPlugin:80 - create IPUIPlugin
2026-03-11 17:07:43,652 [INFO] IPUIPlugin:80 - create IPUIPlugin
2026-03-11 17:07:43,653 [INFO] IPUIPlugin:80 - create IPUIPlugin
2026-03-11 17:07:43,653 [INFO] IPUIPlugin:80 - create IPUIPlugin
2026-03-11 17:07:43,653 [INFO] IPUIPlugin:80 - create IPUIPlugin
2026-03-11 17:07:43,668 [INFO] ApiDbMcu:532 - Load IP Config File for PDM2PCM
2026-03-11 17:07:43,673 [INFO] Can:71 - Can Add PropertyChangeListener com.st.microxplorer.plugins.ip.can.Can@7b949551
2026-03-11 17:07:43,674 [WARN] IP:2250 - I2C_Coeff_DF not found: check if there is a RefParameter without a condition.
2026-03-11 17:07:43,674 [WARN] IP:2250 - Analog_Filter not found: check if there is a RefParameter without a condition.
2026-03-11 17:07:43,793 [INFO] CADModel:165 - CPN selected for project levelSTM32F446RET6
2026-03-11 17:07:43,793 [INFO] CADModel:114 - Register for checkConnection events
2026-03-11 17:07:43,831 [INFO] OpenFileManager:386 - Restore cursor
2026-03-11 17:07:44,040 [WARN] IP:2250 - I2C_Coeff_DF not found: check if there is a RefParameter without a condition.
2026-03-11 17:07:44,040 [WARN] IP:2250 - Analog_Filter not found: check if there is a RefParameter without a condition.
2026-03-11 17:07:44,040 [WARN] IP:2250 - I2C_Coeff_DF not found: check if there is a RefParameter without a condition.
2026-03-11 17:07:44,040 [WARN] IP:2250 - Analog_Filter not found: check if there is a RefParameter without a condition.
2026-03-11 17:10:23,211 [INFO] MainUpdater:2872 - connection check result : 10
2026-03-11 17:10:23,211 [INFO] MainUpdater:2872 - connection check result : 10
2026-03-11 17:10:23,331 [INFO] MicroXplorer:468 - Change Database Path : 
2026-03-11 17:10:23,331 [INFO] MicroXplorer:498 - Change Database Version : DB.6.0.150
2026-03-11 17:10:23,357 [ERROR] ProjectManagerView:395 - 
java.lang.NullPointerException: Cannot invoke "javax.swing.JTextField.getText()" because the return value of "java.util.List.get(int)" is null
	at com.st.microxplorer.plugins.projectmanager.gui.ProjectChoiceTab$9.caretUpdate(ProjectChoiceTab.java:2706) ~[filemanager.jar:?]
	at javax.swing.text.JTextComponent.fireCaretUpdate(JTextComponent.java:408) ~[?:?]
	at javax.swing.text.JTextComponent$MutableCaretEvent.fire(JTextComponent.java:4484) ~[?:?]
	at javax.swing.text.JTextComponent$MutableCaretEvent.stateChanged(JTextComponent.java:4506) ~[?:?]
	at javax.swing.text.DefaultCaret.fireStateChanged(DefaultCaret.java:857) ~[?:?]
	at javax.swing.text.DefaultCaret.changeCaretPosition(DefaultCaret.java:1343) ~[?:?]
	at javax.swing.text.DefaultCaret.handleSetDot(DefaultCaret.java:1242) ~[?:?]
	at javax.swing.text.DefaultCaret.setDot(DefaultCaret.java:1223) ~[?:?]
	at javax.swing.text.DefaultCaret$Handler.insertUpdate(DefaultCaret.java:1819) ~[?:?]
	at javax.swing.text.AbstractDocument.fireInsertUpdate(AbstractDocument.java:227) ~[?:?]
	at javax.swing.text.AbstractDocument.handleInsertString(AbstractDocument.java:781) ~[?:?]
	at javax.swing.text.AbstractDocument.insertString(AbstractDocument.java:740) ~[?:?]
	at javax.swing.text.PlainDocument.insertString(PlainDocument.java:131) ~[?:?]
	at javax.swing.text.AbstractDocument.replace(AbstractDocument.java:699) ~[?:?]
	at javax.swing.text.JTextComponent.setText(JTextComponent.java:1725) ~[?:?]
	at com.st.microxplorer.plugins.projectmanager.gui.ProjectChoiceTab.createHeapStackFields(ProjectChoiceTab.java:993) ~[filemanager.jar:?]
	at com.st.microxplorer.plugins.projectmanager.gui.ProjectChoiceTab.buildLinkSettingsPanel(ProjectChoiceTab.java:3813) ~[filemanager.jar:?]
	at com.st.microxplorer.plugins.projectmanager.gui.ProjectChoiceTab.defineWindowsFields(ProjectChoiceTab.java:1987) ~[filemanager.jar:?]
	at com.st.microxplorer.plugins.projectmanager.gui.ProjectChoiceTab.updateSettings(ProjectChoiceTab.java:558) ~[filemanager.jar:?]
	at com.st.microxplorer.plugins.projectmanager.gui.ProjectSettingsPanel.UpdateDialog(ProjectSettingsPanel.java:247) ~[filemanager.jar:?]
	at com.st.microxplorer.plugins.projectmanager.ProjectManagerView.propertyChange(ProjectManagerView.java:392) ~[filemanager.jar:?]
	at java.beans.PropertyChangeSupport.fire(PropertyChangeSupport.java:343) ~[?:?]
	at java.beans.PropertyChangeSupport.firePropertyChange(PropertyChangeSupport.java:335) ~[?:?]
	at java.beans.PropertyChangeSupport.firePropertyChange(PropertyChangeSupport.java:268) ~[?:?]
	at com.st.microxplorer.util.MXPropertyChangeSupport.firePropertyChange(MXPropertyChangeSupport.java:54) ~[STM32CubeMX.jar:?]
	at com.st.microxplorer.mxsystem.MxSystem.closeConfig(MxSystem.java:899) ~[STM32CubeMX.jar:?]
	at com.st.microxplorer.maingui.MainPanel.closeConfig(MainPanel.java:792) ~[STM32CubeMX.jar:?]
	at com.st.microxplorer.plugins.filemanager.engine.OpenFileManager.loadConfigurationFile(OpenFileManager.java:288) ~[filemanager.jar:?]
	at com.st.microxplorer.plugins.filemanager.engine.MainFileManager.userLoadConfig(MainFileManager.java:364) ~[filemanager.jar:?]
	at com.st.microxplorer.plugins.filemanager.engine.MainFileManager.userLoadConfig(MainFileManager.java:342) ~[filemanager.jar:?]
	at com.st.microxplorer.plugins.filemanager.FileManagerView.getSpecificTask(FileManagerView.java:264) ~[filemanager.jar:?]
	at com.st.stm32cube.common.mx.editor.CubeMxEditor.getMxTabbedPaneInstance(CubeMxEditor.java:1198) ~[com.st.stm32cube.common.mx_6.15.0.202507011659/:?]
	at com.st.stm32cube.common.mx.editor.CubeMxEditor$12$1.createSwingComponent(CubeMxEditor.java:1068) ~[com.st.stm32cube.common.mx_6.15.0.202507011659/:?]
	at com.st.stm32cube.common.mx.oss.core.awtswtbridge.EmbeddedSwingComposite.doComponentCreation(EmbeddedSwingComposite.java:492) ~[com.st.stm32cube.common.mx.oss_6.15.0.202507011659/:?]
	at com.st.stm32cube.common.mx.oss.core.awtswtbridge.EmbeddedSwingComposite$4.run(EmbeddedSwingComposite.java:291) ~[com.st.stm32cube.common.mx.oss_6.15.0.202507011659/:?]
	at com.st.stm32cube.common.mx.oss.core.awtswtbridge.AwtEnvironment$2.run(AwtEnvironment.java:166) ~[com.st.stm32cube.common.mx.oss_6.15.0.202507011659/:?]
	at java.awt.event.InvocationEvent.dispatch(InvocationEvent.java:318) ~[?:?]
	at java.awt.EventQueue.dispatchEventImpl(EventQueue.java:773) ~[?:?]
	at java.awt.EventQueue$4.run(EventQueue.java:720) ~[?:?]
	at java.awt.EventQueue$4.run(EventQueue.java:714) ~[?:?]
	at java.security.AccessController.doPrivileged(AccessController.java:400) ~[?:?]
	at java.security.ProtectionDomain$JavaSecurityAccessImpl.doIntersectionPrivilege(ProtectionDomain.java:87) ~[?:?]
	at java.awt.EventQueue.dispatchEvent(EventQueue.java:742) ~[?:?]
	at java.awt.EventDispatchThread.pumpOneEventForFilters(EventDispatchThread.java:203) ~[?:?]
	at java.awt.EventDispatchThread.pumpEventsForFilter(EventDispatchThread.java:124) ~[?:?]
	at java.awt.EventDispatchThread.pumpEventsForHierarchy(EventDispatchThread.java:113) ~[?:?]
	at java.awt.EventDispatchThread.pumpEvents(EventDispatchThread.java:109) ~[?:?]
	at java.awt.EventDispatchThread.pumpEvents(EventDispatchThread.java:101) ~[?:?]
	at java.awt.EventDispatchThread.run(EventDispatchThread.java:90) ~[?:?]
2026-03-11 17:10:23,363 [WARN] ThirdParty:871 - waiting for thirdparty lock release [close project]
2026-03-11 17:10:23,364 [INFO] ThirdParty:873 - entering critical section [close project]
2026-03-11 17:10:23,364 [INFO] ThirdParty:883 - exiting critical section [close project]
2026-03-11 17:10:23,366 [INFO] PinOutPanel:1589 - setPackage(No Configuration,No Configuration)
2026-03-11 17:10:23,387 [WARN] IpParametersView:155 - Warning: This peripheral hasn't parameters
2026-03-11 17:10:23,404 [WARN] MainPanel:289 - <html><b><center>Warning: This peripheral has no parameters to be configured<br></b></html>
2026-03-11 17:10:23,414 [INFO] UtilMem:75 - Begin LoadConfig() Used Memory: 734161160 Bytes (1023410176)
2026-03-11 17:10:23,415 [INFO] MicroXplorer:468 - Change Database Path : 
2026-03-11 17:10:23,415 [INFO] MicroXplorer:498 - Change Database Version : DB.6.0.150
2026-03-11 17:10:23,415 [INFO] OpenFileManager:355 - Change cursor
2026-03-11 17:10:23,428 [INFO] Mcu:2029 - Initializing MCU STM32F446R(C-E)Tx STM32F446RETx STM32F446RET6
2026-03-11 17:10:24,706 [INFO] Context:786 - Trying to add GPIOservice into a context  which must be forbidden
2026-03-11 17:10:25,184 [INFO] ImportTextPane:234 - (OptionalMessage_ERROR) Pin14 (VP_RIF_VS_RIF1) cannot be retrieved for this MCU
2026-03-11 17:10:25,327 [INFO] RtosManager:558 - Registered RTOS mode: class=CMSIS, group=RTOS, mode=CMSIS_V1, owner=FREERTOS
2026-03-11 17:10:25,328 [INFO] RtosManager:558 - Registered RTOS mode: class=CMSIS, group=RTOS2, mode=CMSIS_V2, owner=FREERTOS
2026-03-11 17:10:25,328 [INFO] RtosManager:558 - Registered RTOS mode: class=RTOS, group=Core, mode=CMSIS_V1, owner=FREERTOS
2026-03-11 17:10:25,328 [INFO] RtosManager:558 - Registered RTOS mode: class=RTOS, group=Core, mode=CMSIS_V2, owner=FREERTOS
2026-03-11 17:10:25,328 [WARN] ModelIntegratedComponent:184 - Missing modes for component STMicroelectronics:FreeRTOS:0.0.1:STMicroelectronics:RTOS:FreeRTOS:Core:::10.2.0:
2026-03-11 17:10:25,340 [WARN] ModelIntegratedComponent:63 - No mode defined for component null
2026-03-11 17:10:25,340 [WARN] ModelIntegratedComponent:63 - No mode defined for component null
2026-03-11 17:10:25,340 [WARN] ModelIntegratedComponent:63 - No mode defined for component null
2026-03-11 17:10:25,340 [WARN] ModelIntegratedComponent:63 - No mode defined for component null
2026-03-11 17:10:25,340 [WARN] ModelIntegratedComponent:63 - No mode defined for component null
2026-03-11 17:10:25,340 [WARN] ModelIntegratedComponent:63 - No mode defined for component null
2026-03-11 17:10:25,340 [WARN] ModelIntegratedComponent:63 - No mode defined for component null
2026-03-11 17:10:25,340 [WARN] ModelIntegratedComponent:63 - No mode defined for component null
2026-03-11 17:10:25,340 [WARN] ModelIntegratedComponent:63 - No mode defined for component null
2026-03-11 17:10:25,340 [WARN] ModelIntegratedComponent:63 - No mode defined for component null
2026-03-11 17:10:25,340 [WARN] ModelIntegratedComponent:63 - No mode defined for component null
2026-03-11 17:10:25,340 [WARN] ModelIntegratedComponent:63 - No mode defined for component null
2026-03-11 17:10:25,340 [WARN] ModelIntegratedComponent:63 - No mode defined for component null
2026-03-11 17:10:25,340 [WARN] ModelIntegratedComponent:63 - No mode defined for component null
2026-03-11 17:10:25,340 [WARN] ModelIntegratedComponent:63 - No mode defined for component null
2026-03-11 17:10:25,340 [WARN] ModelIntegratedComponent:63 - No mode defined for component null
2026-03-11 17:10:25,340 [WARN] ModelIntegratedComponent:63 - No mode defined for component null
2026-03-11 17:10:25,340 [WARN] ModelIntegratedComponent:63 - No mode defined for component null
2026-03-11 17:10:25,340 [WARN] ModelIntegratedComponent:63 - No mode defined for component null
2026-03-11 17:10:25,340 [WARN] ModelIntegratedComponent:63 - No mode defined for component null
2026-03-11 17:10:25,341 [WARN] ModelIntegratedComponent:63 - No mode defined for component null
2026-03-11 17:10:25,341 [WARN] ModelIntegratedComponent:63 - No mode defined for component null
2026-03-11 17:10:25,341 [WARN] ModelIntegratedComponent:63 - No mode defined for component null
2026-03-11 17:10:25,341 [WARN] ModelIntegratedComponent:63 - No mode defined for component null
2026-03-11 17:10:25,341 [WARN] ModelIntegratedComponent:63 - No mode defined for component null
2026-03-11 17:10:25,341 [WARN] ModelIntegratedComponent:63 - No mode defined for component null
2026-03-11 17:10:25,341 [WARN] ModelIntegratedComponent:63 - No mode defined for component null
2026-03-11 17:10:25,341 [WARN] ModelIntegratedComponent:63 - No mode defined for component null
2026-03-11 17:10:25,341 [WARN] ModelIntegratedComponent:63 - No mode defined for component null
2026-03-11 17:10:25,341 [WARN] ModelIntegratedComponent:63 - No mode defined for component null
2026-03-11 17:10:25,341 [WARN] ModelIntegratedComponent:63 - No mode defined for component null
2026-03-11 17:10:25,341 [WARN] ModelIntegratedComponent:63 - No mode defined for component null
2026-03-11 17:10:25,341 [WARN] ModelIntegratedComponent:63 - No mode defined for component null
2026-03-11 17:10:25,341 [WARN] ModelIntegratedComponent:63 - No mode defined for component null
2026-03-11 17:10:25,341 [WARN] ModelIntegratedComponent:63 - No mode defined for component null
2026-03-11 17:10:25,341 [WARN] ModelPack:524 - Component already loaded: STMicroelectronics:HAL Drivers:0.0.0:STMicroelectronics:Device:STMicro_Driver:XSPI:HAL::0.0.1:HAL_XSPI
2026-03-11 17:10:25,422 [INFO] ThirdPartyModel:298 - Start build external matchings
2026-03-11 17:10:25,710 [INFO] ThirdPartyModel:316 - End build external matchings
2026-03-11 17:10:25,722 [INFO] ImportTextPane:234 - (OptionalMessage_ERROR) IP (DMA) : Parameter (Instance) has Id (I2C3_RX) currently not set
2026-03-11 17:10:25,722 [INFO] ImportTextPane:234 - (OptionalMessage_ERROR) IP (DMA) : Parameter (Channel) has Id (I2C3_RX) currently not set
2026-03-11 17:10:25,722 [INFO] ImportTextPane:234 - (OptionalMessage_ERROR) IP (DMA) : Parameter (Direction) has Id (I2C3_RX) currently not set
2026-03-11 17:10:25,722 [INFO] ImportTextPane:234 - (OptionalMessage_ERROR) IP (DMA) : Parameter (PeriphInc) has Id (I2C3_RX) currently not set
2026-03-11 17:10:25,722 [INFO] ImportTextPane:234 - (OptionalMessage_ERROR) IP (DMA) : Parameter (MemInc) has Id (I2C3_RX) currently not set
2026-03-11 17:10:25,722 [INFO] ImportTextPane:234 - (OptionalMessage_ERROR) IP (DMA) : Parameter (PeriphDataAlignment) has Id (I2C3_RX) currently not set
2026-03-11 17:10:25,722 [INFO] ImportTextPane:234 - (OptionalMessage_ERROR) IP (DMA) : Parameter (MemDataAlignment) has Id (I2C3_RX) currently not set
2026-03-11 17:10:25,722 [INFO] ImportTextPane:234 - (OptionalMessage_ERROR) IP (DMA) : Parameter (Mode) has Id (I2C3_RX) currently not set
2026-03-11 17:10:25,722 [INFO] ImportTextPane:234 - (OptionalMessage_ERROR) IP (DMA) : Parameter (Priority) has Id (I2C3_RX) currently not set
2026-03-11 17:10:25,722 [INFO] ImportTextPane:234 - (OptionalMessage_ERROR) IP (DMA) : Parameter (FIFOMode) has Id (I2C3_RX) currently not set
2026-03-11 17:10:25,723 [WARN] IP:2250 - I2C_Coeff_DF not found: check if there is a RefParameter without a condition.
2026-03-11 17:10:25,723 [WARN] IP:2250 - Analog_Filter not found: check if there is a RefParameter without a condition.
2026-03-11 17:10:25,723 [INFO] ImportTextPane:234 - (OptionalMessage_ERROR) IP (RCC) : Invalid parameter (FamilyName)
2026-03-11 17:10:25,871 [INFO] UtilMem:75 - End LoadConfig() Used Memory: 820977528 Bytes (1073741824)
2026-03-11 17:10:25,882 [WARN] ThirdParty:833 - waiting for thirdparty lock release [change project]
2026-03-11 17:10:25,882 [INFO] ThirdParty:835 - entering critical section [change project]
2026-03-11 17:10:25,882 [INFO] ThirdParty:1030 - CMSIS Pack Vendor :STMicroelectronics X-CUBE-AZRTOS-H7 3.5.0
2026-03-11 17:10:25,883 [INFO] ThirdParty:1030 - CMSIS Pack Vendor :STMicroelectronics X-CUBE-PM33A1 1.0.0
2026-03-11 17:10:25,883 [INFO] ThirdParty:1030 - CMSIS Pack Vendor :STMicroelectronics USBPD 4.1
2026-03-11 17:10:25,883 [INFO] ThirdParty:1030 - CMSIS Pack Vendor :STMicroelectronics X-CUBE-NFC9 1.0.0
2026-03-11 17:10:25,883 [INFO] ThirdParty:1030 - CMSIS Pack Vendor :STMicroelectronics USB_HOST 2.0.0
2026-03-11 17:10:25,883 [INFO] ThirdParty:1030 - CMSIS Pack Vendor :STMicroelectronics FP-SNS-MOTENVWB1 1.4.0
2026-03-11 17:10:25,883 [INFO] ThirdParty:1030 - CMSIS Pack Vendor :STMicroelectronics X-CUBE-AZRTOS-F4 1.1.0
2026-03-11 17:10:25,883 [INFO] ThirdParty:1030 - CMSIS Pack Vendor :STMicroelectronics LIBJPEG 8.0.0
2026-03-11 17:10:25,883 [INFO] ThirdParty:1030 - CMSIS Pack Vendor :STMicroelectronics FP-ATR-ASTRA1 2.0.2
2026-03-11 17:10:25,883 [INFO] ThirdParty:1030 - CMSIS Pack Vendor :wolfSSL I-CUBE-wolfSSL 5.8.2
2026-03-11 17:10:25,883 [INFO] ThirdParty:1030 - CMSIS Pack Vendor :STMicroelectronics X-CUBE-BLE1 7.1.0
2026-03-11 17:10:25,883 [INFO] ThirdParty:1030 - CMSIS Pack Vendor :STMicroelectronics X-CUBE-SMBUS 2.1.0
2026-03-11 17:10:25,883 [INFO] ThirdParty:1030 - CMSIS Pack Vendor :wolfSSL I-CUBE-wolfMQTT 1.19.2
2026-03-11 17:10:25,883 [INFO] ThirdParty:1030 - CMSIS Pack Vendor :STMicroelectronics USB_DEVICE 3.0.0
2026-03-11 17:10:25,883 [INFO] ThirdParty:1030 - CMSIS Pack Vendor :STMicroelectronics X-CUBE-ISPU 2.1.0
2026-03-11 17:10:25,883 [INFO] ThirdParty:1030 - CMSIS Pack Vendor :STMicroelectronics X-CUBE-FREERTOS 1.4.0
2026-03-11 17:10:25,883 [INFO] ThirdParty:1030 - CMSIS Pack Vendor :STMicroelectronics X-CUBE-EEPRMA1 5.2.0
2026-03-11 17:10:25,883 [INFO] ThirdParty:1030 - CMSIS Pack Vendor :STMicroelectronics X-CUBE-IPS 3.2.0
2026-03-11 17:10:25,883 [INFO] ThirdParty:1030 - CMSIS Pack Vendor :STMicroelectronics X-CUBE-BLEMGR 4.1.0
2026-03-11 17:10:25,883 [INFO] ThirdParty:1030 - CMSIS Pack Vendor :STMicroelectronics X-CUBE-AZRTOS-WB 2.0.0
2026-03-11 17:10:25,883 [INFO] ThirdParty:1030 - CMSIS Pack Vendor :STMicroelectronics X-CUBE-ST60 1.0.0
2026-03-11 17:10:25,883 [INFO] ThirdParty:1030 - CMSIS Pack Vendor :STMicroelectronics X-CUBE-GNSS1 7.0.1
2026-03-11 17:10:25,883 [INFO] ThirdParty:1030 - CMSIS Pack Vendor :STMicroelectronics X-CUBE-NFC12 1.0.0
2026-03-11 17:10:25,883 [INFO] ThirdParty:1030 - CMSIS Pack Vendor :STMicroelectronics X-CUBE-AZRTOS-F7 1.1.0
2026-03-11 17:10:25,883 [INFO] ThirdParty:1030 - CMSIS Pack Vendor :STMicroelectronics X-CUBE-AZRTOS-L5 2.0.0
2026-03-11 17:10:25,883 [INFO] ThirdParty:1030 - CMSIS Pack Vendor :STMicroelectronics USB_DEVICE 2.0.0
2026-03-11 17:10:25,883 [INFO] ThirdParty:1030 - CMSIS Pack Vendor :STMicroelectronics X-CUBE-NFC6 3.1.0
2026-03-11 17:10:25,883 [INFO] ThirdParty:1030 - CMSIS Pack Vendor :STMicroelectronics X-CUBE-ST67W61 1.1.0
2026-03-11 17:10:25,883 [INFO] ThirdParty:1030 - CMSIS Pack Vendor :Cesanta I-CUBE-Mongoose 7.19.0
2026-03-11 17:10:25,883 [INFO] ThirdParty:1030 - CMSIS Pack Vendor :quantropi X-CUBE-qispace-sdk-base 2.1.0
2026-03-11 17:10:25,884 [INFO] ThirdParty:1030 - CMSIS Pack Vendor :STMicroelectronics X-CUBE-MEMS1 12.0.0
2026-03-11 17:10:25,884 [INFO] ThirdParty:1030 - CMSIS Pack Vendor :STMicroelectronics X-CUBE-STSE01 2.0.0
2026-03-11 17:10:25,884 [INFO] ThirdParty:1030 - CMSIS Pack Vendor :STMicroelectronics FP-SNS-MOTENV1 5.1.0
2026-03-11 17:10:25,884 [INFO] ThirdParty:1030 - CMSIS Pack Vendor :STMicroelectronics FreeRTOS 0.0.1
2026-03-11 17:10:25,884 [INFO] ThirdParty:1030 - CMSIS Pack Vendor :STMicroelectronics X-CUBE-AZRTOS-G0 1.1.0
2026-03-11 17:10:25,884 [INFO] ThirdParty:1030 - CMSIS Pack Vendor :STMicroelectronics X-CUBE-SAFEA1 1.2.2
2026-03-11 17:10:25,884 [INFO] ThirdParty:1030 - CMSIS Pack Vendor :STMicroelectronics X-CUBE-NFC4 3.0.0
2026-03-11 17:10:25,884 [INFO] ThirdParty:1030 - CMSIS Pack Vendor :STMicroelectronics X-CUBE-SUBG2 5.0.0
2026-03-11 17:10:25,884 [INFO] ThirdParty:1030 - CMSIS Pack Vendor :STMicroelectronics X-CUBE-AZRTOS-H7RS 1.1.0
2026-03-11 17:10:25,884 [INFO] ThirdParty:1030 - CMSIS Pack Vendor :STMicroelectronics STM32_WPAN 1.0.0
2026-03-11 17:10:25,884 [INFO] ThirdParty:1030 - CMSIS Pack Vendor :EmbeddedOffice I-CUBE-FS-RTOS 1.0.1
2026-03-11 17:10:25,884 [INFO] ThirdParty:1030 - CMSIS Pack Vendor :STMicroelectronics lwIP 2.0.3
2026-03-11 17:10:25,884 [INFO] ThirdParty:1030 - CMSIS Pack Vendor :WES I-CUBE-Cesium 1.4.0
2026-03-11 17:10:25,884 [INFO] ThirdParty:1030 - CMSIS Pack Vendor :STMicroelectronics USB_HOST 1.0.0
2026-03-11 17:10:25,884 [INFO] ThirdParty:1030 - CMSIS Pack Vendor :Infineon AIROC-Wi-Fi-Bluetooth-STM32 1.7.1
2026-03-11 17:10:25,884 [INFO] ThirdParty:1030 - CMSIS Pack Vendor :STMicroelectronics X-CUBE-AZRTOS-G4 2.0.0
2026-03-11 17:10:25,884 [INFO] ThirdParty:1030 - CMSIS Pack Vendor :STMicroelectronics X-CUBE-WB05N 2.0.0
2026-03-11 17:10:25,884 [INFO] ThirdParty:1030 - CMSIS Pack Vendor :STMicroelectronics PDM2PCM 3.1.0
2026-03-11 17:10:25,884 [INFO] ThirdParty:1030 - CMSIS Pack Vendor :STMicroelectronics PDM2PCM 3.3.0
2026-03-11 17:10:25,884 [INFO] ThirdParty:1030 - CMSIS Pack Vendor :wolfSSL I-CUBE-wolfTPM 3.8.0
2026-03-11 17:10:25,884 [INFO] ThirdParty:1030 - CMSIS Pack Vendor :STMicroelectronics X-CUBE-AZRTOS-H7 3.4.0
2026-03-11 17:10:25,884 [INFO] ThirdParty:1030 - CMSIS Pack Vendor :STMicroelectronics X-CUBE-DISPLAY 3.0.0
2026-03-11 17:10:25,884 [INFO] ThirdParty:1030 - CMSIS Pack Vendor :wolfSSL I-CUBE-wolfSSH 1.4.20
2026-03-11 17:10:25,884 [INFO] ThirdParty:1030 - CMSIS Pack Vendor :STMicroelectronics X-CUBE-NFC7 2.0.0
2026-03-11 17:10:25,884 [INFO] ThirdParty:1030 - CMSIS Pack Vendor :STMicroelectronics FP-SNS-MOTENVWB1 1.5.0
2026-03-11 17:10:25,885 [INFO] ThirdParty:1030 - CMSIS Pack Vendor :STMicroelectronics X-CUBE-TCPP 4.2.0
2026-03-11 17:10:25,885 [INFO] ThirdParty:1030 - CMSIS Pack Vendor :RealThread X-CUBE-RT-Thread_Nano 4.1.1
2026-03-11 17:10:25,885 [INFO] ThirdParty:1030 - CMSIS Pack Vendor :STMicroelectronics FP-ATR-SIGFOX1 3.2.0
2026-03-11 17:10:25,885 [INFO] ThirdParty:1030 - CMSIS Pack Vendor :STMicroelectronics X-CUBE-NFC10 1.0.0
2026-03-11 17:10:25,885 [INFO] ThirdParty:1030 - CMSIS Pack Vendor :STMicroelectronics X-CUBE-FREERTOS 1.3.1
2026-03-11 17:10:25,885 [INFO] ThirdParty:1030 - CMSIS Pack Vendor :STMicroelectronics HAL Drivers 0.0.0
2026-03-11 17:10:25,885 [INFO] ThirdParty:1030 - CMSIS Pack Vendor :STMicroelectronics X-CUBE-FREERTOS 1.5.0
2026-03-11 17:10:25,885 [INFO] ThirdParty:1030 - CMSIS Pack Vendor :STMicroelectronics MBEDTLS 2.16.2
2026-03-11 17:10:25,885 [INFO] ThirdParty:1030 - CMSIS Pack Vendor :STMicroelectronics X-CUBE-ST60 1.1.0
2026-03-11 17:10:25,885 [INFO] ThirdParty:1030 - CMSIS Pack Vendor :STMicroelectronics X-CUBE-ALS 1.0.2
2026-03-11 17:10:25,885 [INFO] ThirdParty:1030 - CMSIS Pack Vendor :emotas I-CUBE-CANOPEN 1.3.0
2026-03-11 17:10:25,885 [INFO] ThirdParty:1030 - CMSIS Pack Vendor :STMicroelectronics MBEDTLS 2.14.1
2026-03-11 17:10:25,885 [INFO] ThirdParty:1030 - CMSIS Pack Vendor :STMicroelectronics X-CUBE-GNSS1 7.1.0
2026-03-11 17:10:25,885 [INFO] ThirdParty:1030 - CMSIS Pack Vendor :ITTIA_DB I-CUBE-ITTIADB 8.9.0
2026-03-11 17:10:25,885 [INFO] ThirdParty:1030 - CMSIS Pack Vendor :STMicroelectronics X-CUBE-TOUCHGFX 4.26.0
2026-03-11 17:10:25,885 [INFO] ThirdParty:1030 - CMSIS Pack Vendor :STMicroelectronics X-CUBE-STSE01 1.0.0
2026-03-11 17:10:25,885 [INFO] ThirdParty:1030 - CMSIS Pack Vendor :STMicroelectronics X-CUBE-TOUCHGFX 4.26.1
2026-03-11 17:10:25,885 [INFO] ThirdParty:1030 - CMSIS Pack Vendor :STMicroelectronics X-CUBE-NFC6 3.2.0
2026-03-11 17:10:25,885 [INFO] ThirdParty:1030 - CMSIS Pack Vendor :STMicroelectronics ThreadX 1.0.0
2026-03-11 17:10:25,885 [INFO] ThirdParty:1030 - CMSIS Pack Vendor :STMicroelectronics FP-SNS-SMARTAG2 1.2.0
2026-03-11 17:10:25,885 [INFO] ThirdParty:1030 - CMSIS Pack Vendor :STMicroelectronics FP-SNS-FLIGHT1 5.1.0
2026-03-11 17:10:25,885 [INFO] ThirdParty:1030 - CMSIS Pack Vendor :STMicroelectronics X-CUBE-AZRTOS-WL 2.0.0
2026-03-11 17:10:25,885 [INFO] ThirdParty:1030 - CMSIS Pack Vendor :SEGGER I-CUBE-embOS 1.3.1
2026-03-11 17:10:25,885 [INFO] ThirdParty:1030 - CMSIS Pack Vendor :STMicroelectronics X-CUBE-ALGOBUILD 1.4.0
2026-03-11 17:10:25,885 [INFO] ThirdParty:1030 - CMSIS Pack Vendor :STMicroelectronics X-CUBE-DPower 1.3.0
2026-03-11 17:10:25,885 [INFO] ThirdParty:1030 - CMSIS Pack Vendor :STMicroelectronics X-CUBE-MEMS1 11.3.0
2026-03-11 17:10:25,885 [INFO] ThirdParty:1030 - CMSIS Pack Vendor :STMicroelectronics FP-SNS-MOTENV1 5.0.0
2026-03-11 17:10:25,885 [INFO] ThirdParty:1030 - CMSIS Pack Vendor :STMicroelectronics USB_DEVICE 1.0.0
2026-03-11 17:10:25,885 [INFO] ThirdParty:1030 - CMSIS Pack Vendor :STMicroelectronics X-CUBE-AZRTOS-H7RS 1.2.0
2026-03-11 17:10:25,885 [INFO] ThirdParty:1030 - CMSIS Pack Vendor :STMicroelectronics X-CUBE-AZRTOS-L4 2.0.0
2026-03-11 17:10:25,885 [INFO] ThirdParty:1030 - CMSIS Pack Vendor :STMicroelectronics ThreadX 0.0.2
2026-03-11 17:10:25,885 [INFO] ThirdParty:1030 - CMSIS Pack Vendor :STMicroelectronics lwIP 2.1.2
2026-03-11 17:10:25,885 [INFO] ThirdParty:1030 - CMSIS Pack Vendor :STMicroelectronics X-CUBE-SFXS2LP1 4.0.0
2026-03-11 17:10:25,885 [INFO] ThirdParty:1030 - CMSIS Pack Vendor :STMicroelectronics X-CUBE-BLE2 3.3.0
2026-03-11 17:10:25,885 [INFO] ThirdParty:1030 - CMSIS Pack Vendor :Avnet-IOTCONNECT X-CUBE-iotc-st67-sdk 1.0.0
2026-03-11 17:10:25,885 [INFO] ThirdParty:1030 - CMSIS Pack Vendor :STMicroelectronics X-CUBE-TOF1 3.4.3
2026-03-11 17:10:25,885 [INFO] ThirdParty:1030 - CMSIS Pack Vendor :STMicroelectronics PDM2PCM 3.2.0
2026-03-11 17:10:25,885 [INFO] ThirdParty:1030 - CMSIS Pack Vendor :STMicroelectronics X-CUBE-ST67W61 1.2.0
2026-03-11 17:10:25,885 [INFO] ThirdParty:841 - exiting critical section [change project]
2026-03-11 17:10:26,203 [INFO] PinOutPanel:1589 - setPackage(No Configuration,No Configuration)
2026-03-11 17:10:26,204 [INFO] PinOutPanel:1589 - setPackage(STM32F446RETx,LQFP64)
2026-03-11 17:10:26,477 [INFO] UtilMem:75 - Before build in PCC Used Memory: 772084672 Bytes (1073741824)
2026-03-11 17:10:26,785 [INFO] UtilMem:75 - After build in PCC Used Memory: 826088384 Bytes (1073741824)
2026-03-11 17:10:26,803 [INFO] IPUIPlugin:80 - create IPUIPlugin
2026-03-11 17:10:26,803 [INFO] IPUIPlugin:80 - create IPUIPlugin
2026-03-11 17:10:26,803 [INFO] IPUIPlugin:80 - create IPUIPlugin
2026-03-11 17:10:26,804 [INFO] IPUIPlugin:80 - create IPUIPlugin
2026-03-11 17:10:26,804 [INFO] IPUIPlugin:80 - create IPUIPlugin
2026-03-11 17:10:26,804 [INFO] IPUIPlugin:80 - create IPUIPlugin
2026-03-11 17:10:26,804 [INFO] IPUIPlugin:80 - create IPUIPlugin
2026-03-11 17:10:26,804 [INFO] IPUIPlugin:80 - create IPUIPlugin
2026-03-11 17:10:26,804 [INFO] IPUIPlugin:80 - create IPUIPlugin
2026-03-11 17:10:26,804 [INFO] IPUIPlugin:80 - create IPUIPlugin
2026-03-11 17:10:26,804 [INFO] IPUIPlugin:80 - create IPUIPlugin
2026-03-11 17:10:26,804 [INFO] IPUIPlugin:80 - create IPUIPlugin
2026-03-11 17:10:26,804 [INFO] IPUIPlugin:80 - create IPUIPlugin
2026-03-11 17:10:26,804 [INFO] IPUIPlugin:80 - create IPUIPlugin
2026-03-11 17:10:26,804 [INFO] IPUIPlugin:80 - create IPUIPlugin
2026-03-11 17:10:26,804 [INFO] IPUIPlugin:80 - create IPUIPlugin
2026-03-11 17:10:26,804 [INFO] IPUIPlugin:80 - create IPUIPlugin
2026-03-11 17:10:26,804 [INFO] IPUIPlugin:80 - create IPUIPlugin
2026-03-11 17:10:26,805 [INFO] IPUIPlugin:80 - create IPUIPlugin
2026-03-11 17:10:26,805 [INFO] IPUIPlugin:80 - create IPUIPlugin
2026-03-11 17:10:26,805 [INFO] IPUIPlugin:80 - create IPUIPlugin
2026-03-11 17:10:26,805 [INFO] IPUIPlugin:80 - create IPUIPlugin
2026-03-11 17:10:26,805 [INFO] IPUIPlugin:80 - create IPUIPlugin
2026-03-11 17:10:26,805 [INFO] IPUIPlugin:80 - create IPUIPlugin
2026-03-11 17:10:26,805 [INFO] IPUIPlugin:80 - create IPUIPlugin
2026-03-11 17:10:26,805 [INFO] IPUIPlugin:80 - create IPUIPlugin
2026-03-11 17:10:26,805 [INFO] IPUIPlugin:80 - create IPUIPlugin
2026-03-11 17:10:26,806 [INFO] IPUIPlugin:80 - create IPUIPlugin
2026-03-11 17:10:26,806 [INFO] IPUIPlugin:80 - create IPUIPlugin
2026-03-11 17:10:26,806 [INFO] IPUIPlugin:80 - create IPUIPlugin
2026-03-11 17:10:26,806 [INFO] IPUIPlugin:80 - create IPUIPlugin
2026-03-11 17:10:26,806 [INFO] IPUIPlugin:80 - create IPUIPlugin
2026-03-11 17:10:26,806 [INFO] IPUIPlugin:80 - create IPUIPlugin
2026-03-11 17:10:26,806 [INFO] IPUIPlugin:80 - create IPUIPlugin
2026-03-11 17:10:26,806 [INFO] IPUIPlugin:80 - create IPUIPlugin
2026-03-11 17:10:26,806 [INFO] IPUIPlugin:80 - create IPUIPlugin
2026-03-11 17:10:26,807 [INFO] IPUIPlugin:80 - create IPUIPlugin
2026-03-11 17:10:26,807 [INFO] IPUIPlugin:80 - create IPUIPlugin
2026-03-11 17:10:26,807 [INFO] IPUIPlugin:80 - create IPUIPlugin
2026-03-11 17:10:26,807 [INFO] IPUIPlugin:80 - create IPUIPlugin
2026-03-11 17:10:26,807 [INFO] IPUIPlugin:80 - create IPUIPlugin
2026-03-11 17:10:26,808 [INFO] IPUIPlugin:80 - create IPUIPlugin
2026-03-11 17:10:26,808 [INFO] IPUIPlugin:80 - create IPUIPlugin
2026-03-11 17:10:26,808 [INFO] IPUIPlugin:80 - create IPUIPlugin
2026-03-11 17:10:26,808 [INFO] IPUIPlugin:80 - create IPUIPlugin
2026-03-11 17:10:26,808 [INFO] IPUIPlugin:80 - create IPUIPlugin
2026-03-11 17:10:26,809 [INFO] IPUIPlugin:80 - create IPUIPlugin
2026-03-11 17:10:26,809 [INFO] IPUIPlugin:80 - create IPUIPlugin
2026-03-11 17:10:26,809 [INFO] IPUIPlugin:80 - create IPUIPlugin
2026-03-11 17:10:26,809 [INFO] IPUIPlugin:80 - create IPUIPlugin
2026-03-11 17:10:26,809 [INFO] IPUIPlugin:80 - create IPUIPlugin
2026-03-11 17:10:26,809 [INFO] IPUIPlugin:80 - create IPUIPlugin
2026-03-11 17:10:26,810 [INFO] IPUIPlugin:80 - create IPUIPlugin
2026-03-11 17:10:26,810 [INFO] IPUIPlugin:80 - create IPUIPlugin
2026-03-11 17:10:26,810 [INFO] IPUIPlugin:80 - create IPUIPlugin
2026-03-11 17:10:26,810 [INFO] IPUIPlugin:80 - create IPUIPlugin
2026-03-11 17:10:26,811 [INFO] IPUIPlugin:80 - create IPUIPlugin
2026-03-11 17:10:26,811 [INFO] IPUIPlugin:80 - create IPUIPlugin
2026-03-11 17:10:26,811 [INFO] IPUIPlugin:80 - create IPUIPlugin
2026-03-11 17:10:26,811 [INFO] IPUIPlugin:80 - create IPUIPlugin
2026-03-11 17:10:26,814 [INFO] ApiDbMcu:532 - Load IP Config File for PDM2PCM
2026-03-11 17:10:26,816 [INFO] Can:71 - Can Add PropertyChangeListener com.st.microxplorer.plugins.ip.can.Can@ee9bf6
2026-03-11 17:10:26,816 [WARN] IP:2250 - I2C_Coeff_DF not found: check if there is a RefParameter without a condition.
2026-03-11 17:10:26,816 [WARN] IP:2250 - Analog_Filter not found: check if there is a RefParameter without a condition.
2026-03-11 17:10:26,859 [INFO] CADModel:165 - CPN selected for project levelSTM32F446RET6
2026-03-11 17:10:26,860 [INFO] CADModel:114 - Register for checkConnection events
2026-03-11 17:10:26,898 [INFO] OpenFileManager:386 - Restore cursor
2026-03-11 17:10:26,971 [WARN] IP:2250 - I2C_Coeff_DF not found: check if there is a RefParameter without a condition.
2026-03-11 17:10:26,971 [WARN] IP:2250 - Analog_Filter not found: check if there is a RefParameter without a condition.
2026-03-11 17:10:26,971 [WARN] IP:2250 - I2C_Coeff_DF not found: check if there is a RefParameter without a condition.
2026-03-11 17:10:26,971 [WARN] IP:2250 - Analog_Filter not found: check if there is a RefParameter without a condition.
2026-03-11 17:10:37,175 [INFO] Gpio:278 - dependency for GPIO [CAN1, I2C3, RCC, SYS, TIM9]
2026-03-11 17:11:27,190 [INFO] Gpio:278 - dependency for GPIO [CAN1, I2C3, RCC, SYS, TIM9]
2026-03-11 17:11:27,321 [INFO] Gpio:278 - dependency for GPIO [CAN1, I2C3, RCC, SYS, TIM9]
2026-03-11 17:11:27,480 [WARN] IP:2250 - I2C_Coeff_DF not found: check if there is a RefParameter without a condition.
2026-03-11 17:11:27,480 [WARN] IP:2250 - Analog_Filter not found: check if there is a RefParameter without a condition.
2026-03-11 17:11:27,481 [WARN] IP:2250 - I2C_Coeff_DF not found: check if there is a RefParameter without a condition.
2026-03-11 17:11:27,481 [WARN] IP:2250 - Analog_Filter not found: check if there is a RefParameter without a condition.
2026-03-11 17:11:27,535 [WARN] IP:2250 - I2C_Coeff_DF not found: check if there is a RefParameter without a condition.
2026-03-11 17:11:27,535 [WARN] IP:2250 - Analog_Filter not found: check if there is a RefParameter without a condition.
2026-03-11 17:11:27,582 [WARN] IP:2250 - I2C_Coeff_DF not found: check if there is a RefParameter without a condition.
2026-03-11 17:11:27,582 [WARN] IP:2250 - Analog_Filter not found: check if there is a RefParameter without a condition.
2026-03-11 17:11:27,617 [INFO] Gpio:278 - dependency for GPIO [CAN1, I2C3, RCC, SYS, TIM9]
2026-03-11 17:11:50,892 [INFO] UtilMem:75 - End SaveConfig() Used Memory: 901397072 Bytes (1073741824)
2026-03-11 17:11:54,853 [INFO] UtilMem:75 - End SaveConfig() Used Memory: 973735256 Bytes (1073741824)
2026-03-11 17:11:57,790 [INFO] UtilMem:75 - End SaveConfig() Used Memory: 697213408 Bytes (1073741824)
2026-03-11 17:11:58,381 [INFO] BlockDiagram:2775 - set Specific Code input for plugin: TIM6_7
2026-03-11 17:11:58,381 [INFO] BlockDiagram:2775 - set Specific Code input for plugin: CAN
2026-03-11 17:11:58,382 [INFO] BlockDiagram:2775 - set Specific Code input for plugin: SYS
2026-03-11 17:11:58,382 [INFO] BlockDiagram:2775 - set Specific Code input for plugin: RCC
2026-03-11 17:11:58,382 [INFO] BlockDiagram:2775 - set Specific Code input for plugin: I2C
2026-03-11 17:11:58,382 [INFO] BlockDiagram:2775 - set Specific Code input for plugin: NVIC
2026-03-11 17:11:58,382 [INFO] BlockDiagram:2775 - set Specific Code input for plugin: TIM1_8
2026-03-11 17:11:58,382 [INFO] BlockDiagram:2775 - set Specific Code input for plugin: DMA
2026-03-11 17:11:58,382 [INFO] BlockDiagram:2775 - set Specific Code input for plugin: TIM1_8
2026-03-11 17:11:58,382 [INFO] BlockDiagram:2775 - set Specific Code input for plugin: GPIO
2026-03-11 17:11:58,383 [INFO] CodeGenerator:892 - code generatio: config db path: /opt/st/stm32cubeide_1.19.0/plugins/com.st.stm32cube.common.mx_6.15.0.202507011659//db/
2026-03-11 17:11:58,392 [WARN] IP:2250 - I2C_Coeff_DF not found: check if there is a RefParameter without a condition.
2026-03-11 17:11:58,392 [WARN] IP:2250 - Analog_Filter not found: check if there is a RefParameter without a condition.
2026-03-11 17:11:58,553 [INFO] CodeEngine:265 - oldGeneratedFile, /home/kamil/STM32CubeIDE/workspace_1.19.0/PCB_STM/MXTmpFiles/license.tmp_save
2026-03-11 17:11:58,904 [INFO] CodeEngine:289 - Generated code: /home/kamil/STM32CubeIDE/workspace_1.19.0/PCB_STM/MXTmpFiles/license.tmp
2026-03-11 17:11:58,958 [INFO] CodeEngine:265 - oldGeneratedFile, /home/kamil/STM32CubeIDE/workspace_1.19.0/PCB_STM/MXTmpFiles/gpio.tmp_save
2026-03-11 17:11:59,075 [INFO] CodeEngine:289 - Generated code: /home/kamil/STM32CubeIDE/workspace_1.19.0/PCB_STM/MXTmpFiles/gpio.tmp
2026-03-11 17:11:59,323 [INFO] CodeEngine:265 - oldGeneratedFile, /home/kamil/STM32CubeIDE/workspace_1.19.0/PCB_STM/MXTmpFiles/dma.tmp_save
2026-03-11 17:11:59,391 [INFO] CodeEngine:289 - Generated code: /home/kamil/STM32CubeIDE/workspace_1.19.0/PCB_STM/MXTmpFiles/dma.tmp
2026-03-11 17:11:59,392 [INFO] CodeEngine:265 - oldGeneratedFile, /home/kamil/STM32CubeIDE/workspace_1.19.0/PCB_STM/MXTmpFiles/dma_GV.tmp_save
2026-03-11 17:11:59,454 [INFO] CodeEngine:289 - Generated code: /home/kamil/STM32CubeIDE/workspace_1.19.0/PCB_STM/MXTmpFiles/dma_GV.tmp
2026-03-11 17:11:59,462 [INFO] CodeEngine:265 - oldGeneratedFile, /home/kamil/STM32CubeIDE/workspace_1.19.0/PCB_STM/Core/Src/stm32f4xx_it.c_save
2026-03-11 17:11:59,568 [INFO] CodeEngine:289 - Generated code: /home/kamil/STM32CubeIDE/workspace_1.19.0/PCB_STM/Core/Src/stm32f4xx_it.c
2026-03-11 17:11:59,569 [INFO] CodeEngine:265 - oldGeneratedFile, /home/kamil/STM32CubeIDE/workspace_1.19.0/PCB_STM/Core/Inc/stm32f4xx_it.h_save
2026-03-11 17:11:59,618 [INFO] CodeEngine:289 - Generated code: /home/kamil/STM32CubeIDE/workspace_1.19.0/PCB_STM/Core/Inc/stm32f4xx_it.h
2026-03-11 17:11:59,623 [INFO] CodeEngine:265 - oldGeneratedFile, /home/kamil/STM32CubeIDE/workspace_1.19.0/PCB_STM/Core/Src/stm32f4xx_hal_msp.c_save
2026-03-11 17:11:59,705 [INFO] CodeEngine:289 - Generated code: /home/kamil/STM32CubeIDE/workspace_1.19.0/PCB_STM/Core/Src/stm32f4xx_hal_msp.c
2026-03-11 17:11:59,707 [INFO] CodeEngine:265 - oldGeneratedFile, /home/kamil/STM32CubeIDE/workspace_1.19.0/PCB_STM/MXTmpFiles/system.tmp_save
2026-03-11 17:11:59,767 [INFO] CodeEngine:289 - Generated code: /home/kamil/STM32CubeIDE/workspace_1.19.0/PCB_STM/MXTmpFiles/system.tmp
2026-03-11 17:11:59,768 [INFO] CodeEngine:265 - oldGeneratedFile, /home/kamil/STM32CubeIDE/workspace_1.19.0/PCB_STM/Core/Inc/stm32_assert.h_save
2026-03-11 17:11:59,819 [INFO] CodeEngine:289 - Generated code: /home/kamil/STM32CubeIDE/workspace_1.19.0/PCB_STM/Core/Inc/stm32_assert.h
2026-03-11 17:11:59,822 [INFO] CodeEngine:321 - oldGeneratedFile, /home/kamil/STM32CubeIDE/workspace_1.19.0/PCB_STM/Core/Inc/stm32f4xx_hal_conf.h_save
2026-03-11 17:11:59,881 [INFO] CodeEngine:345 - Generated code: /home/kamil/STM32CubeIDE/workspace_1.19.0/PCB_STM/Core/Inc/stm32f4xx_hal_conf.h
2026-03-11 17:11:59,900 [WARN] IPConfigManager:3238 - Warning: the RefConfig PLL2P_FOR_MCO is not available in your config.xml file
2026-03-11 17:11:59,904 [INFO] ApiDbMcu:532 - Load IP Config File for CAN1
2026-03-11 17:11:59,906 [INFO] ApiDbMcu:532 - Load IP Config File for I2C3
2026-03-11 17:11:59,938 [INFO] ApiDbMcu:532 - Load IP Config File for TIM6
2026-03-11 17:11:59,952 [INFO] ApiDbMcu:532 - Load IP Config File for TIM9
2026-03-11 17:11:59,964 [INFO] ApiDbMcu:532 - Load IP Config File for TIM10
2026-03-11 17:11:59,967 [INFO] ApiDbMcu:532 - Load IP Config File for RCC
2026-03-11 17:11:59,971 [WARN] IPConfigManager:3811 - IP not found : TIM
2026-03-11 17:11:59,972 [WARN] CodeGenerator:4259 - IP not found : null
2026-03-11 17:11:59,975 [INFO] CodeEngine:265 - oldGeneratedFile, /home/kamil/STM32CubeIDE/workspace_1.19.0/PCB_STM/Core/Inc/main.h_save
2026-03-11 17:12:00,074 [INFO] CodeEngine:289 - Generated code: /home/kamil/STM32CubeIDE/workspace_1.19.0/PCB_STM/Core/Inc/main.h
2026-03-11 17:12:00,077 [INFO] CodeEngine:265 - oldGeneratedFile, /home/kamil/STM32CubeIDE/workspace_1.19.0/PCB_STM/Core/Src/main.c_save
2026-03-11 17:12:00,283 [INFO] CodeEngine:289 - Generated code: /home/kamil/STM32CubeIDE/workspace_1.19.0/PCB_STM/Core/Src/main.c
2026-03-11 17:12:00,501 [INFO] ProjectBuilder:3606 - Time for Copy HAL[1] : 21mS.
2026-03-11 17:12:00,504 [INFO] ProjectBuilder:5216 - Project Generator version: 4.7.0-B52
2026-03-11 17:12:00,565 [INFO] ConfigFileManager:1595 - The Die is : DIE421
2026-03-11 17:12:00,569 [INFO] ApiDbMcu:532 - Load IP Config File for FATFS
2026-03-11 17:12:00,571 [INFO] ApiDbMcu:532 - Load IP Config File for FREERTOS
2026-03-11 17:12:00,572 [INFO] ApiDbMcu:532 - Load IP Config File for LIBJPEG
2026-03-11 17:12:00,576 [INFO] ApiDbMcu:532 - Load IP Config File for MBEDTLS
2026-03-11 17:12:00,579 [INFO] ApiDbMcu:532 - Load IP Config File for USB_DEVICE
2026-03-11 17:12:00,581 [INFO] ApiDbMcu:532 - Load IP Config File for USB_HOST
2026-03-11 17:12:00,838 [INFO] LogOutputStream:77 - [STDOUT_REDIRECT] 
2026-03-11 17:12:01,439 [INFO] ProjectBuilder:5496 - Time for Generating toolchain IDE Files: 934mS.
2026-03-11 17:12:01,441 [INFO] ProjectBuilder:3463 - Time for Copy CMSIS : 1mS.
2026-03-11 17:12:01,442 [INFO] ProjectBuilder:3463 - Time for Copy CMSIS : 0mS.
2026-03-11 17:14:20,683 [INFO] MainUpdater:2872 - connection check result : 10
2026-03-11 17:14:20,683 [INFO] MainUpdater:2872 - connection check result : 10
2026-03-11 17:14:20,724 [INFO] MicroXplorer:468 - Change Database Path : 
2026-03-11 17:14:20,724 [INFO] MicroXplorer:498 - Change Database Version : DB.6.0.150
2026-03-11 17:14:20,735 [ERROR] ProjectManagerView:395 - 
java.lang.NullPointerException: Cannot invoke "javax.swing.JTextField.getText()" because the return value of "java.util.List.get(int)" is null
	at com.st.microxplorer.plugins.projectmanager.gui.ProjectChoiceTab$9.caretUpdate(ProjectChoiceTab.java:2706) ~[filemanager.jar:?]
	at javax.swing.text.JTextComponent.fireCaretUpdate(JTextComponent.java:408) ~[?:?]
	at javax.swing.text.JTextComponent$MutableCaretEvent.fire(JTextComponent.java:4484) ~[?:?]
	at javax.swing.text.JTextComponent$MutableCaretEvent.stateChanged(JTextComponent.java:4506) ~[?:?]
	at javax.swing.text.DefaultCaret.fireStateChanged(DefaultCaret.java:857) ~[?:?]
	at javax.swing.text.DefaultCaret.changeCaretPosition(DefaultCaret.java:1343) ~[?:?]
	at javax.swing.text.DefaultCaret.handleSetDot(DefaultCaret.java:1242) ~[?:?]
	at javax.swing.text.DefaultCaret.setDot(DefaultCaret.java:1223) ~[?:?]
	at javax.swing.text.DefaultCaret$Handler.insertUpdate(DefaultCaret.java:1819) ~[?:?]
	at javax.swing.text.AbstractDocument.fireInsertUpdate(AbstractDocument.java:227) ~[?:?]
	at javax.swing.text.AbstractDocument.handleInsertString(AbstractDocument.java:781) ~[?:?]
	at javax.swing.text.AbstractDocument.insertString(AbstractDocument.java:740) ~[?:?]
	at javax.swing.text.PlainDocument.insertString(PlainDocument.java:131) ~[?:?]
	at javax.swing.text.AbstractDocument.replace(AbstractDocument.java:699) ~[?:?]
	at javax.swing.text.JTextComponent.setText(JTextComponent.java:1725) ~[?:?]
	at com.st.microxplorer.plugins.projectmanager.gui.ProjectChoiceTab.createHeapStackFields(ProjectChoiceTab.java:993) ~[filemanager.jar:?]
	at com.st.microxplorer.plugins.projectmanager.gui.ProjectChoiceTab.buildLinkSettingsPanel(ProjectChoiceTab.java:3813) ~[filemanager.jar:?]
	at com.st.microxplorer.plugins.projectmanager.gui.ProjectChoiceTab.defineWindowsFields(ProjectChoiceTab.java:1987) ~[filemanager.jar:?]
	at com.st.microxplorer.plugins.projectmanager.gui.ProjectChoiceTab.updateSettings(ProjectChoiceTab.java:558) ~[filemanager.jar:?]
	at com.st.microxplorer.plugins.projectmanager.gui.ProjectSettingsPanel.UpdateDialog(ProjectSettingsPanel.java:247) ~[filemanager.jar:?]
	at com.st.microxplorer.plugins.projectmanager.ProjectManagerView.propertyChange(ProjectManagerView.java:392) ~[filemanager.jar:?]
	at java.beans.PropertyChangeSupport.fire(PropertyChangeSupport.java:343) ~[?:?]
	at java.beans.PropertyChangeSupport.firePropertyChange(PropertyChangeSupport.java:335) ~[?:?]
	at java.beans.PropertyChangeSupport.firePropertyChange(PropertyChangeSupport.java:268) ~[?:?]
	at com.st.microxplorer.util.MXPropertyChangeSupport.firePropertyChange(MXPropertyChangeSupport.java:54) ~[STM32CubeMX.jar:?]
	at com.st.microxplorer.mxsystem.MxSystem.closeConfig(MxSystem.java:899) ~[STM32CubeMX.jar:?]
	at com.st.microxplorer.maingui.MainPanel.closeConfig(MainPanel.java:792) ~[STM32CubeMX.jar:?]
	at com.st.microxplorer.plugins.filemanager.engine.OpenFileManager.loadConfigurationFile(OpenFileManager.java:288) ~[filemanager.jar:?]
	at com.st.microxplorer.plugins.filemanager.engine.MainFileManager.userLoadConfig(MainFileManager.java:364) ~[filemanager.jar:?]
	at com.st.microxplorer.plugins.filemanager.engine.MainFileManager.userLoadConfig(MainFileManager.java:342) ~[filemanager.jar:?]
	at com.st.microxplorer.plugins.filemanager.FileManagerView.getSpecificTask(FileManagerView.java:264) ~[filemanager.jar:?]
	at com.st.stm32cube.common.mx.editor.CubeMxEditor.getMxTabbedPaneInstance(CubeMxEditor.java:1198) ~[com.st.stm32cube.common.mx_6.15.0.202507011659/:?]
	at com.st.stm32cube.common.mx.editor.CubeMxEditor$12$1.createSwingComponent(CubeMxEditor.java:1068) ~[com.st.stm32cube.common.mx_6.15.0.202507011659/:?]
	at com.st.stm32cube.common.mx.oss.core.awtswtbridge.EmbeddedSwingComposite.doComponentCreation(EmbeddedSwingComposite.java:492) ~[com.st.stm32cube.common.mx.oss_6.15.0.202507011659/:?]
	at com.st.stm32cube.common.mx.oss.core.awtswtbridge.EmbeddedSwingComposite$4.run(EmbeddedSwingComposite.java:291) ~[com.st.stm32cube.common.mx.oss_6.15.0.202507011659/:?]
	at com.st.stm32cube.common.mx.oss.core.awtswtbridge.AwtEnvironment$2.run(AwtEnvironment.java:166) ~[com.st.stm32cube.common.mx.oss_6.15.0.202507011659/:?]
	at java.awt.event.InvocationEvent.dispatch(InvocationEvent.java:318) ~[?:?]
	at java.awt.EventQueue.dispatchEventImpl(EventQueue.java:773) ~[?:?]
	at java.awt.EventQueue$4.run(EventQueue.java:720) ~[?:?]
	at java.awt.EventQueue$4.run(EventQueue.java:714) ~[?:?]
	at java.security.AccessController.doPrivileged(AccessController.java:400) ~[?:?]
	at java.security.ProtectionDomain$JavaSecurityAccessImpl.doIntersectionPrivilege(ProtectionDomain.java:87) ~[?:?]
	at java.awt.EventQueue.dispatchEvent(EventQueue.java:742) ~[?:?]
	at java.awt.EventDispatchThread.pumpOneEventForFilters(EventDispatchThread.java:203) ~[?:?]
	at java.awt.EventDispatchThread.pumpEventsForFilter(EventDispatchThread.java:124) ~[?:?]
	at java.awt.EventDispatchThread.pumpEventsForHierarchy(EventDispatchThread.java:113) ~[?:?]
	at java.awt.EventDispatchThread.pumpEvents(EventDispatchThread.java:109) ~[?:?]
	at java.awt.EventDispatchThread.pumpEvents(EventDispatchThread.java:101) ~[?:?]
	at java.awt.EventDispatchThread.run(EventDispatchThread.java:90) ~[?:?]
2026-03-11 17:14:20,737 [WARN] ThirdParty:871 - waiting for thirdparty lock release [close project]
2026-03-11 17:14:20,737 [INFO] ThirdParty:873 - entering critical section [close project]
2026-03-11 17:14:20,737 [INFO] ThirdParty:883 - exiting critical section [close project]
2026-03-11 17:14:20,738 [INFO] PinOutPanel:1589 - setPackage(No Configuration,No Configuration)
2026-03-11 17:14:20,744 [WARN] IpParametersView:155 - Warning: This peripheral hasn't parameters
2026-03-11 17:14:20,749 [WARN] MainPanel:289 - <html><b><center>Warning: This peripheral has no parameters to be configured<br></b></html>
2026-03-11 17:14:20,752 [INFO] UtilMem:75 - Begin LoadConfig() Used Memory: 836379000 Bytes (1073741824)
2026-03-11 17:14:20,753 [INFO] MicroXplorer:468 - Change Database Path : 
2026-03-11 17:14:20,753 [INFO] MicroXplorer:498 - Change Database Version : DB.6.0.150
2026-03-11 17:14:20,753 [INFO] OpenFileManager:355 - Change cursor
2026-03-11 17:14:20,769 [INFO] RulesReader:64 - Compatibility file has been processed (317 Rules)
2026-03-11 17:14:20,773 [INFO] Mcu:2029 - Initializing MCU STM32F446R(C-E)Tx STM32F446RETx STM32F446RET6
2026-03-11 17:14:21,818 [INFO] Context:786 - Trying to add GPIOservice into a context  which must be forbidden
2026-03-11 17:14:22,427 [INFO] ImportTextPane:234 - (OptionalMessage_ERROR) Pin20 (VP_RIF_VS_RIF1) cannot be retrieved for this MCU
2026-03-11 17:14:22,502 [INFO] RtosManager:558 - Registered RTOS mode: class=CMSIS, group=RTOS, mode=CMSIS_V1, owner=FREERTOS
2026-03-11 17:14:22,502 [INFO] RtosManager:558 - Registered RTOS mode: class=CMSIS, group=RTOS2, mode=CMSIS_V2, owner=FREERTOS
2026-03-11 17:14:22,502 [INFO] RtosManager:558 - Registered RTOS mode: class=RTOS, group=Core, mode=CMSIS_V1, owner=FREERTOS
2026-03-11 17:14:22,502 [INFO] RtosManager:558 - Registered RTOS mode: class=RTOS, group=Core, mode=CMSIS_V2, owner=FREERTOS
2026-03-11 17:14:22,502 [WARN] ModelIntegratedComponent:184 - Missing modes for component STMicroelectronics:FreeRTOS:0.0.1:STMicroelectronics:RTOS:FreeRTOS:Core:::10.2.0:
2026-03-11 17:14:22,507 [WARN] ModelIntegratedComponent:63 - No mode defined for component null
2026-03-11 17:14:22,507 [WARN] ModelIntegratedComponent:63 - No mode defined for component null
2026-03-11 17:14:22,507 [WARN] ModelIntegratedComponent:63 - No mode defined for component null
2026-03-11 17:14:22,507 [WARN] ModelIntegratedComponent:63 - No mode defined for component null
2026-03-11 17:14:22,507 [WARN] ModelIntegratedComponent:63 - No mode defined for component null
2026-03-11 17:14:22,507 [WARN] ModelIntegratedComponent:63 - No mode defined for component null
2026-03-11 17:14:22,507 [WARN] ModelIntegratedComponent:63 - No mode defined for component null
2026-03-11 17:14:22,507 [WARN] ModelIntegratedComponent:63 - No mode defined for component null
2026-03-11 17:14:22,507 [WARN] ModelIntegratedComponent:63 - No mode defined for component null
2026-03-11 17:14:22,507 [WARN] ModelIntegratedComponent:63 - No mode defined for component null
2026-03-11 17:14:22,507 [WARN] ModelIntegratedComponent:63 - No mode defined for component null
2026-03-11 17:14:22,507 [WARN] ModelIntegratedComponent:63 - No mode defined for component null
2026-03-11 17:14:22,507 [WARN] ModelIntegratedComponent:63 - No mode defined for component null
2026-03-11 17:14:22,508 [WARN] ModelIntegratedComponent:63 - No mode defined for component null
2026-03-11 17:14:22,508 [WARN] ModelIntegratedComponent:63 - No mode defined for component null
2026-03-11 17:14:22,508 [WARN] ModelIntegratedComponent:63 - No mode defined for component null
2026-03-11 17:14:22,508 [WARN] ModelIntegratedComponent:63 - No mode defined for component null
2026-03-11 17:14:22,508 [WARN] ModelIntegratedComponent:63 - No mode defined for component null
2026-03-11 17:14:22,508 [WARN] ModelIntegratedComponent:63 - No mode defined for component null
2026-03-11 17:14:22,508 [WARN] ModelIntegratedComponent:63 - No mode defined for component null
2026-03-11 17:14:22,508 [WARN] ModelIntegratedComponent:63 - No mode defined for component null
2026-03-11 17:14:22,508 [WARN] ModelIntegratedComponent:63 - No mode defined for component null
2026-03-11 17:14:22,508 [WARN] ModelIntegratedComponent:63 - No mode defined for component null
2026-03-11 17:14:22,508 [WARN] ModelIntegratedComponent:63 - No mode defined for component null
2026-03-11 17:14:22,508 [WARN] ModelIntegratedComponent:63 - No mode defined for component null
2026-03-11 17:14:22,508 [WARN] ModelIntegratedComponent:63 - No mode defined for component null
2026-03-11 17:14:22,508 [WARN] ModelIntegratedComponent:63 - No mode defined for component null
2026-03-11 17:14:22,508 [WARN] ModelIntegratedComponent:63 - No mode defined for component null
2026-03-11 17:14:22,508 [WARN] ModelIntegratedComponent:63 - No mode defined for component null
2026-03-11 17:14:22,508 [WARN] ModelIntegratedComponent:63 - No mode defined for component null
2026-03-11 17:14:22,508 [WARN] ModelIntegratedComponent:63 - No mode defined for component null
2026-03-11 17:14:22,508 [WARN] ModelIntegratedComponent:63 - No mode defined for component null
2026-03-11 17:14:22,508 [WARN] ModelIntegratedComponent:63 - No mode defined for component null
2026-03-11 17:14:22,508 [WARN] ModelIntegratedComponent:63 - No mode defined for component null
2026-03-11 17:14:22,508 [WARN] ModelIntegratedComponent:63 - No mode defined for component null
2026-03-11 17:14:22,508 [WARN] ModelPack:524 - Component already loaded: STMicroelectronics:HAL Drivers:0.0.0:STMicroelectronics:Device:STMicro_Driver:XSPI:HAL::0.0.1:HAL_XSPI
2026-03-11 17:14:22,552 [INFO] ThirdPartyModel:298 - Start build external matchings
2026-03-11 17:14:22,851 [INFO] ThirdPartyModel:316 - End build external matchings
2026-03-11 17:14:22,873 [INFO] ImportTextPane:234 - (OptionalMessage_ERROR) IP (DMA) : Parameter (Instance) has Id (I2C1_RX) currently not set
2026-03-11 17:14:22,874 [INFO] ImportTextPane:234 - (OptionalMessage_ERROR) IP (DMA) : Parameter (Channel) has Id (I2C1_RX) currently not set
2026-03-11 17:14:22,874 [INFO] ImportTextPane:234 - (OptionalMessage_ERROR) IP (DMA) : Parameter (Direction) has Id (I2C1_RX) currently not set
2026-03-11 17:14:22,874 [INFO] ImportTextPane:234 - (OptionalMessage_ERROR) IP (DMA) : Parameter (PeriphInc) has Id (I2C1_RX) currently not set
2026-03-11 17:14:22,874 [INFO] ImportTextPane:234 - (OptionalMessage_ERROR) IP (DMA) : Parameter (MemInc) has Id (I2C1_RX) currently not set
2026-03-11 17:14:22,874 [INFO] ImportTextPane:234 - (OptionalMessage_ERROR) IP (DMA) : Parameter (PeriphDataAlignment) has Id (I2C1_RX) currently not set
2026-03-11 17:14:22,874 [INFO] ImportTextPane:234 - (OptionalMessage_ERROR) IP (DMA) : Parameter (MemDataAlignment) has Id (I2C1_RX) currently not set
2026-03-11 17:14:22,874 [INFO] ImportTextPane:234 - (OptionalMessage_ERROR) IP (DMA) : Parameter (Mode) has Id (I2C1_RX) currently not set
2026-03-11 17:14:22,874 [INFO] ImportTextPane:234 - (OptionalMessage_ERROR) IP (DMA) : Parameter (Priority) has Id (I2C1_RX) currently not set
2026-03-11 17:14:22,874 [INFO] ImportTextPane:234 - (OptionalMessage_ERROR) IP (DMA) : Parameter (FIFOMode) has Id (I2C1_RX) currently not set
2026-03-11 17:14:22,875 [WARN] IP:2250 - I2C_Coeff_DF not found: check if there is a RefParameter without a condition.
2026-03-11 17:14:22,875 [WARN] IP:2250 - Analog_Filter not found: check if there is a RefParameter without a condition.
2026-03-11 17:14:22,875 [INFO] ImportTextPane:234 - (OptionalMessage_ERROR) IP (RCC) : Invalid parameter (48MHZClocksFreq_Value)
2026-03-11 17:14:22,876 [INFO] ImportTextPane:234 - (OptionalMessage_ERROR) IP (RCC) : Invalid parameter (EthernetFreq_Value)
2026-03-11 17:14:22,876 [INFO] ImportTextPane:234 - (OptionalMessage_ERROR) IP (RCC) : Parameter (FLatency) has Id (AdvancedSettings) currently not set
2026-03-11 17:14:22,876 [INFO] ImportTextPane:234 - (OptionalMessage_ERROR) IP (RCC) : Invalid parameter (FamilyName)
2026-03-11 17:14:22,876 [INFO] ImportTextPane:234 - (OptionalMessage_ERROR) IP (RCC) : Invalid parameter (I2SClocksFreq_Value)
2026-03-11 17:14:22,877 [INFO] ImportTextPane:234 - (OptionalMessage_ERROR) IP (RCC) : Invalid parameter (VCOInputMFreq_Value)
2026-03-11 17:14:22,877 [INFO] ImportTextPane:234 - (OptionalMessage_ERROR) IP (RCC) : Invalid parameter (VcooutputI2S)
2026-03-11 17:14:23,053 [INFO] UtilMem:75 - End LoadConfig() Used Memory: 551948192 Bytes (1073741824)
2026-03-11 17:14:23,060 [WARN] ThirdParty:833 - waiting for thirdparty lock release [change project]
2026-03-11 17:14:23,061 [INFO] ThirdParty:835 - entering critical section [change project]
2026-03-11 17:14:23,061 [INFO] ThirdParty:1030 - CMSIS Pack Vendor :STMicroelectronics X-CUBE-AZRTOS-H7 3.5.0
2026-03-11 17:14:23,061 [INFO] ThirdParty:1030 - CMSIS Pack Vendor :STMicroelectronics X-CUBE-PM33A1 1.0.0
2026-03-11 17:14:23,061 [INFO] ThirdParty:1030 - CMSIS Pack Vendor :STMicroelectronics USBPD 4.1
2026-03-11 17:14:23,061 [INFO] ThirdParty:1030 - CMSIS Pack Vendor :STMicroelectronics X-CUBE-NFC9 1.0.0
2026-03-11 17:14:23,061 [INFO] ThirdParty:1030 - CMSIS Pack Vendor :STMicroelectronics USB_HOST 2.0.0
2026-03-11 17:14:23,061 [INFO] ThirdParty:1030 - CMSIS Pack Vendor :STMicroelectronics FP-SNS-MOTENVWB1 1.4.0
2026-03-11 17:14:23,061 [INFO] ThirdParty:1030 - CMSIS Pack Vendor :STMicroelectronics X-CUBE-AZRTOS-F4 1.1.0
2026-03-11 17:14:23,061 [INFO] ThirdParty:1030 - CMSIS Pack Vendor :STMicroelectronics LIBJPEG 8.0.0
2026-03-11 17:14:23,061 [INFO] ThirdParty:1030 - CMSIS Pack Vendor :STMicroelectronics FP-ATR-ASTRA1 2.0.2
2026-03-11 17:14:23,061 [INFO] ThirdParty:1030 - CMSIS Pack Vendor :wolfSSL I-CUBE-wolfSSL 5.8.2
2026-03-11 17:14:23,061 [INFO] ThirdParty:1030 - CMSIS Pack Vendor :STMicroelectronics X-CUBE-BLE1 7.1.0
2026-03-11 17:14:23,061 [INFO] ThirdParty:1030 - CMSIS Pack Vendor :STMicroelectronics X-CUBE-SMBUS 2.1.0
2026-03-11 17:14:23,061 [INFO] ThirdParty:1030 - CMSIS Pack Vendor :wolfSSL I-CUBE-wolfMQTT 1.19.2
2026-03-11 17:14:23,061 [INFO] ThirdParty:1030 - CMSIS Pack Vendor :STMicroelectronics USB_DEVICE 3.0.0
2026-03-11 17:14:23,061 [INFO] ThirdParty:1030 - CMSIS Pack Vendor :STMicroelectronics X-CUBE-ISPU 2.1.0
2026-03-11 17:14:23,061 [INFO] ThirdParty:1030 - CMSIS Pack Vendor :STMicroelectronics X-CUBE-FREERTOS 1.4.0
2026-03-11 17:14:23,061 [INFO] ThirdParty:1030 - CMSIS Pack Vendor :STMicroelectronics X-CUBE-EEPRMA1 5.2.0
2026-03-11 17:14:23,061 [INFO] ThirdParty:1030 - CMSIS Pack Vendor :STMicroelectronics X-CUBE-IPS 3.2.0
2026-03-11 17:14:23,061 [INFO] ThirdParty:1030 - CMSIS Pack Vendor :STMicroelectronics X-CUBE-BLEMGR 4.1.0
2026-03-11 17:14:23,061 [INFO] ThirdParty:1030 - CMSIS Pack Vendor :STMicroelectronics X-CUBE-AZRTOS-WB 2.0.0
2026-03-11 17:14:23,061 [INFO] ThirdParty:1030 - CMSIS Pack Vendor :STMicroelectronics X-CUBE-ST60 1.0.0
2026-03-11 17:14:23,061 [INFO] ThirdParty:1030 - CMSIS Pack Vendor :STMicroelectronics X-CUBE-GNSS1 7.0.1
2026-03-11 17:14:23,061 [INFO] ThirdParty:1030 - CMSIS Pack Vendor :STMicroelectronics X-CUBE-NFC12 1.0.0
2026-03-11 17:14:23,061 [INFO] ThirdParty:1030 - CMSIS Pack Vendor :STMicroelectronics X-CUBE-AZRTOS-F7 1.1.0
2026-03-11 17:14:23,061 [INFO] ThirdParty:1030 - CMSIS Pack Vendor :STMicroelectronics X-CUBE-AZRTOS-L5 2.0.0
2026-03-11 17:14:23,061 [INFO] ThirdParty:1030 - CMSIS Pack Vendor :STMicroelectronics USB_DEVICE 2.0.0
2026-03-11 17:14:23,061 [INFO] ThirdParty:1030 - CMSIS Pack Vendor :STMicroelectronics X-CUBE-NFC6 3.1.0
2026-03-11 17:14:23,061 [INFO] ThirdParty:1030 - CMSIS Pack Vendor :STMicroelectronics X-CUBE-ST67W61 1.1.0
2026-03-11 17:14:23,061 [INFO] ThirdParty:1030 - CMSIS Pack Vendor :Cesanta I-CUBE-Mongoose 7.19.0
2026-03-11 17:14:23,061 [INFO] ThirdParty:1030 - CMSIS Pack Vendor :quantropi X-CUBE-qispace-sdk-base 2.1.0
2026-03-11 17:14:23,061 [INFO] ThirdParty:1030 - CMSIS Pack Vendor :STMicroelectronics X-CUBE-MEMS1 12.0.0
2026-03-11 17:14:23,061 [INFO] ThirdParty:1030 - CMSIS Pack Vendor :STMicroelectronics X-CUBE-STSE01 2.0.0
2026-03-11 17:14:23,061 [INFO] ThirdParty:1030 - CMSIS Pack Vendor :STMicroelectronics FP-SNS-MOTENV1 5.1.0
2026-03-11 17:14:23,061 [INFO] ThirdParty:1030 - CMSIS Pack Vendor :STMicroelectronics FreeRTOS 0.0.1
2026-03-11 17:14:23,062 [INFO] ThirdParty:1030 - CMSIS Pack Vendor :STMicroelectronics X-CUBE-AZRTOS-G0 1.1.0
2026-03-11 17:14:23,062 [INFO] ThirdParty:1030 - CMSIS Pack Vendor :STMicroelectronics X-CUBE-SAFEA1 1.2.2
2026-03-11 17:14:23,062 [INFO] ThirdParty:1030 - CMSIS Pack Vendor :STMicroelectronics X-CUBE-NFC4 3.0.0
2026-03-11 17:14:23,062 [INFO] ThirdParty:1030 - CMSIS Pack Vendor :STMicroelectronics X-CUBE-SUBG2 5.0.0
2026-03-11 17:14:23,062 [INFO] ThirdParty:1030 - CMSIS Pack Vendor :STMicroelectronics X-CUBE-AZRTOS-H7RS 1.1.0
2026-03-11 17:14:23,062 [INFO] ThirdParty:1030 - CMSIS Pack Vendor :STMicroelectronics STM32_WPAN 1.0.0
2026-03-11 17:14:23,062 [INFO] ThirdParty:1030 - CMSIS Pack Vendor :EmbeddedOffice I-CUBE-FS-RTOS 1.0.1
2026-03-11 17:14:23,062 [INFO] ThirdParty:1030 - CMSIS Pack Vendor :STMicroelectronics lwIP 2.0.3
2026-03-11 17:14:23,062 [INFO] ThirdParty:1030 - CMSIS Pack Vendor :WES I-CUBE-Cesium 1.4.0
2026-03-11 17:14:23,062 [INFO] ThirdParty:1030 - CMSIS Pack Vendor :STMicroelectronics USB_HOST 1.0.0
2026-03-11 17:14:23,062 [INFO] ThirdParty:1030 - CMSIS Pack Vendor :Infineon AIROC-Wi-Fi-Bluetooth-STM32 1.7.1
2026-03-11 17:14:23,062 [INFO] ThirdParty:1030 - CMSIS Pack Vendor :STMicroelectronics X-CUBE-AZRTOS-G4 2.0.0
2026-03-11 17:14:23,062 [INFO] ThirdParty:1030 - CMSIS Pack Vendor :STMicroelectronics X-CUBE-WB05N 2.0.0
2026-03-11 17:14:23,062 [INFO] ThirdParty:1030 - CMSIS Pack Vendor :STMicroelectronics PDM2PCM 3.1.0
2026-03-11 17:14:23,062 [INFO] ThirdParty:1030 - CMSIS Pack Vendor :STMicroelectronics PDM2PCM 3.3.0
2026-03-11 17:14:23,062 [INFO] ThirdParty:1030 - CMSIS Pack Vendor :wolfSSL I-CUBE-wolfTPM 3.8.0
2026-03-11 17:14:23,062 [INFO] ThirdParty:1030 - CMSIS Pack Vendor :STMicroelectronics X-CUBE-AZRTOS-H7 3.4.0
2026-03-11 17:14:23,062 [INFO] ThirdParty:1030 - CMSIS Pack Vendor :STMicroelectronics X-CUBE-DISPLAY 3.0.0
2026-03-11 17:14:23,062 [INFO] ThirdParty:1030 - CMSIS Pack Vendor :wolfSSL I-CUBE-wolfSSH 1.4.20
2026-03-11 17:14:23,062 [INFO] ThirdParty:1030 - CMSIS Pack Vendor :STMicroelectronics X-CUBE-NFC7 2.0.0
2026-03-11 17:14:23,062 [INFO] ThirdParty:1030 - CMSIS Pack Vendor :STMicroelectronics FP-SNS-MOTENVWB1 1.5.0
2026-03-11 17:14:23,062 [INFO] ThirdParty:1030 - CMSIS Pack Vendor :STMicroelectronics X-CUBE-TCPP 4.2.0
2026-03-11 17:14:23,062 [INFO] ThirdParty:1030 - CMSIS Pack Vendor :RealThread X-CUBE-RT-Thread_Nano 4.1.1
2026-03-11 17:14:23,062 [INFO] ThirdParty:1030 - CMSIS Pack Vendor :STMicroelectronics FP-ATR-SIGFOX1 3.2.0
2026-03-11 17:14:23,062 [INFO] ThirdParty:1030 - CMSIS Pack Vendor :STMicroelectronics X-CUBE-NFC10 1.0.0
2026-03-11 17:14:23,062 [INFO] ThirdParty:1030 - CMSIS Pack Vendor :STMicroelectronics X-CUBE-FREERTOS 1.3.1
2026-03-11 17:14:23,062 [INFO] ThirdParty:1030 - CMSIS Pack Vendor :STMicroelectronics HAL Drivers 0.0.0
2026-03-11 17:14:23,062 [INFO] ThirdParty:1030 - CMSIS Pack Vendor :STMicroelectronics X-CUBE-FREERTOS 1.5.0
2026-03-11 17:14:23,062 [INFO] ThirdParty:1030 - CMSIS Pack Vendor :STMicroelectronics MBEDTLS 2.16.2
2026-03-11 17:14:23,062 [INFO] ThirdParty:1030 - CMSIS Pack Vendor :STMicroelectronics X-CUBE-ST60 1.1.0
2026-03-11 17:14:23,062 [INFO] ThirdParty:1030 - CMSIS Pack Vendor :STMicroelectronics X-CUBE-ALS 1.0.2
2026-03-11 17:14:23,062 [INFO] ThirdParty:1030 - CMSIS Pack Vendor :emotas I-CUBE-CANOPEN 1.3.0
2026-03-11 17:14:23,062 [INFO] ThirdParty:1030 - CMSIS Pack Vendor :STMicroelectronics MBEDTLS 2.14.1
2026-03-11 17:14:23,062 [INFO] ThirdParty:1030 - CMSIS Pack Vendor :STMicroelectronics X-CUBE-GNSS1 7.1.0
2026-03-11 17:14:23,062 [INFO] ThirdParty:1030 - CMSIS Pack Vendor :ITTIA_DB I-CUBE-ITTIADB 8.9.0
2026-03-11 17:14:23,062 [INFO] ThirdParty:1030 - CMSIS Pack Vendor :STMicroelectronics X-CUBE-TOUCHGFX 4.26.0
2026-03-11 17:14:23,062 [INFO] ThirdParty:1030 - CMSIS Pack Vendor :STMicroelectronics X-CUBE-STSE01 1.0.0
2026-03-11 17:14:23,062 [INFO] ThirdParty:1030 - CMSIS Pack Vendor :STMicroelectronics X-CUBE-TOUCHGFX 4.26.1
2026-03-11 17:14:23,062 [INFO] ThirdParty:1030 - CMSIS Pack Vendor :STMicroelectronics X-CUBE-NFC6 3.2.0
2026-03-11 17:14:23,062 [INFO] ThirdParty:1030 - CMSIS Pack Vendor :STMicroelectronics ThreadX 1.0.0
2026-03-11 17:14:23,063 [INFO] ThirdParty:1030 - CMSIS Pack Vendor :STMicroelectronics FP-SNS-SMARTAG2 1.2.0
2026-03-11 17:14:23,063 [INFO] ThirdParty:1030 - CMSIS Pack Vendor :STMicroelectronics FP-SNS-FLIGHT1 5.1.0
2026-03-11 17:14:23,063 [INFO] ThirdParty:1030 - CMSIS Pack Vendor :STMicroelectronics X-CUBE-AZRTOS-WL 2.0.0
2026-03-11 17:14:23,063 [INFO] ThirdParty:1030 - CMSIS Pack Vendor :SEGGER I-CUBE-embOS 1.3.1
2026-03-11 17:14:23,063 [INFO] ThirdParty:1030 - CMSIS Pack Vendor :STMicroelectronics X-CUBE-ALGOBUILD 1.4.0
2026-03-11 17:14:23,063 [INFO] ThirdParty:1030 - CMSIS Pack Vendor :STMicroelectronics X-CUBE-DPower 1.3.0
2026-03-11 17:14:23,063 [INFO] ThirdParty:1030 - CMSIS Pack Vendor :STMicroelectronics X-CUBE-MEMS1 11.3.0
2026-03-11 17:14:23,063 [INFO] ThirdParty:1030 - CMSIS Pack Vendor :STMicroelectronics FP-SNS-MOTENV1 5.0.0
2026-03-11 17:14:23,063 [INFO] ThirdParty:1030 - CMSIS Pack Vendor :STMicroelectronics USB_DEVICE 1.0.0
2026-03-11 17:14:23,063 [INFO] ThirdParty:1030 - CMSIS Pack Vendor :STMicroelectronics X-CUBE-AZRTOS-H7RS 1.2.0
2026-03-11 17:14:23,063 [INFO] ThirdParty:1030 - CMSIS Pack Vendor :STMicroelectronics X-CUBE-AZRTOS-L4 2.0.0
2026-03-11 17:14:23,063 [INFO] ThirdParty:1030 - CMSIS Pack Vendor :STMicroelectronics ThreadX 0.0.2
2026-03-11 17:14:23,063 [INFO] ThirdParty:1030 - CMSIS Pack Vendor :STMicroelectronics lwIP 2.1.2
2026-03-11 17:14:23,063 [INFO] ThirdParty:1030 - CMSIS Pack Vendor :STMicroelectronics X-CUBE-SFXS2LP1 4.0.0
2026-03-11 17:14:23,063 [INFO] ThirdParty:1030 - CMSIS Pack Vendor :STMicroelectronics X-CUBE-BLE2 3.3.0
2026-03-11 17:14:23,063 [INFO] ThirdParty:1030 - CMSIS Pack Vendor :Avnet-IOTCONNECT X-CUBE-iotc-st67-sdk 1.0.0
2026-03-11 17:14:23,063 [INFO] ThirdParty:1030 - CMSIS Pack Vendor :STMicroelectronics X-CUBE-TOF1 3.4.3
2026-03-11 17:14:23,063 [INFO] ThirdParty:1030 - CMSIS Pack Vendor :STMicroelectronics PDM2PCM 3.2.0
2026-03-11 17:14:23,063 [INFO] ThirdParty:1030 - CMSIS Pack Vendor :STMicroelectronics X-CUBE-ST67W61 1.2.0
2026-03-11 17:14:23,063 [INFO] ThirdParty:841 - exiting critical section [change project]
2026-03-11 17:14:23,269 [INFO] PinOutPanel:1589 - setPackage(No Configuration,No Configuration)
2026-03-11 17:14:23,270 [INFO] PinOutPanel:1589 - setPackage(STM32F446RETx,LQFP64)
2026-03-11 17:14:23,592 [INFO] UtilMem:75 - Before build in PCC Used Memory: 762496480 Bytes (1073741824)
2026-03-11 17:14:23,758 [INFO] UtilMem:75 - After build in PCC Used Memory: 813350368 Bytes (1073741824)
2026-03-11 17:14:23,772 [INFO] IPUIPlugin:80 - create IPUIPlugin
2026-03-11 17:14:23,772 [INFO] IPUIPlugin:80 - create IPUIPlugin
2026-03-11 17:14:23,773 [INFO] IPUIPlugin:80 - create IPUIPlugin
2026-03-11 17:14:23,773 [INFO] IPUIPlugin:80 - create IPUIPlugin
2026-03-11 17:14:23,773 [INFO] IPUIPlugin:80 - create IPUIPlugin
2026-03-11 17:14:23,773 [INFO] IPUIPlugin:80 - create IPUIPlugin
2026-03-11 17:14:23,773 [INFO] IPUIPlugin:80 - create IPUIPlugin
2026-03-11 17:14:23,773 [INFO] IPUIPlugin:80 - create IPUIPlugin
2026-03-11 17:14:23,773 [INFO] IPUIPlugin:80 - create IPUIPlugin
2026-03-11 17:14:23,773 [INFO] IPUIPlugin:80 - create IPUIPlugin
2026-03-11 17:14:23,773 [INFO] IPUIPlugin:80 - create IPUIPlugin
2026-03-11 17:14:23,773 [INFO] IPUIPlugin:80 - create IPUIPlugin
2026-03-11 17:14:23,773 [INFO] IPUIPlugin:80 - create IPUIPlugin
2026-03-11 17:14:23,773 [INFO] IPUIPlugin:80 - create IPUIPlugin
2026-03-11 17:14:23,773 [INFO] IPUIPlugin:80 - create IPUIPlugin
2026-03-11 17:14:23,773 [INFO] IPUIPlugin:80 - create IPUIPlugin
2026-03-11 17:14:23,774 [INFO] IPUIPlugin:80 - create IPUIPlugin
2026-03-11 17:14:23,774 [INFO] IPUIPlugin:80 - create IPUIPlugin
2026-03-11 17:14:23,774 [INFO] IPUIPlugin:80 - create IPUIPlugin
2026-03-11 17:14:23,774 [INFO] IPUIPlugin:80 - create IPUIPlugin
2026-03-11 17:14:23,774 [INFO] IPUIPlugin:80 - create IPUIPlugin
2026-03-11 17:14:23,774 [INFO] IPUIPlugin:80 - create IPUIPlugin
2026-03-11 17:14:23,774 [INFO] IPUIPlugin:80 - create IPUIPlugin
2026-03-11 17:14:23,774 [INFO] IPUIPlugin:80 - create IPUIPlugin
2026-03-11 17:14:23,774 [INFO] IPUIPlugin:80 - create IPUIPlugin
2026-03-11 17:14:23,775 [INFO] IPUIPlugin:80 - create IPUIPlugin
2026-03-11 17:14:23,775 [INFO] IPUIPlugin:80 - create IPUIPlugin
2026-03-11 17:14:23,775 [INFO] IPUIPlugin:80 - create IPUIPlugin
2026-03-11 17:14:23,775 [INFO] IPUIPlugin:80 - create IPUIPlugin
2026-03-11 17:14:23,775 [INFO] IPUIPlugin:80 - create IPUIPlugin
2026-03-11 17:14:23,775 [INFO] IPUIPlugin:80 - create IPUIPlugin
2026-03-11 17:14:23,776 [INFO] IPUIPlugin:80 - create IPUIPlugin
2026-03-11 17:14:23,776 [INFO] IPUIPlugin:80 - create IPUIPlugin
2026-03-11 17:14:23,776 [INFO] IPUIPlugin:80 - create IPUIPlugin
2026-03-11 17:14:23,776 [INFO] IPUIPlugin:80 - create IPUIPlugin
2026-03-11 17:14:23,776 [INFO] IPUIPlugin:80 - create IPUIPlugin
2026-03-11 17:14:23,776 [INFO] IPUIPlugin:80 - create IPUIPlugin
2026-03-11 17:14:23,777 [INFO] IPUIPlugin:80 - create IPUIPlugin
2026-03-11 17:14:23,777 [INFO] IPUIPlugin:80 - create IPUIPlugin
2026-03-11 17:14:23,777 [INFO] IPUIPlugin:80 - create IPUIPlugin
2026-03-11 17:14:23,777 [INFO] IPUIPlugin:80 - create IPUIPlugin
2026-03-11 17:14:23,777 [INFO] IPUIPlugin:80 - create IPUIPlugin
2026-03-11 17:14:23,777 [INFO] IPUIPlugin:80 - create IPUIPlugin
2026-03-11 17:14:23,778 [INFO] IPUIPlugin:80 - create IPUIPlugin
2026-03-11 17:14:23,778 [INFO] IPUIPlugin:80 - create IPUIPlugin
2026-03-11 17:14:23,778 [INFO] IPUIPlugin:80 - create IPUIPlugin
2026-03-11 17:14:23,778 [INFO] IPUIPlugin:80 - create IPUIPlugin
2026-03-11 17:14:23,778 [INFO] IPUIPlugin:80 - create IPUIPlugin
2026-03-11 17:14:23,779 [INFO] IPUIPlugin:80 - create IPUIPlugin
2026-03-11 17:14:23,779 [INFO] IPUIPlugin:80 - create IPUIPlugin
2026-03-11 17:14:23,779 [INFO] IPUIPlugin:80 - create IPUIPlugin
2026-03-11 17:14:23,779 [INFO] IPUIPlugin:80 - create IPUIPlugin
2026-03-11 17:14:23,779 [INFO] IPUIPlugin:80 - create IPUIPlugin
2026-03-11 17:14:23,779 [INFO] IPUIPlugin:80 - create IPUIPlugin
2026-03-11 17:14:23,780 [INFO] IPUIPlugin:80 - create IPUIPlugin
2026-03-11 17:14:23,780 [INFO] IPUIPlugin:80 - create IPUIPlugin
2026-03-11 17:14:23,780 [INFO] IPUIPlugin:80 - create IPUIPlugin
2026-03-11 17:14:23,780 [INFO] IPUIPlugin:80 - create IPUIPlugin
2026-03-11 17:14:23,781 [INFO] IPUIPlugin:80 - create IPUIPlugin
2026-03-11 17:14:23,781 [INFO] IPUIPlugin:80 - create IPUIPlugin
2026-03-11 17:14:23,783 [INFO] ApiDbMcu:532 - Load IP Config File for PDM2PCM
2026-03-11 17:14:23,785 [INFO] Can:71 - Can Add PropertyChangeListener com.st.microxplorer.plugins.ip.can.Can@5d5f755
2026-03-11 17:14:23,785 [WARN] IP:2250 - I2C_Coeff_DF not found: check if there is a RefParameter without a condition.
2026-03-11 17:14:23,785 [WARN] IP:2250 - Analog_Filter not found: check if there is a RefParameter without a condition.
2026-03-11 17:14:23,826 [INFO] CADModel:165 - CPN selected for project levelSTM32F446RET6
2026-03-11 17:14:23,826 [INFO] CADModel:114 - Register for checkConnection events
2026-03-11 17:14:23,864 [INFO] OpenFileManager:386 - Restore cursor
2026-03-11 17:14:24,068 [WARN] IP:2250 - I2C_Coeff_DF not found: check if there is a RefParameter without a condition.
2026-03-11 17:14:24,068 [WARN] IP:2250 - Analog_Filter not found: check if there is a RefParameter without a condition.
2026-03-11 17:14:24,068 [WARN] IP:2250 - I2C_Coeff_DF not found: check if there is a RefParameter without a condition.
2026-03-11 17:14:24,068 [WARN] IP:2250 - Analog_Filter not found: check if there is a RefParameter without a condition.
2026-03-11 17:14:40,483 [WARN] IP:2250 - I2C_Coeff_DF not found: check if there is a RefParameter without a condition.
2026-03-11 17:14:40,483 [WARN] IP:2250 - Analog_Filter not found: check if there is a RefParameter without a condition.
2026-03-11 17:14:40,483 [WARN] IP:2250 - I2C_Coeff_DF not found: check if there is a RefParameter without a condition.
2026-03-11 17:14:40,483 [WARN] IP:2250 - Analog_Filter not found: check if there is a RefParameter without a condition.
2026-03-11 17:14:40,507 [WARN] IP:2250 - I2C_Coeff_DF not found: check if there is a RefParameter without a condition.
2026-03-11 17:14:40,508 [WARN] IP:2250 - Analog_Filter not found: check if there is a RefParameter without a condition.
2026-03-11 17:14:40,530 [WARN] IP:2250 - I2C_Coeff_DF not found: check if there is a RefParameter without a condition.
2026-03-11 17:14:40,530 [WARN] IP:2250 - Analog_Filter not found: check if there is a RefParameter without a condition.
2026-03-11 17:14:46,498 [INFO] Gpio:278 - dependency for GPIO [CAN1, I2C1, RCC, SYS, USART2]
2026-03-11 17:16:09,067 [INFO] UtilMem:75 - End SaveConfig() Used Memory: 558289424 Bytes (1059061760)
2026-03-11 17:16:10,892 [INFO] UtilMem:75 - End SaveConfig() Used Memory: 602329616 Bytes (1059061760)
2026-03-11 17:16:12,422 [INFO] UtilMem:75 - End SaveConfig() Used Memory: 689689136 Bytes (1059061760)
2026-03-11 17:16:12,691 [INFO] BlockDiagram:2775 - set Specific Code input for plugin: TIM6_7
2026-03-11 17:16:12,691 [INFO] BlockDiagram:2775 - set Specific Code input for plugin: TIM6_7
2026-03-11 17:16:12,691 [INFO] BlockDiagram:2775 - set Specific Code input for plugin: CAN
2026-03-11 17:16:12,691 [INFO] BlockDiagram:2775 - set Specific Code input for plugin: SYS
2026-03-11 17:16:12,691 [INFO] BlockDiagram:2775 - set Specific Code input for plugin: RCC
2026-03-11 17:16:12,691 [INFO] BlockDiagram:2775 - set Specific Code input for plugin: I2C
2026-03-11 17:16:12,691 [INFO] BlockDiagram:2775 - set Specific Code input for plugin: NVIC
2026-03-11 17:16:12,691 [INFO] BlockDiagram:2775 - set Specific Code input for plugin: USART
2026-03-11 17:16:12,691 [INFO] BlockDiagram:2775 - set Specific Code input for plugin: TIM1_8
2026-03-11 17:16:12,691 [INFO] BlockDiagram:2775 - set Specific Code input for plugin: DMA
2026-03-11 17:16:12,691 [INFO] BlockDiagram:2775 - set Specific Code input for plugin: GPIO
2026-03-11 17:16:12,692 [INFO] CodeGenerator:892 - code generatio: config db path: /opt/st/stm32cubeide_1.19.0/plugins/com.st.stm32cube.common.mx_6.15.0.202507011659//db/
2026-03-11 17:16:12,694 [WARN] IP:2250 - I2C_Coeff_DF not found: check if there is a RefParameter without a condition.
2026-03-11 17:16:12,695 [WARN] IP:2250 - Analog_Filter not found: check if there is a RefParameter without a condition.
2026-03-11 17:16:12,836 [INFO] CodeEngine:265 - oldGeneratedFile, /home/kamil/STM32CubeIDE/workspace_1.19.0/STM32_Debug/MXTmpFiles/license.tmp_save
2026-03-11 17:16:13,104 [INFO] CodeEngine:289 - Generated code: /home/kamil/STM32CubeIDE/workspace_1.19.0/STM32_Debug/MXTmpFiles/license.tmp
2026-03-11 17:16:13,138 [INFO] CodeEngine:265 - oldGeneratedFile, /home/kamil/STM32CubeIDE/workspace_1.19.0/STM32_Debug/MXTmpFiles/gpio.tmp_save
2026-03-11 17:16:13,299 [INFO] CodeEngine:289 - Generated code: /home/kamil/STM32CubeIDE/workspace_1.19.0/STM32_Debug/MXTmpFiles/gpio.tmp
2026-03-11 17:16:13,597 [INFO] CodeEngine:265 - oldGeneratedFile, /home/kamil/STM32CubeIDE/workspace_1.19.0/STM32_Debug/MXTmpFiles/dma.tmp_save
2026-03-11 17:16:13,643 [INFO] CodeEngine:289 - Generated code: /home/kamil/STM32CubeIDE/workspace_1.19.0/STM32_Debug/MXTmpFiles/dma.tmp
2026-03-11 17:16:13,644 [INFO] CodeEngine:265 - oldGeneratedFile, /home/kamil/STM32CubeIDE/workspace_1.19.0/STM32_Debug/MXTmpFiles/dma_GV.tmp_save
2026-03-11 17:16:13,683 [INFO] CodeEngine:289 - Generated code: /home/kamil/STM32CubeIDE/workspace_1.19.0/STM32_Debug/MXTmpFiles/dma_GV.tmp
2026-03-11 17:16:13,689 [INFO] CodeEngine:265 - oldGeneratedFile, /home/kamil/STM32CubeIDE/workspace_1.19.0/STM32_Debug/Core/Src/stm32f4xx_it.c_save
2026-03-11 17:16:13,746 [INFO] CodeEngine:289 - Generated code: /home/kamil/STM32CubeIDE/workspace_1.19.0/STM32_Debug/Core/Src/stm32f4xx_it.c
2026-03-11 17:16:13,747 [INFO] CodeEngine:265 - oldGeneratedFile, /home/kamil/STM32CubeIDE/workspace_1.19.0/STM32_Debug/Core/Inc/stm32f4xx_it.h_save
2026-03-11 17:16:13,788 [INFO] CodeEngine:289 - Generated code: /home/kamil/STM32CubeIDE/workspace_1.19.0/STM32_Debug/Core/Inc/stm32f4xx_it.h
2026-03-11 17:16:13,793 [INFO] CodeEngine:265 - oldGeneratedFile, /home/kamil/STM32CubeIDE/workspace_1.19.0/STM32_Debug/Core/Src/stm32f4xx_hal_msp.c_save
2026-03-11 17:16:13,857 [INFO] CodeEngine:289 - Generated code: /home/kamil/STM32CubeIDE/workspace_1.19.0/STM32_Debug/Core/Src/stm32f4xx_hal_msp.c
2026-03-11 17:16:13,858 [INFO] CodeEngine:265 - oldGeneratedFile, /home/kamil/STM32CubeIDE/workspace_1.19.0/STM32_Debug/MXTmpFiles/system.tmp_save
2026-03-11 17:16:13,896 [INFO] CodeEngine:289 - Generated code: /home/kamil/STM32CubeIDE/workspace_1.19.0/STM32_Debug/MXTmpFiles/system.tmp
2026-03-11 17:16:13,897 [INFO] CodeEngine:265 - oldGeneratedFile, /home/kamil/STM32CubeIDE/workspace_1.19.0/STM32_Debug/Core/Inc/stm32_assert.h_save
2026-03-11 17:16:13,937 [INFO] CodeEngine:289 - Generated code: /home/kamil/STM32CubeIDE/workspace_1.19.0/STM32_Debug/Core/Inc/stm32_assert.h
2026-03-11 17:16:13,940 [INFO] CodeEngine:321 - oldGeneratedFile, /home/kamil/STM32CubeIDE/workspace_1.19.0/STM32_Debug/Core/Inc/stm32f4xx_hal_conf.h_save
2026-03-11 17:16:13,996 [INFO] CodeEngine:345 - Generated code: /home/kamil/STM32CubeIDE/workspace_1.19.0/STM32_Debug/Core/Inc/stm32f4xx_hal_conf.h
2026-03-11 17:16:14,010 [WARN] IPConfigManager:3238 - Warning: the RefConfig PLL2P_FOR_MCO is not available in your config.xml file
2026-03-11 17:16:14,013 [INFO] ApiDbMcu:532 - Load IP Config File for CAN1
2026-03-11 17:16:14,014 [INFO] ApiDbMcu:532 - Load IP Config File for I2C1
2026-03-11 17:16:14,019 [INFO] ApiDbMcu:532 - Load IP Config File for TIM6
2026-03-11 17:16:14,024 [INFO] ApiDbMcu:532 - Load IP Config File for TIM7
2026-03-11 17:16:14,030 [INFO] ApiDbMcu:532 - Load IP Config File for TIM10
2026-03-11 17:16:14,034 [INFO] ApiDbMcu:532 - Load IP Config File for USART2
2026-03-11 17:16:14,036 [INFO] ApiDbMcu:532 - Load IP Config File for RCC
2026-03-11 17:16:14,037 [WARN] IPConfigManager:3811 - IP not found : TIM
2026-03-11 17:16:14,037 [WARN] CodeGenerator:4259 - IP not found : null
2026-03-11 17:16:14,040 [INFO] CodeEngine:265 - oldGeneratedFile, /home/kamil/STM32CubeIDE/workspace_1.19.0/STM32_Debug/Core/Inc/main.h_save
2026-03-11 17:16:14,083 [INFO] CodeEngine:289 - Generated code: /home/kamil/STM32CubeIDE/workspace_1.19.0/STM32_Debug/Core/Inc/main.h
2026-03-11 17:16:14,084 [INFO] CodeEngine:265 - oldGeneratedFile, /home/kamil/STM32CubeIDE/workspace_1.19.0/STM32_Debug/Core/Src/main.c_save
2026-03-11 17:16:14,142 [INFO] CodeEngine:289 - Generated code: /home/kamil/STM32CubeIDE/workspace_1.19.0/STM32_Debug/Core/Src/main.c
2026-03-11 17:16:14,346 [INFO] ProjectBuilder:3606 - Time for Copy HAL[1] : 22mS.
2026-03-11 17:16:14,348 [INFO] ProjectBuilder:5216 - Project Generator version: 4.7.0-B52
2026-03-11 17:16:14,399 [INFO] ConfigFileManager:1595 - The Die is : DIE421
2026-03-11 17:16:14,400 [INFO] ApiDbMcu:532 - Load IP Config File for FATFS
2026-03-11 17:16:14,402 [INFO] ApiDbMcu:532 - Load IP Config File for FREERTOS
2026-03-11 17:16:14,402 [INFO] ApiDbMcu:532 - Load IP Config File for LIBJPEG
2026-03-11 17:16:14,404 [INFO] ApiDbMcu:532 - Load IP Config File for MBEDTLS
2026-03-11 17:16:14,407 [INFO] ApiDbMcu:532 - Load IP Config File for USB_DEVICE
2026-03-11 17:16:14,408 [INFO] ApiDbMcu:532 - Load IP Config File for USB_HOST
2026-03-11 17:16:14,959 [INFO] ProjectBuilder:5496 - Time for Generating toolchain IDE Files: 611mS.
2026-03-11 17:16:14,959 [INFO] ProjectBuilder:3463 - Time for Copy CMSIS : 0mS.
2026-03-11 17:16:14,960 [INFO] ProjectBuilder:3463 - Time for Copy CMSIS : 0mS.
2026-03-11 17:16:57,437 [WARN] IP:2250 - I2C_Coeff_DF not found: check if there is a RefParameter without a condition.
2026-03-11 17:16:57,437 [WARN] IP:2250 - Analog_Filter not found: check if there is a RefParameter without a condition.
2026-03-11 17:16:57,438 [WARN] IP:2250 - I2C_Coeff_DF not found: check if there is a RefParameter without a condition.
2026-03-11 17:16:57,438 [WARN] IP:2250 - Analog_Filter not found: check if there is a RefParameter without a condition.
2026-03-11 17:16:57,474 [INFO] Gpio:278 - dependency for GPIO [CAN1, I2C1, RCC, SYS, USART2]
2026-03-11 17:16:57,530 [INFO] NvicIntPanel:101 - NVIC parent = com.st.microxplorer.plugins.ip.nvic.MultiNvicIntPanel[,0,0,0x0,invalid,layout=javax.swing.BoxLayout,alignmentX=0.0,alignmentY=0.0,border=,flags=9,maximumSize=,minimumSize=,preferredSize=]
2026-03-11 17:19:13,237 [WARN] IP:2250 - I2C_Coeff_DF not found: check if there is a RefParameter without a condition.
2026-03-11 17:19:13,237 [WARN] IP:2250 - Analog_Filter not found: check if there is a RefParameter without a condition.
2026-03-11 17:19:13,237 [WARN] IP:2250 - I2C_Coeff_DF not found: check if there is a RefParameter without a condition.
2026-03-11 17:19:13,237 [WARN] IP:2250 - Analog_Filter not found: check if there is a RefParameter without a condition.
2026-03-11 17:19:13,284 [INFO] Gpio:278 - dependency for GPIO [CAN1, I2C1, RCC, SYS, USART2]
2026-03-11 17:19:13,342 [INFO] NvicIntPanel:101 - NVIC parent = com.st.microxplorer.plugins.ip.nvic.MultiNvicIntPanel[,0,0,0x0,invalid,layout=javax.swing.BoxLayout,alignmentX=0.0,alignmentY=0.0,border=,flags=9,maximumSize=,minimumSize=,preferredSize=]
2026-03-11 17:19:27,380 [WARN] IP:2250 - I2C_Coeff_DF not found: check if there is a RefParameter without a condition.
2026-03-11 17:19:27,380 [WARN] IP:2250 - Analog_Filter not found: check if there is a RefParameter without a condition.
2026-03-11 17:19:32,290 [INFO] NvicIntPanel:101 - NVIC parent = com.st.microxplorer.plugins.ip.nvic.MultiNvicIntPanel[,0,0,450x471,layout=javax.swing.BoxLayout,alignmentX=0.0,alignmentY=0.0,border=,flags=9,maximumSize=,minimumSize=,preferredSize=]
2026-03-11 17:22:48,123 [INFO] UtilMem:75 - End SaveConfig() Used Memory: 838523920 Bytes (1059061760)
2026-03-11 17:22:48,313 [INFO] BlockDiagram:2775 - set Specific Code input for plugin: TIM6_7
2026-03-11 17:22:48,314 [INFO] BlockDiagram:2775 - set Specific Code input for plugin: TIM6_7
2026-03-11 17:22:48,314 [INFO] BlockDiagram:2775 - set Specific Code input for plugin: CAN
2026-03-11 17:22:48,314 [INFO] BlockDiagram:2775 - set Specific Code input for plugin: SYS
2026-03-11 17:22:48,314 [INFO] BlockDiagram:2775 - set Specific Code input for plugin: RCC
2026-03-11 17:22:48,314 [INFO] BlockDiagram:2775 - set Specific Code input for plugin: I2C
2026-03-11 17:22:48,314 [INFO] BlockDiagram:2775 - set Specific Code input for plugin: NVIC
2026-03-11 17:22:48,314 [INFO] BlockDiagram:2775 - set Specific Code input for plugin: USART
2026-03-11 17:22:48,314 [INFO] BlockDiagram:2775 - set Specific Code input for plugin: TIM1_8
2026-03-11 17:22:48,314 [INFO] BlockDiagram:2775 - set Specific Code input for plugin: DMA
2026-03-11 17:22:48,315 [INFO] BlockDiagram:2775 - set Specific Code input for plugin: GPIO
2026-03-11 17:22:48,315 [INFO] CodeGenerator:892 - code generatio: config db path: /opt/st/stm32cubeide_1.19.0/plugins/com.st.stm32cube.common.mx_6.15.0.202507011659//db/
2026-03-11 17:22:48,320 [WARN] IP:2250 - I2C_Coeff_DF not found: check if there is a RefParameter without a condition.
2026-03-11 17:22:48,320 [WARN] IP:2250 - Analog_Filter not found: check if there is a RefParameter without a condition.
2026-03-11 17:22:48,322 [INFO] Argument:325 - Argument : hdmavalue: null
2026-03-11 17:22:48,322 [INFO] Argument:327 - 	 sub Args: 
2026-03-11 17:22:48,322 [INFO] Argument:325 - Argument : Instancevalue: DMA1_Stream0
2026-03-11 17:22:48,322 [INFO] Argument:335 - Argument : Instancevalue: DMA1_Stream0
2026-03-11 17:22:48,322 [INFO] Argument:325 - Argument : Initvalue: null
2026-03-11 17:22:48,322 [INFO] Argument:327 - 	 sub Args: 
2026-03-11 17:22:48,322 [INFO] Argument:325 - Argument : Channelvalue: DMA_CHANNEL_1
2026-03-11 17:22:48,322 [INFO] Argument:335 - Argument : Channelvalue: DMA_CHANNEL_1
2026-03-11 17:22:48,322 [INFO] Argument:325 - Argument : Directionvalue: DMA_PERIPH_TO_MEMORY
2026-03-11 17:22:48,322 [INFO] Argument:335 - Argument : Directionvalue: DMA_PERIPH_TO_MEMORY
2026-03-11 17:22:48,322 [INFO] Argument:325 - Argument : PeriphIncvalue: DMA_PINC_DISABLE
2026-03-11 17:22:48,322 [INFO] Argument:335 - Argument : PeriphIncvalue: DMA_PINC_DISABLE
2026-03-11 17:22:48,322 [INFO] Argument:325 - Argument : MemIncvalue: DMA_MINC_ENABLE
2026-03-11 17:22:48,322 [INFO] Argument:335 - Argument : MemIncvalue: DMA_MINC_ENABLE
2026-03-11 17:22:48,322 [INFO] Argument:325 - Argument : PeriphDataAlignmentvalue: DMA_PDATAALIGN_BYTE
2026-03-11 17:22:48,323 [INFO] Argument:335 - Argument : PeriphDataAlignmentvalue: DMA_PDATAALIGN_BYTE
2026-03-11 17:22:48,323 [INFO] Argument:325 - Argument : MemDataAlignmentvalue: DMA_MDATAALIGN_BYTE
2026-03-11 17:22:48,323 [INFO] Argument:335 - Argument : MemDataAlignmentvalue: DMA_MDATAALIGN_BYTE
2026-03-11 17:22:48,323 [INFO] Argument:325 - Argument : Modevalue: DMA_NORMAL
2026-03-11 17:22:48,323 [INFO] Argument:335 - Argument : Modevalue: DMA_NORMAL
2026-03-11 17:22:48,323 [INFO] Argument:325 - Argument : Priorityvalue: DMA_PRIORITY_HIGH
2026-03-11 17:22:48,323 [INFO] Argument:335 - Argument : Priorityvalue: DMA_PRIORITY_HIGH
2026-03-11 17:22:48,323 [INFO] Argument:325 - Argument : FIFOModevalue: DMA_FIFOMODE_DISABLE
2026-03-11 17:22:48,323 [INFO] Argument:335 - Argument : FIFOModevalue: DMA_FIFOMODE_DISABLE
2026-03-11 17:22:48,323 [INFO] Argument:325 - Argument : FIFOThresholdvalue: null
2026-03-11 17:22:48,323 [INFO] Argument:335 - Argument : FIFOThresholdvalue: null
2026-03-11 17:22:48,323 [INFO] Argument:325 - Argument : MemBurstvalue: null
2026-03-11 17:22:48,323 [INFO] Argument:335 - Argument : MemBurstvalue: null
2026-03-11 17:22:48,323 [INFO] Argument:325 - Argument : PeriphBurstvalue: null
2026-03-11 17:22:48,323 [INFO] Argument:335 - Argument : PeriphBurstvalue: null
2026-03-11 17:22:48,323 [INFO] Argument:325 - Argument : Lockvalue: null
2026-03-11 17:22:48,323 [INFO] Argument:335 - Argument : Lockvalue: null
2026-03-11 17:22:48,323 [INFO] Argument:325 - Argument : Statevalue: null
2026-03-11 17:22:48,323 [INFO] Argument:335 - Argument : Statevalue: null
2026-03-11 17:22:48,323 [INFO] Argument:325 - Argument : Parentvalue: null
2026-03-11 17:22:48,323 [INFO] Argument:335 - Argument : Parentvalue: null
2026-03-11 17:22:48,323 [INFO] Argument:325 - Argument : XferCpltCallbackvalue: null
2026-03-11 17:22:48,323 [INFO] Argument:335 - Argument : XferCpltCallbackvalue: null
2026-03-11 17:22:48,323 [INFO] Argument:325 - Argument : XferHalfCpltCallbackvalue: null
2026-03-11 17:22:48,323 [INFO] Argument:335 - Argument : XferHalfCpltCallbackvalue: null
2026-03-11 17:22:48,323 [INFO] Argument:325 - Argument : XferM1CpltCallbackvalue: null
2026-03-11 17:22:48,323 [INFO] Argument:335 - Argument : XferM1CpltCallbackvalue: null
2026-03-11 17:22:48,323 [INFO] Argument:325 - Argument : XferErrorCallbackvalue: null
2026-03-11 17:22:48,323 [INFO] Argument:335 - Argument : XferErrorCallbackvalue: null
2026-03-11 17:22:48,323 [INFO] Argument:325 - Argument : ErrorCodevalue: null
2026-03-11 17:22:48,323 [INFO] Argument:335 - Argument : ErrorCodevalue: null
2026-03-11 17:22:48,514 [INFO] CodeEngine:265 - oldGeneratedFile, /home/kamil/STM32CubeIDE/workspace_1.19.0/STM32_Debug/MXTmpFiles/license.tmp_save
2026-03-11 17:22:48,598 [INFO] CodeEngine:289 - Generated code: /home/kamil/STM32CubeIDE/workspace_1.19.0/STM32_Debug/MXTmpFiles/license.tmp
2026-03-11 17:22:48,618 [INFO] CodeEngine:265 - oldGeneratedFile, /home/kamil/STM32CubeIDE/workspace_1.19.0/STM32_Debug/MXTmpFiles/gpio.tmp_save
2026-03-11 17:22:48,701 [INFO] CodeEngine:289 - Generated code: /home/kamil/STM32CubeIDE/workspace_1.19.0/STM32_Debug/MXTmpFiles/gpio.tmp
2026-03-11 17:22:48,994 [INFO] CodeEngine:265 - oldGeneratedFile, /home/kamil/STM32CubeIDE/workspace_1.19.0/STM32_Debug/MXTmpFiles/dma.tmp_save
2026-03-11 17:22:49,035 [INFO] CodeEngine:289 - Generated code: /home/kamil/STM32CubeIDE/workspace_1.19.0/STM32_Debug/MXTmpFiles/dma.tmp
2026-03-11 17:22:49,036 [INFO] CodeEngine:265 - oldGeneratedFile, /home/kamil/STM32CubeIDE/workspace_1.19.0/STM32_Debug/MXTmpFiles/dma_GV.tmp_save
2026-03-11 17:22:49,074 [INFO] CodeEngine:289 - Generated code: /home/kamil/STM32CubeIDE/workspace_1.19.0/STM32_Debug/MXTmpFiles/dma_GV.tmp
2026-03-11 17:22:49,081 [INFO] CodeEngine:265 - oldGeneratedFile, /home/kamil/STM32CubeIDE/workspace_1.19.0/STM32_Debug/Core/Src/stm32f4xx_it.c_save
2026-03-11 17:22:49,133 [INFO] CodeEngine:289 - Generated code: /home/kamil/STM32CubeIDE/workspace_1.19.0/STM32_Debug/Core/Src/stm32f4xx_it.c
2026-03-11 17:22:49,134 [INFO] CodeEngine:265 - oldGeneratedFile, /home/kamil/STM32CubeIDE/workspace_1.19.0/STM32_Debug/Core/Inc/stm32f4xx_it.h_save
2026-03-11 17:22:49,170 [INFO] CodeEngine:289 - Generated code: /home/kamil/STM32CubeIDE/workspace_1.19.0/STM32_Debug/Core/Inc/stm32f4xx_it.h
2026-03-11 17:22:49,175 [INFO] CodeEngine:265 - oldGeneratedFile, /home/kamil/STM32CubeIDE/workspace_1.19.0/STM32_Debug/Core/Src/stm32f4xx_hal_msp.c_save
2026-03-11 17:22:49,231 [INFO] CodeEngine:289 - Generated code: /home/kamil/STM32CubeIDE/workspace_1.19.0/STM32_Debug/Core/Src/stm32f4xx_hal_msp.c
2026-03-11 17:22:49,232 [INFO] CodeEngine:265 - oldGeneratedFile, /home/kamil/STM32CubeIDE/workspace_1.19.0/STM32_Debug/MXTmpFiles/system.tmp_save
2026-03-11 17:22:49,266 [INFO] CodeEngine:289 - Generated code: /home/kamil/STM32CubeIDE/workspace_1.19.0/STM32_Debug/MXTmpFiles/system.tmp
2026-03-11 17:22:49,267 [INFO] CodeEngine:265 - oldGeneratedFile, /home/kamil/STM32CubeIDE/workspace_1.19.0/STM32_Debug/Core/Inc/stm32_assert.h_save
2026-03-11 17:22:49,302 [INFO] CodeEngine:289 - Generated code: /home/kamil/STM32CubeIDE/workspace_1.19.0/STM32_Debug/Core/Inc/stm32_assert.h
2026-03-11 17:22:49,304 [INFO] CodeEngine:321 - oldGeneratedFile, /home/kamil/STM32CubeIDE/workspace_1.19.0/STM32_Debug/Core/Inc/stm32f4xx_hal_conf.h_save
2026-03-11 17:22:49,344 [INFO] CodeEngine:345 - Generated code: /home/kamil/STM32CubeIDE/workspace_1.19.0/STM32_Debug/Core/Inc/stm32f4xx_hal_conf.h
2026-03-11 17:22:49,356 [WARN] IPConfigManager:3238 - Warning: the RefConfig PLL2P_FOR_MCO is not available in your config.xml file
2026-03-11 17:22:49,358 [WARN] IPConfigManager:3811 - IP not found : TIM
2026-03-11 17:22:49,358 [WARN] CodeGenerator:4259 - IP not found : null
2026-03-11 17:22:49,360 [INFO] CodeEngine:265 - oldGeneratedFile, /home/kamil/STM32CubeIDE/workspace_1.19.0/STM32_Debug/Core/Inc/main.h_save
2026-03-11 17:22:49,400 [INFO] CodeEngine:289 - Generated code: /home/kamil/STM32CubeIDE/workspace_1.19.0/STM32_Debug/Core/Inc/main.h
2026-03-11 17:22:49,401 [INFO] CodeEngine:265 - oldGeneratedFile, /home/kamil/STM32CubeIDE/workspace_1.19.0/STM32_Debug/Core/Src/main.c_save
2026-03-11 17:22:49,470 [INFO] CodeEngine:289 - Generated code: /home/kamil/STM32CubeIDE/workspace_1.19.0/STM32_Debug/Core/Src/main.c
2026-03-11 17:22:49,598 [INFO] ProjectBuilder:3606 - Time for Copy HAL[1] : 18mS.
2026-03-11 17:22:49,599 [INFO] ProjectBuilder:5216 - Project Generator version: 4.7.0-B52
2026-03-11 17:22:49,649 [INFO] ConfigFileManager:1595 - The Die is : DIE421
2026-03-11 17:22:50,059 [INFO] ProjectBuilder:5496 - Time for Generating toolchain IDE Files: 460mS.
2026-03-11 17:22:50,059 [INFO] ProjectBuilder:3463 - Time for Copy CMSIS : 0mS.
2026-03-11 17:22:50,060 [INFO] ProjectBuilder:3463 - Time for Copy CMSIS : 0mS.
2026-03-11 17:25:03,038 [INFO] WebApp:194 - Connection lost
2026-03-11 17:25:13,637 [INFO] WebApp:191 - Connection restablished
2026-03-11 17:25:15,512 [ERROR] LogOutputStream:75 - [STDERR_REDIRECT] 
