2026-04-12 10:02:10,845 [INFO] Activator:176 - 


2026-04-12 10:02:10,847 [INFO] Activator:177 - !SESSION log4j initialized
2026-04-12 10:02:14,385 [INFO] LogOutputStream:77 - [STDOUT_REDIRECT] 
2026-04-12 10:02:15,367 [INFO] ApplicationProperties:184 - Using Application install path: /opt/st/stm32cubeide_1.19.0/plugins/com.st.stm32cube.common.mx_6.15.0.202507011659
2026-04-12 10:02:15,390 [INFO] DbMcusXml:78 - Set database path to: /opt/st/stm32cubeide_1.19.0/plugins/com.st.stm32cube.common.mx_6.15.0.202507011659//db//mcu/
2026-04-12 10:02:15,391 [INFO] ApiDb:274 - Set plugin database path to: /opt/st/stm32cubeide_1.19.0/plugins/com.st.stm32cube.common.mx_6.15.0.202507011659//db//plugins/boardmanager/
2026-04-12 10:02:15,391 [WARN] ApiDb:259 - Overriding images path with different value:  => /opt/st/stm32cubeide_1.19.0/plugins/com.st.stm32cube.common.mx_6.15.0.202507011659//db//plugins/mcufinder/images/
2026-04-12 10:02:15,398 [INFO] ApiDb:250 - Set database path to: /home/kamil/.stmcufinder/plugins/mcufinder//mcu/
2026-04-12 10:02:15,399 [INFO] DbMcusAds:125 - Set database path to: /home/kamil/.stmcufinder/plugins/mcufinder//mcu/
2026-04-12 10:02:15,403 [INFO] CrossReferenceDbSqlite:203 - Set database path to: /home/kamil/.stmcufinder/plugins/mcufinder//mcu/cs/
2026-04-12 10:02:15,507 [INFO] RulesReader:64 - Compatibility file has been processed (317 Rules)
2026-04-12 10:02:15,555 [INFO] DbMcusXml:78 - Set database path to: /opt/st/stm32cubeide_1.19.0/plugins/com.st.stm32cube.common.mx_6.15.0.202507011659//db//mcu/
2026-04-12 10:02:15,555 [INFO] ApiDb:274 - Set plugin database path to: /opt/st/stm32cubeide_1.19.0/plugins/com.st.stm32cube.common.mx_6.15.0.202507011659//db//plugins/boardmanager/
2026-04-12 10:02:15,556 [INFO] ApiDb:261 - Set plugin images path to: /opt/st/stm32cubeide_1.19.0/plugins/com.st.stm32cube.common.mx_6.15.0.202507011659//db//plugins/mcufinder/images/
2026-04-12 10:02:15,556 [WARN] DbFile:41 - Overriding database path with different value: /home/kamil/.stmcufinder/plugins/mcufinder/ => /home/kamil/.stmcufinder/plugins/mcufinder
2026-04-12 10:02:15,556 [INFO] ApiDb:250 - Set database path to: /home/kamil/.stmcufinder/plugins/mcufinder//mcu/
2026-04-12 10:02:15,556 [WARN] DbFile:41 - Overriding database path with different value: /home/kamil/.stmcufinder/plugins/mcufinder/ => /home/kamil/.stmcufinder/plugins/mcufinder
2026-04-12 10:02:15,556 [INFO] DbMcusAds:125 - Set database path to: /home/kamil/.stmcufinder/plugins/mcufinder//mcu/
2026-04-12 10:02:15,556 [WARN] DbFile:41 - Overriding database path with different value: /home/kamil/.stmcufinder/plugins/mcufinder/ => /home/kamil/.stmcufinder/plugins/mcufinder
2026-04-12 10:02:15,556 [WARN] DbFile:41 - Overriding database path with different value: /home/kamil/.stmcufinder/plugins/mcufinder/ => /home/kamil/.stmcufinder/plugins/mcufinder
2026-04-12 10:02:15,556 [INFO] CrossReferenceDbSqlite:203 - Set database path to: /home/kamil/.stmcufinder/plugins/mcufinder//mcu/cs/
2026-04-12 10:02:15,615 [INFO] MainPanel:274 - HeapMemory: 268435456
2026-04-12 10:02:15,719 [INFO] DbMcusXml:78 - Set database path to: /opt/st/stm32cubeide_1.19.0/plugins/com.st.stm32cube.common.mx_6.15.0.202507011659//db//mcu/
2026-04-12 10:02:15,719 [INFO] ApiDb:274 - Set plugin database path to: /opt/st/stm32cubeide_1.19.0/plugins/com.st.stm32cube.common.mx_6.15.0.202507011659//db//plugins/boardmanager/
2026-04-12 10:02:15,720 [INFO] ApiDb:261 - Set plugin images path to: /opt/st/stm32cubeide_1.19.0/plugins/com.st.stm32cube.common.mx_6.15.0.202507011659//db//plugins/mcufinder/images/
2026-04-12 10:02:15,720 [WARN] DbFile:41 - Overriding database path with different value: /home/kamil/.stmcufinder/plugins/mcufinder/ => /home/kamil/.stmcufinder/plugins/mcufinder
2026-04-12 10:02:15,720 [INFO] ApiDb:250 - Set database path to: /home/kamil/.stmcufinder/plugins/mcufinder//mcu/
2026-04-12 10:02:15,721 [WARN] DbFile:41 - Overriding database path with different value: /home/kamil/.stmcufinder/plugins/mcufinder/ => /home/kamil/.stmcufinder/plugins/mcufinder
2026-04-12 10:02:15,721 [INFO] DbMcusAds:125 - Set database path to: /home/kamil/.stmcufinder/plugins/mcufinder//mcu/
2026-04-12 10:02:15,721 [WARN] DbFile:41 - Overriding database path with different value: /home/kamil/.stmcufinder/plugins/mcufinder/ => /home/kamil/.stmcufinder/plugins/mcufinder
2026-04-12 10:02:15,721 [WARN] DbFile:41 - Overriding database path with different value: /home/kamil/.stmcufinder/plugins/mcufinder/ => /home/kamil/.stmcufinder/plugins/mcufinder
2026-04-12 10:02:15,721 [INFO] CrossReferenceDbSqlite:203 - Set database path to: /home/kamil/.stmcufinder/plugins/mcufinder//mcu/cs/
2026-04-12 10:02:15,735 [INFO] ApplicationProperties:184 - Using Application install path: /opt/st/stm32cubeide_1.19.0/plugins/com.st.stm32cube.common.mx_6.15.0.202507011659
2026-04-12 10:02:15,736 [INFO] PluginManage:196 - Search for loadable plugins [exclusion list=, ]
2026-04-12 10:02:15,737 [INFO] PluginManage:310 - Check plugin analytics
2026-04-12 10:02:15,855 [INFO] AnalyticsPlugin:253 - Accepted Software Licenses: 
2026-04-12 10:02:15,856 [INFO] AnalyticsPlugin:255 - Accepted CMSIS Pack Licenses: 
2026-04-12 10:02:15,856 [INFO] AnalyticsPlugin:257 - Accepted Firmware Licenses: FW.F4.1.28.0
2026-04-12 10:02:15,858 [INFO] PluginManage:359 - Loaded plugin analytics (category:tool,tabindex:-1)
2026-04-12 10:02:15,858 [INFO] PluginManage:310 - Check plugin cadmodel
2026-04-12 10:02:15,863 [INFO] CADModel:105 - Init CAD model plugin
2026-04-12 10:02:15,863 [INFO] PluginManage:359 - Loaded plugin cadmodel (category:power,tabindex:5)
2026-04-12 10:02:15,863 [INFO] PluginManage:310 - Check plugin clock
2026-04-12 10:02:15,871 [INFO] PluginManage:359 - Loaded plugin clock (category:base,tabindex:2)
2026-04-12 10:02:15,872 [INFO] PluginManage:310 - Check plugin ddr
2026-04-12 10:02:15,874 [INFO] PluginManage:359 - Loaded plugin ddr (category:tool,tabindex:6)
2026-04-12 10:02:15,874 [INFO] PluginManage:310 - Check plugin filemanager
2026-04-12 10:02:15,979 [INFO] PluginManage:359 - Loaded plugin filemanager (category:base,tabindex:10)
2026-04-12 10:02:15,979 [INFO] PluginManage:310 - Check plugin ipmanager
2026-04-12 10:02:15,983 [INFO] PluginManage:359 - Loaded plugin ipmanager (category:base,tabindex:5)
2026-04-12 10:02:15,984 [INFO] PluginManage:310 - Check plugin lpbam
2026-04-12 10:02:15,991 [INFO] PluginManage:359 - Loaded plugin lpbam (category:base,tabindex:0)
2026-04-12 10:02:15,991 [INFO] PluginManage:310 - Check plugin memorymap
2026-04-12 10:02:16,000 [INFO] PluginManage:359 - Loaded plugin memorymap (category:base,tabindex:4)
2026-04-12 10:02:16,000 [INFO] PluginManage:310 - Check plugin pinoutandconfiguration
2026-04-12 10:02:16,006 [INFO] PluginManage:359 - Loaded plugin pinoutandconfiguration (category:base,tabindex:1)
2026-04-12 10:02:16,006 [INFO] PluginManage:310 - Check plugin pinoutconfig
2026-04-12 10:02:16,065 [WARN] SupportedApi:132 - Cannot load RTOS API schema: s4s-elt-must-match.1: The content of 'definitions' must match (annotation?, (simpleType | complexType)?, (unique | key | keyref)*)). A problem was found starting at: attribute.
2026-04-12 10:02:16,167 [INFO] PluginManage:359 - Loaded plugin pinoutconfig (category:base,tabindex:0)
2026-04-12 10:02:16,167 [INFO] PluginManage:310 - Check plugin power
2026-04-12 10:02:16,176 [INFO] PluginManage:359 - Loaded plugin power (category:power,tabindex:4)
2026-04-12 10:02:16,176 [INFO] PluginManage:310 - Check plugin projectmanager
2026-04-12 10:02:16,189 [INFO] PluginManage:359 - Loaded plugin projectmanager (category:projectmanager,tabindex:4)
2026-04-12 10:02:16,190 [INFO] PluginManage:310 - Check plugin rif
2026-04-12 10:02:16,198 [INFO] PluginManage:359 - Loaded plugin rif (category:base,tabindex:3)
2026-04-12 10:02:16,198 [INFO] PluginManage:310 - Check plugin thirdparty
2026-04-12 10:02:16,282 [INFO] PluginManage:359 - Loaded plugin thirdparty (category:base,tabindex:-1)
2026-04-12 10:02:16,282 [WARN] IntegrityCheckThread:84 - waiting for thirdparty lock release [integrity check]
2026-04-12 10:02:16,282 [INFO] PluginManage:310 - Check plugin tools
2026-04-12 10:02:16,282 [INFO] IntegrityCheckThread:86 - entering critical section [integrity check]
2026-04-12 10:02:16,283 [INFO] ThirdPartyUpdaterWithRetryManager:70 - Updater plugin not ready yet. [1/15]
2026-04-12 10:02:16,284 [INFO] PluginManage:359 - Loaded plugin tools (category:base,tabindex:7)
2026-04-12 10:02:16,284 [INFO] PluginManage:310 - Check plugin tutovideos
2026-04-12 10:02:16,413 [INFO] PluginManage:359 - Loaded plugin tutovideos (category:base,tabindex:-1)
2026-04-12 10:02:16,413 [INFO] PluginManage:310 - Check plugin updater
2026-04-12 10:02:16,432 [INFO] PluginManage:359 - Loaded plugin updater (category:base,tabindex:12)
2026-04-12 10:02:16,432 [INFO] PluginManage:310 - Check plugin userauth
2026-04-12 10:02:16,435 [INFO] UserAuth:118 - Init User Auth plugin
2026-04-12 10:02:16,436 [INFO] PluginManage:359 - Loaded plugin userauth (category:base,tabindex:14)
2026-04-12 10:02:16,436 [INFO] PluginManage:283 - PluginManage : Loaded plugins [18]
2026-04-12 10:02:16,564 [INFO] PinOutPanel:1589 - setPackage(No Configuration,No Configuration)
2026-04-12 10:02:16,614 [INFO] CADModel:165 - CPN selected for project level
2026-04-12 10:02:16,615 [INFO] CADModel:114 - Register for checkConnection events
2026-04-12 10:02:16,623 [INFO] IPUIPlugin:80 - create IPUIPlugin
2026-04-12 10:02:16,623 [INFO] PluginManager:220 - loadIPPluginJar : add tracer_emb
2026-04-12 10:02:16,624 [INFO] IPUIPlugin:80 - create IPUIPlugin
2026-04-12 10:02:16,625 [INFO] PluginManager:220 - loadIPPluginJar : add radio
2026-04-12 10:02:16,629 [INFO] IPUIPlugin:80 - create IPUIPlugin
2026-04-12 10:02:16,629 [INFO] PluginManager:220 - loadIPPluginJar : add ddr_ctrl_phy
2026-04-12 10:02:16,633 [INFO] IPUIPlugin:80 - create IPUIPlugin
2026-04-12 10:02:16,634 [INFO] PluginManager:220 - loadIPPluginJar : add mdma
2026-04-12 10:02:16,636 [INFO] IPUIPlugin:80 - create IPUIPlugin
2026-04-12 10:02:16,636 [INFO] PluginManager:220 - loadIPPluginJar : add touchsensing
2026-04-12 10:02:16,637 [INFO] IPUIPlugin:80 - create IPUIPlugin
2026-04-12 10:02:16,637 [INFO] PluginManager:220 - loadIPPluginJar : add ucpd
2026-04-12 10:02:16,642 [INFO] IPUIPlugin:80 - create IPUIPlugin
2026-04-12 10:02:16,644 [INFO] PluginManager:220 - loadIPPluginJar : add plateformsettings
2026-04-12 10:02:16,646 [INFO] IPUIPlugin:80 - create IPUIPlugin
2026-04-12 10:02:16,647 [INFO] PluginManager:220 - loadIPPluginJar : add ipddr
2026-04-12 10:02:16,650 [INFO] IPUIPlugin:80 - create IPUIPlugin
2026-04-12 10:02:16,651 [INFO] PluginManager:220 - loadIPPluginJar : add resmgrutility
2026-04-12 10:02:16,652 [INFO] IPUIPlugin:80 - create IPUIPlugin
2026-04-12 10:02:16,652 [INFO] PluginManager:220 - loadIPPluginJar : add ts
2026-04-12 10:02:16,653 [INFO] IPUIPlugin:80 - create IPUIPlugin
2026-04-12 10:02:16,653 [INFO] PluginManager:220 - loadIPPluginJar : add dma3
2026-04-12 10:02:16,655 [INFO] IPUIPlugin:80 - create IPUIPlugin
2026-04-12 10:02:16,655 [INFO] PluginManager:220 - loadIPPluginJar : add openamp
2026-04-12 10:02:16,657 [INFO] IPUIPlugin:80 - create IPUIPlugin
2026-04-12 10:02:16,657 [INFO] PluginManager:220 - loadIPPluginJar : add opamp
2026-04-12 10:02:16,658 [INFO] IPUIPlugin:80 - create IPUIPlugin
2026-04-12 10:02:16,658 [INFO] PluginManager:220 - loadIPPluginJar : add pdm2pcm
2026-04-12 10:02:16,660 [INFO] IPUIPlugin:80 - create IPUIPlugin
2026-04-12 10:02:16,660 [INFO] PluginManager:220 - loadIPPluginJar : add gfxmmu
2026-04-12 10:02:16,661 [INFO] IPUIPlugin:80 - create IPUIPlugin
2026-04-12 10:02:16,661 [INFO] PluginManager:220 - loadIPPluginJar : add aes
2026-04-12 10:02:16,663 [INFO] IPUIPlugin:80 - create IPUIPlugin
2026-04-12 10:02:16,663 [INFO] PluginManager:220 - loadIPPluginJar : add gtzc
2026-04-12 10:02:16,665 [INFO] IPUIPlugin:80 - create IPUIPlugin
2026-04-12 10:02:16,665 [INFO] PluginManager:220 - loadIPPluginJar : add sai
2026-04-12 10:02:16,666 [INFO] IPUIPlugin:80 - create IPUIPlugin
2026-04-12 10:02:16,666 [INFO] PluginManager:220 - loadIPPluginJar : add tsc
2026-04-12 10:02:16,669 [INFO] IPUIPlugin:80 - create IPUIPlugin
2026-04-12 10:02:16,669 [INFO] PluginManager:220 - loadIPPluginJar : add usbx
2026-04-12 10:02:16,671 [INFO] IPUIPlugin:80 - create IPUIPlugin
2026-04-12 10:02:16,672 [INFO] PluginManager:220 - loadIPPluginJar : add can
2026-04-12 10:02:16,673 [INFO] IPUIPlugin:80 - create IPUIPlugin
2026-04-12 10:02:16,673 [INFO] PluginManager:220 - loadIPPluginJar : add i2c
2026-04-12 10:02:16,675 [INFO] IPUIPlugin:80 - create IPUIPlugin
2026-04-12 10:02:16,676 [INFO] PluginManager:220 - loadIPPluginJar : add lorawan
2026-04-12 10:02:16,677 [INFO] IPUIPlugin:80 - create IPUIPlugin
2026-04-12 10:02:16,677 [INFO] PluginManager:220 - loadIPPluginJar : add spi
2026-04-12 10:02:16,683 [INFO] IPUIPlugin:80 - create IPUIPlugin
2026-04-12 10:02:16,683 [INFO] PluginManager:220 - loadIPPluginJar : add linkedlist
2026-04-12 10:02:16,686 [INFO] IPUIPlugin:80 - create IPUIPlugin
2026-04-12 10:02:16,686 [INFO] PluginManager:220 - loadIPPluginJar : add fmc
2026-04-12 10:02:16,688 [INFO] IPUIPlugin:80 - create IPUIPlugin
2026-04-12 10:02:16,688 [INFO] PluginManager:220 - loadIPPluginJar : add i3c
2026-04-12 10:02:16,689 [INFO] IPUIPlugin:80 - create IPUIPlugin
2026-04-12 10:02:16,689 [INFO] PluginManager:220 - loadIPPluginJar : add ltdc
2026-04-12 10:02:16,693 [INFO] IPUIPlugin:80 - create IPUIPlugin
2026-04-12 10:02:16,694 [INFO] PluginManager:220 - loadIPPluginJar : add dma
2026-04-12 10:02:16,698 [INFO] IPUIPlugin:80 - create IPUIPlugin
2026-04-12 10:02:16,699 [INFO] PluginManager:220 - loadIPPluginJar : add freertos
2026-04-12 10:02:16,700 [INFO] IPUIPlugin:80 - create IPUIPlugin
2026-04-12 10:02:16,700 [INFO] PluginManager:220 - loadIPPluginJar : add hash
2026-04-12 10:02:16,705 [INFO] IPUIPlugin:80 - create IPUIPlugin
2026-04-12 10:02:16,705 [INFO] PluginManager:220 - loadIPPluginJar : add adc
2026-04-12 10:02:16,707 [INFO] IPUIPlugin:80 - create IPUIPlugin
2026-04-12 10:02:16,707 [INFO] PluginManager:220 - loadIPPluginJar : add usart
2026-04-12 10:02:16,712 [INFO] IPUIPlugin:80 - create IPUIPlugin
2026-04-12 10:02:16,712 [INFO] PluginManager:220 - loadIPPluginJar : add stm32_wpan
2026-04-12 10:02:16,713 [INFO] IPUIPlugin:80 - create IPUIPlugin
2026-04-12 10:02:16,713 [INFO] PluginManager:220 - loadIPPluginJar : add genericplugin
2026-04-12 10:02:16,716 [INFO] IPUIPlugin:80 - create IPUIPlugin
2026-04-12 10:02:16,716 [INFO] PluginManager:220 - loadIPPluginJar : add gpio
2026-04-12 10:02:16,719 [INFO] IPUIPlugin:80 - create IPUIPlugin
2026-04-12 10:02:16,719 [INFO] PluginManager:220 - loadIPPluginJar : add nvic
2026-04-12 10:02:16,721 [INFO] IPUIPlugin:80 - create IPUIPlugin
2026-04-12 10:02:16,721 [INFO] PluginManager:220 - loadIPPluginJar : add dfsdm
2026-04-12 10:02:16,722 [INFO] IPUIPlugin:80 - create IPUIPlugin
2026-04-12 10:02:16,722 [INFO] PluginManager:220 - loadIPPluginJar : add fatfs
2026-04-12 10:02:16,723 [INFO] IPUIPlugin:80 - create IPUIPlugin
2026-04-12 10:02:16,723 [INFO] PluginManager:220 - loadIPPluginJar : add comp
2026-04-12 10:02:16,726 [INFO] IPUIPlugin:80 - create IPUIPlugin
2026-04-12 10:02:16,726 [INFO] PluginManager:220 - loadIPPluginJar : add i2s
2026-04-12 10:02:16,727 [INFO] IPUIPlugin:80 - create IPUIPlugin
2026-04-12 10:02:16,727 [INFO] PluginManager:220 - loadIPPluginJar : add cryp
2026-04-12 10:02:16,728 [INFO] IPUIPlugin:80 - create IPUIPlugin
2026-04-12 10:02:16,728 [INFO] PluginManager:220 - loadIPPluginJar : add quadspi
2026-04-12 10:02:16,733 [INFO] IPUIPlugin:80 - create IPUIPlugin
2026-04-12 10:02:16,733 [INFO] PluginManager:220 - loadIPPluginJar : add gic
2026-04-12 10:02:16,734 [INFO] IPUIPlugin:80 - create IPUIPlugin
2026-04-12 10:02:16,735 [INFO] PluginManager:220 - loadIPPluginJar : add tim
2026-04-12 10:02:16,736 [INFO] IPUIPlugin:80 - create IPUIPlugin
2026-04-12 10:02:16,736 [INFO] PluginManager:220 - loadIPPluginJar : add extmemmanager
2026-04-12 10:02:16,837 [FATAL] Updater:351 - Updater called before beeing initialized
2026-04-12 10:02:16,856 [INFO] RulesReader:64 - Compatibility file has been processed (317 Rules)
2026-04-12 10:02:16,865 [INFO] RulesReader:64 - Compatibility file has been processed (317 Rules)
2026-04-12 10:02:16,870 [INFO] CADModel:165 - CPN selected for project level
2026-04-12 10:02:16,870 [INFO] CADModel:114 - Register for checkConnection events
2026-04-12 10:02:16,870 [FATAL] Updater:351 - Updater called before beeing initialized
2026-04-12 10:02:16,870 [ERROR] CADModel:125 - Updater not yet initialized, retry later 
2026-04-12 10:02:16,955 [FATAL] Updater:351 - Updater called before beeing initialized
2026-04-12 10:02:16,956 [INFO] CADModel:165 - CPN selected for project level
2026-04-12 10:02:16,956 [INFO] CADModel:114 - Register for checkConnection events
2026-04-12 10:02:16,956 [FATAL] Updater:351 - Updater called before beeing initialized
2026-04-12 10:02:16,956 [ERROR] CADModel:125 - Updater not yet initialized, retry later 
2026-04-12 10:02:16,958 [FATAL] Updater:351 - Updater called before beeing initialized
2026-04-12 10:02:17,018 [FATAL] Updater:351 - Updater called before beeing initialized
2026-04-12 10:02:17,021 [INFO] DbMcusAds:53 - JSON generation date=Wed Feb 18 15:32:49 CET 2026 (1771425169371)
2026-04-12 10:02:17,021 [FATAL] Updater:351 - Updater called before beeing initialized
2026-04-12 10:02:17,045 [WARN] DetailPanel:346 - Failed to get advertising image, set to default
2026-04-12 10:02:17,110 [FATAL] Updater:351 - Updater called before beeing initialized
2026-04-12 10:02:17,111 [FATAL] Updater:351 - Updater called before beeing initialized
2026-04-12 10:02:17,111 [FATAL] Updater:351 - Updater called before beeing initialized
2026-04-12 10:02:17,111 [WARN] DetailPanel:346 - Failed to get advertising image, set to default
2026-04-12 10:02:17,112 [FATAL] Updater:351 - Updater called before beeing initialized
2026-04-12 10:02:17,135 [ERROR] Updater:1198 - MainUpdater not yet initialized. External WinMGr cannot be set.
2026-04-12 10:02:17,136 [INFO] Updater:1134 - Updater Version found : 6.15.0
2026-04-12 10:02:17,148 [INFO] ApplicationProperties:184 - Using Application install path: /opt/st/stm32cubeide_1.19.0/plugins/com.st.stm32cube.common.mx_6.15.0.202507011659
2026-04-12 10:02:17,618 [INFO] MainUpdater:2872 - connection check result : 10
2026-04-12 10:02:17,619 [INFO] MainUpdater:289 - Updater Check For Update Now.
2026-04-12 10:02:17,619 [INFO] MicroXplorer:498 - Change Database Version : DB.6.0.150
2026-04-12 10:02:17,625 [INFO] McuFinderGlobals:63 - Set McuFinder mode to 2 (CubeIDE integrated)
2026-04-12 10:02:17,626 [INFO] UserAuth:487 - Internet connection configuration mode: 1
2026-04-12 10:02:17,646 [INFO] JxBrowserEngine:152 - Initiate JxBrowser Engine with user profile folder
2026-04-12 10:02:17,790 [INFO] CheckServerUpdateThread:120 - End of CheckServer Thread
2026-04-12 10:02:18,388 [INFO] WebApp:169 - Instantiating new browser for Auth
2026-04-12 10:02:18,928 [INFO] WebApp:463 - Apply proxy settings
2026-04-12 10:02:18,929 [INFO] WebApp:548 - Chromium requires no authentication
2026-04-12 10:02:18,935 [INFO] WebApp:491 - Direct internet connection detected
2026-04-12 10:02:18,948 [INFO] WebApp:900 - Register for checkConnection events
2026-04-12 10:02:18,949 [INFO] WebApp:463 - Apply proxy settings
2026-04-12 10:02:18,949 [INFO] WebApp:548 - Chromium requires no authentication
2026-04-12 10:02:18,949 [INFO] WebApp:491 - Direct internet connection detected
2026-04-12 10:02:19,056 [INFO] WebApp:225 - Starting web application
2026-04-12 10:02:19,056 [INFO] WebApp:593 - Web application path used /opt/st/stm32cubeide_1.19.0/plugins/com.st.stm32cube.common.mx_6.15.0.202507011659/db/plugins/mcufinder/reactClient1/index.html
2026-04-12 10:02:19,141 [INFO] UserAuth:487 - Internet connection configuration mode: 1
2026-04-12 10:02:19,242 [INFO] WebApp:191 - Connection restablished
2026-04-12 10:02:19,450 [WARN] PackLoader:240 - Cannot read IP mode file for STMicroelectronics.X-CUBE-AZRTOS-H7.3.5.0
2026-04-12 10:02:19,460 [WARN] PackLoader:240 - Cannot read IP mode file for STMicroelectronics.FP-SNS-MOTENVWB1.1.4.0
2026-04-12 10:02:19,465 [WARN] PackLoader:240 - Cannot read IP mode file for STMicroelectronics.FP-ATR-ASTRA1.2.0.2
2026-04-12 10:02:19,472 [WARN] PackLoader:240 - Cannot read IP mode file for STMicroelectronics.X-CUBE-SMBUS.2.1.0
2026-04-12 10:02:19,476 [WARN] PackLoader:240 - Cannot read IP mode file for STMicroelectronics.X-CUBE-ST60.1.0.0
2026-04-12 10:02:19,495 [WARN] PackLoader:240 - Cannot read IP mode file for STMicroelectronics.X-CUBE-AZRTOS-F7.1.1.0
2026-04-12 10:02:19,502 [WARN] PackLoader:240 - Cannot read IP mode file for Cesanta.I-CUBE-Mongoose.7.19.0
2026-04-12 10:02:19,507 [WARN] PackLoader:240 - Cannot read IP mode file for STMicroelectronics.FP-SNS-MOTENV1.5.1.0
2026-04-12 10:02:19,518 [WARN] PackLoader:240 - Cannot read IP mode file for WES.I-CUBE-Cesium.1.4.0
2026-04-12 10:02:19,540 [WARN] PackLoader:240 - Cannot read IP mode file for Infineon.AIROC-Wi-Fi-Bluetooth-STM32.1.7.1
2026-04-12 10:02:19,583 [WARN] PackLoader:240 - Cannot read IP mode file for STMicroelectronics.X-CUBE-AZRTOS-H7.3.4.0
2026-04-12 10:02:19,594 [WARN] PackLoader:240 - Cannot read IP mode file for STMicroelectronics.X-CUBE-DISPLAY.3.0.0
2026-04-12 10:02:19,602 [WARN] PackLoader:240 - Cannot read IP mode file for STMicroelectronics.FP-SNS-MOTENVWB1.1.5.0
2026-04-12 10:02:19,607 [WARN] PackLoader:240 - Cannot read IP mode file for STMicroelectronics.X-CUBE-NFC10.1.0.0
2026-04-12 10:02:19,613 [WARN] PackLoader:240 - Cannot read IP mode file for STMicroelectronics.X-CUBE-ST60.1.1.0
2026-04-12 10:02:19,618 [WARN] PackLoader:240 - Cannot read IP mode file for emotas.I-CUBE-CANOPEN.1.3.0
2026-04-12 10:02:19,623 [WARN] PackLoader:240 - Cannot read IP mode file for STMicroelectronics.X-CUBE-GNSS1.7.1.0
2026-04-12 10:02:19,628 [WARN] PackLoader:240 - Cannot read IP mode file for STMicroelectronics.FP-SNS-SMARTAG2.1.2.0
2026-04-12 10:02:19,632 [WARN] PackLoader:240 - Cannot read IP mode file for STMicroelectronics.FP-SNS-FLIGHT1.5.1.0
2026-04-12 10:02:19,639 [INFO] LogOutputStream:77 - [STDOUT_REDIRECT] 1 : Invalid condition id : UX_CORESTACK_Condition cause : null
2026-04-12 10:02:19,639 [INFO] LogOutputStream:77 - [STDOUT_REDIRECT] 1 : Invalid condition id : UX_CORESTACK_Condition cause : null
2026-04-12 10:02:19,640 [INFO] LogOutputStream:77 - [STDOUT_REDIRECT] 1 : Invalid condition id : UX_CORESTACK_Condition cause : null
2026-04-12 10:02:19,640 [INFO] LogOutputStream:77 - [STDOUT_REDIRECT] 1 : Invalid condition id : UX_CORESTACK_Condition cause : null
2026-04-12 10:02:19,640 [INFO] LogOutputStream:77 - [STDOUT_REDIRECT] 1 : Invalid condition id : UX_CORESTACK_Condition cause : null
2026-04-12 10:02:19,642 [WARN] PackLoader:240 - Cannot read IP mode file for STMicroelectronics.X-CUBE-AZRTOS-WL.2.0.0
2026-04-12 10:02:19,646 [WARN] PackLoader:240 - Cannot read IP mode file for STMicroelectronics.FP-SNS-MOTENV1.5.0.0
2026-04-12 10:02:19,660 [WARN] PackLoader:240 - Cannot read IP mode file for STMicroelectronics.X-CUBE-AZRTOS-H7RS.1.2.0
2026-04-12 10:02:19,666 [WARN] PackLoader:240 - Cannot read IP mode file for STMicroelectronics.X-CUBE-BLE2.3.3.0
2026-04-12 10:02:19,682 [WARN] PackLoader:240 - Cannot read IP mode file for STMicroelectronics.X-CUBE-NFC9.1.0.0
2026-04-12 10:02:19,686 [WARN] PackLoader:240 - Cannot read IP mode file for wolfSSL.I-CUBE-wolfSSL.5.8.2
2026-04-12 10:02:19,690 [WARN] PackLoader:240 - Cannot read IP mode file for STMicroelectronics.X-CUBE-BLE1.7.1.0
2026-04-12 10:02:19,692 [WARN] PackLoader:240 - Cannot read IP mode file for wolfSSL.I-CUBE-wolfMQTT.1.19.2
2026-04-12 10:02:19,695 [WARN] PackLoader:240 - Cannot read IP mode file for STMicroelectronics.X-CUBE-FREERTOS.1.4.0
2026-04-12 10:02:19,699 [WARN] PackLoader:240 - Cannot read IP mode file for STMicroelectronics.X-CUBE-EEPRMA1.5.2.0
2026-04-12 10:02:19,704 [WARN] PackLoader:240 - Cannot read IP mode file for STMicroelectronics.X-CUBE-ST67W61.1.1.0
2026-04-12 10:02:19,728 [WARN] PackLoader:240 - Cannot read IP mode file for STMicroelectronics.X-CUBE-MEMS1.12.0.0
2026-04-12 10:02:19,814 [WARN] PackLoader:240 - Cannot read IP mode file for STMicroelectronics.X-CUBE-AZRTOS-G0.1.1.0
2026-04-12 10:02:19,821 [WARN] PackLoader:240 - Cannot read IP mode file for STMicroelectronics.X-CUBE-SAFEA1.1.2.2
2026-04-12 10:02:19,827 [WARN] PackLoader:240 - Cannot read IP mode file for STMicroelectronics.X-CUBE-NFC4.3.0.0
2026-04-12 10:02:19,851 [WARN] PackLoader:240 - Cannot read IP mode file for EmbeddedOffice.I-CUBE-FS-RTOS.1.0.1
2026-04-12 10:02:19,857 [WARN] PackLoader:240 - Cannot read IP mode file for STMicroelectronics.X-CUBE-WB05N.2.0.0
2026-04-12 10:02:19,860 [WARN] PackLoader:240 - Cannot read IP mode file for wolfSSL.I-CUBE-wolfTPM.3.8.0
2026-04-12 10:02:19,865 [WARN] PackLoader:240 - Cannot read IP mode file for STMicroelectronics.X-CUBE-TCPP.4.2.0
2026-04-12 10:02:19,870 [WARN] PackLoader:240 - Cannot read IP mode file for RealThread.X-CUBE-RT-Thread_Nano.4.1.1
2026-04-12 10:02:19,872 [WARN] PackLoader:240 - Cannot read IP mode file for STMicroelectronics.FP-ATR-SIGFOX1.3.2.0
2026-04-12 10:02:19,876 [WARN] PackLoader:240 - Cannot read IP mode file for STMicroelectronics.X-CUBE-FREERTOS.1.5.0
2026-04-12 10:02:19,880 [WARN] PackLoader:240 - Cannot read IP mode file for ITTIA_DB.I-CUBE-ITTIADB.8.9.0
2026-04-12 10:02:19,884 [WARN] PackLoader:240 - Cannot read IP mode file for STMicroelectronics.X-CUBE-NFC6.3.2.0
2026-04-12 10:02:19,903 [WARN] PackLoader:240 - Cannot read IP mode file for SEGGER.I-CUBE-embOS.1.3.1
2026-04-12 10:02:19,928 [WARN] PackLoader:240 - Cannot read IP mode file for STMicroelectronics.X-CUBE-ALGOBUILD.1.4.0
2026-04-12 10:02:19,961 [WARN] PackLoader:240 - Cannot read IP mode file for STMicroelectronics.X-CUBE-MEMS1.11.3.0
2026-04-12 10:02:20,028 [WARN] PackLoader:240 - Cannot read IP mode file for STMicroelectronics.X-CUBE-PM33A1.1.0.0
2026-04-12 10:02:20,036 [WARN] PackLoader:240 - Cannot read IP mode file for STMicroelectronics.X-CUBE-AZRTOS-F4.1.1.0
2026-04-12 10:02:20,040 [WARN] PackLoader:240 - Cannot read IP mode file for STMicroelectronics.X-CUBE-ISPU.2.1.0
2026-04-12 10:02:20,048 [WARN] PackLoader:240 - Cannot read IP mode file for STMicroelectronics.X-CUBE-IPS.3.2.0
2026-04-12 10:02:20,053 [WARN] PackLoader:240 - Cannot read IP mode file for STMicroelectronics.eDS-WB_DPC_TT-BIDIR.2.1.1
2026-04-12 10:02:20,056 [WARN] PackLoader:240 - Cannot read IP mode file for STMicroelectronics.X-CUBE-NFC12.1.0.0
2026-04-12 10:02:20,065 [WARN] PackLoader:240 - Cannot read IP mode file for STMicroelectronics.X-CUBE-AZRTOS-L5.2.0.0
2026-04-12 10:02:20,074 [WARN] PackLoader:240 - Cannot read IP mode file for STMicroelectronics.X-CUBE-NFC6.3.1.0
2026-04-12 10:02:20,079 [WARN] PackLoader:240 - Cannot read IP mode file for STMicroelectronics.eDS-WB_DPC_VIENNA.1.2.0
2026-04-12 10:02:20,081 [WARN] PackLoader:240 - Cannot read IP mode file for STMicroelectronics.eDS-WB_DPC_3PH2L-BIDIR.1.1.1
2026-04-12 10:02:20,084 [WARN] PackLoader:240 - Cannot read IP mode file for STMicroelectronics.X-CUBE-FREERTOS.1.3.1
2026-04-12 10:02:20,087 [WARN] PackLoader:240 - Cannot read IP mode file for STMicroelectronics.X-CUBE-TOUCHGFX.4.26.0
2026-04-12 10:02:20,090 [WARN] PackLoader:240 - Cannot read IP mode file for STMicroelectronics.X-CUBE-TOUCHGFX.4.26.1
2026-04-12 10:02:20,093 [WARN] PackLoader:240 - Cannot read IP mode file for STMicroelectronics.X-CUBE-DPower.1.3.0
2026-04-12 10:02:20,103 [WARN] ConditionMgr:438 - getConditionDescription Invalid condition id : LAN8742 Phy interface Condition cause : null
2026-04-12 10:02:20,103 [WARN] PackLoader:240 - Cannot read IP mode file for STMicroelectronics.X-CUBE-AZRTOS-L4.2.0.0
2026-04-12 10:02:20,104 [WARN] ConditionMgr:1044 - genDependencies : Invalid condition id : LAN8742 Phy interface Condition cause : null
2026-04-12 10:02:20,105 [WARN] ConditionMgr:1044 - genDependencies : Invalid condition id : LAN8742 Phy interface Condition cause : null
2026-04-12 10:02:20,105 [WARN] ConditionMgr:1044 - genDependencies : Invalid condition id : LAN8742 Phy interface Condition cause : null
2026-04-12 10:02:20,109 [WARN] PackLoader:240 - Cannot read IP mode file for STMicroelectronics.X-CUBE-SFXS2LP1.4.0.0
2026-04-12 10:02:20,113 [WARN] PackLoader:240 - Cannot read IP mode file for STMicroelectronics.X-CUBE-WB05N.2.1.0
2026-04-12 10:02:20,116 [WARN] PackLoader:240 - Cannot read IP mode file for STMicroelectronics.X-CUBE-ST67W61.1.2.0
2026-04-12 10:02:20,123 [WARN] PackLoader:240 - Cannot read IP mode file for STMicroelectronics.X-CUBE-BLEMGR.4.1.0
2026-04-12 10:02:20,132 [WARN] ConditionMgr:438 - getConditionDescription Invalid condition id : UX DEVICE CLASS RTOS Condition cause : null
2026-04-12 10:02:20,132 [WARN] ConditionMgr:438 - getConditionDescription Invalid condition id : UX DEVICE CLASS RTOS Condition cause : null
2026-04-12 10:02:20,133 [WARN] PackLoader:240 - Cannot read IP mode file for STMicroelectronics.X-CUBE-AZRTOS-WB.2.0.0
2026-04-12 10:02:20,134 [WARN] ConditionMgr:1044 - genDependencies : Invalid condition id : UX DEVICE CLASS RTOS Condition cause : null
2026-04-12 10:02:20,134 [WARN] ConditionMgr:1044 - genDependencies : Invalid condition id : UX DEVICE CLASS RTOS Condition cause : null
2026-04-12 10:02:20,134 [WARN] ConditionMgr:1044 - genDependencies : Invalid condition id : UX DEVICE CLASS RTOS Condition cause : null
2026-04-12 10:02:20,134 [WARN] ConditionMgr:1044 - genDependencies : Invalid condition id : UX DEVICE CLASS RTOS Condition cause : null
2026-04-12 10:02:20,134 [WARN] ConditionMgr:1044 - genDependencies : Invalid condition id : UX DEVICE CLASS RTOS Condition cause : null
2026-04-12 10:02:20,138 [WARN] PackLoader:240 - Cannot read IP mode file for STMicroelectronics.X-CUBE-GNSS1.7.0.1
2026-04-12 10:02:20,141 [WARN] ConditionMgr:438 - getConditionDescription Invalid condition id : Cortex-A Device cause : null
2026-04-12 10:02:20,147 [WARN] ConditionMgr:1044 - genDependencies : Invalid condition id : Cortex-A Device cause : null
2026-04-12 10:02:20,147 [WARN] ConditionMgr:1044 - genDependencies : Invalid condition id : Cortex-A Device cause : null
2026-04-12 10:02:20,147 [WARN] ConditionMgr:1044 - genDependencies : Invalid condition id : Cortex-A Device cause : null
2026-04-12 10:02:20,150 [WARN] PackLoader:240 - Cannot read IP mode file for STMicroelectronics.X-CUBE-STSE01.2.0.0
2026-04-12 10:02:20,156 [WARN] PackLoader:240 - Cannot read IP mode file for STMicroelectronics.X-CUBE-SUBG2.5.0.0
2026-04-12 10:02:20,168 [WARN] PackLoader:240 - Cannot read IP mode file for STMicroelectronics.X-CUBE-AZRTOS-H7RS.1.1.0
2026-04-12 10:02:20,178 [WARN] PackLoader:240 - Cannot read IP mode file for STMicroelectronics.X-CUBE-AZRTOS-G4.2.0.0
2026-04-12 10:02:20,181 [WARN] PackLoader:240 - Cannot read IP mode file for wolfSSL.I-CUBE-wolfSSH.1.4.20
2026-04-12 10:02:20,183 [WARN] PackLoader:240 - Cannot read IP mode file for STMicroelectronics.X-CUBE-NFC7.2.0.0
2026-04-12 10:02:20,186 [WARN] PackLoader:240 - Cannot read IP mode file for STMicroelectronics.X-CUBE-ALS.1.0.2
2026-04-12 10:02:20,190 [WARN] PackLoader:240 - Cannot read IP mode file for STMicroelectronics.X-CUBE-STSE01.1.0.0
2026-04-12 10:02:20,197 [WARN] PackLoader:240 - Cannot read IP mode file for STMicroelectronics.X-CUBE-TOF1.3.4.3
2026-04-12 10:02:20,204 [INFO] ThirdParty:978 - Integrity check success = true
2026-04-12 10:02:20,204 [INFO] IntegrityCheckThread:100 - exiting critical section [integrity check]
2026-04-12 10:02:20,204 [INFO] IntegrityCheckThread:103 - End integrity checks thread
2026-04-12 10:08:00,037 [ERROR] LogOutputStream:75 - [STDERR_REDIRECT] SWT SessionManagerDBus: Failed to UnregisterClient: GDBus.Error:org.freedesktop.DBus.Error.NoReply: Message recipient disconnected from message bus without replying
2026-04-12 10:10:08,568 [INFO] Activator:176 - 


2026-04-12 10:10:08,569 [INFO] Activator:177 - !SESSION log4j initialized
2026-04-12 10:10:12,011 [INFO] LogOutputStream:77 - [STDOUT_REDIRECT] 
2026-04-12 10:10:12,805 [INFO] ApplicationProperties:184 - Using Application install path: /opt/st/stm32cubeide_1.19.0/plugins/com.st.stm32cube.common.mx_6.15.0.202507011659
2026-04-12 10:10:12,821 [INFO] DbMcusXml:78 - Set database path to: /opt/st/stm32cubeide_1.19.0/plugins/com.st.stm32cube.common.mx_6.15.0.202507011659//db//mcu/
2026-04-12 10:10:12,821 [INFO] ApiDb:274 - Set plugin database path to: /opt/st/stm32cubeide_1.19.0/plugins/com.st.stm32cube.common.mx_6.15.0.202507011659//db//plugins/boardmanager/
2026-04-12 10:10:12,822 [WARN] ApiDb:259 - Overriding images path with different value:  => /opt/st/stm32cubeide_1.19.0/plugins/com.st.stm32cube.common.mx_6.15.0.202507011659//db//plugins/mcufinder/images/
2026-04-12 10:10:12,827 [INFO] ApiDb:250 - Set database path to: /home/kamil/.stmcufinder/plugins/mcufinder//mcu/
2026-04-12 10:10:12,828 [INFO] DbMcusAds:125 - Set database path to: /home/kamil/.stmcufinder/plugins/mcufinder//mcu/
2026-04-12 10:10:12,830 [INFO] CrossReferenceDbSqlite:203 - Set database path to: /home/kamil/.stmcufinder/plugins/mcufinder//mcu/cs/
2026-04-12 10:10:12,915 [INFO] RulesReader:64 - Compatibility file has been processed (317 Rules)
2026-04-12 10:10:12,964 [INFO] DbMcusXml:78 - Set database path to: /opt/st/stm32cubeide_1.19.0/plugins/com.st.stm32cube.common.mx_6.15.0.202507011659//db//mcu/
2026-04-12 10:10:12,964 [INFO] ApiDb:274 - Set plugin database path to: /opt/st/stm32cubeide_1.19.0/plugins/com.st.stm32cube.common.mx_6.15.0.202507011659//db//plugins/boardmanager/
2026-04-12 10:10:12,964 [INFO] ApiDb:261 - Set plugin images path to: /opt/st/stm32cubeide_1.19.0/plugins/com.st.stm32cube.common.mx_6.15.0.202507011659//db//plugins/mcufinder/images/
2026-04-12 10:10:12,965 [WARN] DbFile:41 - Overriding database path with different value: /home/kamil/.stmcufinder/plugins/mcufinder/ => /home/kamil/.stmcufinder/plugins/mcufinder
2026-04-12 10:10:12,965 [INFO] ApiDb:250 - Set database path to: /home/kamil/.stmcufinder/plugins/mcufinder//mcu/
2026-04-12 10:10:12,965 [WARN] DbFile:41 - Overriding database path with different value: /home/kamil/.stmcufinder/plugins/mcufinder/ => /home/kamil/.stmcufinder/plugins/mcufinder
2026-04-12 10:10:12,965 [INFO] DbMcusAds:125 - Set database path to: /home/kamil/.stmcufinder/plugins/mcufinder//mcu/
2026-04-12 10:10:12,965 [WARN] DbFile:41 - Overriding database path with different value: /home/kamil/.stmcufinder/plugins/mcufinder/ => /home/kamil/.stmcufinder/plugins/mcufinder
2026-04-12 10:10:12,965 [WARN] DbFile:41 - Overriding database path with different value: /home/kamil/.stmcufinder/plugins/mcufinder/ => /home/kamil/.stmcufinder/plugins/mcufinder
2026-04-12 10:10:12,965 [INFO] CrossReferenceDbSqlite:203 - Set database path to: /home/kamil/.stmcufinder/plugins/mcufinder//mcu/cs/
2026-04-12 10:10:13,036 [INFO] MainPanel:274 - HeapMemory: 268435456
2026-04-12 10:10:13,166 [INFO] DbMcusXml:78 - Set database path to: /opt/st/stm32cubeide_1.19.0/plugins/com.st.stm32cube.common.mx_6.15.0.202507011659//db//mcu/
2026-04-12 10:10:13,166 [INFO] ApiDb:274 - Set plugin database path to: /opt/st/stm32cubeide_1.19.0/plugins/com.st.stm32cube.common.mx_6.15.0.202507011659//db//plugins/boardmanager/
2026-04-12 10:10:13,167 [INFO] ApiDb:261 - Set plugin images path to: /opt/st/stm32cubeide_1.19.0/plugins/com.st.stm32cube.common.mx_6.15.0.202507011659//db//plugins/mcufinder/images/
2026-04-12 10:10:13,167 [WARN] DbFile:41 - Overriding database path with different value: /home/kamil/.stmcufinder/plugins/mcufinder/ => /home/kamil/.stmcufinder/plugins/mcufinder
2026-04-12 10:10:13,167 [INFO] ApiDb:250 - Set database path to: /home/kamil/.stmcufinder/plugins/mcufinder//mcu/
2026-04-12 10:10:13,167 [WARN] DbFile:41 - Overriding database path with different value: /home/kamil/.stmcufinder/plugins/mcufinder/ => /home/kamil/.stmcufinder/plugins/mcufinder
2026-04-12 10:10:13,167 [INFO] DbMcusAds:125 - Set database path to: /home/kamil/.stmcufinder/plugins/mcufinder//mcu/
2026-04-12 10:10:13,167 [WARN] DbFile:41 - Overriding database path with different value: /home/kamil/.stmcufinder/plugins/mcufinder/ => /home/kamil/.stmcufinder/plugins/mcufinder
2026-04-12 10:10:13,167 [WARN] DbFile:41 - Overriding database path with different value: /home/kamil/.stmcufinder/plugins/mcufinder/ => /home/kamil/.stmcufinder/plugins/mcufinder
2026-04-12 10:10:13,167 [INFO] CrossReferenceDbSqlite:203 - Set database path to: /home/kamil/.stmcufinder/plugins/mcufinder//mcu/cs/
2026-04-12 10:10:13,181 [INFO] ApplicationProperties:184 - Using Application install path: /opt/st/stm32cubeide_1.19.0/plugins/com.st.stm32cube.common.mx_6.15.0.202507011659
2026-04-12 10:10:13,182 [INFO] PluginManage:196 - Search for loadable plugins [exclusion list=, ]
2026-04-12 10:10:13,183 [INFO] PluginManage:310 - Check plugin analytics
2026-04-12 10:10:13,307 [INFO] AnalyticsPlugin:253 - Accepted Software Licenses: 
2026-04-12 10:10:13,307 [INFO] AnalyticsPlugin:255 - Accepted CMSIS Pack Licenses: 
2026-04-12 10:10:13,307 [INFO] AnalyticsPlugin:257 - Accepted Firmware Licenses: FW.F4.1.28.0
2026-04-12 10:10:13,309 [INFO] PluginManage:359 - Loaded plugin analytics (category:tool,tabindex:-1)
2026-04-12 10:10:13,309 [INFO] PluginManage:310 - Check plugin cadmodel
2026-04-12 10:10:13,313 [INFO] CADModel:105 - Init CAD model plugin
2026-04-12 10:10:13,314 [INFO] PluginManage:359 - Loaded plugin cadmodel (category:power,tabindex:5)
2026-04-12 10:10:13,314 [INFO] PluginManage:310 - Check plugin clock
2026-04-12 10:10:13,321 [INFO] PluginManage:359 - Loaded plugin clock (category:base,tabindex:2)
2026-04-12 10:10:13,321 [INFO] PluginManage:310 - Check plugin ddr
2026-04-12 10:10:13,322 [INFO] PluginManage:359 - Loaded plugin ddr (category:tool,tabindex:6)
2026-04-12 10:10:13,322 [INFO] PluginManage:310 - Check plugin filemanager
2026-04-12 10:10:13,428 [INFO] PluginManage:359 - Loaded plugin filemanager (category:base,tabindex:10)
2026-04-12 10:10:13,428 [INFO] PluginManage:310 - Check plugin ipmanager
2026-04-12 10:10:13,433 [INFO] PluginManage:359 - Loaded plugin ipmanager (category:base,tabindex:5)
2026-04-12 10:10:13,433 [INFO] PluginManage:310 - Check plugin lpbam
2026-04-12 10:10:13,441 [INFO] PluginManage:359 - Loaded plugin lpbam (category:base,tabindex:0)
2026-04-12 10:10:13,441 [INFO] PluginManage:310 - Check plugin memorymap
2026-04-12 10:10:13,451 [INFO] PluginManage:359 - Loaded plugin memorymap (category:base,tabindex:4)
2026-04-12 10:10:13,451 [INFO] PluginManage:310 - Check plugin pinoutandconfiguration
2026-04-12 10:10:13,459 [INFO] PluginManage:359 - Loaded plugin pinoutandconfiguration (category:base,tabindex:1)
2026-04-12 10:10:13,459 [INFO] PluginManage:310 - Check plugin pinoutconfig
2026-04-12 10:10:13,526 [WARN] SupportedApi:132 - Cannot load RTOS API schema: s4s-elt-must-match.1: The content of 'definitions' must match (annotation?, (simpleType | complexType)?, (unique | key | keyref)*)). A problem was found starting at: attribute.
2026-04-12 10:10:13,625 [INFO] PluginManage:359 - Loaded plugin pinoutconfig (category:base,tabindex:0)
2026-04-12 10:10:13,626 [INFO] PluginManage:310 - Check plugin power
2026-04-12 10:10:13,633 [INFO] PluginManage:359 - Loaded plugin power (category:power,tabindex:4)
2026-04-12 10:10:13,633 [INFO] PluginManage:310 - Check plugin projectmanager
2026-04-12 10:10:13,644 [INFO] PluginManage:359 - Loaded plugin projectmanager (category:projectmanager,tabindex:4)
2026-04-12 10:10:13,644 [INFO] PluginManage:310 - Check plugin rif
2026-04-12 10:10:13,650 [INFO] PluginManage:359 - Loaded plugin rif (category:base,tabindex:3)
2026-04-12 10:10:13,651 [INFO] PluginManage:310 - Check plugin thirdparty
2026-04-12 10:10:13,741 [INFO] PluginManage:359 - Loaded plugin thirdparty (category:base,tabindex:-1)
2026-04-12 10:10:13,741 [WARN] IntegrityCheckThread:84 - waiting for thirdparty lock release [integrity check]
2026-04-12 10:10:13,742 [INFO] IntegrityCheckThread:86 - entering critical section [integrity check]
2026-04-12 10:10:13,742 [INFO] PluginManage:310 - Check plugin tools
2026-04-12 10:10:13,742 [INFO] ThirdPartyUpdaterWithRetryManager:70 - Updater plugin not ready yet. [1/15]
2026-04-12 10:10:13,744 [INFO] PluginManage:359 - Loaded plugin tools (category:base,tabindex:7)
2026-04-12 10:10:13,744 [INFO] PluginManage:310 - Check plugin tutovideos
2026-04-12 10:10:13,880 [INFO] PluginManage:359 - Loaded plugin tutovideos (category:base,tabindex:-1)
2026-04-12 10:10:13,880 [INFO] PluginManage:310 - Check plugin updater
2026-04-12 10:10:13,899 [INFO] PluginManage:359 - Loaded plugin updater (category:base,tabindex:12)
2026-04-12 10:10:13,899 [INFO] PluginManage:310 - Check plugin userauth
2026-04-12 10:10:13,902 [INFO] UserAuth:118 - Init User Auth plugin
2026-04-12 10:10:13,903 [INFO] PluginManage:359 - Loaded plugin userauth (category:base,tabindex:14)
2026-04-12 10:10:13,903 [INFO] PluginManage:283 - PluginManage : Loaded plugins [18]
2026-04-12 10:10:14,034 [INFO] PinOutPanel:1589 - setPackage(No Configuration,No Configuration)
2026-04-12 10:10:14,090 [INFO] CADModel:165 - CPN selected for project level
2026-04-12 10:10:14,090 [INFO] CADModel:114 - Register for checkConnection events
2026-04-12 10:10:14,098 [INFO] IPUIPlugin:80 - create IPUIPlugin
2026-04-12 10:10:14,098 [INFO] PluginManager:220 - loadIPPluginJar : add tracer_emb
2026-04-12 10:10:14,100 [INFO] IPUIPlugin:80 - create IPUIPlugin
2026-04-12 10:10:14,100 [INFO] PluginManager:220 - loadIPPluginJar : add radio
2026-04-12 10:10:14,104 [INFO] IPUIPlugin:80 - create IPUIPlugin
2026-04-12 10:10:14,104 [INFO] PluginManager:220 - loadIPPluginJar : add ddr_ctrl_phy
2026-04-12 10:10:14,109 [INFO] IPUIPlugin:80 - create IPUIPlugin
2026-04-12 10:10:14,109 [INFO] PluginManager:220 - loadIPPluginJar : add mdma
2026-04-12 10:10:14,111 [INFO] IPUIPlugin:80 - create IPUIPlugin
2026-04-12 10:10:14,112 [INFO] PluginManager:220 - loadIPPluginJar : add touchsensing
2026-04-12 10:10:14,113 [INFO] IPUIPlugin:80 - create IPUIPlugin
2026-04-12 10:10:14,113 [INFO] PluginManager:220 - loadIPPluginJar : add ucpd
2026-04-12 10:10:14,118 [INFO] IPUIPlugin:80 - create IPUIPlugin
2026-04-12 10:10:14,119 [INFO] PluginManager:220 - loadIPPluginJar : add plateformsettings
2026-04-12 10:10:14,122 [INFO] IPUIPlugin:80 - create IPUIPlugin
2026-04-12 10:10:14,122 [INFO] PluginManager:220 - loadIPPluginJar : add ipddr
2026-04-12 10:10:14,126 [INFO] IPUIPlugin:80 - create IPUIPlugin
2026-04-12 10:10:14,126 [INFO] PluginManager:220 - loadIPPluginJar : add resmgrutility
2026-04-12 10:10:14,127 [INFO] IPUIPlugin:80 - create IPUIPlugin
2026-04-12 10:10:14,128 [INFO] PluginManager:220 - loadIPPluginJar : add ts
2026-04-12 10:10:14,129 [INFO] IPUIPlugin:80 - create IPUIPlugin
2026-04-12 10:10:14,129 [INFO] PluginManager:220 - loadIPPluginJar : add dma3
2026-04-12 10:10:14,131 [INFO] IPUIPlugin:80 - create IPUIPlugin
2026-04-12 10:10:14,131 [INFO] PluginManager:220 - loadIPPluginJar : add openamp
2026-04-12 10:10:14,133 [INFO] IPUIPlugin:80 - create IPUIPlugin
2026-04-12 10:10:14,133 [INFO] PluginManager:220 - loadIPPluginJar : add opamp
2026-04-12 10:10:14,135 [INFO] IPUIPlugin:80 - create IPUIPlugin
2026-04-12 10:10:14,135 [INFO] PluginManager:220 - loadIPPluginJar : add pdm2pcm
2026-04-12 10:10:14,136 [INFO] IPUIPlugin:80 - create IPUIPlugin
2026-04-12 10:10:14,136 [INFO] PluginManager:220 - loadIPPluginJar : add gfxmmu
2026-04-12 10:10:14,138 [INFO] IPUIPlugin:80 - create IPUIPlugin
2026-04-12 10:10:14,138 [INFO] PluginManager:220 - loadIPPluginJar : add aes
2026-04-12 10:10:14,139 [INFO] IPUIPlugin:80 - create IPUIPlugin
2026-04-12 10:10:14,139 [INFO] PluginManager:220 - loadIPPluginJar : add gtzc
2026-04-12 10:10:14,141 [INFO] IPUIPlugin:80 - create IPUIPlugin
2026-04-12 10:10:14,141 [INFO] PluginManager:220 - loadIPPluginJar : add sai
2026-04-12 10:10:14,142 [INFO] IPUIPlugin:80 - create IPUIPlugin
2026-04-12 10:10:14,142 [INFO] PluginManager:220 - loadIPPluginJar : add tsc
2026-04-12 10:10:14,144 [INFO] IPUIPlugin:80 - create IPUIPlugin
2026-04-12 10:10:14,144 [INFO] PluginManager:220 - loadIPPluginJar : add usbx
2026-04-12 10:10:14,145 [INFO] IPUIPlugin:80 - create IPUIPlugin
2026-04-12 10:10:14,145 [INFO] PluginManager:220 - loadIPPluginJar : add can
2026-04-12 10:10:14,146 [INFO] IPUIPlugin:80 - create IPUIPlugin
2026-04-12 10:10:14,147 [INFO] PluginManager:220 - loadIPPluginJar : add i2c
2026-04-12 10:10:14,148 [INFO] IPUIPlugin:80 - create IPUIPlugin
2026-04-12 10:10:14,148 [INFO] PluginManager:220 - loadIPPluginJar : add lorawan
2026-04-12 10:10:14,149 [INFO] IPUIPlugin:80 - create IPUIPlugin
2026-04-12 10:10:14,149 [INFO] PluginManager:220 - loadIPPluginJar : add spi
2026-04-12 10:10:14,154 [INFO] IPUIPlugin:80 - create IPUIPlugin
2026-04-12 10:10:14,154 [INFO] PluginManager:220 - loadIPPluginJar : add linkedlist
2026-04-12 10:10:14,156 [INFO] IPUIPlugin:80 - create IPUIPlugin
2026-04-12 10:10:14,157 [INFO] PluginManager:220 - loadIPPluginJar : add fmc
2026-04-12 10:10:14,158 [INFO] IPUIPlugin:80 - create IPUIPlugin
2026-04-12 10:10:14,158 [INFO] PluginManager:220 - loadIPPluginJar : add i3c
2026-04-12 10:10:14,159 [INFO] IPUIPlugin:80 - create IPUIPlugin
2026-04-12 10:10:14,159 [INFO] PluginManager:220 - loadIPPluginJar : add ltdc
2026-04-12 10:10:14,163 [INFO] IPUIPlugin:80 - create IPUIPlugin
2026-04-12 10:10:14,163 [INFO] PluginManager:220 - loadIPPluginJar : add dma
2026-04-12 10:10:14,166 [INFO] IPUIPlugin:80 - create IPUIPlugin
2026-04-12 10:10:14,166 [INFO] PluginManager:220 - loadIPPluginJar : add freertos
2026-04-12 10:10:14,168 [INFO] IPUIPlugin:80 - create IPUIPlugin
2026-04-12 10:10:14,168 [INFO] PluginManager:220 - loadIPPluginJar : add hash
2026-04-12 10:10:14,172 [INFO] IPUIPlugin:80 - create IPUIPlugin
2026-04-12 10:10:14,172 [INFO] PluginManager:220 - loadIPPluginJar : add adc
2026-04-12 10:10:14,173 [INFO] IPUIPlugin:80 - create IPUIPlugin
2026-04-12 10:10:14,173 [INFO] PluginManager:220 - loadIPPluginJar : add usart
2026-04-12 10:10:14,178 [INFO] IPUIPlugin:80 - create IPUIPlugin
2026-04-12 10:10:14,178 [INFO] PluginManager:220 - loadIPPluginJar : add stm32_wpan
2026-04-12 10:10:14,179 [INFO] IPUIPlugin:80 - create IPUIPlugin
2026-04-12 10:10:14,179 [INFO] PluginManager:220 - loadIPPluginJar : add genericplugin
2026-04-12 10:10:14,182 [INFO] IPUIPlugin:80 - create IPUIPlugin
2026-04-12 10:10:14,182 [INFO] PluginManager:220 - loadIPPluginJar : add gpio
2026-04-12 10:10:14,185 [INFO] IPUIPlugin:80 - create IPUIPlugin
2026-04-12 10:10:14,185 [INFO] PluginManager:220 - loadIPPluginJar : add nvic
2026-04-12 10:10:14,186 [INFO] IPUIPlugin:80 - create IPUIPlugin
2026-04-12 10:10:14,186 [INFO] PluginManager:220 - loadIPPluginJar : add dfsdm
2026-04-12 10:10:14,187 [INFO] IPUIPlugin:80 - create IPUIPlugin
2026-04-12 10:10:14,187 [INFO] PluginManager:220 - loadIPPluginJar : add fatfs
2026-04-12 10:10:14,188 [INFO] IPUIPlugin:80 - create IPUIPlugin
2026-04-12 10:10:14,188 [INFO] PluginManager:220 - loadIPPluginJar : add comp
2026-04-12 10:10:14,190 [INFO] IPUIPlugin:80 - create IPUIPlugin
2026-04-12 10:10:14,190 [INFO] PluginManager:220 - loadIPPluginJar : add i2s
2026-04-12 10:10:14,191 [INFO] IPUIPlugin:80 - create IPUIPlugin
2026-04-12 10:10:14,191 [INFO] PluginManager:220 - loadIPPluginJar : add cryp
2026-04-12 10:10:14,192 [INFO] IPUIPlugin:80 - create IPUIPlugin
2026-04-12 10:10:14,192 [INFO] PluginManager:220 - loadIPPluginJar : add quadspi
2026-04-12 10:10:14,196 [INFO] IPUIPlugin:80 - create IPUIPlugin
2026-04-12 10:10:14,196 [INFO] PluginManager:220 - loadIPPluginJar : add gic
2026-04-12 10:10:14,197 [INFO] IPUIPlugin:80 - create IPUIPlugin
2026-04-12 10:10:14,197 [INFO] PluginManager:220 - loadIPPluginJar : add tim
2026-04-12 10:10:14,199 [INFO] IPUIPlugin:80 - create IPUIPlugin
2026-04-12 10:10:14,199 [INFO] PluginManager:220 - loadIPPluginJar : add extmemmanager
2026-04-12 10:10:14,294 [FATAL] Updater:351 - Updater called before beeing initialized
2026-04-12 10:10:14,311 [INFO] RulesReader:64 - Compatibility file has been processed (317 Rules)
2026-04-12 10:10:14,318 [INFO] RulesReader:64 - Compatibility file has been processed (317 Rules)
2026-04-12 10:10:14,324 [INFO] CADModel:165 - CPN selected for project level
2026-04-12 10:10:14,324 [INFO] CADModel:114 - Register for checkConnection events
2026-04-12 10:10:14,324 [FATAL] Updater:351 - Updater called before beeing initialized
2026-04-12 10:10:14,324 [ERROR] CADModel:125 - Updater not yet initialized, retry later 
2026-04-12 10:10:14,421 [FATAL] Updater:351 - Updater called before beeing initialized
2026-04-12 10:10:14,423 [INFO] CADModel:165 - CPN selected for project level
2026-04-12 10:10:14,423 [INFO] CADModel:114 - Register for checkConnection events
2026-04-12 10:10:14,424 [FATAL] Updater:351 - Updater called before beeing initialized
2026-04-12 10:10:14,424 [ERROR] CADModel:125 - Updater not yet initialized, retry later 
2026-04-12 10:10:14,427 [FATAL] Updater:351 - Updater called before beeing initialized
2026-04-12 10:10:14,508 [FATAL] Updater:351 - Updater called before beeing initialized
2026-04-12 10:10:14,511 [INFO] DbMcusAds:53 - JSON generation date=Wed Feb 18 15:32:49 CET 2026 (1771425169371)
2026-04-12 10:10:14,512 [FATAL] Updater:351 - Updater called before beeing initialized
2026-04-12 10:10:14,536 [WARN] DetailPanel:346 - Failed to get advertising image, set to default
2026-04-12 10:10:14,597 [FATAL] Updater:351 - Updater called before beeing initialized
2026-04-12 10:10:14,598 [FATAL] Updater:351 - Updater called before beeing initialized
2026-04-12 10:10:14,599 [FATAL] Updater:351 - Updater called before beeing initialized
2026-04-12 10:10:14,599 [WARN] DetailPanel:346 - Failed to get advertising image, set to default
2026-04-12 10:10:14,599 [FATAL] Updater:351 - Updater called before beeing initialized
2026-04-12 10:10:14,622 [ERROR] Updater:1198 - MainUpdater not yet initialized. External WinMGr cannot be set.
2026-04-12 10:10:14,623 [INFO] Updater:1134 - Updater Version found : 6.15.0
2026-04-12 10:10:14,637 [INFO] ApplicationProperties:184 - Using Application install path: /opt/st/stm32cubeide_1.19.0/plugins/com.st.stm32cube.common.mx_6.15.0.202507011659
2026-04-12 10:10:15,121 [INFO] MainUpdater:2872 - connection check result : 10
2026-04-12 10:10:15,121 [INFO] MainUpdater:289 - Updater Check For Update Now.
2026-04-12 10:10:15,121 [INFO] MicroXplorer:498 - Change Database Version : DB.6.0.150
2026-04-12 10:10:15,126 [INFO] McuFinderGlobals:63 - Set McuFinder mode to 2 (CubeIDE integrated)
2026-04-12 10:10:15,127 [INFO] UserAuth:487 - Internet connection configuration mode: 1
2026-04-12 10:10:15,145 [INFO] JxBrowserEngine:152 - Initiate JxBrowser Engine with user profile folder
2026-04-12 10:10:15,292 [INFO] CheckServerUpdateThread:120 - End of CheckServer Thread
2026-04-12 10:10:15,919 [INFO] WebApp:169 - Instantiating new browser for Auth
2026-04-12 10:10:16,478 [INFO] WebApp:463 - Apply proxy settings
2026-04-12 10:10:16,479 [INFO] WebApp:548 - Chromium requires no authentication
2026-04-12 10:10:16,487 [INFO] WebApp:491 - Direct internet connection detected
2026-04-12 10:10:16,506 [INFO] WebApp:900 - Register for checkConnection events
2026-04-12 10:10:16,507 [INFO] WebApp:463 - Apply proxy settings
2026-04-12 10:10:16,507 [INFO] WebApp:548 - Chromium requires no authentication
2026-04-12 10:10:16,508 [INFO] WebApp:491 - Direct internet connection detected
2026-04-12 10:10:16,628 [INFO] WebApp:225 - Starting web application
2026-04-12 10:10:16,628 [INFO] WebApp:593 - Web application path used /opt/st/stm32cubeide_1.19.0/plugins/com.st.stm32cube.common.mx_6.15.0.202507011659/db/plugins/mcufinder/reactClient1/index.html
2026-04-12 10:10:16,699 [INFO] UserAuth:487 - Internet connection configuration mode: 1
2026-04-12 10:10:16,797 [INFO] WebApp:191 - Connection restablished
2026-04-12 10:10:16,927 [WARN] PackLoader:240 - Cannot read IP mode file for STMicroelectronics.X-CUBE-AZRTOS-H7.3.5.0
2026-04-12 10:10:16,949 [WARN] PackLoader:240 - Cannot read IP mode file for STMicroelectronics.FP-SNS-MOTENVWB1.1.4.0
2026-04-12 10:10:16,957 [WARN] PackLoader:240 - Cannot read IP mode file for STMicroelectronics.FP-ATR-ASTRA1.2.0.2
2026-04-12 10:10:16,964 [WARN] PackLoader:240 - Cannot read IP mode file for STMicroelectronics.X-CUBE-SMBUS.2.1.0
2026-04-12 10:10:16,970 [WARN] PackLoader:240 - Cannot read IP mode file for STMicroelectronics.X-CUBE-ST60.1.0.0
2026-04-12 10:10:16,992 [WARN] PackLoader:240 - Cannot read IP mode file for STMicroelectronics.X-CUBE-AZRTOS-F7.1.1.0
2026-04-12 10:10:17,000 [WARN] PackLoader:240 - Cannot read IP mode file for Cesanta.I-CUBE-Mongoose.7.19.0
2026-04-12 10:10:17,004 [WARN] PackLoader:240 - Cannot read IP mode file for STMicroelectronics.FP-SNS-MOTENV1.5.1.0
2026-04-12 10:10:17,011 [WARN] PackLoader:240 - Cannot read IP mode file for WES.I-CUBE-Cesium.1.4.0
2026-04-12 10:10:17,031 [WARN] PackLoader:240 - Cannot read IP mode file for Infineon.AIROC-Wi-Fi-Bluetooth-STM32.1.7.1
2026-04-12 10:10:17,058 [WARN] PackLoader:240 - Cannot read IP mode file for STMicroelectronics.X-CUBE-AZRTOS-H7.3.4.0
2026-04-12 10:10:17,066 [WARN] PackLoader:240 - Cannot read IP mode file for STMicroelectronics.X-CUBE-DISPLAY.3.0.0
2026-04-12 10:10:17,071 [WARN] PackLoader:240 - Cannot read IP mode file for STMicroelectronics.FP-SNS-MOTENVWB1.1.5.0
2026-04-12 10:10:17,077 [WARN] PackLoader:240 - Cannot read IP mode file for STMicroelectronics.X-CUBE-NFC10.1.0.0
2026-04-12 10:10:17,081 [WARN] PackLoader:240 - Cannot read IP mode file for STMicroelectronics.X-CUBE-ST60.1.1.0
2026-04-12 10:10:17,085 [WARN] PackLoader:240 - Cannot read IP mode file for emotas.I-CUBE-CANOPEN.1.3.0
2026-04-12 10:10:17,089 [WARN] PackLoader:240 - Cannot read IP mode file for STMicroelectronics.X-CUBE-GNSS1.7.1.0
2026-04-12 10:10:17,094 [WARN] PackLoader:240 - Cannot read IP mode file for STMicroelectronics.FP-SNS-SMARTAG2.1.2.0
2026-04-12 10:10:17,097 [WARN] PackLoader:240 - Cannot read IP mode file for STMicroelectronics.FP-SNS-FLIGHT1.5.1.0
2026-04-12 10:10:17,103 [INFO] LogOutputStream:77 - [STDOUT_REDIRECT] 1 : Invalid condition id : UX_CORESTACK_Condition cause : null
2026-04-12 10:10:17,104 [INFO] LogOutputStream:77 - [STDOUT_REDIRECT] 1 : Invalid condition id : UX_CORESTACK_Condition cause : null
2026-04-12 10:10:17,104 [INFO] LogOutputStream:77 - [STDOUT_REDIRECT] 1 : Invalid condition id : UX_CORESTACK_Condition cause : null
2026-04-12 10:10:17,104 [INFO] LogOutputStream:77 - [STDOUT_REDIRECT] 1 : Invalid condition id : UX_CORESTACK_Condition cause : null
2026-04-12 10:10:17,104 [INFO] LogOutputStream:77 - [STDOUT_REDIRECT] 1 : Invalid condition id : UX_CORESTACK_Condition cause : null
2026-04-12 10:10:17,106 [WARN] PackLoader:240 - Cannot read IP mode file for STMicroelectronics.X-CUBE-AZRTOS-WL.2.0.0
2026-04-12 10:10:17,110 [WARN] PackLoader:240 - Cannot read IP mode file for STMicroelectronics.FP-SNS-MOTENV1.5.0.0
2026-04-12 10:10:17,119 [WARN] PackLoader:240 - Cannot read IP mode file for STMicroelectronics.X-CUBE-AZRTOS-H7RS.1.2.0
2026-04-12 10:10:17,129 [WARN] PackLoader:240 - Cannot read IP mode file for STMicroelectronics.X-CUBE-BLE2.3.3.0
2026-04-12 10:10:17,150 [WARN] PackLoader:240 - Cannot read IP mode file for STMicroelectronics.X-CUBE-NFC9.1.0.0
2026-04-12 10:10:17,156 [WARN] PackLoader:240 - Cannot read IP mode file for wolfSSL.I-CUBE-wolfSSL.5.8.2
2026-04-12 10:10:17,160 [WARN] PackLoader:240 - Cannot read IP mode file for STMicroelectronics.X-CUBE-BLE1.7.1.0
2026-04-12 10:10:17,164 [WARN] PackLoader:240 - Cannot read IP mode file for wolfSSL.I-CUBE-wolfMQTT.1.19.2
2026-04-12 10:10:17,169 [WARN] PackLoader:240 - Cannot read IP mode file for STMicroelectronics.X-CUBE-FREERTOS.1.4.0
2026-04-12 10:10:17,174 [WARN] PackLoader:240 - Cannot read IP mode file for STMicroelectronics.X-CUBE-EEPRMA1.5.2.0
2026-04-12 10:10:17,200 [WARN] PackLoader:240 - Cannot read IP mode file for STMicroelectronics.X-CUBE-ST67W61.1.1.0
2026-04-12 10:10:17,258 [WARN] PackLoader:240 - Cannot read IP mode file for STMicroelectronics.X-CUBE-MEMS1.12.0.0
2026-04-12 10:10:17,326 [WARN] PackLoader:240 - Cannot read IP mode file for STMicroelectronics.X-CUBE-AZRTOS-G0.1.1.0
2026-04-12 10:10:17,332 [WARN] PackLoader:240 - Cannot read IP mode file for STMicroelectronics.X-CUBE-SAFEA1.1.2.2
2026-04-12 10:10:17,336 [WARN] PackLoader:240 - Cannot read IP mode file for STMicroelectronics.X-CUBE-NFC4.3.0.0
2026-04-12 10:10:17,342 [WARN] PackLoader:240 - Cannot read IP mode file for EmbeddedOffice.I-CUBE-FS-RTOS.1.0.1
2026-04-12 10:10:17,346 [WARN] PackLoader:240 - Cannot read IP mode file for STMicroelectronics.X-CUBE-WB05N.2.0.0
2026-04-12 10:10:17,349 [WARN] PackLoader:240 - Cannot read IP mode file for wolfSSL.I-CUBE-wolfTPM.3.8.0
2026-04-12 10:10:17,353 [WARN] PackLoader:240 - Cannot read IP mode file for STMicroelectronics.X-CUBE-TCPP.4.2.0
2026-04-12 10:10:17,358 [WARN] PackLoader:240 - Cannot read IP mode file for RealThread.X-CUBE-RT-Thread_Nano.4.1.1
2026-04-12 10:10:17,362 [WARN] PackLoader:240 - Cannot read IP mode file for STMicroelectronics.FP-ATR-SIGFOX1.3.2.0
2026-04-12 10:10:17,367 [WARN] PackLoader:240 - Cannot read IP mode file for STMicroelectronics.X-CUBE-FREERTOS.1.5.0
2026-04-12 10:10:17,371 [WARN] PackLoader:240 - Cannot read IP mode file for ITTIA_DB.I-CUBE-ITTIADB.8.9.0
2026-04-12 10:10:17,376 [WARN] PackLoader:240 - Cannot read IP mode file for STMicroelectronics.X-CUBE-NFC6.3.2.0
2026-04-12 10:10:17,394 [WARN] PackLoader:240 - Cannot read IP mode file for SEGGER.I-CUBE-embOS.1.3.1
2026-04-12 10:10:17,418 [WARN] PackLoader:240 - Cannot read IP mode file for STMicroelectronics.X-CUBE-ALGOBUILD.1.4.0
2026-04-12 10:10:17,450 [WARN] PackLoader:240 - Cannot read IP mode file for STMicroelectronics.X-CUBE-MEMS1.11.3.0
2026-04-12 10:10:17,540 [WARN] PackLoader:240 - Cannot read IP mode file for STMicroelectronics.X-CUBE-PM33A1.1.0.0
2026-04-12 10:10:17,554 [WARN] PackLoader:240 - Cannot read IP mode file for STMicroelectronics.X-CUBE-AZRTOS-F4.1.1.0
2026-04-12 10:10:17,564 [WARN] PackLoader:240 - Cannot read IP mode file for STMicroelectronics.X-CUBE-ISPU.2.1.0
2026-04-12 10:10:17,580 [WARN] PackLoader:240 - Cannot read IP mode file for STMicroelectronics.X-CUBE-IPS.3.2.0
2026-04-12 10:10:17,591 [WARN] PackLoader:240 - Cannot read IP mode file for STMicroelectronics.eDS-WB_DPC_TT-BIDIR.2.1.1
2026-04-12 10:10:17,598 [WARN] PackLoader:240 - Cannot read IP mode file for STMicroelectronics.X-CUBE-NFC12.1.0.0
2026-04-12 10:10:17,616 [WARN] PackLoader:240 - Cannot read IP mode file for STMicroelectronics.X-CUBE-AZRTOS-L5.2.0.0
2026-04-12 10:10:17,625 [WARN] PackLoader:240 - Cannot read IP mode file for STMicroelectronics.X-CUBE-NFC6.3.1.0
2026-04-12 10:10:17,641 [WARN] PackLoader:240 - Cannot read IP mode file for STMicroelectronics.eDS-WB_DPC_VIENNA.1.2.0
2026-04-12 10:10:17,644 [WARN] PackLoader:240 - Cannot read IP mode file for STMicroelectronics.eDS-WB_DPC_3PH2L-BIDIR.1.1.1
2026-04-12 10:10:17,650 [WARN] PackLoader:240 - Cannot read IP mode file for STMicroelectronics.X-CUBE-FREERTOS.1.3.1
2026-04-12 10:10:17,657 [WARN] PackLoader:240 - Cannot read IP mode file for STMicroelectronics.X-CUBE-TOUCHGFX.4.26.0
2026-04-12 10:10:17,660 [WARN] PackLoader:240 - Cannot read IP mode file for STMicroelectronics.X-CUBE-TOUCHGFX.4.26.1
2026-04-12 10:10:17,666 [WARN] PackLoader:240 - Cannot read IP mode file for STMicroelectronics.X-CUBE-DPower.1.3.0
2026-04-12 10:10:17,686 [WARN] ConditionMgr:438 - getConditionDescription Invalid condition id : LAN8742 Phy interface Condition cause : null
2026-04-12 10:10:17,687 [WARN] PackLoader:240 - Cannot read IP mode file for STMicroelectronics.X-CUBE-AZRTOS-L4.2.0.0
2026-04-12 10:10:17,688 [WARN] ConditionMgr:1044 - genDependencies : Invalid condition id : LAN8742 Phy interface Condition cause : null
2026-04-12 10:10:17,689 [WARN] ConditionMgr:1044 - genDependencies : Invalid condition id : LAN8742 Phy interface Condition cause : null
2026-04-12 10:10:17,689 [WARN] ConditionMgr:1044 - genDependencies : Invalid condition id : LAN8742 Phy interface Condition cause : null
2026-04-12 10:10:17,696 [WARN] PackLoader:240 - Cannot read IP mode file for STMicroelectronics.X-CUBE-SFXS2LP1.4.0.0
2026-04-12 10:10:17,702 [WARN] PackLoader:240 - Cannot read IP mode file for STMicroelectronics.X-CUBE-WB05N.2.1.0
2026-04-12 10:10:17,708 [WARN] PackLoader:240 - Cannot read IP mode file for STMicroelectronics.X-CUBE-ST67W61.1.2.0
2026-04-12 10:10:17,719 [WARN] PackLoader:240 - Cannot read IP mode file for STMicroelectronics.X-CUBE-BLEMGR.4.1.0
2026-04-12 10:10:17,733 [WARN] ConditionMgr:438 - getConditionDescription Invalid condition id : UX DEVICE CLASS RTOS Condition cause : null
2026-04-12 10:10:17,733 [WARN] ConditionMgr:438 - getConditionDescription Invalid condition id : UX DEVICE CLASS RTOS Condition cause : null
2026-04-12 10:10:17,736 [WARN] PackLoader:240 - Cannot read IP mode file for STMicroelectronics.X-CUBE-AZRTOS-WB.2.0.0
2026-04-12 10:10:17,737 [WARN] ConditionMgr:1044 - genDependencies : Invalid condition id : UX DEVICE CLASS RTOS Condition cause : null
2026-04-12 10:10:17,737 [WARN] ConditionMgr:1044 - genDependencies : Invalid condition id : UX DEVICE CLASS RTOS Condition cause : null
2026-04-12 10:10:17,737 [WARN] ConditionMgr:1044 - genDependencies : Invalid condition id : UX DEVICE CLASS RTOS Condition cause : null
2026-04-12 10:10:17,738 [WARN] ConditionMgr:1044 - genDependencies : Invalid condition id : UX DEVICE CLASS RTOS Condition cause : null
2026-04-12 10:10:17,738 [WARN] ConditionMgr:1044 - genDependencies : Invalid condition id : UX DEVICE CLASS RTOS Condition cause : null
2026-04-12 10:10:17,743 [WARN] PackLoader:240 - Cannot read IP mode file for STMicroelectronics.X-CUBE-GNSS1.7.0.1
2026-04-12 10:10:17,746 [WARN] ConditionMgr:438 - getConditionDescription Invalid condition id : Cortex-A Device cause : null
2026-04-12 10:10:17,753 [WARN] ConditionMgr:1044 - genDependencies : Invalid condition id : Cortex-A Device cause : null
2026-04-12 10:10:17,753 [WARN] ConditionMgr:1044 - genDependencies : Invalid condition id : Cortex-A Device cause : null
2026-04-12 10:10:17,753 [WARN] ConditionMgr:1044 - genDependencies : Invalid condition id : Cortex-A Device cause : null
2026-04-12 10:10:17,758 [WARN] PackLoader:240 - Cannot read IP mode file for STMicroelectronics.X-CUBE-STSE01.2.0.0
2026-04-12 10:10:17,765 [WARN] PackLoader:240 - Cannot read IP mode file for STMicroelectronics.X-CUBE-SUBG2.5.0.0
2026-04-12 10:10:17,779 [WARN] PackLoader:240 - Cannot read IP mode file for STMicroelectronics.X-CUBE-AZRTOS-H7RS.1.1.0
2026-04-12 10:10:17,792 [WARN] PackLoader:240 - Cannot read IP mode file for STMicroelectronics.X-CUBE-AZRTOS-G4.2.0.0
2026-04-12 10:10:17,796 [WARN] PackLoader:240 - Cannot read IP mode file for wolfSSL.I-CUBE-wolfSSH.1.4.20
2026-04-12 10:10:17,798 [WARN] PackLoader:240 - Cannot read IP mode file for STMicroelectronics.X-CUBE-NFC7.2.0.0
2026-04-12 10:10:17,801 [WARN] PackLoader:240 - Cannot read IP mode file for STMicroelectronics.X-CUBE-ALS.1.0.2
2026-04-12 10:10:17,805 [WARN] PackLoader:240 - Cannot read IP mode file for STMicroelectronics.X-CUBE-STSE01.1.0.0
2026-04-12 10:10:17,811 [WARN] PackLoader:240 - Cannot read IP mode file for STMicroelectronics.X-CUBE-TOF1.3.4.3
2026-04-12 10:10:17,816 [INFO] ThirdParty:978 - Integrity check success = true
2026-04-12 10:10:17,817 [INFO] IntegrityCheckThread:100 - exiting critical section [integrity check]
2026-04-12 10:10:17,817 [INFO] IntegrityCheckThread:103 - End integrity checks thread
2026-04-12 10:23:29,655 [INFO] WebApp:194 - Connection lost
2026-04-12 10:23:29,860 [INFO] WebApp:191 - Connection restablished
2026-04-12 10:23:32,162 [INFO] WebApp:194 - Connection lost
2026-04-12 10:23:32,274 [INFO] WebApp:191 - Connection restablished
2026-04-12 10:33:05,090 [INFO] WebApp:194 - Connection lost
2026-04-12 10:33:05,257 [INFO] WebApp:191 - Connection restablished
2026-04-12 11:23:48,430 [INFO] WebApp:194 - Connection lost
2026-04-12 11:23:54,166 [INFO] WebApp:191 - Connection restablished
2026-04-12 11:23:58,373 [INFO] WebApp:194 - Connection lost
2026-04-12 11:23:58,484 [INFO] WebApp:191 - Connection restablished
2026-04-12 13:18:19,239 [ERROR] LogOutputStream:75 - [STDERR_REDIRECT] SWT SessionManagerDBus: Failed to UnregisterClient: GDBus.Error:org.freedesktop.DBus.Error.NoReply: Message recipient disconnected from message bus without replying
2026-04-12 13:19:40,175 [INFO] Activator:176 - 


2026-04-12 13:19:40,178 [INFO] Activator:177 - !SESSION log4j initialized
2026-04-12 13:19:43,880 [INFO] LogOutputStream:77 - [STDOUT_REDIRECT] 
2026-04-12 13:19:44,481 [INFO] ApplicationProperties:184 - Using Application install path: /opt/st/stm32cubeide_1.19.0/plugins/com.st.stm32cube.common.mx_6.15.0.202507011659
2026-04-12 13:19:44,502 [INFO] DbMcusXml:78 - Set database path to: /opt/st/stm32cubeide_1.19.0/plugins/com.st.stm32cube.common.mx_6.15.0.202507011659//db//mcu/
2026-04-12 13:19:44,503 [INFO] ApiDb:274 - Set plugin database path to: /opt/st/stm32cubeide_1.19.0/plugins/com.st.stm32cube.common.mx_6.15.0.202507011659//db//plugins/boardmanager/
2026-04-12 13:19:44,503 [WARN] ApiDb:259 - Overriding images path with different value:  => /opt/st/stm32cubeide_1.19.0/plugins/com.st.stm32cube.common.mx_6.15.0.202507011659//db//plugins/mcufinder/images/
2026-04-12 13:19:44,513 [INFO] ApiDb:250 - Set database path to: /home/kamil/.stmcufinder/plugins/mcufinder//mcu/
2026-04-12 13:19:44,517 [INFO] DbMcusAds:125 - Set database path to: /home/kamil/.stmcufinder/plugins/mcufinder//mcu/
2026-04-12 13:19:44,521 [INFO] CrossReferenceDbSqlite:203 - Set database path to: /home/kamil/.stmcufinder/plugins/mcufinder//mcu/cs/
2026-04-12 13:19:44,641 [INFO] RulesReader:64 - Compatibility file has been processed (317 Rules)
2026-04-12 13:19:44,702 [INFO] DbMcusXml:78 - Set database path to: /opt/st/stm32cubeide_1.19.0/plugins/com.st.stm32cube.common.mx_6.15.0.202507011659//db//mcu/
2026-04-12 13:19:44,703 [INFO] ApiDb:274 - Set plugin database path to: /opt/st/stm32cubeide_1.19.0/plugins/com.st.stm32cube.common.mx_6.15.0.202507011659//db//plugins/boardmanager/
2026-04-12 13:19:44,703 [INFO] ApiDb:261 - Set plugin images path to: /opt/st/stm32cubeide_1.19.0/plugins/com.st.stm32cube.common.mx_6.15.0.202507011659//db//plugins/mcufinder/images/
2026-04-12 13:19:44,703 [WARN] DbFile:41 - Overriding database path with different value: /home/kamil/.stmcufinder/plugins/mcufinder/ => /home/kamil/.stmcufinder/plugins/mcufinder
2026-04-12 13:19:44,703 [INFO] ApiDb:250 - Set database path to: /home/kamil/.stmcufinder/plugins/mcufinder//mcu/
2026-04-12 13:19:44,703 [WARN] DbFile:41 - Overriding database path with different value: /home/kamil/.stmcufinder/plugins/mcufinder/ => /home/kamil/.stmcufinder/plugins/mcufinder
2026-04-12 13:19:44,703 [INFO] DbMcusAds:125 - Set database path to: /home/kamil/.stmcufinder/plugins/mcufinder//mcu/
2026-04-12 13:19:44,703 [WARN] DbFile:41 - Overriding database path with different value: /home/kamil/.stmcufinder/plugins/mcufinder/ => /home/kamil/.stmcufinder/plugins/mcufinder
2026-04-12 13:19:44,703 [WARN] DbFile:41 - Overriding database path with different value: /home/kamil/.stmcufinder/plugins/mcufinder/ => /home/kamil/.stmcufinder/plugins/mcufinder
2026-04-12 13:19:44,703 [INFO] CrossReferenceDbSqlite:203 - Set database path to: /home/kamil/.stmcufinder/plugins/mcufinder//mcu/cs/
2026-04-12 13:19:44,760 [INFO] MainPanel:274 - HeapMemory: 268435456
2026-04-12 13:19:44,913 [INFO] DbMcusXml:78 - Set database path to: /opt/st/stm32cubeide_1.19.0/plugins/com.st.stm32cube.common.mx_6.15.0.202507011659//db//mcu/
2026-04-12 13:19:44,913 [INFO] ApiDb:274 - Set plugin database path to: /opt/st/stm32cubeide_1.19.0/plugins/com.st.stm32cube.common.mx_6.15.0.202507011659//db//plugins/boardmanager/
2026-04-12 13:19:44,913 [INFO] ApiDb:261 - Set plugin images path to: /opt/st/stm32cubeide_1.19.0/plugins/com.st.stm32cube.common.mx_6.15.0.202507011659//db//plugins/mcufinder/images/
2026-04-12 13:19:44,913 [WARN] DbFile:41 - Overriding database path with different value: /home/kamil/.stmcufinder/plugins/mcufinder/ => /home/kamil/.stmcufinder/plugins/mcufinder
2026-04-12 13:19:44,913 [INFO] ApiDb:250 - Set database path to: /home/kamil/.stmcufinder/plugins/mcufinder//mcu/
2026-04-12 13:19:44,914 [WARN] DbFile:41 - Overriding database path with different value: /home/kamil/.stmcufinder/plugins/mcufinder/ => /home/kamil/.stmcufinder/plugins/mcufinder
2026-04-12 13:19:44,914 [INFO] DbMcusAds:125 - Set database path to: /home/kamil/.stmcufinder/plugins/mcufinder//mcu/
2026-04-12 13:19:44,914 [WARN] DbFile:41 - Overriding database path with different value: /home/kamil/.stmcufinder/plugins/mcufinder/ => /home/kamil/.stmcufinder/plugins/mcufinder
2026-04-12 13:19:44,914 [WARN] DbFile:41 - Overriding database path with different value: /home/kamil/.stmcufinder/plugins/mcufinder/ => /home/kamil/.stmcufinder/plugins/mcufinder
2026-04-12 13:19:44,914 [INFO] CrossReferenceDbSqlite:203 - Set database path to: /home/kamil/.stmcufinder/plugins/mcufinder//mcu/cs/
2026-04-12 13:19:44,927 [INFO] ApplicationProperties:184 - Using Application install path: /opt/st/stm32cubeide_1.19.0/plugins/com.st.stm32cube.common.mx_6.15.0.202507011659
2026-04-12 13:19:44,928 [INFO] PluginManage:196 - Search for loadable plugins [exclusion list=, ]
2026-04-12 13:19:44,929 [INFO] PluginManage:310 - Check plugin analytics
2026-04-12 13:19:45,071 [INFO] AnalyticsPlugin:253 - Accepted Software Licenses: 
2026-04-12 13:19:45,071 [INFO] AnalyticsPlugin:255 - Accepted CMSIS Pack Licenses: 
2026-04-12 13:19:45,071 [INFO] AnalyticsPlugin:257 - Accepted Firmware Licenses: FW.F4.1.28.0
2026-04-12 13:19:45,072 [INFO] PluginManage:359 - Loaded plugin analytics (category:tool,tabindex:-1)
2026-04-12 13:19:45,072 [INFO] PluginManage:310 - Check plugin cadmodel
2026-04-12 13:19:45,076 [INFO] CADModel:105 - Init CAD model plugin
2026-04-12 13:19:45,077 [INFO] PluginManage:359 - Loaded plugin cadmodel (category:power,tabindex:5)
2026-04-12 13:19:45,077 [INFO] PluginManage:310 - Check plugin clock
2026-04-12 13:19:45,084 [INFO] PluginManage:359 - Loaded plugin clock (category:base,tabindex:2)
2026-04-12 13:19:45,084 [INFO] PluginManage:310 - Check plugin ddr
2026-04-12 13:19:45,085 [INFO] PluginManage:359 - Loaded plugin ddr (category:tool,tabindex:6)
2026-04-12 13:19:45,085 [INFO] PluginManage:310 - Check plugin filemanager
2026-04-12 13:19:45,198 [INFO] PluginManage:359 - Loaded plugin filemanager (category:base,tabindex:10)
2026-04-12 13:19:45,198 [INFO] PluginManage:310 - Check plugin ipmanager
2026-04-12 13:19:45,202 [INFO] PluginManage:359 - Loaded plugin ipmanager (category:base,tabindex:5)
2026-04-12 13:19:45,203 [INFO] PluginManage:310 - Check plugin lpbam
2026-04-12 13:19:45,212 [INFO] PluginManage:359 - Loaded plugin lpbam (category:base,tabindex:0)
2026-04-12 13:19:45,212 [INFO] PluginManage:310 - Check plugin memorymap
2026-04-12 13:19:45,221 [INFO] PluginManage:359 - Loaded plugin memorymap (category:base,tabindex:4)
2026-04-12 13:19:45,221 [INFO] PluginManage:310 - Check plugin pinoutandconfiguration
2026-04-12 13:19:45,227 [INFO] PluginManage:359 - Loaded plugin pinoutandconfiguration (category:base,tabindex:1)
2026-04-12 13:19:45,228 [INFO] PluginManage:310 - Check plugin pinoutconfig
2026-04-12 13:19:45,279 [WARN] SupportedApi:132 - Cannot load RTOS API schema: s4s-elt-must-match.1: The content of 'definitions' must match (annotation?, (simpleType | complexType)?, (unique | key | keyref)*)). A problem was found starting at: attribute.
2026-04-12 13:19:45,369 [INFO] PluginManage:359 - Loaded plugin pinoutconfig (category:base,tabindex:0)
2026-04-12 13:19:45,369 [INFO] PluginManage:310 - Check plugin power
2026-04-12 13:19:45,378 [INFO] PluginManage:359 - Loaded plugin power (category:power,tabindex:4)
2026-04-12 13:19:45,379 [INFO] PluginManage:310 - Check plugin projectmanager
2026-04-12 13:19:45,391 [INFO] PluginManage:359 - Loaded plugin projectmanager (category:projectmanager,tabindex:4)
2026-04-12 13:19:45,391 [INFO] PluginManage:310 - Check plugin rif
2026-04-12 13:19:45,399 [INFO] PluginManage:359 - Loaded plugin rif (category:base,tabindex:3)
2026-04-12 13:19:45,399 [INFO] PluginManage:310 - Check plugin thirdparty
2026-04-12 13:19:45,492 [INFO] PluginManage:359 - Loaded plugin thirdparty (category:base,tabindex:-1)
2026-04-12 13:19:45,492 [WARN] IntegrityCheckThread:84 - waiting for thirdparty lock release [integrity check]
2026-04-12 13:19:45,492 [INFO] PluginManage:310 - Check plugin tools
2026-04-12 13:19:45,492 [INFO] IntegrityCheckThread:86 - entering critical section [integrity check]
2026-04-12 13:19:45,493 [INFO] ThirdPartyUpdaterWithRetryManager:70 - Updater plugin not ready yet. [1/15]
2026-04-12 13:19:45,494 [INFO] PluginManage:359 - Loaded plugin tools (category:base,tabindex:7)
2026-04-12 13:19:45,494 [INFO] PluginManage:310 - Check plugin tutovideos
2026-04-12 13:19:45,613 [INFO] PluginManage:359 - Loaded plugin tutovideos (category:base,tabindex:-1)
2026-04-12 13:19:45,614 [INFO] PluginManage:310 - Check plugin updater
2026-04-12 13:19:45,629 [INFO] PluginManage:359 - Loaded plugin updater (category:base,tabindex:12)
2026-04-12 13:19:45,629 [INFO] PluginManage:310 - Check plugin userauth
2026-04-12 13:19:45,632 [INFO] UserAuth:118 - Init User Auth plugin
2026-04-12 13:19:45,632 [INFO] PluginManage:359 - Loaded plugin userauth (category:base,tabindex:14)
2026-04-12 13:19:45,633 [INFO] PluginManage:283 - PluginManage : Loaded plugins [18]
2026-04-12 13:19:45,760 [INFO] PinOutPanel:1589 - setPackage(No Configuration,No Configuration)
2026-04-12 13:19:45,814 [INFO] CADModel:165 - CPN selected for project level
2026-04-12 13:19:45,814 [INFO] CADModel:114 - Register for checkConnection events
2026-04-12 13:19:45,822 [INFO] IPUIPlugin:80 - create IPUIPlugin
2026-04-12 13:19:45,822 [INFO] PluginManager:220 - loadIPPluginJar : add tracer_emb
2026-04-12 13:19:45,824 [INFO] IPUIPlugin:80 - create IPUIPlugin
2026-04-12 13:19:45,824 [INFO] PluginManager:220 - loadIPPluginJar : add radio
2026-04-12 13:19:45,829 [INFO] IPUIPlugin:80 - create IPUIPlugin
2026-04-12 13:19:45,829 [INFO] PluginManager:220 - loadIPPluginJar : add ddr_ctrl_phy
2026-04-12 13:19:45,837 [INFO] IPUIPlugin:80 - create IPUIPlugin
2026-04-12 13:19:45,838 [INFO] PluginManager:220 - loadIPPluginJar : add mdma
2026-04-12 13:19:45,841 [INFO] IPUIPlugin:80 - create IPUIPlugin
2026-04-12 13:19:45,841 [INFO] PluginManager:220 - loadIPPluginJar : add touchsensing
2026-04-12 13:19:45,842 [INFO] IPUIPlugin:80 - create IPUIPlugin
2026-04-12 13:19:45,843 [INFO] PluginManager:220 - loadIPPluginJar : add ucpd
2026-04-12 13:19:45,848 [INFO] IPUIPlugin:80 - create IPUIPlugin
2026-04-12 13:19:45,851 [INFO] PluginManager:220 - loadIPPluginJar : add plateformsettings
2026-04-12 13:19:45,855 [INFO] IPUIPlugin:80 - create IPUIPlugin
2026-04-12 13:19:45,855 [INFO] PluginManager:220 - loadIPPluginJar : add ipddr
2026-04-12 13:19:45,860 [INFO] IPUIPlugin:80 - create IPUIPlugin
2026-04-12 13:19:45,860 [INFO] PluginManager:220 - loadIPPluginJar : add resmgrutility
2026-04-12 13:19:45,861 [INFO] IPUIPlugin:80 - create IPUIPlugin
2026-04-12 13:19:45,862 [INFO] PluginManager:220 - loadIPPluginJar : add ts
2026-04-12 13:19:45,864 [INFO] IPUIPlugin:80 - create IPUIPlugin
2026-04-12 13:19:45,864 [INFO] PluginManager:220 - loadIPPluginJar : add dma3
2026-04-12 13:19:45,867 [INFO] IPUIPlugin:80 - create IPUIPlugin
2026-04-12 13:19:45,867 [INFO] PluginManager:220 - loadIPPluginJar : add openamp
2026-04-12 13:19:45,869 [INFO] IPUIPlugin:80 - create IPUIPlugin
2026-04-12 13:19:45,870 [INFO] PluginManager:220 - loadIPPluginJar : add opamp
2026-04-12 13:19:45,873 [INFO] IPUIPlugin:80 - create IPUIPlugin
2026-04-12 13:19:45,873 [INFO] PluginManager:220 - loadIPPluginJar : add pdm2pcm
2026-04-12 13:19:45,876 [INFO] IPUIPlugin:80 - create IPUIPlugin
2026-04-12 13:19:45,876 [INFO] PluginManager:220 - loadIPPluginJar : add gfxmmu
2026-04-12 13:19:45,878 [INFO] IPUIPlugin:80 - create IPUIPlugin
2026-04-12 13:19:45,878 [INFO] PluginManager:220 - loadIPPluginJar : add aes
2026-04-12 13:19:45,881 [INFO] IPUIPlugin:80 - create IPUIPlugin
2026-04-12 13:19:45,881 [INFO] PluginManager:220 - loadIPPluginJar : add gtzc
2026-04-12 13:19:45,884 [INFO] IPUIPlugin:80 - create IPUIPlugin
2026-04-12 13:19:45,884 [INFO] PluginManager:220 - loadIPPluginJar : add sai
2026-04-12 13:19:45,886 [INFO] IPUIPlugin:80 - create IPUIPlugin
2026-04-12 13:19:45,886 [INFO] PluginManager:220 - loadIPPluginJar : add tsc
2026-04-12 13:19:45,888 [INFO] IPUIPlugin:80 - create IPUIPlugin
2026-04-12 13:19:45,889 [INFO] PluginManager:220 - loadIPPluginJar : add usbx
2026-04-12 13:19:45,891 [INFO] IPUIPlugin:80 - create IPUIPlugin
2026-04-12 13:19:45,891 [INFO] PluginManager:220 - loadIPPluginJar : add can
2026-04-12 13:19:45,894 [INFO] IPUIPlugin:80 - create IPUIPlugin
2026-04-12 13:19:45,894 [INFO] PluginManager:220 - loadIPPluginJar : add i2c
2026-04-12 13:19:45,897 [INFO] IPUIPlugin:80 - create IPUIPlugin
2026-04-12 13:19:45,897 [INFO] PluginManager:220 - loadIPPluginJar : add lorawan
2026-04-12 13:19:45,899 [INFO] IPUIPlugin:80 - create IPUIPlugin
2026-04-12 13:19:45,899 [INFO] PluginManager:220 - loadIPPluginJar : add spi
2026-04-12 13:19:45,906 [INFO] IPUIPlugin:80 - create IPUIPlugin
2026-04-12 13:19:45,906 [INFO] PluginManager:220 - loadIPPluginJar : add linkedlist
2026-04-12 13:19:45,911 [INFO] IPUIPlugin:80 - create IPUIPlugin
2026-04-12 13:19:45,911 [INFO] PluginManager:220 - loadIPPluginJar : add fmc
2026-04-12 13:19:45,914 [INFO] IPUIPlugin:80 - create IPUIPlugin
2026-04-12 13:19:45,914 [INFO] PluginManager:220 - loadIPPluginJar : add i3c
2026-04-12 13:19:45,915 [INFO] IPUIPlugin:80 - create IPUIPlugin
2026-04-12 13:19:45,915 [INFO] PluginManager:220 - loadIPPluginJar : add ltdc
2026-04-12 13:19:45,921 [INFO] IPUIPlugin:80 - create IPUIPlugin
2026-04-12 13:19:45,921 [INFO] PluginManager:220 - loadIPPluginJar : add dma
2026-04-12 13:19:45,927 [INFO] IPUIPlugin:80 - create IPUIPlugin
2026-04-12 13:19:45,927 [INFO] PluginManager:220 - loadIPPluginJar : add freertos
2026-04-12 13:19:45,929 [INFO] IPUIPlugin:80 - create IPUIPlugin
2026-04-12 13:19:45,929 [INFO] PluginManager:220 - loadIPPluginJar : add hash
2026-04-12 13:19:45,935 [INFO] IPUIPlugin:80 - create IPUIPlugin
2026-04-12 13:19:45,936 [INFO] PluginManager:220 - loadIPPluginJar : add adc
2026-04-12 13:19:45,938 [INFO] IPUIPlugin:80 - create IPUIPlugin
2026-04-12 13:19:45,938 [INFO] PluginManager:220 - loadIPPluginJar : add usart
2026-04-12 13:19:45,945 [INFO] IPUIPlugin:80 - create IPUIPlugin
2026-04-12 13:19:45,945 [INFO] PluginManager:220 - loadIPPluginJar : add stm32_wpan
2026-04-12 13:19:45,946 [INFO] IPUIPlugin:80 - create IPUIPlugin
2026-04-12 13:19:45,946 [INFO] PluginManager:220 - loadIPPluginJar : add genericplugin
2026-04-12 13:19:45,951 [INFO] IPUIPlugin:80 - create IPUIPlugin
2026-04-12 13:19:45,951 [INFO] PluginManager:220 - loadIPPluginJar : add gpio
2026-04-12 13:19:45,955 [INFO] IPUIPlugin:80 - create IPUIPlugin
2026-04-12 13:19:45,955 [INFO] PluginManager:220 - loadIPPluginJar : add nvic
2026-04-12 13:19:45,957 [INFO] IPUIPlugin:80 - create IPUIPlugin
2026-04-12 13:19:45,958 [INFO] PluginManager:220 - loadIPPluginJar : add dfsdm
2026-04-12 13:19:45,959 [INFO] IPUIPlugin:80 - create IPUIPlugin
2026-04-12 13:19:45,959 [INFO] PluginManager:220 - loadIPPluginJar : add fatfs
2026-04-12 13:19:45,960 [INFO] IPUIPlugin:80 - create IPUIPlugin
2026-04-12 13:19:45,960 [INFO] PluginManager:220 - loadIPPluginJar : add comp
2026-04-12 13:19:45,963 [INFO] IPUIPlugin:80 - create IPUIPlugin
2026-04-12 13:19:45,963 [INFO] PluginManager:220 - loadIPPluginJar : add i2s
2026-04-12 13:19:45,965 [INFO] IPUIPlugin:80 - create IPUIPlugin
2026-04-12 13:19:45,965 [INFO] PluginManager:220 - loadIPPluginJar : add cryp
2026-04-12 13:19:45,966 [INFO] IPUIPlugin:80 - create IPUIPlugin
2026-04-12 13:19:45,966 [INFO] PluginManager:220 - loadIPPluginJar : add quadspi
2026-04-12 13:19:45,971 [INFO] IPUIPlugin:80 - create IPUIPlugin
2026-04-12 13:19:45,971 [INFO] PluginManager:220 - loadIPPluginJar : add gic
2026-04-12 13:19:45,972 [INFO] IPUIPlugin:80 - create IPUIPlugin
2026-04-12 13:19:45,972 [INFO] PluginManager:220 - loadIPPluginJar : add tim
2026-04-12 13:19:45,973 [INFO] IPUIPlugin:80 - create IPUIPlugin
2026-04-12 13:19:45,973 [INFO] PluginManager:220 - loadIPPluginJar : add extmemmanager
2026-04-12 13:19:46,063 [FATAL] Updater:351 - Updater called before beeing initialized
2026-04-12 13:19:46,080 [INFO] RulesReader:64 - Compatibility file has been processed (317 Rules)
2026-04-12 13:19:46,087 [INFO] RulesReader:64 - Compatibility file has been processed (317 Rules)
2026-04-12 13:19:46,091 [INFO] CADModel:165 - CPN selected for project level
2026-04-12 13:19:46,091 [INFO] CADModel:114 - Register for checkConnection events
2026-04-12 13:19:46,091 [FATAL] Updater:351 - Updater called before beeing initialized
2026-04-12 13:19:46,091 [ERROR] CADModel:125 - Updater not yet initialized, retry later 
2026-04-12 13:19:46,171 [FATAL] Updater:351 - Updater called before beeing initialized
2026-04-12 13:19:46,172 [INFO] CADModel:165 - CPN selected for project level
2026-04-12 13:19:46,172 [INFO] CADModel:114 - Register for checkConnection events
2026-04-12 13:19:46,172 [FATAL] Updater:351 - Updater called before beeing initialized
2026-04-12 13:19:46,172 [ERROR] CADModel:125 - Updater not yet initialized, retry later 
2026-04-12 13:19:46,174 [FATAL] Updater:351 - Updater called before beeing initialized
2026-04-12 13:19:46,233 [FATAL] Updater:351 - Updater called before beeing initialized
2026-04-12 13:19:46,237 [INFO] DbMcusAds:53 - JSON generation date=Wed Feb 18 15:32:49 CET 2026 (1771425169371)
2026-04-12 13:19:46,237 [FATAL] Updater:351 - Updater called before beeing initialized
2026-04-12 13:19:46,261 [WARN] DetailPanel:346 - Failed to get advertising image, set to default
2026-04-12 13:19:46,310 [FATAL] Updater:351 - Updater called before beeing initialized
2026-04-12 13:19:46,311 [FATAL] Updater:351 - Updater called before beeing initialized
2026-04-12 13:19:46,311 [FATAL] Updater:351 - Updater called before beeing initialized
2026-04-12 13:19:46,311 [WARN] DetailPanel:346 - Failed to get advertising image, set to default
2026-04-12 13:19:46,312 [FATAL] Updater:351 - Updater called before beeing initialized
2026-04-12 13:19:46,331 [ERROR] Updater:1198 - MainUpdater not yet initialized. External WinMGr cannot be set.
2026-04-12 13:19:46,332 [INFO] Updater:1134 - Updater Version found : 6.15.0
2026-04-12 13:19:46,345 [INFO] ApplicationProperties:184 - Using Application install path: /opt/st/stm32cubeide_1.19.0/plugins/com.st.stm32cube.common.mx_6.15.0.202507011659
2026-04-12 13:19:46,694 [INFO] MainUpdater:2872 - connection check result : 10
2026-04-12 13:19:46,695 [INFO] MainUpdater:289 - Updater Check For Update Now.
2026-04-12 13:19:46,695 [INFO] MicroXplorer:498 - Change Database Version : DB.6.0.150
2026-04-12 13:19:46,700 [INFO] McuFinderGlobals:63 - Set McuFinder mode to 2 (CubeIDE integrated)
2026-04-12 13:19:46,701 [INFO] UserAuth:487 - Internet connection configuration mode: 1
2026-04-12 13:19:46,721 [INFO] JxBrowserEngine:152 - Initiate JxBrowser Engine with user profile folder
2026-04-12 13:19:46,857 [INFO] CheckServerUpdateThread:120 - End of CheckServer Thread
2026-04-12 13:19:47,329 [INFO] WebApp:169 - Instantiating new browser for Auth
2026-04-12 13:19:47,769 [INFO] WebApp:463 - Apply proxy settings
2026-04-12 13:19:47,769 [INFO] WebApp:548 - Chromium requires no authentication
2026-04-12 13:19:47,774 [INFO] WebApp:491 - Direct internet connection detected
2026-04-12 13:19:47,786 [INFO] WebApp:900 - Register for checkConnection events
2026-04-12 13:19:47,786 [INFO] WebApp:463 - Apply proxy settings
2026-04-12 13:19:47,786 [INFO] WebApp:548 - Chromium requires no authentication
2026-04-12 13:19:47,787 [INFO] WebApp:491 - Direct internet connection detected
2026-04-12 13:19:47,865 [INFO] WebApp:225 - Starting web application
2026-04-12 13:19:47,865 [INFO] WebApp:593 - Web application path used /opt/st/stm32cubeide_1.19.0/plugins/com.st.stm32cube.common.mx_6.15.0.202507011659/db/plugins/mcufinder/reactClient1/index.html
2026-04-12 13:19:47,931 [INFO] UserAuth:487 - Internet connection configuration mode: 1
2026-04-12 13:19:48,080 [INFO] WebApp:191 - Connection restablished
2026-04-12 13:19:48,606 [WARN] PackLoader:240 - Cannot read IP mode file for STMicroelectronics.X-CUBE-AZRTOS-H7.3.5.0
2026-04-12 13:19:48,614 [WARN] PackLoader:240 - Cannot read IP mode file for STMicroelectronics.FP-SNS-MOTENVWB1.1.4.0
2026-04-12 13:19:48,618 [WARN] PackLoader:240 - Cannot read IP mode file for STMicroelectronics.FP-ATR-ASTRA1.2.0.2
2026-04-12 13:19:48,623 [WARN] PackLoader:240 - Cannot read IP mode file for STMicroelectronics.X-CUBE-SMBUS.2.1.0
2026-04-12 13:19:48,626 [WARN] PackLoader:240 - Cannot read IP mode file for STMicroelectronics.X-CUBE-ST60.1.0.0
2026-04-12 13:19:48,653 [WARN] PackLoader:240 - Cannot read IP mode file for STMicroelectronics.X-CUBE-AZRTOS-F7.1.1.0
2026-04-12 13:19:48,659 [WARN] PackLoader:240 - Cannot read IP mode file for Cesanta.I-CUBE-Mongoose.7.19.0
2026-04-12 13:19:48,662 [WARN] PackLoader:240 - Cannot read IP mode file for STMicroelectronics.FP-SNS-MOTENV1.5.1.0
2026-04-12 13:19:48,669 [WARN] PackLoader:240 - Cannot read IP mode file for WES.I-CUBE-Cesium.1.4.0
2026-04-12 13:19:48,684 [WARN] PackLoader:240 - Cannot read IP mode file for Infineon.AIROC-Wi-Fi-Bluetooth-STM32.1.7.1
2026-04-12 13:19:48,701 [WARN] PackLoader:240 - Cannot read IP mode file for STMicroelectronics.X-CUBE-AZRTOS-H7.3.4.0
2026-04-12 13:19:48,708 [WARN] PackLoader:240 - Cannot read IP mode file for STMicroelectronics.X-CUBE-DISPLAY.3.0.0
2026-04-12 13:19:48,714 [WARN] PackLoader:240 - Cannot read IP mode file for STMicroelectronics.FP-SNS-MOTENVWB1.1.5.0
2026-04-12 13:19:48,719 [WARN] PackLoader:240 - Cannot read IP mode file for STMicroelectronics.X-CUBE-NFC10.1.0.0
2026-04-12 13:19:48,724 [WARN] PackLoader:240 - Cannot read IP mode file for STMicroelectronics.X-CUBE-ST60.1.1.0
2026-04-12 13:19:48,727 [WARN] PackLoader:240 - Cannot read IP mode file for emotas.I-CUBE-CANOPEN.1.3.0
2026-04-12 13:19:48,730 [WARN] PackLoader:240 - Cannot read IP mode file for STMicroelectronics.X-CUBE-GNSS1.7.1.0
2026-04-12 13:19:48,734 [WARN] PackLoader:240 - Cannot read IP mode file for STMicroelectronics.FP-SNS-SMARTAG2.1.2.0
2026-04-12 13:19:48,737 [WARN] PackLoader:240 - Cannot read IP mode file for STMicroelectronics.FP-SNS-FLIGHT1.5.1.0
2026-04-12 13:19:48,743 [INFO] LogOutputStream:77 - [STDOUT_REDIRECT] 1 : Invalid condition id : UX_CORESTACK_Condition cause : null
2026-04-12 13:19:48,743 [INFO] LogOutputStream:77 - [STDOUT_REDIRECT] 1 : Invalid condition id : UX_CORESTACK_Condition cause : null
2026-04-12 13:19:48,744 [INFO] LogOutputStream:77 - [STDOUT_REDIRECT] 1 : Invalid condition id : UX_CORESTACK_Condition cause : null
2026-04-12 13:19:48,744 [INFO] LogOutputStream:77 - [STDOUT_REDIRECT] 1 : Invalid condition id : UX_CORESTACK_Condition cause : null
2026-04-12 13:19:48,744 [INFO] LogOutputStream:77 - [STDOUT_REDIRECT] 1 : Invalid condition id : UX_CORESTACK_Condition cause : null
2026-04-12 13:19:48,746 [WARN] PackLoader:240 - Cannot read IP mode file for STMicroelectronics.X-CUBE-AZRTOS-WL.2.0.0
2026-04-12 13:19:48,749 [WARN] PackLoader:240 - Cannot read IP mode file for STMicroelectronics.FP-SNS-MOTENV1.5.0.0
2026-04-12 13:19:48,760 [WARN] PackLoader:240 - Cannot read IP mode file for STMicroelectronics.X-CUBE-AZRTOS-H7RS.1.2.0
2026-04-12 13:19:48,765 [WARN] PackLoader:240 - Cannot read IP mode file for STMicroelectronics.X-CUBE-BLE2.3.3.0
2026-04-12 13:19:48,779 [WARN] PackLoader:240 - Cannot read IP mode file for STMicroelectronics.X-CUBE-NFC9.1.0.0
2026-04-12 13:19:48,782 [WARN] PackLoader:240 - Cannot read IP mode file for wolfSSL.I-CUBE-wolfSSL.5.8.2
2026-04-12 13:19:48,785 [WARN] PackLoader:240 - Cannot read IP mode file for STMicroelectronics.X-CUBE-BLE1.7.1.0
2026-04-12 13:19:48,788 [WARN] PackLoader:240 - Cannot read IP mode file for wolfSSL.I-CUBE-wolfMQTT.1.19.2
2026-04-12 13:19:48,791 [WARN] PackLoader:240 - Cannot read IP mode file for STMicroelectronics.X-CUBE-FREERTOS.1.4.0
2026-04-12 13:19:48,795 [WARN] PackLoader:240 - Cannot read IP mode file for STMicroelectronics.X-CUBE-EEPRMA1.5.2.0
2026-04-12 13:19:48,800 [WARN] PackLoader:240 - Cannot read IP mode file for STMicroelectronics.X-CUBE-ST67W61.1.1.0
2026-04-12 13:19:48,850 [WARN] PackLoader:240 - Cannot read IP mode file for STMicroelectronics.X-CUBE-MEMS1.12.0.0
2026-04-12 13:19:48,992 [WARN] PackLoader:240 - Cannot read IP mode file for STMicroelectronics.X-CUBE-AZRTOS-G0.1.1.0
2026-04-12 13:19:49,000 [WARN] PackLoader:240 - Cannot read IP mode file for STMicroelectronics.X-CUBE-SAFEA1.1.2.2
2026-04-12 13:19:49,005 [WARN] PackLoader:240 - Cannot read IP mode file for STMicroelectronics.X-CUBE-NFC4.3.0.0
2026-04-12 13:19:49,018 [WARN] PackLoader:240 - Cannot read IP mode file for EmbeddedOffice.I-CUBE-FS-RTOS.1.0.1
2026-04-12 13:19:49,023 [WARN] PackLoader:240 - Cannot read IP mode file for STMicroelectronics.X-CUBE-WB05N.2.0.0
2026-04-12 13:19:49,026 [WARN] PackLoader:240 - Cannot read IP mode file for wolfSSL.I-CUBE-wolfTPM.3.8.0
2026-04-12 13:19:49,030 [WARN] PackLoader:240 - Cannot read IP mode file for STMicroelectronics.X-CUBE-TCPP.4.2.0
2026-04-12 13:19:49,034 [WARN] PackLoader:240 - Cannot read IP mode file for RealThread.X-CUBE-RT-Thread_Nano.4.1.1
2026-04-12 13:19:49,038 [WARN] PackLoader:240 - Cannot read IP mode file for STMicroelectronics.FP-ATR-SIGFOX1.3.2.0
2026-04-12 13:19:49,041 [WARN] PackLoader:240 - Cannot read IP mode file for STMicroelectronics.X-CUBE-FREERTOS.1.5.0
2026-04-12 13:19:49,046 [WARN] PackLoader:240 - Cannot read IP mode file for ITTIA_DB.I-CUBE-ITTIADB.8.9.0
2026-04-12 13:19:49,052 [WARN] PackLoader:240 - Cannot read IP mode file for STMicroelectronics.X-CUBE-NFC6.3.2.0
2026-04-12 13:19:49,069 [WARN] PackLoader:240 - Cannot read IP mode file for SEGGER.I-CUBE-embOS.1.3.1
2026-04-12 13:19:49,097 [WARN] PackLoader:240 - Cannot read IP mode file for STMicroelectronics.X-CUBE-ALGOBUILD.1.4.0
2026-04-12 13:19:49,125 [WARN] PackLoader:240 - Cannot read IP mode file for STMicroelectronics.X-CUBE-MEMS1.11.3.0
2026-04-12 13:19:49,212 [WARN] PackLoader:240 - Cannot read IP mode file for STMicroelectronics.X-CUBE-PM33A1.1.0.0
2026-04-12 13:19:49,220 [WARN] PackLoader:240 - Cannot read IP mode file for STMicroelectronics.X-CUBE-AZRTOS-F4.1.1.0
2026-04-12 13:19:49,225 [WARN] PackLoader:240 - Cannot read IP mode file for STMicroelectronics.X-CUBE-ISPU.2.1.0
2026-04-12 13:19:49,232 [WARN] PackLoader:240 - Cannot read IP mode file for STMicroelectronics.X-CUBE-IPS.3.2.0
2026-04-12 13:19:49,238 [WARN] PackLoader:240 - Cannot read IP mode file for STMicroelectronics.eDS-WB_DPC_TT-BIDIR.2.1.1
2026-04-12 13:19:49,241 [WARN] PackLoader:240 - Cannot read IP mode file for STMicroelectronics.X-CUBE-NFC12.1.0.0
2026-04-12 13:19:49,251 [WARN] PackLoader:240 - Cannot read IP mode file for STMicroelectronics.X-CUBE-AZRTOS-L5.2.0.0
2026-04-12 13:19:49,256 [WARN] PackLoader:240 - Cannot read IP mode file for STMicroelectronics.X-CUBE-NFC6.3.1.0
2026-04-12 13:19:49,259 [WARN] PackLoader:240 - Cannot read IP mode file for STMicroelectronics.eDS-WB_DPC_VIENNA.1.2.0
2026-04-12 13:19:49,261 [WARN] PackLoader:240 - Cannot read IP mode file for STMicroelectronics.eDS-WB_DPC_3PH2L-BIDIR.1.1.1
2026-04-12 13:19:49,264 [WARN] PackLoader:240 - Cannot read IP mode file for STMicroelectronics.X-CUBE-FREERTOS.1.3.1
2026-04-12 13:19:49,267 [WARN] PackLoader:240 - Cannot read IP mode file for STMicroelectronics.X-CUBE-TOUCHGFX.4.26.0
2026-04-12 13:19:49,269 [WARN] PackLoader:240 - Cannot read IP mode file for STMicroelectronics.X-CUBE-TOUCHGFX.4.26.1
2026-04-12 13:19:49,271 [WARN] PackLoader:240 - Cannot read IP mode file for STMicroelectronics.X-CUBE-DPower.1.3.0
2026-04-12 13:19:49,280 [WARN] ConditionMgr:438 - getConditionDescription Invalid condition id : LAN8742 Phy interface Condition cause : null
2026-04-12 13:19:49,281 [WARN] PackLoader:240 - Cannot read IP mode file for STMicroelectronics.X-CUBE-AZRTOS-L4.2.0.0
2026-04-12 13:19:49,281 [WARN] ConditionMgr:1044 - genDependencies : Invalid condition id : LAN8742 Phy interface Condition cause : null
2026-04-12 13:19:49,282 [WARN] ConditionMgr:1044 - genDependencies : Invalid condition id : LAN8742 Phy interface Condition cause : null
2026-04-12 13:19:49,282 [WARN] ConditionMgr:1044 - genDependencies : Invalid condition id : LAN8742 Phy interface Condition cause : null
2026-04-12 13:19:49,286 [WARN] PackLoader:240 - Cannot read IP mode file for STMicroelectronics.X-CUBE-SFXS2LP1.4.0.0
2026-04-12 13:19:49,289 [WARN] PackLoader:240 - Cannot read IP mode file for STMicroelectronics.X-CUBE-WB05N.2.1.0
2026-04-12 13:19:49,293 [WARN] PackLoader:240 - Cannot read IP mode file for STMicroelectronics.X-CUBE-ST67W61.1.2.0
2026-04-12 13:19:49,299 [WARN] PackLoader:240 - Cannot read IP mode file for STMicroelectronics.X-CUBE-BLEMGR.4.1.0
2026-04-12 13:19:49,307 [WARN] ConditionMgr:438 - getConditionDescription Invalid condition id : UX DEVICE CLASS RTOS Condition cause : null
2026-04-12 13:19:49,307 [WARN] ConditionMgr:438 - getConditionDescription Invalid condition id : UX DEVICE CLASS RTOS Condition cause : null
2026-04-12 13:19:49,308 [WARN] PackLoader:240 - Cannot read IP mode file for STMicroelectronics.X-CUBE-AZRTOS-WB.2.0.0
2026-04-12 13:19:49,309 [WARN] ConditionMgr:1044 - genDependencies : Invalid condition id : UX DEVICE CLASS RTOS Condition cause : null
2026-04-12 13:19:49,309 [WARN] ConditionMgr:1044 - genDependencies : Invalid condition id : UX DEVICE CLASS RTOS Condition cause : null
2026-04-12 13:19:49,309 [WARN] ConditionMgr:1044 - genDependencies : Invalid condition id : UX DEVICE CLASS RTOS Condition cause : null
2026-04-12 13:19:49,309 [WARN] ConditionMgr:1044 - genDependencies : Invalid condition id : UX DEVICE CLASS RTOS Condition cause : null
2026-04-12 13:19:49,309 [WARN] ConditionMgr:1044 - genDependencies : Invalid condition id : UX DEVICE CLASS RTOS Condition cause : null
2026-04-12 13:19:49,312 [WARN] PackLoader:240 - Cannot read IP mode file for STMicroelectronics.X-CUBE-GNSS1.7.0.1
2026-04-12 13:19:49,315 [WARN] ConditionMgr:438 - getConditionDescription Invalid condition id : Cortex-A Device cause : null
2026-04-12 13:19:49,320 [WARN] ConditionMgr:1044 - genDependencies : Invalid condition id : Cortex-A Device cause : null
2026-04-12 13:19:49,320 [WARN] ConditionMgr:1044 - genDependencies : Invalid condition id : Cortex-A Device cause : null
2026-04-12 13:19:49,320 [WARN] ConditionMgr:1044 - genDependencies : Invalid condition id : Cortex-A Device cause : null
2026-04-12 13:19:49,323 [WARN] PackLoader:240 - Cannot read IP mode file for STMicroelectronics.X-CUBE-STSE01.2.0.0
2026-04-12 13:19:49,328 [WARN] PackLoader:240 - Cannot read IP mode file for STMicroelectronics.X-CUBE-SUBG2.5.0.0
2026-04-12 13:19:49,347 [WARN] PackLoader:240 - Cannot read IP mode file for STMicroelectronics.X-CUBE-AZRTOS-H7RS.1.1.0
2026-04-12 13:19:49,358 [WARN] PackLoader:240 - Cannot read IP mode file for STMicroelectronics.X-CUBE-AZRTOS-G4.2.0.0
2026-04-12 13:19:49,362 [WARN] PackLoader:240 - Cannot read IP mode file for wolfSSL.I-CUBE-wolfSSH.1.4.20
2026-04-12 13:19:49,366 [WARN] PackLoader:240 - Cannot read IP mode file for STMicroelectronics.X-CUBE-NFC7.2.0.0
2026-04-12 13:19:49,370 [WARN] PackLoader:240 - Cannot read IP mode file for STMicroelectronics.X-CUBE-ALS.1.0.2
2026-04-12 13:19:49,374 [WARN] PackLoader:240 - Cannot read IP mode file for STMicroelectronics.X-CUBE-STSE01.1.0.0
2026-04-12 13:19:49,381 [WARN] PackLoader:240 - Cannot read IP mode file for STMicroelectronics.X-CUBE-TOF1.3.4.3
2026-04-12 13:19:49,389 [INFO] ThirdParty:978 - Integrity check success = true
2026-04-12 13:19:49,389 [INFO] IntegrityCheckThread:100 - exiting critical section [integrity check]
2026-04-12 13:19:49,389 [INFO] IntegrityCheckThread:103 - End integrity checks thread
2026-04-12 13:56:01,359 [ERROR] LogOutputStream:75 - [STDERR_REDIRECT] SWT SessionManagerDBus: Failed to UnregisterClient: GDBus.Error:org.freedesktop.DBus.Error.NoReply: Message recipient disconnected from message bus without replying
2026-04-12 13:57:25,433 [INFO] Activator:176 - 


2026-04-12 13:57:25,435 [INFO] Activator:177 - !SESSION log4j initialized
2026-04-12 13:57:28,460 [INFO] LogOutputStream:77 - [STDOUT_REDIRECT] 
2026-04-12 13:57:29,229 [INFO] ApplicationProperties:184 - Using Application install path: /opt/st/stm32cubeide_1.19.0/plugins/com.st.stm32cube.common.mx_6.15.0.202507011659
2026-04-12 13:57:29,245 [INFO] DbMcusXml:78 - Set database path to: /opt/st/stm32cubeide_1.19.0/plugins/com.st.stm32cube.common.mx_6.15.0.202507011659//db//mcu/
2026-04-12 13:57:29,246 [INFO] ApiDb:274 - Set plugin database path to: /opt/st/stm32cubeide_1.19.0/plugins/com.st.stm32cube.common.mx_6.15.0.202507011659//db//plugins/boardmanager/
2026-04-12 13:57:29,246 [WARN] ApiDb:259 - Overriding images path with different value:  => /opt/st/stm32cubeide_1.19.0/plugins/com.st.stm32cube.common.mx_6.15.0.202507011659//db//plugins/mcufinder/images/
2026-04-12 13:57:29,251 [INFO] ApiDb:250 - Set database path to: /home/kamil/.stmcufinder/plugins/mcufinder//mcu/
2026-04-12 13:57:29,252 [INFO] DbMcusAds:125 - Set database path to: /home/kamil/.stmcufinder/plugins/mcufinder//mcu/
2026-04-12 13:57:29,254 [INFO] CrossReferenceDbSqlite:203 - Set database path to: /home/kamil/.stmcufinder/plugins/mcufinder//mcu/cs/
2026-04-12 13:57:29,338 [INFO] RulesReader:64 - Compatibility file has been processed (317 Rules)
2026-04-12 13:57:29,378 [INFO] DbMcusXml:78 - Set database path to: /opt/st/stm32cubeide_1.19.0/plugins/com.st.stm32cube.common.mx_6.15.0.202507011659//db//mcu/
2026-04-12 13:57:29,378 [INFO] ApiDb:274 - Set plugin database path to: /opt/st/stm32cubeide_1.19.0/plugins/com.st.stm32cube.common.mx_6.15.0.202507011659//db//plugins/boardmanager/
2026-04-12 13:57:29,378 [INFO] ApiDb:261 - Set plugin images path to: /opt/st/stm32cubeide_1.19.0/plugins/com.st.stm32cube.common.mx_6.15.0.202507011659//db//plugins/mcufinder/images/
2026-04-12 13:57:29,379 [WARN] DbFile:41 - Overriding database path with different value: /home/kamil/.stmcufinder/plugins/mcufinder/ => /home/kamil/.stmcufinder/plugins/mcufinder
2026-04-12 13:57:29,379 [INFO] ApiDb:250 - Set database path to: /home/kamil/.stmcufinder/plugins/mcufinder//mcu/
2026-04-12 13:57:29,379 [WARN] DbFile:41 - Overriding database path with different value: /home/kamil/.stmcufinder/plugins/mcufinder/ => /home/kamil/.stmcufinder/plugins/mcufinder
2026-04-12 13:57:29,379 [INFO] DbMcusAds:125 - Set database path to: /home/kamil/.stmcufinder/plugins/mcufinder//mcu/
2026-04-12 13:57:29,379 [WARN] DbFile:41 - Overriding database path with different value: /home/kamil/.stmcufinder/plugins/mcufinder/ => /home/kamil/.stmcufinder/plugins/mcufinder
2026-04-12 13:57:29,379 [WARN] DbFile:41 - Overriding database path with different value: /home/kamil/.stmcufinder/plugins/mcufinder/ => /home/kamil/.stmcufinder/plugins/mcufinder
2026-04-12 13:57:29,379 [INFO] CrossReferenceDbSqlite:203 - Set database path to: /home/kamil/.stmcufinder/plugins/mcufinder//mcu/cs/
2026-04-12 13:57:29,424 [INFO] MainPanel:274 - HeapMemory: 268435456
2026-04-12 13:57:29,508 [INFO] DbMcusXml:78 - Set database path to: /opt/st/stm32cubeide_1.19.0/plugins/com.st.stm32cube.common.mx_6.15.0.202507011659//db//mcu/
2026-04-12 13:57:29,509 [INFO] ApiDb:274 - Set plugin database path to: /opt/st/stm32cubeide_1.19.0/plugins/com.st.stm32cube.common.mx_6.15.0.202507011659//db//plugins/boardmanager/
2026-04-12 13:57:29,509 [INFO] ApiDb:261 - Set plugin images path to: /opt/st/stm32cubeide_1.19.0/plugins/com.st.stm32cube.common.mx_6.15.0.202507011659//db//plugins/mcufinder/images/
2026-04-12 13:57:29,509 [WARN] DbFile:41 - Overriding database path with different value: /home/kamil/.stmcufinder/plugins/mcufinder/ => /home/kamil/.stmcufinder/plugins/mcufinder
2026-04-12 13:57:29,509 [INFO] ApiDb:250 - Set database path to: /home/kamil/.stmcufinder/plugins/mcufinder//mcu/
2026-04-12 13:57:29,509 [WARN] DbFile:41 - Overriding database path with different value: /home/kamil/.stmcufinder/plugins/mcufinder/ => /home/kamil/.stmcufinder/plugins/mcufinder
2026-04-12 13:57:29,509 [INFO] DbMcusAds:125 - Set database path to: /home/kamil/.stmcufinder/plugins/mcufinder//mcu/
2026-04-12 13:57:29,509 [WARN] DbFile:41 - Overriding database path with different value: /home/kamil/.stmcufinder/plugins/mcufinder/ => /home/kamil/.stmcufinder/plugins/mcufinder
2026-04-12 13:57:29,509 [WARN] DbFile:41 - Overriding database path with different value: /home/kamil/.stmcufinder/plugins/mcufinder/ => /home/kamil/.stmcufinder/plugins/mcufinder
2026-04-12 13:57:29,509 [INFO] CrossReferenceDbSqlite:203 - Set database path to: /home/kamil/.stmcufinder/plugins/mcufinder//mcu/cs/
2026-04-12 13:57:29,518 [INFO] ApplicationProperties:184 - Using Application install path: /opt/st/stm32cubeide_1.19.0/plugins/com.st.stm32cube.common.mx_6.15.0.202507011659
2026-04-12 13:57:29,519 [INFO] PluginManage:196 - Search for loadable plugins [exclusion list=, ]
2026-04-12 13:57:29,520 [INFO] PluginManage:310 - Check plugin analytics
2026-04-12 13:57:29,602 [INFO] AnalyticsPlugin:253 - Accepted Software Licenses: 
2026-04-12 13:57:29,602 [INFO] AnalyticsPlugin:255 - Accepted CMSIS Pack Licenses: 
2026-04-12 13:57:29,602 [INFO] AnalyticsPlugin:257 - Accepted Firmware Licenses: FW.F4.1.28.0
2026-04-12 13:57:29,603 [INFO] PluginManage:359 - Loaded plugin analytics (category:tool,tabindex:-1)
2026-04-12 13:57:29,604 [INFO] PluginManage:310 - Check plugin cadmodel
2026-04-12 13:57:29,607 [INFO] CADModel:105 - Init CAD model plugin
2026-04-12 13:57:29,607 [INFO] PluginManage:359 - Loaded plugin cadmodel (category:power,tabindex:5)
2026-04-12 13:57:29,607 [INFO] PluginManage:310 - Check plugin clock
2026-04-12 13:57:29,613 [INFO] PluginManage:359 - Loaded plugin clock (category:base,tabindex:2)
2026-04-12 13:57:29,613 [INFO] PluginManage:310 - Check plugin ddr
2026-04-12 13:57:29,614 [INFO] PluginManage:359 - Loaded plugin ddr (category:tool,tabindex:6)
2026-04-12 13:57:29,614 [INFO] PluginManage:310 - Check plugin filemanager
2026-04-12 13:57:29,694 [INFO] PluginManage:359 - Loaded plugin filemanager (category:base,tabindex:10)
2026-04-12 13:57:29,695 [INFO] PluginManage:310 - Check plugin ipmanager
2026-04-12 13:57:29,698 [INFO] PluginManage:359 - Loaded plugin ipmanager (category:base,tabindex:5)
2026-04-12 13:57:29,698 [INFO] PluginManage:310 - Check plugin lpbam
2026-04-12 13:57:29,705 [INFO] PluginManage:359 - Loaded plugin lpbam (category:base,tabindex:0)
2026-04-12 13:57:29,705 [INFO] PluginManage:310 - Check plugin memorymap
2026-04-12 13:57:29,711 [INFO] PluginManage:359 - Loaded plugin memorymap (category:base,tabindex:4)
2026-04-12 13:57:29,711 [INFO] PluginManage:310 - Check plugin pinoutandconfiguration
2026-04-12 13:57:29,716 [INFO] PluginManage:359 - Loaded plugin pinoutandconfiguration (category:base,tabindex:1)
2026-04-12 13:57:29,716 [INFO] PluginManage:310 - Check plugin pinoutconfig
2026-04-12 13:57:29,769 [WARN] SupportedApi:132 - Cannot load RTOS API schema: s4s-elt-must-match.1: The content of 'definitions' must match (annotation?, (simpleType | complexType)?, (unique | key | keyref)*)). A problem was found starting at: attribute.
2026-04-12 13:57:29,867 [INFO] PluginManage:359 - Loaded plugin pinoutconfig (category:base,tabindex:0)
2026-04-12 13:57:29,867 [INFO] PluginManage:310 - Check plugin power
2026-04-12 13:57:29,875 [INFO] PluginManage:359 - Loaded plugin power (category:power,tabindex:4)
2026-04-12 13:57:29,875 [INFO] PluginManage:310 - Check plugin projectmanager
2026-04-12 13:57:29,886 [INFO] PluginManage:359 - Loaded plugin projectmanager (category:projectmanager,tabindex:4)
2026-04-12 13:57:29,887 [INFO] PluginManage:310 - Check plugin rif
2026-04-12 13:57:29,893 [INFO] PluginManage:359 - Loaded plugin rif (category:base,tabindex:3)
2026-04-12 13:57:29,893 [INFO] PluginManage:310 - Check plugin thirdparty
2026-04-12 13:57:29,965 [INFO] PluginManage:359 - Loaded plugin thirdparty (category:base,tabindex:-1)
2026-04-12 13:57:29,965 [INFO] PluginManage:310 - Check plugin tools
2026-04-12 13:57:29,965 [WARN] IntegrityCheckThread:84 - waiting for thirdparty lock release [integrity check]
2026-04-12 13:57:29,965 [INFO] IntegrityCheckThread:86 - entering critical section [integrity check]
2026-04-12 13:57:29,966 [INFO] ThirdPartyUpdaterWithRetryManager:70 - Updater plugin not ready yet. [1/15]
2026-04-12 13:57:29,966 [INFO] PluginManage:359 - Loaded plugin tools (category:base,tabindex:7)
2026-04-12 13:57:29,967 [INFO] PluginManage:310 - Check plugin tutovideos
2026-04-12 13:57:30,076 [INFO] PluginManage:359 - Loaded plugin tutovideos (category:base,tabindex:-1)
2026-04-12 13:57:30,076 [INFO] PluginManage:310 - Check plugin updater
2026-04-12 13:57:30,094 [INFO] PluginManage:359 - Loaded plugin updater (category:base,tabindex:12)
2026-04-12 13:57:30,094 [INFO] PluginManage:310 - Check plugin userauth
2026-04-12 13:57:30,097 [INFO] UserAuth:118 - Init User Auth plugin
2026-04-12 13:57:30,098 [INFO] PluginManage:359 - Loaded plugin userauth (category:base,tabindex:14)
2026-04-12 13:57:30,098 [INFO] PluginManage:283 - PluginManage : Loaded plugins [18]
2026-04-12 13:57:30,198 [INFO] PinOutPanel:1589 - setPackage(No Configuration,No Configuration)
2026-04-12 13:57:30,248 [INFO] CADModel:165 - CPN selected for project level
2026-04-12 13:57:30,248 [INFO] CADModel:114 - Register for checkConnection events
2026-04-12 13:57:30,258 [INFO] IPUIPlugin:80 - create IPUIPlugin
2026-04-12 13:57:30,258 [INFO] PluginManager:220 - loadIPPluginJar : add tracer_emb
2026-04-12 13:57:30,260 [INFO] IPUIPlugin:80 - create IPUIPlugin
2026-04-12 13:57:30,260 [INFO] PluginManager:220 - loadIPPluginJar : add radio
2026-04-12 13:57:30,265 [INFO] IPUIPlugin:80 - create IPUIPlugin
2026-04-12 13:57:30,266 [INFO] PluginManager:220 - loadIPPluginJar : add ddr_ctrl_phy
2026-04-12 13:57:30,272 [INFO] IPUIPlugin:80 - create IPUIPlugin
2026-04-12 13:57:30,272 [INFO] PluginManager:220 - loadIPPluginJar : add mdma
2026-04-12 13:57:30,275 [INFO] IPUIPlugin:80 - create IPUIPlugin
2026-04-12 13:57:30,275 [INFO] PluginManager:220 - loadIPPluginJar : add touchsensing
2026-04-12 13:57:30,277 [INFO] IPUIPlugin:80 - create IPUIPlugin
2026-04-12 13:57:30,277 [INFO] PluginManager:220 - loadIPPluginJar : add ucpd
2026-04-12 13:57:30,283 [INFO] IPUIPlugin:80 - create IPUIPlugin
2026-04-12 13:57:30,286 [INFO] PluginManager:220 - loadIPPluginJar : add plateformsettings
2026-04-12 13:57:30,290 [INFO] IPUIPlugin:80 - create IPUIPlugin
2026-04-12 13:57:30,290 [INFO] PluginManager:220 - loadIPPluginJar : add ipddr
2026-04-12 13:57:30,295 [INFO] IPUIPlugin:80 - create IPUIPlugin
2026-04-12 13:57:30,295 [INFO] PluginManager:220 - loadIPPluginJar : add resmgrutility
2026-04-12 13:57:30,297 [INFO] IPUIPlugin:80 - create IPUIPlugin
2026-04-12 13:57:30,297 [INFO] PluginManager:220 - loadIPPluginJar : add ts
2026-04-12 13:57:30,299 [INFO] IPUIPlugin:80 - create IPUIPlugin
2026-04-12 13:57:30,299 [INFO] PluginManager:220 - loadIPPluginJar : add dma3
2026-04-12 13:57:30,301 [INFO] IPUIPlugin:80 - create IPUIPlugin
2026-04-12 13:57:30,301 [INFO] PluginManager:220 - loadIPPluginJar : add openamp
2026-04-12 13:57:30,302 [INFO] IPUIPlugin:80 - create IPUIPlugin
2026-04-12 13:57:30,303 [INFO] PluginManager:220 - loadIPPluginJar : add opamp
2026-04-12 13:57:30,305 [INFO] IPUIPlugin:80 - create IPUIPlugin
2026-04-12 13:57:30,306 [INFO] PluginManager:220 - loadIPPluginJar : add pdm2pcm
2026-04-12 13:57:30,307 [INFO] IPUIPlugin:80 - create IPUIPlugin
2026-04-12 13:57:30,307 [INFO] PluginManager:220 - loadIPPluginJar : add gfxmmu
2026-04-12 13:57:30,309 [INFO] IPUIPlugin:80 - create IPUIPlugin
2026-04-12 13:57:30,309 [INFO] PluginManager:220 - loadIPPluginJar : add aes
2026-04-12 13:57:30,312 [INFO] IPUIPlugin:80 - create IPUIPlugin
2026-04-12 13:57:30,312 [INFO] PluginManager:220 - loadIPPluginJar : add gtzc
2026-04-12 13:57:30,315 [INFO] IPUIPlugin:80 - create IPUIPlugin
2026-04-12 13:57:30,315 [INFO] PluginManager:220 - loadIPPluginJar : add sai
2026-04-12 13:57:30,316 [INFO] IPUIPlugin:80 - create IPUIPlugin
2026-04-12 13:57:30,316 [INFO] PluginManager:220 - loadIPPluginJar : add tsc
2026-04-12 13:57:30,319 [INFO] IPUIPlugin:80 - create IPUIPlugin
2026-04-12 13:57:30,319 [INFO] PluginManager:220 - loadIPPluginJar : add usbx
2026-04-12 13:57:30,321 [INFO] IPUIPlugin:80 - create IPUIPlugin
2026-04-12 13:57:30,321 [INFO] PluginManager:220 - loadIPPluginJar : add can
2026-04-12 13:57:30,323 [INFO] IPUIPlugin:80 - create IPUIPlugin
2026-04-12 13:57:30,323 [INFO] PluginManager:220 - loadIPPluginJar : add i2c
2026-04-12 13:57:30,325 [INFO] IPUIPlugin:80 - create IPUIPlugin
2026-04-12 13:57:30,325 [INFO] PluginManager:220 - loadIPPluginJar : add lorawan
2026-04-12 13:57:30,327 [INFO] IPUIPlugin:80 - create IPUIPlugin
2026-04-12 13:57:30,327 [INFO] PluginManager:220 - loadIPPluginJar : add spi
2026-04-12 13:57:30,333 [INFO] IPUIPlugin:80 - create IPUIPlugin
2026-04-12 13:57:30,333 [INFO] PluginManager:220 - loadIPPluginJar : add linkedlist
2026-04-12 13:57:30,337 [INFO] IPUIPlugin:80 - create IPUIPlugin
2026-04-12 13:57:30,337 [INFO] PluginManager:220 - loadIPPluginJar : add fmc
2026-04-12 13:57:30,340 [INFO] IPUIPlugin:80 - create IPUIPlugin
2026-04-12 13:57:30,340 [INFO] PluginManager:220 - loadIPPluginJar : add i3c
2026-04-12 13:57:30,341 [INFO] IPUIPlugin:80 - create IPUIPlugin
2026-04-12 13:57:30,341 [INFO] PluginManager:220 - loadIPPluginJar : add ltdc
2026-04-12 13:57:30,346 [INFO] IPUIPlugin:80 - create IPUIPlugin
2026-04-12 13:57:30,347 [INFO] PluginManager:220 - loadIPPluginJar : add dma
2026-04-12 13:57:30,352 [INFO] IPUIPlugin:80 - create IPUIPlugin
2026-04-12 13:57:30,352 [INFO] PluginManager:220 - loadIPPluginJar : add freertos
2026-04-12 13:57:30,354 [INFO] IPUIPlugin:80 - create IPUIPlugin
2026-04-12 13:57:30,354 [INFO] PluginManager:220 - loadIPPluginJar : add hash
2026-04-12 13:57:30,360 [INFO] IPUIPlugin:80 - create IPUIPlugin
2026-04-12 13:57:30,361 [INFO] PluginManager:220 - loadIPPluginJar : add adc
2026-04-12 13:57:30,363 [INFO] IPUIPlugin:80 - create IPUIPlugin
2026-04-12 13:57:30,363 [INFO] PluginManager:220 - loadIPPluginJar : add usart
2026-04-12 13:57:30,370 [INFO] IPUIPlugin:80 - create IPUIPlugin
2026-04-12 13:57:30,370 [INFO] PluginManager:220 - loadIPPluginJar : add stm32_wpan
2026-04-12 13:57:30,371 [INFO] IPUIPlugin:80 - create IPUIPlugin
2026-04-12 13:57:30,371 [INFO] PluginManager:220 - loadIPPluginJar : add genericplugin
2026-04-12 13:57:30,375 [INFO] IPUIPlugin:80 - create IPUIPlugin
2026-04-12 13:57:30,376 [INFO] PluginManager:220 - loadIPPluginJar : add gpio
2026-04-12 13:57:30,379 [INFO] IPUIPlugin:80 - create IPUIPlugin
2026-04-12 13:57:30,379 [INFO] PluginManager:220 - loadIPPluginJar : add nvic
2026-04-12 13:57:30,382 [INFO] IPUIPlugin:80 - create IPUIPlugin
2026-04-12 13:57:30,383 [INFO] PluginManager:220 - loadIPPluginJar : add dfsdm
2026-04-12 13:57:30,384 [INFO] IPUIPlugin:80 - create IPUIPlugin
2026-04-12 13:57:30,384 [INFO] PluginManager:220 - loadIPPluginJar : add fatfs
2026-04-12 13:57:30,385 [INFO] IPUIPlugin:80 - create IPUIPlugin
2026-04-12 13:57:30,385 [INFO] PluginManager:220 - loadIPPluginJar : add comp
2026-04-12 13:57:30,387 [INFO] IPUIPlugin:80 - create IPUIPlugin
2026-04-12 13:57:30,388 [INFO] PluginManager:220 - loadIPPluginJar : add i2s
2026-04-12 13:57:30,390 [INFO] IPUIPlugin:80 - create IPUIPlugin
2026-04-12 13:57:30,390 [INFO] PluginManager:220 - loadIPPluginJar : add cryp
2026-04-12 13:57:30,392 [INFO] IPUIPlugin:80 - create IPUIPlugin
2026-04-12 13:57:30,392 [INFO] PluginManager:220 - loadIPPluginJar : add quadspi
2026-04-12 13:57:30,397 [INFO] IPUIPlugin:80 - create IPUIPlugin
2026-04-12 13:57:30,397 [INFO] PluginManager:220 - loadIPPluginJar : add gic
2026-04-12 13:57:30,399 [INFO] IPUIPlugin:80 - create IPUIPlugin
2026-04-12 13:57:30,399 [INFO] PluginManager:220 - loadIPPluginJar : add tim
2026-04-12 13:57:30,401 [INFO] IPUIPlugin:80 - create IPUIPlugin
2026-04-12 13:57:30,401 [INFO] PluginManager:220 - loadIPPluginJar : add extmemmanager
2026-04-12 13:57:30,497 [FATAL] Updater:351 - Updater called before beeing initialized
2026-04-12 13:57:30,512 [INFO] RulesReader:64 - Compatibility file has been processed (317 Rules)
2026-04-12 13:57:30,519 [INFO] RulesReader:64 - Compatibility file has been processed (317 Rules)
2026-04-12 13:57:30,523 [INFO] CADModel:165 - CPN selected for project level
2026-04-12 13:57:30,523 [INFO] CADModel:114 - Register for checkConnection events
2026-04-12 13:57:30,523 [FATAL] Updater:351 - Updater called before beeing initialized
2026-04-12 13:57:30,523 [ERROR] CADModel:125 - Updater not yet initialized, retry later 
2026-04-12 13:57:30,618 [FATAL] Updater:351 - Updater called before beeing initialized
2026-04-12 13:57:30,620 [INFO] CADModel:165 - CPN selected for project level
2026-04-12 13:57:30,620 [INFO] CADModel:114 - Register for checkConnection events
2026-04-12 13:57:30,620 [FATAL] Updater:351 - Updater called before beeing initialized
2026-04-12 13:57:30,620 [ERROR] CADModel:125 - Updater not yet initialized, retry later 
2026-04-12 13:57:30,623 [FATAL] Updater:351 - Updater called before beeing initialized
2026-04-12 13:57:30,693 [FATAL] Updater:351 - Updater called before beeing initialized
2026-04-12 13:57:30,696 [INFO] DbMcusAds:53 - JSON generation date=Wed Feb 18 15:32:49 CET 2026 (1771425169371)
2026-04-12 13:57:30,696 [FATAL] Updater:351 - Updater called before beeing initialized
2026-04-12 13:57:30,717 [WARN] DetailPanel:346 - Failed to get advertising image, set to default
2026-04-12 13:57:30,766 [FATAL] Updater:351 - Updater called before beeing initialized
2026-04-12 13:57:30,768 [FATAL] Updater:351 - Updater called before beeing initialized
2026-04-12 13:57:30,768 [FATAL] Updater:351 - Updater called before beeing initialized
2026-04-12 13:57:30,768 [WARN] DetailPanel:346 - Failed to get advertising image, set to default
2026-04-12 13:57:30,768 [FATAL] Updater:351 - Updater called before beeing initialized
2026-04-12 13:57:30,788 [ERROR] Updater:1198 - MainUpdater not yet initialized. External WinMGr cannot be set.
2026-04-12 13:57:30,789 [INFO] Updater:1134 - Updater Version found : 6.15.0
2026-04-12 13:57:30,801 [INFO] ApplicationProperties:184 - Using Application install path: /opt/st/stm32cubeide_1.19.0/plugins/com.st.stm32cube.common.mx_6.15.0.202507011659
2026-04-12 13:57:31,309 [INFO] MainUpdater:2872 - connection check result : 10
2026-04-12 13:57:31,311 [INFO] MainUpdater:289 - Updater Check For Update Now.
2026-04-12 13:57:31,311 [INFO] MicroXplorer:498 - Change Database Version : DB.6.0.150
2026-04-12 13:57:31,313 [INFO] McuFinderGlobals:63 - Set McuFinder mode to 2 (CubeIDE integrated)
2026-04-12 13:57:31,314 [INFO] UserAuth:487 - Internet connection configuration mode: 1
2026-04-12 13:57:31,330 [INFO] JxBrowserEngine:152 - Initiate JxBrowser Engine with user profile folder
2026-04-12 13:57:31,473 [INFO] CheckServerUpdateThread:120 - End of CheckServer Thread
2026-04-12 13:57:31,938 [INFO] WebApp:169 - Instantiating new browser for Auth
2026-04-12 13:57:32,365 [INFO] WebApp:463 - Apply proxy settings
2026-04-12 13:57:32,365 [INFO] WebApp:548 - Chromium requires no authentication
2026-04-12 13:57:32,370 [INFO] WebApp:491 - Direct internet connection detected
2026-04-12 13:57:32,383 [INFO] WebApp:900 - Register for checkConnection events
2026-04-12 13:57:32,384 [INFO] WebApp:463 - Apply proxy settings
2026-04-12 13:57:32,384 [INFO] WebApp:548 - Chromium requires no authentication
2026-04-12 13:57:32,384 [INFO] WebApp:491 - Direct internet connection detected
2026-04-12 13:57:32,454 [INFO] WebApp:225 - Starting web application
2026-04-12 13:57:32,455 [INFO] WebApp:593 - Web application path used /opt/st/stm32cubeide_1.19.0/plugins/com.st.stm32cube.common.mx_6.15.0.202507011659/db/plugins/mcufinder/reactClient1/index.html
2026-04-12 13:57:32,532 [INFO] UserAuth:487 - Internet connection configuration mode: 1
2026-04-12 13:57:32,741 [INFO] WebApp:191 - Connection restablished
2026-04-12 13:57:33,113 [WARN] PackLoader:240 - Cannot read IP mode file for STMicroelectronics.X-CUBE-AZRTOS-H7.3.5.0
2026-04-12 13:57:33,123 [WARN] PackLoader:240 - Cannot read IP mode file for STMicroelectronics.FP-SNS-MOTENVWB1.1.4.0
2026-04-12 13:57:33,127 [WARN] PackLoader:240 - Cannot read IP mode file for STMicroelectronics.FP-ATR-ASTRA1.2.0.2
2026-04-12 13:57:33,134 [WARN] PackLoader:240 - Cannot read IP mode file for STMicroelectronics.X-CUBE-SMBUS.2.1.0
2026-04-12 13:57:33,139 [WARN] PackLoader:240 - Cannot read IP mode file for STMicroelectronics.X-CUBE-ST60.1.0.0
2026-04-12 13:57:33,157 [WARN] PackLoader:240 - Cannot read IP mode file for STMicroelectronics.X-CUBE-AZRTOS-F7.1.1.0
2026-04-12 13:57:33,161 [WARN] PackLoader:240 - Cannot read IP mode file for Cesanta.I-CUBE-Mongoose.7.19.0
2026-04-12 13:57:33,164 [WARN] PackLoader:240 - Cannot read IP mode file for STMicroelectronics.FP-SNS-MOTENV1.5.1.0
2026-04-12 13:57:33,171 [WARN] PackLoader:240 - Cannot read IP mode file for WES.I-CUBE-Cesium.1.4.0
2026-04-12 13:57:33,194 [WARN] PackLoader:240 - Cannot read IP mode file for Infineon.AIROC-Wi-Fi-Bluetooth-STM32.1.7.1
2026-04-12 13:57:33,209 [WARN] PackLoader:240 - Cannot read IP mode file for STMicroelectronics.X-CUBE-AZRTOS-H7.3.4.0
2026-04-12 13:57:33,215 [WARN] PackLoader:240 - Cannot read IP mode file for STMicroelectronics.X-CUBE-DISPLAY.3.0.0
2026-04-12 13:57:33,219 [WARN] PackLoader:240 - Cannot read IP mode file for STMicroelectronics.FP-SNS-MOTENVWB1.1.5.0
2026-04-12 13:57:33,222 [WARN] PackLoader:240 - Cannot read IP mode file for STMicroelectronics.X-CUBE-NFC10.1.0.0
2026-04-12 13:57:33,226 [WARN] PackLoader:240 - Cannot read IP mode file for STMicroelectronics.X-CUBE-ST60.1.1.0
2026-04-12 13:57:33,228 [WARN] PackLoader:240 - Cannot read IP mode file for emotas.I-CUBE-CANOPEN.1.3.0
2026-04-12 13:57:33,231 [WARN] PackLoader:240 - Cannot read IP mode file for STMicroelectronics.X-CUBE-GNSS1.7.1.0
2026-04-12 13:57:33,234 [WARN] PackLoader:240 - Cannot read IP mode file for STMicroelectronics.FP-SNS-SMARTAG2.1.2.0
2026-04-12 13:57:33,237 [WARN] PackLoader:240 - Cannot read IP mode file for STMicroelectronics.FP-SNS-FLIGHT1.5.1.0
2026-04-12 13:57:33,242 [INFO] LogOutputStream:77 - [STDOUT_REDIRECT] 1 : Invalid condition id : UX_CORESTACK_Condition cause : null
2026-04-12 13:57:33,243 [INFO] LogOutputStream:77 - [STDOUT_REDIRECT] 1 : Invalid condition id : UX_CORESTACK_Condition cause : null
2026-04-12 13:57:33,243 [INFO] LogOutputStream:77 - [STDOUT_REDIRECT] 1 : Invalid condition id : UX_CORESTACK_Condition cause : null
2026-04-12 13:57:33,243 [INFO] LogOutputStream:77 - [STDOUT_REDIRECT] 1 : Invalid condition id : UX_CORESTACK_Condition cause : null
2026-04-12 13:57:33,243 [INFO] LogOutputStream:77 - [STDOUT_REDIRECT] 1 : Invalid condition id : UX_CORESTACK_Condition cause : null
2026-04-12 13:57:33,245 [WARN] PackLoader:240 - Cannot read IP mode file for STMicroelectronics.X-CUBE-AZRTOS-WL.2.0.0
2026-04-12 13:57:33,248 [WARN] PackLoader:240 - Cannot read IP mode file for STMicroelectronics.FP-SNS-MOTENV1.5.0.0
2026-04-12 13:57:33,260 [WARN] PackLoader:240 - Cannot read IP mode file for STMicroelectronics.X-CUBE-AZRTOS-H7RS.1.2.0
2026-04-12 13:57:33,265 [WARN] PackLoader:240 - Cannot read IP mode file for STMicroelectronics.X-CUBE-BLE2.3.3.0
2026-04-12 13:57:33,279 [WARN] PackLoader:240 - Cannot read IP mode file for STMicroelectronics.X-CUBE-NFC9.1.0.0
2026-04-12 13:57:33,283 [WARN] PackLoader:240 - Cannot read IP mode file for wolfSSL.I-CUBE-wolfSSL.5.8.2
2026-04-12 13:57:33,286 [WARN] PackLoader:240 - Cannot read IP mode file for STMicroelectronics.X-CUBE-BLE1.7.1.0
2026-04-12 13:57:33,288 [WARN] PackLoader:240 - Cannot read IP mode file for wolfSSL.I-CUBE-wolfMQTT.1.19.2
2026-04-12 13:57:33,291 [WARN] PackLoader:240 - Cannot read IP mode file for STMicroelectronics.X-CUBE-FREERTOS.1.4.0
2026-04-12 13:57:33,296 [WARN] PackLoader:240 - Cannot read IP mode file for STMicroelectronics.X-CUBE-EEPRMA1.5.2.0
2026-04-12 13:57:33,301 [WARN] PackLoader:240 - Cannot read IP mode file for STMicroelectronics.X-CUBE-ST67W61.1.1.0
2026-04-12 13:57:33,342 [WARN] PackLoader:240 - Cannot read IP mode file for STMicroelectronics.X-CUBE-MEMS1.12.0.0
2026-04-12 13:57:33,478 [WARN] PackLoader:240 - Cannot read IP mode file for STMicroelectronics.X-CUBE-AZRTOS-G0.1.1.0
2026-04-12 13:57:33,484 [WARN] PackLoader:240 - Cannot read IP mode file for STMicroelectronics.X-CUBE-SAFEA1.1.2.2
2026-04-12 13:57:33,488 [WARN] PackLoader:240 - Cannot read IP mode file for STMicroelectronics.X-CUBE-NFC4.3.0.0
2026-04-12 13:57:33,497 [WARN] PackLoader:240 - Cannot read IP mode file for EmbeddedOffice.I-CUBE-FS-RTOS.1.0.1
2026-04-12 13:57:33,502 [WARN] PackLoader:240 - Cannot read IP mode file for STMicroelectronics.X-CUBE-WB05N.2.0.0
2026-04-12 13:57:33,506 [WARN] PackLoader:240 - Cannot read IP mode file for wolfSSL.I-CUBE-wolfTPM.3.8.0
2026-04-12 13:57:33,514 [WARN] PackLoader:240 - Cannot read IP mode file for STMicroelectronics.X-CUBE-TCPP.4.2.0
2026-04-12 13:57:33,519 [WARN] PackLoader:240 - Cannot read IP mode file for RealThread.X-CUBE-RT-Thread_Nano.4.1.1
2026-04-12 13:57:33,522 [WARN] PackLoader:240 - Cannot read IP mode file for STMicroelectronics.FP-ATR-SIGFOX1.3.2.0
2026-04-12 13:57:33,525 [WARN] PackLoader:240 - Cannot read IP mode file for STMicroelectronics.X-CUBE-FREERTOS.1.5.0
2026-04-12 13:57:33,529 [WARN] PackLoader:240 - Cannot read IP mode file for ITTIA_DB.I-CUBE-ITTIADB.8.9.0
2026-04-12 13:57:33,533 [WARN] PackLoader:240 - Cannot read IP mode file for STMicroelectronics.X-CUBE-NFC6.3.2.0
2026-04-12 13:57:33,550 [WARN] PackLoader:240 - Cannot read IP mode file for SEGGER.I-CUBE-embOS.1.3.1
2026-04-12 13:57:33,579 [WARN] PackLoader:240 - Cannot read IP mode file for STMicroelectronics.X-CUBE-ALGOBUILD.1.4.0
2026-04-12 13:57:33,608 [WARN] PackLoader:240 - Cannot read IP mode file for STMicroelectronics.X-CUBE-MEMS1.11.3.0
2026-04-12 13:57:33,697 [WARN] PackLoader:240 - Cannot read IP mode file for STMicroelectronics.X-CUBE-PM33A1.1.0.0
2026-04-12 13:57:33,706 [WARN] PackLoader:240 - Cannot read IP mode file for STMicroelectronics.X-CUBE-AZRTOS-F4.1.1.0
2026-04-12 13:57:33,710 [WARN] PackLoader:240 - Cannot read IP mode file for STMicroelectronics.X-CUBE-ISPU.2.1.0
2026-04-12 13:57:33,718 [WARN] PackLoader:240 - Cannot read IP mode file for STMicroelectronics.X-CUBE-IPS.3.2.0
2026-04-12 13:57:33,724 [WARN] PackLoader:240 - Cannot read IP mode file for STMicroelectronics.eDS-WB_DPC_TT-BIDIR.2.1.1
2026-04-12 13:57:33,727 [WARN] PackLoader:240 - Cannot read IP mode file for STMicroelectronics.X-CUBE-NFC12.1.0.0
2026-04-12 13:57:33,737 [WARN] PackLoader:240 - Cannot read IP mode file for STMicroelectronics.X-CUBE-AZRTOS-L5.2.0.0
2026-04-12 13:57:33,742 [WARN] PackLoader:240 - Cannot read IP mode file for STMicroelectronics.X-CUBE-NFC6.3.1.0
2026-04-12 13:57:33,745 [WARN] PackLoader:240 - Cannot read IP mode file for STMicroelectronics.eDS-WB_DPC_VIENNA.1.2.0
2026-04-12 13:57:33,747 [WARN] PackLoader:240 - Cannot read IP mode file for STMicroelectronics.eDS-WB_DPC_3PH2L-BIDIR.1.1.1
2026-04-12 13:57:33,750 [WARN] PackLoader:240 - Cannot read IP mode file for STMicroelectronics.X-CUBE-FREERTOS.1.3.1
2026-04-12 13:57:33,753 [WARN] PackLoader:240 - Cannot read IP mode file for STMicroelectronics.X-CUBE-TOUCHGFX.4.26.0
2026-04-12 13:57:33,755 [WARN] PackLoader:240 - Cannot read IP mode file for STMicroelectronics.X-CUBE-TOUCHGFX.4.26.1
2026-04-12 13:57:33,757 [WARN] PackLoader:240 - Cannot read IP mode file for STMicroelectronics.X-CUBE-DPower.1.3.0
2026-04-12 13:57:33,766 [WARN] ConditionMgr:438 - getConditionDescription Invalid condition id : LAN8742 Phy interface Condition cause : null
2026-04-12 13:57:33,766 [WARN] PackLoader:240 - Cannot read IP mode file for STMicroelectronics.X-CUBE-AZRTOS-L4.2.0.0
2026-04-12 13:57:33,767 [WARN] ConditionMgr:1044 - genDependencies : Invalid condition id : LAN8742 Phy interface Condition cause : null
2026-04-12 13:57:33,767 [WARN] ConditionMgr:1044 - genDependencies : Invalid condition id : LAN8742 Phy interface Condition cause : null
2026-04-12 13:57:33,767 [WARN] ConditionMgr:1044 - genDependencies : Invalid condition id : LAN8742 Phy interface Condition cause : null
2026-04-12 13:57:33,771 [WARN] PackLoader:240 - Cannot read IP mode file for STMicroelectronics.X-CUBE-SFXS2LP1.4.0.0
2026-04-12 13:57:33,774 [WARN] PackLoader:240 - Cannot read IP mode file for STMicroelectronics.X-CUBE-WB05N.2.1.0
2026-04-12 13:57:33,779 [WARN] PackLoader:240 - Cannot read IP mode file for STMicroelectronics.X-CUBE-ST67W61.1.2.0
2026-04-12 13:57:33,785 [WARN] PackLoader:240 - Cannot read IP mode file for STMicroelectronics.X-CUBE-BLEMGR.4.1.0
2026-04-12 13:57:33,793 [WARN] ConditionMgr:438 - getConditionDescription Invalid condition id : UX DEVICE CLASS RTOS Condition cause : null
2026-04-12 13:57:33,793 [WARN] ConditionMgr:438 - getConditionDescription Invalid condition id : UX DEVICE CLASS RTOS Condition cause : null
2026-04-12 13:57:33,795 [WARN] PackLoader:240 - Cannot read IP mode file for STMicroelectronics.X-CUBE-AZRTOS-WB.2.0.0
2026-04-12 13:57:33,795 [WARN] ConditionMgr:1044 - genDependencies : Invalid condition id : UX DEVICE CLASS RTOS Condition cause : null
2026-04-12 13:57:33,795 [WARN] ConditionMgr:1044 - genDependencies : Invalid condition id : UX DEVICE CLASS RTOS Condition cause : null
2026-04-12 13:57:33,795 [WARN] ConditionMgr:1044 - genDependencies : Invalid condition id : UX DEVICE CLASS RTOS Condition cause : null
2026-04-12 13:57:33,795 [WARN] ConditionMgr:1044 - genDependencies : Invalid condition id : UX DEVICE CLASS RTOS Condition cause : null
2026-04-12 13:57:33,795 [WARN] ConditionMgr:1044 - genDependencies : Invalid condition id : UX DEVICE CLASS RTOS Condition cause : null
2026-04-12 13:57:33,798 [WARN] PackLoader:240 - Cannot read IP mode file for STMicroelectronics.X-CUBE-GNSS1.7.0.1
2026-04-12 13:57:33,801 [WARN] ConditionMgr:438 - getConditionDescription Invalid condition id : Cortex-A Device cause : null
2026-04-12 13:57:33,806 [WARN] ConditionMgr:1044 - genDependencies : Invalid condition id : Cortex-A Device cause : null
2026-04-12 13:57:33,806 [WARN] ConditionMgr:1044 - genDependencies : Invalid condition id : Cortex-A Device cause : null
2026-04-12 13:57:33,806 [WARN] ConditionMgr:1044 - genDependencies : Invalid condition id : Cortex-A Device cause : null
2026-04-12 13:57:33,810 [WARN] PackLoader:240 - Cannot read IP mode file for STMicroelectronics.X-CUBE-STSE01.2.0.0
2026-04-12 13:57:33,816 [WARN] PackLoader:240 - Cannot read IP mode file for STMicroelectronics.X-CUBE-SUBG2.5.0.0
2026-04-12 13:57:33,832 [WARN] PackLoader:240 - Cannot read IP mode file for STMicroelectronics.X-CUBE-AZRTOS-H7RS.1.1.0
2026-04-12 13:57:33,843 [WARN] PackLoader:240 - Cannot read IP mode file for STMicroelectronics.X-CUBE-AZRTOS-G4.2.0.0
2026-04-12 13:57:33,846 [WARN] PackLoader:240 - Cannot read IP mode file for wolfSSL.I-CUBE-wolfSSH.1.4.20
2026-04-12 13:57:33,849 [WARN] PackLoader:240 - Cannot read IP mode file for STMicroelectronics.X-CUBE-NFC7.2.0.0
2026-04-12 13:57:33,851 [WARN] PackLoader:240 - Cannot read IP mode file for STMicroelectronics.X-CUBE-ALS.1.0.2
2026-04-12 13:57:33,855 [WARN] PackLoader:240 - Cannot read IP mode file for STMicroelectronics.X-CUBE-STSE01.1.0.0
2026-04-12 13:57:33,862 [WARN] PackLoader:240 - Cannot read IP mode file for STMicroelectronics.X-CUBE-TOF1.3.4.3
2026-04-12 13:57:33,870 [INFO] ThirdParty:978 - Integrity check success = true
2026-04-12 13:57:33,870 [INFO] IntegrityCheckThread:100 - exiting critical section [integrity check]
2026-04-12 13:57:33,870 [INFO] IntegrityCheckThread:103 - End integrity checks thread
2026-04-12 15:50:22,352 [INFO] WebApp:194 - Connection lost
2026-04-12 15:50:30,472 [INFO] WebApp:191 - Connection restablished
2026-04-12 15:50:33,912 [INFO] WebApp:194 - Connection lost
2026-04-12 15:50:34,060 [INFO] WebApp:191 - Connection restablished
2026-04-12 16:01:12,131 [INFO] WebApp:194 - Connection lost
2026-04-12 16:01:22,912 [INFO] WebApp:191 - Connection restablished
2026-04-12 16:05:21,995 [INFO] WebApp:194 - Connection lost
2026-04-12 16:05:51,351 [INFO] WebApp:191 - Connection restablished
2026-04-12 16:06:13,713 [INFO] WebApp:194 - Connection lost
2026-04-12 16:21:02,738 [INFO] WebApp:191 - Connection restablished
2026-04-12 16:21:54,731 [INFO] WebApp:194 - Connection lost
2026-04-12 16:22:48,987 [INFO] WebApp:191 - Connection restablished
2026-04-12 16:40:50,094 [INFO] WebApp:194 - Connection lost
2026-04-12 16:40:59,518 [INFO] WebApp:191 - Connection restablished
2026-04-12 17:02:51,218 [INFO] McuFinderGlobals:63 - Set McuFinder mode to 2 (CubeIDE integrated)
2026-04-12 17:02:51,224 [INFO] MainUpdater:2872 - connection check result : 10
2026-04-12 17:02:51,225 [INFO] MainUpdater:2872 - connection check result : 10
2026-04-12 17:02:51,272 [INFO] MicroXplorer:468 - Change Database Path : 
2026-04-12 17:02:51,273 [INFO] MicroXplorer:498 - Change Database Version : DB.6.0.150
2026-04-12 17:02:51,279 [WARN] ThirdParty:871 - waiting for thirdparty lock release [close project]
2026-04-12 17:02:51,279 [INFO] ThirdParty:873 - entering critical section [close project]
2026-04-12 17:02:51,282 [INFO] ThirdParty:883 - exiting critical section [close project]
2026-04-12 17:02:51,285 [INFO] PinOutPanel:1589 - setPackage(No Configuration,No Configuration)
2026-04-12 17:02:51,292 [INFO] UtilMem:75 - Begin LoadConfig() Used Memory: 254421728 Bytes (613416960)
2026-04-12 17:02:51,295 [INFO] MicroXplorer:468 - Change Database Path : 
2026-04-12 17:02:51,295 [INFO] MicroXplorer:498 - Change Database Version : DB.6.0.150
2026-04-12 17:02:51,295 [INFO] OpenFileManager:355 - Change cursor
2026-04-12 17:02:51,350 [INFO] Mcu:2029 - Initializing MCU STM32F446R(C-E)Tx STM32F446RETx STM32F446RET6
2026-04-12 17:02:52,567 [INFO] Context:786 - Trying to add GPIOservice into a context  which must be forbidden
2026-04-12 17:02:52,980 [INFO] ImportTextPane:234 - (OptionalMessage_ERROR) Pin18 (VP_RIF_VS_RIF1) cannot be retrieved for this MCU
2026-04-12 17:02:53,044 [INFO] RtosManager:558 - Registered RTOS mode: class=CMSIS, group=RTOS, mode=CMSIS_V1, owner=FREERTOS
2026-04-12 17:02:53,044 [INFO] RtosManager:558 - Registered RTOS mode: class=CMSIS, group=RTOS2, mode=CMSIS_V2, owner=FREERTOS
2026-04-12 17:02:53,044 [INFO] RtosManager:558 - Registered RTOS mode: class=RTOS, group=Core, mode=CMSIS_V1, owner=FREERTOS
2026-04-12 17:02:53,044 [INFO] RtosManager:558 - Registered RTOS mode: class=RTOS, group=Core, mode=CMSIS_V2, owner=FREERTOS
2026-04-12 17:02:53,044 [WARN] ModelIntegratedComponent:184 - Missing modes for component STMicroelectronics:FreeRTOS:0.0.1:STMicroelectronics:RTOS:FreeRTOS:Core:::10.2.0:
2026-04-12 17:02:53,049 [WARN] ModelIntegratedComponent:63 - No mode defined for component null
2026-04-12 17:02:53,049 [WARN] ModelIntegratedComponent:63 - No mode defined for component null
2026-04-12 17:02:53,049 [WARN] ModelIntegratedComponent:63 - No mode defined for component null
2026-04-12 17:02:53,049 [WARN] ModelIntegratedComponent:63 - No mode defined for component null
2026-04-12 17:02:53,049 [WARN] ModelIntegratedComponent:63 - No mode defined for component null
2026-04-12 17:02:53,049 [WARN] ModelIntegratedComponent:63 - No mode defined for component null
2026-04-12 17:02:53,049 [WARN] ModelIntegratedComponent:63 - No mode defined for component null
2026-04-12 17:02:53,049 [WARN] ModelIntegratedComponent:63 - No mode defined for component null
2026-04-12 17:02:53,049 [WARN] ModelIntegratedComponent:63 - No mode defined for component null
2026-04-12 17:02:53,049 [WARN] ModelIntegratedComponent:63 - No mode defined for component null
2026-04-12 17:02:53,049 [WARN] ModelIntegratedComponent:63 - No mode defined for component null
2026-04-12 17:02:53,049 [WARN] ModelIntegratedComponent:63 - No mode defined for component null
2026-04-12 17:02:53,049 [WARN] ModelIntegratedComponent:63 - No mode defined for component null
2026-04-12 17:02:53,049 [WARN] ModelIntegratedComponent:63 - No mode defined for component null
2026-04-12 17:02:53,049 [WARN] ModelIntegratedComponent:63 - No mode defined for component null
2026-04-12 17:02:53,049 [WARN] ModelIntegratedComponent:63 - No mode defined for component null
2026-04-12 17:02:53,049 [WARN] ModelIntegratedComponent:63 - No mode defined for component null
2026-04-12 17:02:53,049 [WARN] ModelIntegratedComponent:63 - No mode defined for component null
2026-04-12 17:02:53,049 [WARN] ModelIntegratedComponent:63 - No mode defined for component null
2026-04-12 17:02:53,049 [WARN] ModelIntegratedComponent:63 - No mode defined for component null
2026-04-12 17:02:53,049 [WARN] ModelIntegratedComponent:63 - No mode defined for component null
2026-04-12 17:02:53,050 [WARN] ModelIntegratedComponent:63 - No mode defined for component null
2026-04-12 17:02:53,050 [WARN] ModelIntegratedComponent:63 - No mode defined for component null
2026-04-12 17:02:53,050 [WARN] ModelIntegratedComponent:63 - No mode defined for component null
2026-04-12 17:02:53,050 [WARN] ModelIntegratedComponent:63 - No mode defined for component null
2026-04-12 17:02:53,050 [WARN] ModelIntegratedComponent:63 - No mode defined for component null
2026-04-12 17:02:53,050 [WARN] ModelIntegratedComponent:63 - No mode defined for component null
2026-04-12 17:02:53,050 [WARN] ModelIntegratedComponent:63 - No mode defined for component null
2026-04-12 17:02:53,050 [WARN] ModelIntegratedComponent:63 - No mode defined for component null
2026-04-12 17:02:53,050 [WARN] ModelIntegratedComponent:63 - No mode defined for component null
2026-04-12 17:02:53,050 [WARN] ModelIntegratedComponent:63 - No mode defined for component null
2026-04-12 17:02:53,050 [WARN] ModelIntegratedComponent:63 - No mode defined for component null
2026-04-12 17:02:53,050 [WARN] ModelIntegratedComponent:63 - No mode defined for component null
2026-04-12 17:02:53,050 [WARN] ModelIntegratedComponent:63 - No mode defined for component null
2026-04-12 17:02:53,050 [WARN] ModelIntegratedComponent:63 - No mode defined for component null
2026-04-12 17:02:53,050 [WARN] ModelPack:524 - Component already loaded: STMicroelectronics:HAL Drivers:0.0.0:STMicroelectronics:Device:STMicro_Driver:XSPI:HAL::0.0.1:HAL_XSPI
2026-04-12 17:02:53,197 [INFO] ThirdPartyModel:298 - Start build external matchings
2026-04-12 17:02:53,552 [INFO] ThirdPartyModel:316 - End build external matchings
2026-04-12 17:02:53,577 [INFO] ImportTextPane:234 - (OptionalMessage_ERROR) IP (DMA) : Parameter (Instance) has Id (I2C3_RX) currently not set
2026-04-12 17:02:53,577 [INFO] ImportTextPane:234 - (OptionalMessage_ERROR) IP (DMA) : Parameter (Channel) has Id (I2C3_RX) currently not set
2026-04-12 17:02:53,577 [INFO] ImportTextPane:234 - (OptionalMessage_ERROR) IP (DMA) : Parameter (Direction) has Id (I2C3_RX) currently not set
2026-04-12 17:02:53,577 [INFO] ImportTextPane:234 - (OptionalMessage_ERROR) IP (DMA) : Parameter (PeriphInc) has Id (I2C3_RX) currently not set
2026-04-12 17:02:53,577 [INFO] ImportTextPane:234 - (OptionalMessage_ERROR) IP (DMA) : Parameter (MemInc) has Id (I2C3_RX) currently not set
2026-04-12 17:02:53,578 [INFO] ImportTextPane:234 - (OptionalMessage_ERROR) IP (DMA) : Parameter (PeriphDataAlignment) has Id (I2C3_RX) currently not set
2026-04-12 17:02:53,578 [INFO] ImportTextPane:234 - (OptionalMessage_ERROR) IP (DMA) : Parameter (MemDataAlignment) has Id (I2C3_RX) currently not set
2026-04-12 17:02:53,578 [INFO] ImportTextPane:234 - (OptionalMessage_ERROR) IP (DMA) : Parameter (Mode) has Id (I2C3_RX) currently not set
2026-04-12 17:02:53,578 [INFO] ImportTextPane:234 - (OptionalMessage_ERROR) IP (DMA) : Parameter (Priority) has Id (I2C3_RX) currently not set
2026-04-12 17:02:53,578 [INFO] ImportTextPane:234 - (OptionalMessage_ERROR) IP (DMA) : Parameter (FIFOMode) has Id (I2C3_RX) currently not set
2026-04-12 17:02:53,579 [WARN] IP:2250 - I2C_Coeff_DF not found: check if there is a RefParameter without a condition.
2026-04-12 17:02:53,579 [WARN] IP:2250 - Analog_Filter not found: check if there is a RefParameter without a condition.
2026-04-12 17:02:53,579 [INFO] ImportTextPane:234 - (OptionalMessage_ERROR) IP (RCC) : Invalid parameter (FamilyName)
2026-04-12 17:02:53,587 [WARN] IP:2250 - DEVICE_SERIAL0_CDC_FS not found: check if there is a RefParameter without a condition.
2026-04-12 17:02:53,587 [WARN] IP:2250 - DEVICE_SERIAL1_CDC_FS not found: check if there is a RefParameter without a condition.
2026-04-12 17:02:53,587 [WARN] IP:2250 - DEVICE_SERIAL2_CDC_FS not found: check if there is a RefParameter without a condition.
2026-04-12 17:02:53,827 [INFO] ApiDb:581 - Connected to CubeFinder SQLite database (/home/kamil/.stmcufinder/plugins/mcufinder/mcu/cube-finder-db.db)
2026-04-12 17:02:53,882 [INFO] ApiDb:668 - CubeFinder database Data Model version=2.1
2026-04-12 17:02:53,883 [INFO] ApiDb:669 - CubeFinder database Configuration version=3.0.42
2026-04-12 17:02:53,884 [INFO] ApiDb:670 - CubeFinder database generation date=2026-02-13 (1770995876)
2026-04-12 17:02:53,884 [INFO] ApiDb:671 - CubeFinder database FW Pack versions=[FP-ATR-ASTRA1_V2.0.0, FP-SNS-FLIGHT1_V5.1.0, FP-SNS-MOTENV1_V5.1.0, FP-SNS-MOTENVWB1_V1.4.0, FP-SNS-SMARTAG2_V1.2.0, FP-SNS-STBOX1_V2.1.0, STM32Cube_FW_C0_V1.4.0, STM32Cube_FW_F4_V1.28.3, STM32Cube_FW_F7_V1.17.4, STM32Cube_FW_G0_V1.6.2, STM32Cube_FW_G4_V1.6.1, STM32Cube_FW_H5_V1.6.0, STM32Cube_FW_H7RS_V1.3.0, STM32Cube_FW_H7_V1.13.0, STM32Cube_FW_L0_V1.12.2, STM32Cube_FW_L4_V1.18.2, STM32Cube_FW_L5_V1.6.0, STM32Cube_FW_N6_V1.3.0, STM32Cube_FW_U0_V1.3.0, STM32Cube_FW_U3_V1.3.0, STM32Cube_FW_U5_V1.8.0, STM32Cube_FW_WB0_V1.4.0, STM32Cube_FW_WBA_V1.9.0, STM32Cube_FW_WB_V1.24.0, STM32Cube_FW_WL3_V1.4.0, STM32Cube_FW_WL_V1.5.0, X-CUBE-ALGOBUILD_V1.4.0, X-CUBE-ALS_V1.0.2, X-CUBE-AZRTOS-F4_V1.1.0, X-CUBE-AZRTOS-F7_V1.1.0, X-CUBE-AZRTOS-G0_V1.1.0, X-CUBE-AZRTOS-G4_V2.0.0, X-CUBE-AZRTOS-H7RS_V1.1.0, X-CUBE-AZRTOS-H7_V3.4.0, X-CUBE-AZRTOS-L4_V2.0.0, X-CUBE-AZRTOS-L5_V2.0.0, X-CUBE-AZRTOS-WB_V2.0.0, X-CUBE-AZRTOS-WL_V2.0.0, X-CUBE-BLE1_V7.1.0, X-CUBE-BLE2_V3.3.0, X-CUBE-BLEMGR_V4.1.0, X-CUBE-EEPRMA1_V5.2.0, X-CUBE-FREERTOS_V1.3.1, X-CUBE-GNSS1_V6.0.0, X-CUBE-MEMS1_V12.0.0, X-CUBE-NFC4_V3.0.0, X-CUBE-NFC7_V2.0.0, X-CUBE-SFXS2LP1_V4.0.0, X-CUBE-ST67W61_V1.1.0, X-CUBE-SUBG2_V5.0.0, X-CUBE-TOF1_V3.4.3]
2026-04-12 17:02:53,963 [INFO] DbBoardsSqlite:226 - include board P-NUCLEO-WB55-NUCLEO as a kit item of type 'Nucleo-64'
2026-04-12 17:02:53,964 [INFO] DbBoardsSqlite:226 - include board P-NUCLEO-WB55-USBDONGLE as a kit item of type 'Nucleo USB Dongle'
2026-04-12 17:02:53,964 [INFO] DbBoardsSqlite:226 - include board STEVAL-IDP005V1 as a kit item of type 'Evaluation Board'
2026-04-12 17:02:53,965 [INFO] DbBoardsSqlite:226 - include board STEVAL-IDP005V2 as a kit item of type 'Evaluation Board'
2026-04-12 17:02:54,060 [INFO] ApiDb:240 - Found 880 in-development CPN: [B-G473E-ZEST1S, B-WB1M-WPAN1, B-WBA5M-WPAN, B-WL5M-SUBG1, NUCLEO-C031C6, NUCLEO-C051C8, NUCLEO-C071RB, NUCLEO-C092RC, NUCLEO-H503RB, NUCLEO-H533RE, NUCLEO-H563ZI, NUCLEO-H7S3L8, NUCLEO-N657X0-Q, NUCLEO-U031R8, NUCLEO-U083RC, NUCLEO-U385RG-Q, NUCLEO-U545RE-Q, NUCLEO-U5A5ZJ-Q, NUCLEO-WB05KZ, NUCLEO-WB07CC, NUCLEO-WB09KE, NUCLEO-WBA52CG, NUCLEO-WBA55CG, NUCLEO-WL33CC1, NUCLEO-WL33CC2, STEVAL-PROTEUS1, STEVAL-SMARTAG2, STEVAL-STWINBX1, STM320518-EVAL, STM32C0116-DK, STM32C011D6Y3TR, STM32C011D6Y6TR, STM32C011F4P3, STM32C011F4P6, STM32C011F4U3, STM32C011F4U6TR, STM32C011F6P3, STM32C011F6P6, STM32C011F6U3, STM32C011F6U6TR, STM32C011J4M3, STM32C011J4M6, STM32C011J6M3, STM32C011J6M6, STM32C0316-DK, STM32C031C4T3, STM32C031C4T6, STM32C031C4U3, STM32C031C4U6, STM32C031C6T3, STM32C031C6T6, STM32C031C6U3, STM32C031C6U6, STM32C031F4P3, STM32C031F4P6, STM32C031F6P3, STM32C031F6P6, STM32C031G4U3, STM32C031G4U6, STM32C031G6U3, STM32C031G6U6, STM32C031K4T3, STM32C031K4T6, STM32C031K4U3, STM32C031K4U6, STM32C031K6T3, STM32C031K6T6, STM32C031K6U3, STM32C031K6U6, STM32C051C6T6, STM32C051C6U6, STM32C051C8T6, STM32C051C8U6, STM32C051D8Y6TR, STM32C051F6P6, STM32C051F8P6, STM32C051G6U6, STM32C051G8U6, STM32C051K6T6, STM32C051K6U6, STM32C051K8T6, STM32C071C8T6, STM32C071C8T6N, STM32C071C8U6, STM32C071C8U6N, STM32C071CBT6, STM32C071CBT6N, STM32C071CBU6, STM32C071CBU6N, STM32C071F8P6, STM32C071F8P6N, STM32C071FBP6, STM32C071FBP6N, STM32C071FBY6TR, STM32C071G8U6, STM32C071G8U6N, STM32C071GBU6, STM32C071GBU6N, STM32C071K8T6, STM32C071K8T6N, STM32C071K8U6, STM32C071K8U6N, STM32C071KBT6, STM32C071KBT6N, STM32C071KBU6, STM32C071KBU6N, STM32C071R8T6, STM32C071R8T6N, STM32C071RBI6N, STM32C071RBT6, STM32C071RBT6N, STM32C091CBT6, STM32C091CBU6, STM32C091CCT6, STM32C091CCU6, STM32C091ECY6TR, STM32C091FBP6, STM32C091FCP6, STM32C091GBU6, STM32C091GCU6, STM32C091KBT6, STM32C091KBU6, STM32C091KCT6, STM32C091KCU6, STM32C091RBT6, STM32C091RCI6, STM32C091RCT6, STM32C092CBT6, STM32C092CBU6, STM32C092CCT6, STM32C092CCU6, STM32C092ECY6TR, STM32C092FBP6, STM32C092FCP6, STM32C092GBU6, STM32C092GCU6, STM32C092KBT6, STM32C092KBU6, STM32C092KCT6, STM32C092KCU6, STM32C092RBT6, STM32C092RCI6, STM32C092RCT6, STM32G071K8TXN, STM32G071K8UXN, STM32G081GBU6N, STM32G081KBT6N, STM32G081KBUXN, STM32G0B1CCT6N, STM32G0B1KCT6, STM32G0B1NEY6TR, STM32G0B1RCT6N, STM32G0C1CCT6, STM32G0C1CCT6N, STM32G0C1CCU6N, STM32G0C1CET6N, STM32G0C1CEU6N, STM32G0C1KCT6, STM32G0C1NEY6TR, STM32G0C1RCI6N, STM32G0C1RCT6N, STM32G0C1REI6N, STM32G0C1RET6N, STM32G0C1VCI6, STM32G0C1VEI6, STM32G411C6T3, STM32G411C6T6, STM32G411C6U3, STM32G411C6U6, STM32G411C8T3, STM32G411C8T6, STM32G411C8U3, STM32G411C8U6, STM32G411CBT3, STM32G411CBT6, STM32G411CBU3, STM32G411CBU6, STM32G411K6T3, STM32G411K6T6, STM32G411K6U3, STM32G411K6U6, STM32G411K8T3, STM32G411K8T6, STM32G411K8U3, STM32G411K8U6, STM32G411KBT3, STM32G411KBT6, STM32G411KBU3, STM32G411KBU6, STM32G411M6T3, STM32G411M6T6, STM32G411M8T3, STM32G411M8T6, STM32G411MBT3, STM32G411MBT6, STM32G411R6T3, STM32G411R6T6, STM32G411R8T3, STM32G411R8T6, STM32G411RBT3, STM32G411RBT6, STM32G414CBT3, STM32G414CBT6, STM32G414CBU3, STM32G414CBU6, STM32G414CCT3, STM32G414CCT6, STM32G414CCU3, STM32G414CCU6, STM32G414MBT3, STM32G414MBT6, STM32G414MCT3, STM32G414MCT6, STM32G414RBT3, STM32G414RBT6, STM32G414RCT3, STM32G414RCT6, STM32G414VBT3, STM32G414VBT6, STM32G414VCT3, STM32G414VCT6, STM32G431CBT3Z, STM32G431RBT3Z, STM32G471CCT6, STM32G471CCU6, STM32G471CET3, STM32G471CET6, STM32G471CEU3, STM32G471CEU6, STM32G471MCT6, STM32G471MET3, STM32G471MET6, STM32G471MEY6TR, STM32G471QCT6, STM32G471QET3, STM32G471RCT6, STM32G471RET3, STM32G471RET6, STM32G471VCH6, STM32G471VCI6, STM32G471VCT6, STM32G471VEH3, STM32G471VEH6, STM32G471VEI3, STM32G471VEI6, STM32G471VET3, STM32G471VET6, STM32G473QET3Z, STM32G473RET3Z, STM32G474CCT6, STM32G491RET3Z, STM32H503CBT6, STM32H503CBU6, STM32H503EBY6TR, STM32H503KBU6, STM32H503RBT6, STM32H523CCT6, STM32H523CCU6, STM32H523CET6, STM32H523CEU6, STM32H523HEY6TR, STM32H523RCT6, STM32H523RET6, STM32H523VCI6, STM32H523VCT6, STM32H523VEI6, STM32H523VET6, STM32H523ZCJ6, STM32H523ZCT6, STM32H523ZEJ6, STM32H523ZET6, STM32H533CET6, STM32H533CEU6, STM32H533HEY6TR, STM32H533RET6, STM32H533VEI6, STM32H533VET6, STM32H533ZEJ6, STM32H533ZET6, STM32H562AGI6, STM32H562AII6, STM32H562IGK6, STM32H562IGT6, STM32H562IIK6, STM32H562IIT6, STM32H562RGT6, STM32H562RGV6, STM32H562RIT6, STM32H562RIV6, STM32H562VGT6, STM32H562VIT6, STM32H562ZGT6, STM32H562ZIT6, STM32H563AGI6, STM32H563AII3Q, STM32H563AII6, STM32H563IGK6, STM32H563IGT6, STM32H563IIK3Q, STM32H563IIK6, STM32H563IIT3Q, STM32H563IIT6, STM32H563MIY3QTR, STM32H563RGT6, STM32H563RGV6, STM32H563RIT6, STM32H563RIV6, STM32H563VGT6, STM32H563VIT3Q, STM32H563VIT6, STM32H563ZGT6, STM32H563ZIT3Q, STM32H563ZIT6, STM32H573AII3Q, STM32H573AII6, STM32H573I-DK, STM32H573IIK3Q, STM32H573IIK6, STM32H573IIT3Q, STM32H573IIT6, STM32H573MIY3QTR, STM32H573RIT6, STM32H573RIV6, STM32H573VIT3Q, STM32H573VIT6, STM32H573ZIT3Q, STM32H573ZIT6, STM32H7R3A8I6, STM32H7R3I8K6, STM32H7R3I8T6, STM32H7R3L8H6, STM32H7R3L8H6H, STM32H7R3R8V6, STM32H7R3V8H6, STM32H7R3V8T6, STM32H7R3V8Y6TR, STM32H7R3Z8J6, STM32H7R3Z8T6, STM32H7R7A8I6, STM32H7R7I8K6, STM32H7R7I8T6, STM32H7R7L8H6, STM32H7R7L8H6H, STM32H7R7Z8J6, STM32H7S3A8I6, STM32H7S3I8K6, STM32H7S3I8T6, STM32H7S3L8H6, STM32H7S3L8H6H, STM32H7S3R8V6, STM32H7S3V8H6, STM32H7S3V8T6, STM32H7S3V8Y6TR, STM32H7S3Z8J6, STM32H7S3Z8T6, STM32H7S78-DK, STM32H7S7A8I6, STM32H7S7I8K6, STM32H7S7I8T6, STM32H7S7L8H6, STM32H7S7L8H6H, STM32H7S7Z8J6, STM32L4R5QGI6STR, STM32MP131AAE3, STM32MP131AAF3, STM32MP131AAG3, STM32MP131CAE3, STM32MP131CAF3, STM32MP131CAG3, STM32MP131DAE7, STM32MP131DAF7, STM32MP131DAG7, STM32MP131FAE7, STM32MP131FAF7, STM32MP131FAG7, STM32MP133AAE3, STM32MP133AAF3, STM32MP133AAG3, STM32MP133CAE3, STM32MP133CAF3, STM32MP133CAG3, STM32MP133DAE7, STM32MP133DAF7, STM32MP133DAG7, STM32MP133FAE7, STM32MP133FAF7, STM32MP133FAG7, STM32MP135AAE3, STM32MP135AAF3, STM32MP135AAG3, STM32MP135CAE3, STM32MP135CAF3, STM32MP135CAG3, STM32MP135DAE7, STM32MP135DAF7, STM32MP135DAG7, STM32MP135F-DK, STM32MP135FAE7, STM32MP135FAF7, STM32MP135FAF7T, STM32MP135FAF7U, STM32MP135FAG7, STM32MP211AAL3, STM32MP211AAM3, STM32MP211AAN3, STM32MP211AAO3, STM32MP211CAL3, STM32MP211CAM3, STM32MP211CAN3, STM32MP211CAO3, STM32MP211DAL3, STM32MP211DAM3, STM32MP211DAN3, STM32MP211DAO3, STM32MP211FAL3, STM32MP211FAM3, STM32MP211FAN3, STM32MP211FAO3, STM32MP213AAL3, STM32MP213AAM3, STM32MP213AAN3, STM32MP213AAO3, STM32MP213CAL3, STM32MP213CAM3, STM32MP213CAN3, STM32MP213CAO3, STM32MP213DAL3, STM32MP213DAM3, STM32MP213DAN3, STM32MP213DAO3, STM32MP213FAL3, STM32MP213FAM3, STM32MP213FAN3, STM32MP213FAO3, STM32MP215AAL3, STM32MP215AAM3, STM32MP215AAN3, STM32MP215AAO3, STM32MP215CAL3, STM32MP215CAM3, STM32MP215CAN3, STM32MP215CAO3, STM32MP215DAL3, STM32MP215DAM3, STM32MP215DAN3, STM32MP215DAO3, STM32MP215F-DK, STM32MP215FAL3, STM32MP215FAM3, STM32MP215FAN3, STM32MP215FAO3, STM32MP231AAJ3, STM32MP231AAK3, STM32MP231AAL3, STM32MP231CAJ3, STM32MP231CAK3, STM32MP231CAL3, STM32MP231DAJ3, STM32MP231DAK3, STM32MP231DAL3, STM32MP231FAJ3, STM32MP231FAK3, STM32MP231FAL3, STM32MP233AAJ3, STM32MP233AAK3, STM32MP233AAL3, STM32MP233CAJ3, STM32MP233CAK3, STM32MP233CAL3, STM32MP233DAJ3, STM32MP233DAK3, STM32MP233DAL3, STM32MP233FAJ3, STM32MP233FAK3, STM32MP233FAL3, STM32MP235AAJ3, STM32MP235AAK3, STM32MP235AAL3, STM32MP235CAJ3, STM32MP235CAK3, STM32MP235CAL3, STM32MP235DAJ3, STM32MP235DAK3, STM32MP235DAL3, STM32MP235FAJ3, STM32MP235FAK3, STM32MP235FAL3, STM32MP251AAI3, STM32MP251AAK3, STM32MP251AAL3, STM32MP251CAI3, STM32MP251CAK3, STM32MP251CAL3, STM32MP251DAI3, STM32MP251DAK3, STM32MP251DAL3, STM32MP251FAI3, STM32MP251FAK3, STM32MP251FAL3, STM32MP253AAI3, STM32MP253AAK3, STM32MP253AAL3, STM32MP253CAI3, STM32MP253CAK3, STM32MP253CAL3, STM32MP253DAI3, STM32MP253DAK3, STM32MP253DAL3, STM32MP253FAI3, STM32MP253FAK3, STM32MP253FAL3, STM32MP255AAI3, STM32MP255AAK3, STM32MP255AAL3, STM32MP255CAI3, STM32MP255CAK3, STM32MP255CAL3, STM32MP255DAI3, STM32MP255DAK3, STM32MP255DAL3, STM32MP255FAI3, STM32MP255FAK3, STM32MP255FAL3, STM32MP257AAI3, STM32MP257AAK3, STM32MP257AAL3, STM32MP257CAI3, STM32MP257CAK3, STM32MP257CAL3, STM32MP257DAI3, STM32MP257DAK3, STM32MP257DAL3, STM32MP257F-DK, STM32MP257F-EV1, STM32MP257FAI3, STM32MP257FAK3, STM32MP257FAL3, STM32N645A0H3Q, STM32N645B0H3Q, STM32N645I0H3Q, STM32N645L0H3Q, STM32N645X0H3Q, STM32N645Z0H3Q, STM32N647A0H3Q, STM32N647B0H3Q, STM32N647I0H3Q, STM32N647L0H3Q, STM32N647X0H3Q, STM32N647Z0H3Q, STM32N655A0H3Q, STM32N655B0H3Q, STM32N655I0H3Q, STM32N655L0H3Q, STM32N655X0H3Q, STM32N655Z0H3Q, STM32N6570-DK, STM32N657A0H3Q, STM32N657B0H3Q, STM32N657I0H3Q, STM32N657L0H3Q, STM32N657X0H3Q, STM32N657Z0H3Q, STM32U031C6T6, STM32U031C6U6, STM32U031C8T6, STM32U031C8U6, STM32U031F4P6, STM32U031F6P6, STM32U031F8P6, STM32U031G6Y6TR, STM32U031G8Y6TR, STM32U031K4U6, STM32U031K6U6, STM32U031K8U6, STM32U031R6I6, STM32U031R6T6, STM32U031R8I6, STM32U031R8T6, STM32U073C8T6, STM32U073C8U6, STM32U073CBT6, STM32U073CBU6, STM32U073CCT6, STM32U073CCU6, STM32U073H8Y6TR, STM32U073HBY6TR, STM32U073HCY6TR, STM32U073K8U6, STM32U073KBU6, STM32U073KCU6, STM32U073M8I6, STM32U073M8T6, STM32U073MBI6, STM32U073MBT6, STM32U073MCI6, STM32U073MCT6, STM32U073R8I6, STM32U073R8T6, STM32U073RBI6, STM32U073RBT6, STM32U073RCI6, STM32U073RCT6, STM32U083C-DK, STM32U083CCT6, STM32U083CCU6, STM32U083HCY6TR, STM32U083KCU6, STM32U083MCI6, STM32U083MCT6, STM32U083RCI6, STM32U083RCT6, STM32U375CET6, STM32U375CET6Q, STM32U375CEU6, STM32U375CEU6Q, STM32U375CEY6QTR, STM32U375CGT6, STM32U375CGT6Q, STM32U375CGU6, STM32U375CGU6Q, STM32U375CGY6QTR, STM32U375KEU6, STM32U375KGU6, STM32U375REI6, STM32U375REI6Q, STM32U375RET6, STM32U375RET6Q, STM32U375REY6GTR, STM32U375REY6QTR, STM32U375RGI6, STM32U375RGI6Q, STM32U375RGT6, STM32U375RGT6Q, STM32U375RGY6GTR, STM32U375RGY6QTR, STM32U375VEI6, STM32U375VEI6Q, STM32U375VET6, STM32U375VET6Q, STM32U375VGI6, STM32U375VGI6Q, STM32U375VGT6, STM32U375VGT6Q, STM32U385CGT6, STM32U385CGT6Q, STM32U385CGU6, STM32U385CGU6Q, STM32U385CGY6QTR, STM32U385KGU6, STM32U385RGI6, STM32U385RGI6Q, STM32U385RGT6, STM32U385RGT6Q, STM32U385RGY6GTR, STM32U385RGY6QTR, STM32U385VGI6, STM32U385VGI6Q, STM32U385VGT6, STM32U385VGT6Q, STM32U535CBT6, STM32U535CBT6Q, STM32U535CBU6, STM32U535CBU6Q, STM32U535CCT6, STM32U535CCT6Q, STM32U535CCU6, STM32U535CCU6Q, STM32U535CET6, STM32U535CET6Q, STM32U535CEU6, STM32U535CEU6Q, STM32U535JEY6QTR, STM32U535NCY6QTR, STM32U535NEY6QTR, STM32U535RBI6, STM32U535RBI6Q, STM32U535RBT6, STM32U535RBT6Q, STM32U535RCI6, STM32U535RCI6Q, STM32U535RCT6, STM32U535RCT6Q, STM32U535REI6, STM32U535REI6Q, STM32U535RET6, STM32U535RET6Q, STM32U535VCI6, STM32U535VCI6Q, STM32U535VCT6, STM32U535VCT6Q, STM32U535VEI6, STM32U535VEI6Q, STM32U535VET6, STM32U535VET6Q, STM32U545CET6, STM32U545CET6Q, STM32U545CEU6, STM32U545CEU6Q, STM32U545JEY6QTR, STM32U545NEY6QTR, STM32U545REI6, STM32U545REI6Q, STM32U545RET6, STM32U545RET6Q, STM32U545VEI6, STM32U545VEI6Q, STM32U545VET6, STM32U545VET6Q, STM32U595AIH6, STM32U595AIH6Q, STM32U595AJH6, STM32U595AJH6Q, STM32U595QII6, STM32U595QII6Q, STM32U595QJI6, STM32U595QJI6Q, STM32U595RIT6, STM32U595RIT6Q, STM32U595RJT6, STM32U595RJT6Q, STM32U595VIT6, STM32U595VIT6Q, STM32U595VJT6, STM32U595VJT6Q, STM32U595ZIT6, STM32U595ZIT6Q, STM32U595ZIY6QTR, STM32U595ZJT6, STM32U595ZJT6Q, STM32U595ZJY6QTR, STM32U599BJY6QTR, STM32U599NIH6Q, STM32U599NJH6Q, STM32U599VIT6Q, STM32U599VJT6, STM32U599VJT6Q, STM32U599ZIT6Q, STM32U599ZIY6QTR, STM32U599ZJT6Q, STM32U599ZJY6QTR, STM32U5A5AJH6, STM32U5A5AJH6Q, STM32U5A5QII3Q , STM32U5A5QJI6, STM32U5A5QJI6Q, STM32U5A5RJT6, STM32U5A5RJT6Q, STM32U5A5VJT6, STM32U5A5VJT6Q, STM32U5A5ZJT6, STM32U5A5ZJT6Q, STM32U5A5ZJY6QTR, STM32U5A9BJY6QTR, STM32U5A9J-DK, STM32U5A9NJH6Q, STM32U5A9VJT6Q, STM32U5A9ZJT6Q, STM32U5A9ZJY6QTR, STM32U5F7VIT6, STM32U5F7VIT6Q, STM32U5F7VJT6, STM32U5F7VJT6Q, STM32U5F9BJY6QTR, STM32U5F9NJH6Q, STM32U5F9VIT6Q, STM32U5F9VJT6Q, STM32U5F9ZIJ6QTR, STM32U5F9ZIT6Q, STM32U5F9ZJJ6QTR, STM32U5F9ZJT6Q, STM32U5G7VJT6, STM32U5G7VJT6Q, STM32U5G9BJY6QTR, STM32U5G9J-DK1, STM32U5G9J-DK2, STM32U5G9NJH6Q, STM32U5G9VJT6Q, STM32U5G9ZJJ6QTR, STM32U5G9ZJT6Q, STM32WB05KZV6TR, STM32WB05KZV7TR, STM32WB05TZF6TR, STM32WB05TZF7TR, STM32WB06CCF6TR, STM32WB06CCF7TR, STM32WB06CCV6TR, STM32WB06CCV7TR, STM32WB06KCV6TR, STM32WB06KCV7TR, STM32WB07CCF6TR, STM32WB07CCF7TR, STM32WB07CCV6TR, STM32WB07CCV7TR, STM32WB07KCV6TR, STM32WB07KCV7TR, STM32WB09KEV6TR, STM32WB09KEV7TR, STM32WB09TEF6TR, STM32WB09TEF7TR, STM32WB1MMCH6, STM32WBA50KGU6, STM32WBA50KGU6TR, STM32WBA52CEU6, STM32WBA52CEU6TR, STM32WBA52CEU7, STM32WBA52CEU7TR, STM32WBA52CGU6, STM32WBA52CGU6TR, STM32WBA52CGU6U, STM32WBA52CGU7, STM32WBA52CGU7TR, STM32WBA52KEU6, STM32WBA52KEU6TR, STM32WBA52KGU6, STM32WBA52KGU6TR, STM32WBA54CEU6, STM32WBA54CEU6TR, STM32WBA54CEU7, STM32WBA54CEU7TR, STM32WBA54CGU6, STM32WBA54CGU6TR, STM32WBA54CGU7, STM32WBA54CGU7TR, STM32WBA54KEU6, STM32WBA54KEU6TR, STM32WBA54KEU7, STM32WBA54KEU7TR, STM32WBA54KGU6, STM32WBA54KGU6TR, STM32WBA54KGU7, STM32WBA54KGU7TR, STM32WBA55CEU6, STM32WBA55CEU6TR, STM32WBA55CEU7, STM32WBA55CEU7TR, STM32WBA55CGU6, STM32WBA55CGU6TR, STM32WBA55CGU6U, STM32WBA55CGU7, STM32WBA55CGU7TR, STM32WBA55G-DK1, STM32WBA55HEF6, STM32WBA55HEF7, STM32WBA55HGF6, STM32WBA55HGF7, STM32WBA55UEI6, STM32WBA55UEI6TR, STM32WBA55UEI7, STM32WBA55UEI7TR, STM32WBA55UGI6, STM32WBA55UGI6TR, STM32WBA55UGI7, STM32WBA55UGI7TR, STM32WBA5MMGH6TR, STM32WBA62MGF6, STM32WBA62MIF6, STM32WBA65MGF7, STM32WBA65MIF6, STM32WBA65MIF7, STM32WL30K8V6, STM32WL30KBV6, STM32WL31C8V6, STM32WL31CBV6, STM32WL31K8V6, STM32WL31KBV6, STM32WL33C8V6, STM32WL33C8V6X, STM32WL33CBV6, STM32WL33CBV6X, STM32WL33CCV6, STM32WL33CCV6A, STM32WL33CCV6X, STM32WL33K8V7, STM32WL33K8V7X, STM32WL33KBV7 , STM32WL33KBV7X, STM32WL33KCV7, STM32WL33KCV7X, STM32WL5MOCH6, STM32WL5MOCH6TR]
2026-04-12 17:02:54,063 [INFO] ApiDb:668 - CubeFinder database Data Model version=2.1
2026-04-12 17:02:54,064 [INFO] ApiDb:669 - CubeFinder database Configuration version=3.0.42
2026-04-12 17:02:54,064 [INFO] ApiDb:670 - CubeFinder database generation date=2026-02-13 (1770995876)
2026-04-12 17:02:54,064 [INFO] ApiDb:671 - CubeFinder database FW Pack versions=[FP-ATR-ASTRA1_V2.0.0, FP-SNS-FLIGHT1_V5.1.0, FP-SNS-MOTENV1_V5.1.0, FP-SNS-MOTENVWB1_V1.4.0, FP-SNS-SMARTAG2_V1.2.0, FP-SNS-STBOX1_V2.1.0, STM32Cube_FW_C0_V1.4.0, STM32Cube_FW_F4_V1.28.3, STM32Cube_FW_F7_V1.17.4, STM32Cube_FW_G0_V1.6.2, STM32Cube_FW_G4_V1.6.1, STM32Cube_FW_H5_V1.6.0, STM32Cube_FW_H7RS_V1.3.0, STM32Cube_FW_H7_V1.13.0, STM32Cube_FW_L0_V1.12.2, STM32Cube_FW_L4_V1.18.2, STM32Cube_FW_L5_V1.6.0, STM32Cube_FW_N6_V1.3.0, STM32Cube_FW_U0_V1.3.0, STM32Cube_FW_U3_V1.3.0, STM32Cube_FW_U5_V1.8.0, STM32Cube_FW_WB0_V1.4.0, STM32Cube_FW_WBA_V1.9.0, STM32Cube_FW_WB_V1.24.0, STM32Cube_FW_WL3_V1.4.0, STM32Cube_FW_WL_V1.5.0, X-CUBE-ALGOBUILD_V1.4.0, X-CUBE-ALS_V1.0.2, X-CUBE-AZRTOS-F4_V1.1.0, X-CUBE-AZRTOS-F7_V1.1.0, X-CUBE-AZRTOS-G0_V1.1.0, X-CUBE-AZRTOS-G4_V2.0.0, X-CUBE-AZRTOS-H7RS_V1.1.0, X-CUBE-AZRTOS-H7_V3.4.0, X-CUBE-AZRTOS-L4_V2.0.0, X-CUBE-AZRTOS-L5_V2.0.0, X-CUBE-AZRTOS-WB_V2.0.0, X-CUBE-AZRTOS-WL_V2.0.0, X-CUBE-BLE1_V7.1.0, X-CUBE-BLE2_V3.3.0, X-CUBE-BLEMGR_V4.1.0, X-CUBE-EEPRMA1_V5.2.0, X-CUBE-FREERTOS_V1.3.1, X-CUBE-GNSS1_V6.0.0, X-CUBE-MEMS1_V12.0.0, X-CUBE-NFC4_V3.0.0, X-CUBE-NFC7_V2.0.0, X-CUBE-SFXS2LP1_V4.0.0, X-CUBE-ST67W61_V1.1.0, X-CUBE-SUBG2_V5.0.0, X-CUBE-TOF1_V3.4.3]
2026-04-12 17:02:56,239 [INFO] ApiDb:240 - Found 880 in-development CPN: [B-G473E-ZEST1S, B-WB1M-WPAN1, B-WBA5M-WPAN, B-WL5M-SUBG1, NUCLEO-C031C6, NUCLEO-C051C8, NUCLEO-C071RB, NUCLEO-C092RC, NUCLEO-H503RB, NUCLEO-H533RE, NUCLEO-H563ZI, NUCLEO-H7S3L8, NUCLEO-N657X0-Q, NUCLEO-U031R8, NUCLEO-U083RC, NUCLEO-U385RG-Q, NUCLEO-U545RE-Q, NUCLEO-U5A5ZJ-Q, NUCLEO-WB05KZ, NUCLEO-WB07CC, NUCLEO-WB09KE, NUCLEO-WBA52CG, NUCLEO-WBA55CG, NUCLEO-WL33CC1, NUCLEO-WL33CC2, STEVAL-PROTEUS1, STEVAL-SMARTAG2, STEVAL-STWINBX1, STM320518-EVAL, STM32C0116-DK, STM32C011D6Y3TR, STM32C011D6Y6TR, STM32C011F4P3, STM32C011F4P6, STM32C011F4U3, STM32C011F4U6TR, STM32C011F6P3, STM32C011F6P6, STM32C011F6U3, STM32C011F6U6TR, STM32C011J4M3, STM32C011J4M6, STM32C011J6M3, STM32C011J6M6, STM32C0316-DK, STM32C031C4T3, STM32C031C4T6, STM32C031C4U3, STM32C031C4U6, STM32C031C6T3, STM32C031C6T6, STM32C031C6U3, STM32C031C6U6, STM32C031F4P3, STM32C031F4P6, STM32C031F6P3, STM32C031F6P6, STM32C031G4U3, STM32C031G4U6, STM32C031G6U3, STM32C031G6U6, STM32C031K4T3, STM32C031K4T6, STM32C031K4U3, STM32C031K4U6, STM32C031K6T3, STM32C031K6T6, STM32C031K6U3, STM32C031K6U6, STM32C051C6T6, STM32C051C6U6, STM32C051C8T6, STM32C051C8U6, STM32C051D8Y6TR, STM32C051F6P6, STM32C051F8P6, STM32C051G6U6, STM32C051G8U6, STM32C051K6T6, STM32C051K6U6, STM32C051K8T6, STM32C071C8T6, STM32C071C8T6N, STM32C071C8U6, STM32C071C8U6N, STM32C071CBT6, STM32C071CBT6N, STM32C071CBU6, STM32C071CBU6N, STM32C071F8P6, STM32C071F8P6N, STM32C071FBP6, STM32C071FBP6N, STM32C071FBY6TR, STM32C071G8U6, STM32C071G8U6N, STM32C071GBU6, STM32C071GBU6N, STM32C071K8T6, STM32C071K8T6N, STM32C071K8U6, STM32C071K8U6N, STM32C071KBT6, STM32C071KBT6N, STM32C071KBU6, STM32C071KBU6N, STM32C071R8T6, STM32C071R8T6N, STM32C071RBI6N, STM32C071RBT6, STM32C071RBT6N, STM32C091CBT6, STM32C091CBU6, STM32C091CCT6, STM32C091CCU6, STM32C091ECY6TR, STM32C091FBP6, STM32C091FCP6, STM32C091GBU6, STM32C091GCU6, STM32C091KBT6, STM32C091KBU6, STM32C091KCT6, STM32C091KCU6, STM32C091RBT6, STM32C091RCI6, STM32C091RCT6, STM32C092CBT6, STM32C092CBU6, STM32C092CCT6, STM32C092CCU6, STM32C092ECY6TR, STM32C092FBP6, STM32C092FCP6, STM32C092GBU6, STM32C092GCU6, STM32C092KBT6, STM32C092KBU6, STM32C092KCT6, STM32C092KCU6, STM32C092RBT6, STM32C092RCI6, STM32C092RCT6, STM32G071K8TXN, STM32G071K8UXN, STM32G081GBU6N, STM32G081KBT6N, STM32G081KBUXN, STM32G0B1CCT6N, STM32G0B1KCT6, STM32G0B1NEY6TR, STM32G0B1RCT6N, STM32G0C1CCT6, STM32G0C1CCT6N, STM32G0C1CCU6N, STM32G0C1CET6N, STM32G0C1CEU6N, STM32G0C1KCT6, STM32G0C1NEY6TR, STM32G0C1RCI6N, STM32G0C1RCT6N, STM32G0C1REI6N, STM32G0C1RET6N, STM32G0C1VCI6, STM32G0C1VEI6, STM32G411C6T3, STM32G411C6T6, STM32G411C6U3, STM32G411C6U6, STM32G411C8T3, STM32G411C8T6, STM32G411C8U3, STM32G411C8U6, STM32G411CBT3, STM32G411CBT6, STM32G411CBU3, STM32G411CBU6, STM32G411K6T3, STM32G411K6T6, STM32G411K6U3, STM32G411K6U6, STM32G411K8T3, STM32G411K8T6, STM32G411K8U3, STM32G411K8U6, STM32G411KBT3, STM32G411KBT6, STM32G411KBU3, STM32G411KBU6, STM32G411M6T3, STM32G411M6T6, STM32G411M8T3, STM32G411M8T6, STM32G411MBT3, STM32G411MBT6, STM32G411R6T3, STM32G411R6T6, STM32G411R8T3, STM32G411R8T6, STM32G411RBT3, STM32G411RBT6, STM32G414CBT3, STM32G414CBT6, STM32G414CBU3, STM32G414CBU6, STM32G414CCT3, STM32G414CCT6, STM32G414CCU3, STM32G414CCU6, STM32G414MBT3, STM32G414MBT6, STM32G414MCT3, STM32G414MCT6, STM32G414RBT3, STM32G414RBT6, STM32G414RCT3, STM32G414RCT6, STM32G414VBT3, STM32G414VBT6, STM32G414VCT3, STM32G414VCT6, STM32G431CBT3Z, STM32G431RBT3Z, STM32G471CCT6, STM32G471CCU6, STM32G471CET3, STM32G471CET6, STM32G471CEU3, STM32G471CEU6, STM32G471MCT6, STM32G471MET3, STM32G471MET6, STM32G471MEY6TR, STM32G471QCT6, STM32G471QET3, STM32G471RCT6, STM32G471RET3, STM32G471RET6, STM32G471VCH6, STM32G471VCI6, STM32G471VCT6, STM32G471VEH3, STM32G471VEH6, STM32G471VEI3, STM32G471VEI6, STM32G471VET3, STM32G471VET6, STM32G473QET3Z, STM32G473RET3Z, STM32G474CCT6, STM32G491RET3Z, STM32H503CBT6, STM32H503CBU6, STM32H503EBY6TR, STM32H503KBU6, STM32H503RBT6, STM32H523CCT6, STM32H523CCU6, STM32H523CET6, STM32H523CEU6, STM32H523HEY6TR, STM32H523RCT6, STM32H523RET6, STM32H523VCI6, STM32H523VCT6, STM32H523VEI6, STM32H523VET6, STM32H523ZCJ6, STM32H523ZCT6, STM32H523ZEJ6, STM32H523ZET6, STM32H533CET6, STM32H533CEU6, STM32H533HEY6TR, STM32H533RET6, STM32H533VEI6, STM32H533VET6, STM32H533ZEJ6, STM32H533ZET6, STM32H562AGI6, STM32H562AII6, STM32H562IGK6, STM32H562IGT6, STM32H562IIK6, STM32H562IIT6, STM32H562RGT6, STM32H562RGV6, STM32H562RIT6, STM32H562RIV6, STM32H562VGT6, STM32H562VIT6, STM32H562ZGT6, STM32H562ZIT6, STM32H563AGI6, STM32H563AII3Q, STM32H563AII6, STM32H563IGK6, STM32H563IGT6, STM32H563IIK3Q, STM32H563IIK6, STM32H563IIT3Q, STM32H563IIT6, STM32H563MIY3QTR, STM32H563RGT6, STM32H563RGV6, STM32H563RIT6, STM32H563RIV6, STM32H563VGT6, STM32H563VIT3Q, STM32H563VIT6, STM32H563ZGT6, STM32H563ZIT3Q, STM32H563ZIT6, STM32H573AII3Q, STM32H573AII6, STM32H573I-DK, STM32H573IIK3Q, STM32H573IIK6, STM32H573IIT3Q, STM32H573IIT6, STM32H573MIY3QTR, STM32H573RIT6, STM32H573RIV6, STM32H573VIT3Q, STM32H573VIT6, STM32H573ZIT3Q, STM32H573ZIT6, STM32H7R3A8I6, STM32H7R3I8K6, STM32H7R3I8T6, STM32H7R3L8H6, STM32H7R3L8H6H, STM32H7R3R8V6, STM32H7R3V8H6, STM32H7R3V8T6, STM32H7R3V8Y6TR, STM32H7R3Z8J6, STM32H7R3Z8T6, STM32H7R7A8I6, STM32H7R7I8K6, STM32H7R7I8T6, STM32H7R7L8H6, STM32H7R7L8H6H, STM32H7R7Z8J6, STM32H7S3A8I6, STM32H7S3I8K6, STM32H7S3I8T6, STM32H7S3L8H6, STM32H7S3L8H6H, STM32H7S3R8V6, STM32H7S3V8H6, STM32H7S3V8T6, STM32H7S3V8Y6TR, STM32H7S3Z8J6, STM32H7S3Z8T6, STM32H7S78-DK, STM32H7S7A8I6, STM32H7S7I8K6, STM32H7S7I8T6, STM32H7S7L8H6, STM32H7S7L8H6H, STM32H7S7Z8J6, STM32L4R5QGI6STR, STM32MP131AAE3, STM32MP131AAF3, STM32MP131AAG3, STM32MP131CAE3, STM32MP131CAF3, STM32MP131CAG3, STM32MP131DAE7, STM32MP131DAF7, STM32MP131DAG7, STM32MP131FAE7, STM32MP131FAF7, STM32MP131FAG7, STM32MP133AAE3, STM32MP133AAF3, STM32MP133AAG3, STM32MP133CAE3, STM32MP133CAF3, STM32MP133CAG3, STM32MP133DAE7, STM32MP133DAF7, STM32MP133DAG7, STM32MP133FAE7, STM32MP133FAF7, STM32MP133FAG7, STM32MP135AAE3, STM32MP135AAF3, STM32MP135AAG3, STM32MP135CAE3, STM32MP135CAF3, STM32MP135CAG3, STM32MP135DAE7, STM32MP135DAF7, STM32MP135DAG7, STM32MP135F-DK, STM32MP135FAE7, STM32MP135FAF7, STM32MP135FAF7T, STM32MP135FAF7U, STM32MP135FAG7, STM32MP211AAL3, STM32MP211AAM3, STM32MP211AAN3, STM32MP211AAO3, STM32MP211CAL3, STM32MP211CAM3, STM32MP211CAN3, STM32MP211CAO3, STM32MP211DAL3, STM32MP211DAM3, STM32MP211DAN3, STM32MP211DAO3, STM32MP211FAL3, STM32MP211FAM3, STM32MP211FAN3, STM32MP211FAO3, STM32MP213AAL3, STM32MP213AAM3, STM32MP213AAN3, STM32MP213AAO3, STM32MP213CAL3, STM32MP213CAM3, STM32MP213CAN3, STM32MP213CAO3, STM32MP213DAL3, STM32MP213DAM3, STM32MP213DAN3, STM32MP213DAO3, STM32MP213FAL3, STM32MP213FAM3, STM32MP213FAN3, STM32MP213FAO3, STM32MP215AAL3, STM32MP215AAM3, STM32MP215AAN3, STM32MP215AAO3, STM32MP215CAL3, STM32MP215CAM3, STM32MP215CAN3, STM32MP215CAO3, STM32MP215DAL3, STM32MP215DAM3, STM32MP215DAN3, STM32MP215DAO3, STM32MP215F-DK, STM32MP215FAL3, STM32MP215FAM3, STM32MP215FAN3, STM32MP215FAO3, STM32MP231AAJ3, STM32MP231AAK3, STM32MP231AAL3, STM32MP231CAJ3, STM32MP231CAK3, STM32MP231CAL3, STM32MP231DAJ3, STM32MP231DAK3, STM32MP231DAL3, STM32MP231FAJ3, STM32MP231FAK3, STM32MP231FAL3, STM32MP233AAJ3, STM32MP233AAK3, STM32MP233AAL3, STM32MP233CAJ3, STM32MP233CAK3, STM32MP233CAL3, STM32MP233DAJ3, STM32MP233DAK3, STM32MP233DAL3, STM32MP233FAJ3, STM32MP233FAK3, STM32MP233FAL3, STM32MP235AAJ3, STM32MP235AAK3, STM32MP235AAL3, STM32MP235CAJ3, STM32MP235CAK3, STM32MP235CAL3, STM32MP235DAJ3, STM32MP235DAK3, STM32MP235DAL3, STM32MP235FAJ3, STM32MP235FAK3, STM32MP235FAL3, STM32MP251AAI3, STM32MP251AAK3, STM32MP251AAL3, STM32MP251CAI3, STM32MP251CAK3, STM32MP251CAL3, STM32MP251DAI3, STM32MP251DAK3, STM32MP251DAL3, STM32MP251FAI3, STM32MP251FAK3, STM32MP251FAL3, STM32MP253AAI3, STM32MP253AAK3, STM32MP253AAL3, STM32MP253CAI3, STM32MP253CAK3, STM32MP253CAL3, STM32MP253DAI3, STM32MP253DAK3, STM32MP253DAL3, STM32MP253FAI3, STM32MP253FAK3, STM32MP253FAL3, STM32MP255AAI3, STM32MP255AAK3, STM32MP255AAL3, STM32MP255CAI3, STM32MP255CAK3, STM32MP255CAL3, STM32MP255DAI3, STM32MP255DAK3, STM32MP255DAL3, STM32MP255FAI3, STM32MP255FAK3, STM32MP255FAL3, STM32MP257AAI3, STM32MP257AAK3, STM32MP257AAL3, STM32MP257CAI3, STM32MP257CAK3, STM32MP257CAL3, STM32MP257DAI3, STM32MP257DAK3, STM32MP257DAL3, STM32MP257F-DK, STM32MP257F-EV1, STM32MP257FAI3, STM32MP257FAK3, STM32MP257FAL3, STM32N645A0H3Q, STM32N645B0H3Q, STM32N645I0H3Q, STM32N645L0H3Q, STM32N645X0H3Q, STM32N645Z0H3Q, STM32N647A0H3Q, STM32N647B0H3Q, STM32N647I0H3Q, STM32N647L0H3Q, STM32N647X0H3Q, STM32N647Z0H3Q, STM32N655A0H3Q, STM32N655B0H3Q, STM32N655I0H3Q, STM32N655L0H3Q, STM32N655X0H3Q, STM32N655Z0H3Q, STM32N6570-DK, STM32N657A0H3Q, STM32N657B0H3Q, STM32N657I0H3Q, STM32N657L0H3Q, STM32N657X0H3Q, STM32N657Z0H3Q, STM32U031C6T6, STM32U031C6U6, STM32U031C8T6, STM32U031C8U6, STM32U031F4P6, STM32U031F6P6, STM32U031F8P6, STM32U031G6Y6TR, STM32U031G8Y6TR, STM32U031K4U6, STM32U031K6U6, STM32U031K8U6, STM32U031R6I6, STM32U031R6T6, STM32U031R8I6, STM32U031R8T6, STM32U073C8T6, STM32U073C8U6, STM32U073CBT6, STM32U073CBU6, STM32U073CCT6, STM32U073CCU6, STM32U073H8Y6TR, STM32U073HBY6TR, STM32U073HCY6TR, STM32U073K8U6, STM32U073KBU6, STM32U073KCU6, STM32U073M8I6, STM32U073M8T6, STM32U073MBI6, STM32U073MBT6, STM32U073MCI6, STM32U073MCT6, STM32U073R8I6, STM32U073R8T6, STM32U073RBI6, STM32U073RBT6, STM32U073RCI6, STM32U073RCT6, STM32U083C-DK, STM32U083CCT6, STM32U083CCU6, STM32U083HCY6TR, STM32U083KCU6, STM32U083MCI6, STM32U083MCT6, STM32U083RCI6, STM32U083RCT6, STM32U375CET6, STM32U375CET6Q, STM32U375CEU6, STM32U375CEU6Q, STM32U375CEY6QTR, STM32U375CGT6, STM32U375CGT6Q, STM32U375CGU6, STM32U375CGU6Q, STM32U375CGY6QTR, STM32U375KEU6, STM32U375KGU6, STM32U375REI6, STM32U375REI6Q, STM32U375RET6, STM32U375RET6Q, STM32U375REY6GTR, STM32U375REY6QTR, STM32U375RGI6, STM32U375RGI6Q, STM32U375RGT6, STM32U375RGT6Q, STM32U375RGY6GTR, STM32U375RGY6QTR, STM32U375VEI6, STM32U375VEI6Q, STM32U375VET6, STM32U375VET6Q, STM32U375VGI6, STM32U375VGI6Q, STM32U375VGT6, STM32U375VGT6Q, STM32U385CGT6, STM32U385CGT6Q, STM32U385CGU6, STM32U385CGU6Q, STM32U385CGY6QTR, STM32U385KGU6, STM32U385RGI6, STM32U385RGI6Q, STM32U385RGT6, STM32U385RGT6Q, STM32U385RGY6GTR, STM32U385RGY6QTR, STM32U385VGI6, STM32U385VGI6Q, STM32U385VGT6, STM32U385VGT6Q, STM32U535CBT6, STM32U535CBT6Q, STM32U535CBU6, STM32U535CBU6Q, STM32U535CCT6, STM32U535CCT6Q, STM32U535CCU6, STM32U535CCU6Q, STM32U535CET6, STM32U535CET6Q, STM32U535CEU6, STM32U535CEU6Q, STM32U535JEY6QTR, STM32U535NCY6QTR, STM32U535NEY6QTR, STM32U535RBI6, STM32U535RBI6Q, STM32U535RBT6, STM32U535RBT6Q, STM32U535RCI6, STM32U535RCI6Q, STM32U535RCT6, STM32U535RCT6Q, STM32U535REI6, STM32U535REI6Q, STM32U535RET6, STM32U535RET6Q, STM32U535VCI6, STM32U535VCI6Q, STM32U535VCT6, STM32U535VCT6Q, STM32U535VEI6, STM32U535VEI6Q, STM32U535VET6, STM32U535VET6Q, STM32U545CET6, STM32U545CET6Q, STM32U545CEU6, STM32U545CEU6Q, STM32U545JEY6QTR, STM32U545NEY6QTR, STM32U545REI6, STM32U545REI6Q, STM32U545RET6, STM32U545RET6Q, STM32U545VEI6, STM32U545VEI6Q, STM32U545VET6, STM32U545VET6Q, STM32U595AIH6, STM32U595AIH6Q, STM32U595AJH6, STM32U595AJH6Q, STM32U595QII6, STM32U595QII6Q, STM32U595QJI6, STM32U595QJI6Q, STM32U595RIT6, STM32U595RIT6Q, STM32U595RJT6, STM32U595RJT6Q, STM32U595VIT6, STM32U595VIT6Q, STM32U595VJT6, STM32U595VJT6Q, STM32U595ZIT6, STM32U595ZIT6Q, STM32U595ZIY6QTR, STM32U595ZJT6, STM32U595ZJT6Q, STM32U595ZJY6QTR, STM32U599BJY6QTR, STM32U599NIH6Q, STM32U599NJH6Q, STM32U599VIT6Q, STM32U599VJT6, STM32U599VJT6Q, STM32U599ZIT6Q, STM32U599ZIY6QTR, STM32U599ZJT6Q, STM32U599ZJY6QTR, STM32U5A5AJH6, STM32U5A5AJH6Q, STM32U5A5QII3Q , STM32U5A5QJI6, STM32U5A5QJI6Q, STM32U5A5RJT6, STM32U5A5RJT6Q, STM32U5A5VJT6, STM32U5A5VJT6Q, STM32U5A5ZJT6, STM32U5A5ZJT6Q, STM32U5A5ZJY6QTR, STM32U5A9BJY6QTR, STM32U5A9J-DK, STM32U5A9NJH6Q, STM32U5A9VJT6Q, STM32U5A9ZJT6Q, STM32U5A9ZJY6QTR, STM32U5F7VIT6, STM32U5F7VIT6Q, STM32U5F7VJT6, STM32U5F7VJT6Q, STM32U5F9BJY6QTR, STM32U5F9NJH6Q, STM32U5F9VIT6Q, STM32U5F9VJT6Q, STM32U5F9ZIJ6QTR, STM32U5F9ZIT6Q, STM32U5F9ZJJ6QTR, STM32U5F9ZJT6Q, STM32U5G7VJT6, STM32U5G7VJT6Q, STM32U5G9BJY6QTR, STM32U5G9J-DK1, STM32U5G9J-DK2, STM32U5G9NJH6Q, STM32U5G9VJT6Q, STM32U5G9ZJJ6QTR, STM32U5G9ZJT6Q, STM32WB05KZV6TR, STM32WB05KZV7TR, STM32WB05TZF6TR, STM32WB05TZF7TR, STM32WB06CCF6TR, STM32WB06CCF7TR, STM32WB06CCV6TR, STM32WB06CCV7TR, STM32WB06KCV6TR, STM32WB06KCV7TR, STM32WB07CCF6TR, STM32WB07CCF7TR, STM32WB07CCV6TR, STM32WB07CCV7TR, STM32WB07KCV6TR, STM32WB07KCV7TR, STM32WB09KEV6TR, STM32WB09KEV7TR, STM32WB09TEF6TR, STM32WB09TEF7TR, STM32WB1MMCH6, STM32WBA50KGU6, STM32WBA50KGU6TR, STM32WBA52CEU6, STM32WBA52CEU6TR, STM32WBA52CEU7, STM32WBA52CEU7TR, STM32WBA52CGU6, STM32WBA52CGU6TR, STM32WBA52CGU6U, STM32WBA52CGU7, STM32WBA52CGU7TR, STM32WBA52KEU6, STM32WBA52KEU6TR, STM32WBA52KGU6, STM32WBA52KGU6TR, STM32WBA54CEU6, STM32WBA54CEU6TR, STM32WBA54CEU7, STM32WBA54CEU7TR, STM32WBA54CGU6, STM32WBA54CGU6TR, STM32WBA54CGU7, STM32WBA54CGU7TR, STM32WBA54KEU6, STM32WBA54KEU6TR, STM32WBA54KEU7, STM32WBA54KEU7TR, STM32WBA54KGU6, STM32WBA54KGU6TR, STM32WBA54KGU7, STM32WBA54KGU7TR, STM32WBA55CEU6, STM32WBA55CEU6TR, STM32WBA55CEU7, STM32WBA55CEU7TR, STM32WBA55CGU6, STM32WBA55CGU6TR, STM32WBA55CGU6U, STM32WBA55CGU7, STM32WBA55CGU7TR, STM32WBA55G-DK1, STM32WBA55HEF6, STM32WBA55HEF7, STM32WBA55HGF6, STM32WBA55HGF7, STM32WBA55UEI6, STM32WBA55UEI6TR, STM32WBA55UEI7, STM32WBA55UEI7TR, STM32WBA55UGI6, STM32WBA55UGI6TR, STM32WBA55UGI7, STM32WBA55UGI7TR, STM32WBA5MMGH6TR, STM32WBA62MGF6, STM32WBA62MIF6, STM32WBA65MGF7, STM32WBA65MIF6, STM32WBA65MIF7, STM32WL30K8V6, STM32WL30KBV6, STM32WL31C8V6, STM32WL31CBV6, STM32WL31K8V6, STM32WL31KBV6, STM32WL33C8V6, STM32WL33C8V6X, STM32WL33CBV6, STM32WL33CBV6X, STM32WL33CCV6, STM32WL33CCV6A, STM32WL33CCV6X, STM32WL33K8V7, STM32WL33K8V7X, STM32WL33KBV7 , STM32WL33KBV7X, STM32WL33KCV7, STM32WL33KCV7X, STM32WL5MOCH6, STM32WL5MOCH6TR]
2026-04-12 17:02:56,244 [INFO] DbMcus:218 - Found 4922 MCUs, 4922 are supported
2026-04-12 17:02:56,244 [INFO] ApiDb:423 - Load user favorites file /home/kamil/.stm32cubeide/favorites.mcus.txt: 0 item(s)
2026-04-12 17:02:56,244 [INFO] ApiDb:427 - User favorites MCUs=[]
2026-04-12 17:02:56,245 [INFO] DbMcus:224 - Set 0 / 0 favorites MCUs
2026-04-12 17:02:56,806 [INFO] BoardInfo:889 - No configuration file found for board P-NUCLEO-WB55
2026-04-12 17:02:56,806 [INFO] DbBoards:161 - Kit is not supported: P-NUCLEO-WB55
2026-04-12 17:02:56,809 [INFO] BoardInfo:889 - No configuration file found for board STEVAL-BFA001V1B
2026-04-12 17:02:56,809 [INFO] DbBoards:161 - Kit is not supported: STEVAL-BFA001V1B
2026-04-12 17:02:56,810 [INFO] BoardInfo:889 - No configuration file found for board STEVAL-BFA001V2B
2026-04-12 17:02:56,810 [INFO] DbBoards:161 - Kit is not supported: STEVAL-BFA001V2B
2026-04-12 17:02:56,879 [INFO] DbBoards:168 - Found 212 boards, 209 are supported
2026-04-12 17:02:56,879 [INFO] DbBoards:169 - Found 212 boards, 43 of them is supported for  Bsp
2026-04-12 17:02:56,881 [INFO] ApiDb:423 - Load user favorites file /home/kamil/.stm32cubeide/favorites.boards.txt: 0 item(s)
2026-04-12 17:02:56,882 [INFO] ApiDb:427 - User favorites Boards=[]
2026-04-12 17:02:56,882 [INFO] DbBoards:198 - Set 0 / 0 favorites Boards
2026-04-12 17:02:56,925 [INFO] UtilMem:75 - End LoadConfig() Used Memory: 399198720 Bytes (613416960)
2026-04-12 17:02:57,050 [WARN] ThirdParty:833 - waiting for thirdparty lock release [change project]
2026-04-12 17:02:57,051 [INFO] ThirdParty:835 - entering critical section [change project]
2026-04-12 17:02:57,051 [INFO] ThirdParty:1030 - CMSIS Pack Vendor :STMicroelectronics X-CUBE-AZRTOS-H7 3.5.0
2026-04-12 17:02:57,051 [INFO] ThirdParty:1030 - CMSIS Pack Vendor :STMicroelectronics X-CUBE-PM33A1 1.0.0
2026-04-12 17:02:57,051 [INFO] ThirdParty:1030 - CMSIS Pack Vendor :STMicroelectronics USBPD 4.1
2026-04-12 17:02:57,051 [INFO] ThirdParty:1030 - CMSIS Pack Vendor :STMicroelectronics USB_HOST 2.0.0
2026-04-12 17:02:57,051 [INFO] ThirdParty:1030 - CMSIS Pack Vendor :STMicroelectronics FP-SNS-MOTENVWB1 1.4.0
2026-04-12 17:02:57,051 [INFO] ThirdParty:1030 - CMSIS Pack Vendor :STMicroelectronics X-CUBE-AZRTOS-F4 1.1.0
2026-04-12 17:02:57,052 [INFO] ThirdParty:1030 - CMSIS Pack Vendor :STMicroelectronics LIBJPEG 8.0.0
2026-04-12 17:02:57,052 [INFO] ThirdParty:1030 - CMSIS Pack Vendor :STMicroelectronics FP-ATR-ASTRA1 2.0.2
2026-04-12 17:02:57,052 [INFO] ThirdParty:1030 - CMSIS Pack Vendor :STMicroelectronics X-CUBE-SMBUS 2.1.0
2026-04-12 17:02:57,052 [INFO] ThirdParty:1030 - CMSIS Pack Vendor :STMicroelectronics X-CUBE-ISPU 2.1.0
2026-04-12 17:02:57,052 [INFO] ThirdParty:1030 - CMSIS Pack Vendor :STMicroelectronics X-CUBE-IPS 3.2.0
2026-04-12 17:02:57,052 [INFO] ThirdParty:1030 - CMSIS Pack Vendor :STMicroelectronics eDS-WB_DPC_TT-BIDIR 2.1.1
2026-04-12 17:02:57,052 [INFO] ThirdParty:1030 - CMSIS Pack Vendor :STMicroelectronics X-CUBE-ST60 1.0.0
2026-04-12 17:02:57,052 [INFO] ThirdParty:1030 - CMSIS Pack Vendor :STMicroelectronics X-CUBE-NFC12 1.0.0
2026-04-12 17:02:57,052 [INFO] ThirdParty:1030 - CMSIS Pack Vendor :STMicroelectronics X-CUBE-AZRTOS-F7 1.1.0
2026-04-12 17:02:57,052 [INFO] ThirdParty:1030 - CMSIS Pack Vendor :STMicroelectronics X-CUBE-AZRTOS-L5 2.0.0
2026-04-12 17:02:57,052 [INFO] ThirdParty:1030 - CMSIS Pack Vendor :STMicroelectronics USB_DEVICE 2.0.0
2026-04-12 17:02:57,052 [INFO] ThirdParty:1030 - CMSIS Pack Vendor :STMicroelectronics X-CUBE-NFC6 3.1.0
2026-04-12 17:02:57,052 [INFO] ThirdParty:1030 - CMSIS Pack Vendor :Cesanta I-CUBE-Mongoose 7.19.0
2026-04-12 17:02:57,052 [INFO] ThirdParty:1030 - CMSIS Pack Vendor :STMicroelectronics FP-SNS-MOTENV1 5.1.0
2026-04-12 17:02:57,052 [INFO] ThirdParty:1030 - CMSIS Pack Vendor :STMicroelectronics FreeRTOS 0.0.1
2026-04-12 17:02:57,052 [INFO] ThirdParty:1030 - CMSIS Pack Vendor :STMicroelectronics eDS-WB_DPC_VIENNA 1.2.0
2026-04-12 17:02:57,052 [INFO] ThirdParty:1030 - CMSIS Pack Vendor :WES I-CUBE-Cesium 1.4.0
2026-04-12 17:02:57,052 [INFO] ThirdParty:1030 - CMSIS Pack Vendor :STMicroelectronics eDS-WB_DPC_3PH2L-BIDIR 1.1.1
2026-04-12 17:02:57,052 [INFO] ThirdParty:1030 - CMSIS Pack Vendor :Infineon AIROC-Wi-Fi-Bluetooth-STM32 1.7.1
2026-04-12 17:02:57,052 [INFO] ThirdParty:1030 - CMSIS Pack Vendor :STMicroelectronics PDM2PCM 3.3.0
2026-04-12 17:02:57,053 [INFO] ThirdParty:1030 - CMSIS Pack Vendor :STMicroelectronics X-CUBE-AZRTOS-H7 3.4.0
2026-04-12 17:02:57,053 [INFO] ThirdParty:1030 - CMSIS Pack Vendor :STMicroelectronics X-CUBE-DISPLAY 3.0.0
2026-04-12 17:02:57,053 [INFO] ThirdParty:1030 - CMSIS Pack Vendor :STMicroelectronics FP-SNS-MOTENVWB1 1.5.0
2026-04-12 17:02:57,053 [INFO] ThirdParty:1030 - CMSIS Pack Vendor :STMicroelectronics X-CUBE-NFC10 1.0.0
2026-04-12 17:02:57,053 [INFO] ThirdParty:1030 - CMSIS Pack Vendor :STMicroelectronics X-CUBE-FREERTOS 1.3.1
2026-04-12 17:02:57,053 [INFO] ThirdParty:1030 - CMSIS Pack Vendor :STMicroelectronics HAL Drivers 0.0.0
2026-04-12 17:02:57,053 [INFO] ThirdParty:1030 - CMSIS Pack Vendor :STMicroelectronics X-CUBE-ST60 1.1.0
2026-04-12 17:02:57,053 [INFO] ThirdParty:1030 - CMSIS Pack Vendor :emotas I-CUBE-CANOPEN 1.3.0
2026-04-12 17:02:57,053 [INFO] ThirdParty:1030 - CMSIS Pack Vendor :STMicroelectronics MBEDTLS 2.14.1
2026-04-12 17:02:57,053 [INFO] ThirdParty:1030 - CMSIS Pack Vendor :STMicroelectronics X-CUBE-GNSS1 7.1.0
2026-04-12 17:02:57,054 [INFO] ThirdParty:1030 - CMSIS Pack Vendor :STMicroelectronics X-CUBE-TOUCHGFX 4.26.0
2026-04-12 17:02:57,054 [INFO] ThirdParty:1030 - CMSIS Pack Vendor :STMicroelectronics X-CUBE-TOUCHGFX 4.26.1
2026-04-12 17:02:57,054 [INFO] ThirdParty:1030 - CMSIS Pack Vendor :STMicroelectronics FP-SNS-SMARTAG2 1.2.0
2026-04-12 17:02:57,054 [INFO] ThirdParty:1030 - CMSIS Pack Vendor :STMicroelectronics FP-SNS-FLIGHT1 5.1.0
2026-04-12 17:02:57,054 [INFO] ThirdParty:1030 - CMSIS Pack Vendor :STMicroelectronics X-CUBE-AZRTOS-WL 2.0.0
2026-04-12 17:02:57,054 [INFO] ThirdParty:1030 - CMSIS Pack Vendor :STMicroelectronics X-CUBE-DPower 1.3.0
2026-04-12 17:02:57,054 [INFO] ThirdParty:1030 - CMSIS Pack Vendor :STMicroelectronics FP-SNS-MOTENV1 5.0.0
2026-04-12 17:02:57,054 [INFO] ThirdParty:1030 - CMSIS Pack Vendor :STMicroelectronics USB_DEVICE 1.0.0
2026-04-12 17:02:57,054 [INFO] ThirdParty:1030 - CMSIS Pack Vendor :STMicroelectronics X-CUBE-AZRTOS-H7RS 1.2.0
2026-04-12 17:02:57,054 [INFO] ThirdParty:1030 - CMSIS Pack Vendor :STMicroelectronics X-CUBE-AZRTOS-L4 2.0.0
2026-04-12 17:02:57,054 [INFO] ThirdParty:1030 - CMSIS Pack Vendor :STMicroelectronics ThreadX 0.0.2
2026-04-12 17:02:57,054 [INFO] ThirdParty:1030 - CMSIS Pack Vendor :STMicroelectronics lwIP 2.1.2
2026-04-12 17:02:57,054 [INFO] ThirdParty:1030 - CMSIS Pack Vendor :STMicroelectronics X-CUBE-SFXS2LP1 4.0.0
2026-04-12 17:02:57,054 [INFO] ThirdParty:1030 - CMSIS Pack Vendor :STMicroelectronics X-CUBE-BLE2 3.3.0
2026-04-12 17:02:57,055 [INFO] ThirdParty:1030 - CMSIS Pack Vendor :Avnet-IOTCONNECT X-CUBE-iotc-st67-sdk 1.0.0
2026-04-12 17:02:57,055 [INFO] ThirdParty:1030 - CMSIS Pack Vendor :STMicroelectronics PDM2PCM 3.2.0
2026-04-12 17:02:57,055 [INFO] ThirdParty:1030 - CMSIS Pack Vendor :STMicroelectronics X-CUBE-WB05N 2.1.0
2026-04-12 17:02:57,055 [INFO] ThirdParty:1030 - CMSIS Pack Vendor :STMicroelectronics X-CUBE-ST67W61 1.2.0
2026-04-12 17:02:57,055 [INFO] ThirdParty:1030 - CMSIS Pack Vendor :STMicroelectronics X-CUBE-NFC9 1.0.0
2026-04-12 17:02:57,055 [INFO] ThirdParty:1030 - CMSIS Pack Vendor :wolfSSL I-CUBE-wolfSSL 5.8.2
2026-04-12 17:02:57,055 [INFO] ThirdParty:1030 - CMSIS Pack Vendor :STMicroelectronics X-CUBE-BLE1 7.1.0
2026-04-12 17:02:57,055 [INFO] ThirdParty:1030 - CMSIS Pack Vendor :wolfSSL I-CUBE-wolfMQTT 1.19.2
2026-04-12 17:02:57,055 [INFO] ThirdParty:1030 - CMSIS Pack Vendor :STMicroelectronics USB_DEVICE 3.0.0
2026-04-12 17:02:57,055 [INFO] ThirdParty:1030 - CMSIS Pack Vendor :STMicroelectronics X-CUBE-FREERTOS 1.4.0
2026-04-12 17:02:57,055 [INFO] ThirdParty:1030 - CMSIS Pack Vendor :STMicroelectronics X-CUBE-EEPRMA1 5.2.0
2026-04-12 17:02:57,055 [INFO] ThirdParty:1030 - CMSIS Pack Vendor :STMicroelectronics X-CUBE-BLEMGR 4.1.0
2026-04-12 17:02:57,055 [INFO] ThirdParty:1030 - CMSIS Pack Vendor :STMicroelectronics X-CUBE-AZRTOS-WB 2.0.0
2026-04-12 17:02:57,055 [INFO] ThirdParty:1030 - CMSIS Pack Vendor :STMicroelectronics X-CUBE-GNSS1 7.0.1
2026-04-12 17:02:57,055 [INFO] ThirdParty:1030 - CMSIS Pack Vendor :STMicroelectronics X-CUBE-ST67W61 1.1.0
2026-04-12 17:02:57,055 [INFO] ThirdParty:1030 - CMSIS Pack Vendor :quantropi X-CUBE-qispace-sdk-base 2.1.0
2026-04-12 17:02:57,055 [INFO] ThirdParty:1030 - CMSIS Pack Vendor :STMicroelectronics X-CUBE-MEMS1 12.0.0
2026-04-12 17:02:57,055 [INFO] ThirdParty:1030 - CMSIS Pack Vendor :STMicroelectronics X-CUBE-STSE01 2.0.0
2026-04-12 17:02:57,055 [INFO] ThirdParty:1030 - CMSIS Pack Vendor :STMicroelectronics X-CUBE-AZRTOS-G0 1.1.0
2026-04-12 17:02:57,055 [INFO] ThirdParty:1030 - CMSIS Pack Vendor :STMicroelectronics X-CUBE-SAFEA1 1.2.2
2026-04-12 17:02:57,055 [INFO] ThirdParty:1030 - CMSIS Pack Vendor :STMicroelectronics X-CUBE-NFC4 3.0.0
2026-04-12 17:02:57,055 [INFO] ThirdParty:1030 - CMSIS Pack Vendor :STMicroelectronics X-CUBE-SUBG2 5.0.0
2026-04-12 17:02:57,055 [INFO] ThirdParty:1030 - CMSIS Pack Vendor :STMicroelectronics X-CUBE-AZRTOS-H7RS 1.1.0
2026-04-12 17:02:57,055 [INFO] ThirdParty:1030 - CMSIS Pack Vendor :STMicroelectronics STM32_WPAN 1.0.0
2026-04-12 17:02:57,055 [INFO] ThirdParty:1030 - CMSIS Pack Vendor :EmbeddedOffice I-CUBE-FS-RTOS 1.0.1
2026-04-12 17:02:57,055 [INFO] ThirdParty:1030 - CMSIS Pack Vendor :STMicroelectronics lwIP 2.0.3
2026-04-12 17:02:57,055 [INFO] ThirdParty:1030 - CMSIS Pack Vendor :STMicroelectronics USB_HOST 1.0.0
2026-04-12 17:02:57,055 [INFO] ThirdParty:1030 - CMSIS Pack Vendor :STMicroelectronics X-CUBE-AZRTOS-G4 2.0.0
2026-04-12 17:02:57,056 [INFO] ThirdParty:1030 - CMSIS Pack Vendor :STMicroelectronics X-CUBE-WB05N 2.0.0
2026-04-12 17:02:57,056 [INFO] ThirdParty:1030 - CMSIS Pack Vendor :STMicroelectronics PDM2PCM 3.1.0
2026-04-12 17:02:57,056 [INFO] ThirdParty:1030 - CMSIS Pack Vendor :wolfSSL I-CUBE-wolfTPM 3.8.0
2026-04-12 17:02:57,056 [INFO] ThirdParty:1030 - CMSIS Pack Vendor :wolfSSL I-CUBE-wolfSSH 1.4.20
2026-04-12 17:02:57,056 [INFO] ThirdParty:1030 - CMSIS Pack Vendor :STMicroelectronics X-CUBE-NFC7 2.0.0
2026-04-12 17:02:57,057 [INFO] ThirdParty:1030 - CMSIS Pack Vendor :STMicroelectronics X-CUBE-TCPP 4.2.0
2026-04-12 17:02:57,057 [INFO] ThirdParty:1030 - CMSIS Pack Vendor :RealThread X-CUBE-RT-Thread_Nano 4.1.1
2026-04-12 17:02:57,057 [INFO] ThirdParty:1030 - CMSIS Pack Vendor :STMicroelectronics FP-ATR-SIGFOX1 3.2.0
2026-04-12 17:02:57,057 [INFO] ThirdParty:1030 - CMSIS Pack Vendor :STMicroelectronics X-CUBE-FREERTOS 1.5.0
2026-04-12 17:02:57,057 [INFO] ThirdParty:1030 - CMSIS Pack Vendor :STMicroelectronics MBEDTLS 2.16.2
2026-04-12 17:02:57,057 [INFO] ThirdParty:1030 - CMSIS Pack Vendor :STMicroelectronics X-CUBE-ALS 1.0.2
2026-04-12 17:02:57,057 [INFO] ThirdParty:1030 - CMSIS Pack Vendor :ITTIA_DB I-CUBE-ITTIADB 8.9.0
2026-04-12 17:02:57,057 [INFO] ThirdParty:1030 - CMSIS Pack Vendor :STMicroelectronics X-CUBE-STSE01 1.0.0
2026-04-12 17:02:57,057 [INFO] ThirdParty:1030 - CMSIS Pack Vendor :STMicroelectronics X-CUBE-NFC6 3.2.0
2026-04-12 17:02:57,057 [INFO] ThirdParty:1030 - CMSIS Pack Vendor :STMicroelectronics ThreadX 1.0.0
2026-04-12 17:02:57,057 [INFO] ThirdParty:1030 - CMSIS Pack Vendor :SEGGER I-CUBE-embOS 1.3.1
2026-04-12 17:02:57,057 [INFO] ThirdParty:1030 - CMSIS Pack Vendor :STMicroelectronics X-CUBE-ALGOBUILD 1.4.0
2026-04-12 17:02:57,057 [INFO] ThirdParty:1030 - CMSIS Pack Vendor :STMicroelectronics X-CUBE-MEMS1 11.3.0
2026-04-12 17:02:57,057 [INFO] ThirdParty:1030 - CMSIS Pack Vendor :STMicroelectronics X-CUBE-TOF1 3.4.3
2026-04-12 17:02:57,057 [INFO] ThirdParty:841 - exiting critical section [change project]
2026-04-12 17:02:57,468 [INFO] PinOutPanel:1589 - setPackage(No Configuration,No Configuration)
2026-04-12 17:02:57,469 [INFO] PinOutPanel:1589 - setPackage(STM32F446RETx,LQFP64)
2026-04-12 17:02:58,019 [INFO] UtilMem:75 - Before build in PCC Used Memory: 465753904 Bytes (613416960)
2026-04-12 17:02:58,598 [INFO] UtilMem:75 - After build in PCC Used Memory: 339003192 Bytes (613416960)
2026-04-12 17:02:58,650 [INFO] ApiDbMcu:532 - Load IP Config File for USB_DEVICE
2026-04-12 17:02:58,674 [INFO] IPUIPlugin:80 - create IPUIPlugin
2026-04-12 17:02:58,674 [INFO] IPUIPlugin:80 - create IPUIPlugin
2026-04-12 17:02:58,674 [INFO] IPUIPlugin:80 - create IPUIPlugin
2026-04-12 17:02:58,674 [INFO] IPUIPlugin:80 - create IPUIPlugin
2026-04-12 17:02:58,674 [INFO] IPUIPlugin:80 - create IPUIPlugin
2026-04-12 17:02:58,675 [INFO] IPUIPlugin:80 - create IPUIPlugin
2026-04-12 17:02:58,675 [INFO] IPUIPlugin:80 - create IPUIPlugin
2026-04-12 17:02:58,675 [INFO] IPUIPlugin:80 - create IPUIPlugin
2026-04-12 17:02:58,675 [INFO] IPUIPlugin:80 - create IPUIPlugin
2026-04-12 17:02:58,675 [INFO] IPUIPlugin:80 - create IPUIPlugin
2026-04-12 17:02:58,675 [INFO] IPUIPlugin:80 - create IPUIPlugin
2026-04-12 17:02:58,675 [INFO] IPUIPlugin:80 - create IPUIPlugin
2026-04-12 17:02:58,675 [INFO] IPUIPlugin:80 - create IPUIPlugin
2026-04-12 17:02:58,675 [INFO] IPUIPlugin:80 - create IPUIPlugin
2026-04-12 17:02:58,676 [INFO] IPUIPlugin:80 - create IPUIPlugin
2026-04-12 17:02:58,676 [INFO] IPUIPlugin:80 - create IPUIPlugin
2026-04-12 17:02:58,676 [INFO] IPUIPlugin:80 - create IPUIPlugin
2026-04-12 17:02:58,676 [INFO] IPUIPlugin:80 - create IPUIPlugin
2026-04-12 17:02:58,676 [INFO] IPUIPlugin:80 - create IPUIPlugin
2026-04-12 17:02:58,676 [INFO] IPUIPlugin:80 - create IPUIPlugin
2026-04-12 17:02:58,676 [INFO] IPUIPlugin:80 - create IPUIPlugin
2026-04-12 17:02:58,676 [INFO] IPUIPlugin:80 - create IPUIPlugin
2026-04-12 17:02:58,676 [INFO] IPUIPlugin:80 - create IPUIPlugin
2026-04-12 17:02:58,677 [INFO] IPUIPlugin:80 - create IPUIPlugin
2026-04-12 17:02:58,677 [INFO] IPUIPlugin:80 - create IPUIPlugin
2026-04-12 17:02:58,677 [INFO] IPUIPlugin:80 - create IPUIPlugin
2026-04-12 17:02:58,677 [INFO] IPUIPlugin:80 - create IPUIPlugin
2026-04-12 17:02:58,677 [INFO] IPUIPlugin:80 - create IPUIPlugin
2026-04-12 17:02:58,677 [INFO] IPUIPlugin:80 - create IPUIPlugin
2026-04-12 17:02:58,677 [INFO] IPUIPlugin:80 - create IPUIPlugin
2026-04-12 17:02:58,677 [INFO] IPUIPlugin:80 - create IPUIPlugin
2026-04-12 17:02:58,678 [INFO] IPUIPlugin:80 - create IPUIPlugin
2026-04-12 17:02:58,678 [INFO] IPUIPlugin:80 - create IPUIPlugin
2026-04-12 17:02:58,678 [INFO] IPUIPlugin:80 - create IPUIPlugin
2026-04-12 17:02:58,678 [INFO] IPUIPlugin:80 - create IPUIPlugin
2026-04-12 17:02:58,678 [INFO] IPUIPlugin:80 - create IPUIPlugin
2026-04-12 17:02:58,678 [INFO] IPUIPlugin:80 - create IPUIPlugin
2026-04-12 17:02:58,678 [INFO] IPUIPlugin:80 - create IPUIPlugin
2026-04-12 17:02:58,679 [INFO] IPUIPlugin:80 - create IPUIPlugin
2026-04-12 17:02:58,679 [INFO] IPUIPlugin:80 - create IPUIPlugin
2026-04-12 17:02:58,679 [INFO] IPUIPlugin:80 - create IPUIPlugin
2026-04-12 17:02:58,679 [INFO] IPUIPlugin:80 - create IPUIPlugin
2026-04-12 17:02:58,680 [INFO] IPUIPlugin:80 - create IPUIPlugin
2026-04-12 17:02:58,680 [INFO] IPUIPlugin:80 - create IPUIPlugin
2026-04-12 17:02:58,680 [INFO] IPUIPlugin:80 - create IPUIPlugin
2026-04-12 17:02:58,680 [INFO] IPUIPlugin:80 - create IPUIPlugin
2026-04-12 17:02:58,680 [INFO] IPUIPlugin:80 - create IPUIPlugin
2026-04-12 17:02:58,681 [INFO] IPUIPlugin:80 - create IPUIPlugin
2026-04-12 17:02:58,681 [INFO] IPUIPlugin:80 - create IPUIPlugin
2026-04-12 17:02:58,681 [INFO] IPUIPlugin:80 - create IPUIPlugin
2026-04-12 17:02:58,681 [INFO] IPUIPlugin:80 - create IPUIPlugin
2026-04-12 17:02:58,682 [INFO] IPUIPlugin:80 - create IPUIPlugin
2026-04-12 17:02:58,682 [INFO] IPUIPlugin:80 - create IPUIPlugin
2026-04-12 17:02:58,682 [INFO] IPUIPlugin:80 - create IPUIPlugin
2026-04-12 17:02:58,682 [INFO] IPUIPlugin:80 - create IPUIPlugin
2026-04-12 17:02:58,683 [INFO] IPUIPlugin:80 - create IPUIPlugin
2026-04-12 17:02:58,683 [INFO] IPUIPlugin:80 - create IPUIPlugin
2026-04-12 17:02:58,683 [INFO] IPUIPlugin:80 - create IPUIPlugin
2026-04-12 17:02:58,683 [INFO] IPUIPlugin:80 - create IPUIPlugin
2026-04-12 17:02:58,684 [INFO] IPUIPlugin:80 - create IPUIPlugin
2026-04-12 17:02:58,691 [INFO] ApiDbMcu:532 - Load IP Config File for PDM2PCM
2026-04-12 17:02:58,698 [INFO] Can:71 - Can Add PropertyChangeListener com.st.microxplorer.plugins.ip.can.Can@77fcba65
2026-04-12 17:02:58,699 [WARN] IP:2250 - I2C_Coeff_DF not found: check if there is a RefParameter without a condition.
2026-04-12 17:02:58,700 [WARN] IP:2250 - Analog_Filter not found: check if there is a RefParameter without a condition.
2026-04-12 17:02:58,870 [INFO] CADModel:165 - CPN selected for project levelSTM32F446RET6
2026-04-12 17:02:58,871 [INFO] CADModel:114 - Register for checkConnection events
2026-04-12 17:02:58,909 [INFO] OpenFileManager:386 - Restore cursor
2026-04-12 17:02:59,097 [WARN] IP:2250 - DEVICE_SERIAL0_CDC_FS not found: check if there is a RefParameter without a condition.
2026-04-12 17:02:59,097 [WARN] IP:2250 - DEVICE_SERIAL1_CDC_FS not found: check if there is a RefParameter without a condition.
2026-04-12 17:02:59,097 [WARN] IP:2250 - DEVICE_SERIAL2_CDC_FS not found: check if there is a RefParameter without a condition.
2026-04-12 17:02:59,098 [WARN] IP:2250 - DEVICE_SERIAL0_CDC_FS not found: check if there is a RefParameter without a condition.
2026-04-12 17:02:59,098 [WARN] IP:2250 - DEVICE_SERIAL1_CDC_FS not found: check if there is a RefParameter without a condition.
2026-04-12 17:02:59,098 [WARN] IP:2250 - DEVICE_SERIAL2_CDC_FS not found: check if there is a RefParameter without a condition.
2026-04-12 17:02:59,152 [WARN] IP:2250 - I2C_Coeff_DF not found: check if there is a RefParameter without a condition.
2026-04-12 17:02:59,152 [WARN] IP:2250 - Analog_Filter not found: check if there is a RefParameter without a condition.
2026-04-12 17:02:59,152 [WARN] IP:2250 - I2C_Coeff_DF not found: check if there is a RefParameter without a condition.
2026-04-12 17:02:59,152 [WARN] IP:2250 - Analog_Filter not found: check if there is a RefParameter without a condition.
2026-04-12 17:03:33,507 [WARN] IP:2250 - I2C_Coeff_DF not found: check if there is a RefParameter without a condition.
2026-04-12 17:03:33,507 [WARN] IP:2250 - Analog_Filter not found: check if there is a RefParameter without a condition.
2026-04-12 17:03:44,478 [WARN] IP:2250 - I2C_Coeff_DF not found: check if there is a RefParameter without a condition.
2026-04-12 17:03:44,479 [WARN] IP:2250 - Analog_Filter not found: check if there is a RefParameter without a condition.
2026-04-12 17:03:44,479 [WARN] IP:2250 - I2C_Coeff_DF not found: check if there is a RefParameter without a condition.
2026-04-12 17:03:44,480 [WARN] IP:2250 - Analog_Filter not found: check if there is a RefParameter without a condition.
2026-04-12 17:03:44,604 [INFO] NvicIntPanel:101 - NVIC parent = com.st.microxplorer.plugins.ip.nvic.MultiNvicIntPanel[,0,0,0x0,invalid,layout=javax.swing.BoxLayout,alignmentX=0.0,alignmentY=0.0,border=,flags=9,maximumSize=,minimumSize=,preferredSize=]
2026-04-12 17:03:44,649 [WARN] IP:2250 - I2C_Coeff_DF not found: check if there is a RefParameter without a condition.
2026-04-12 17:03:44,649 [WARN] IP:2250 - Analog_Filter not found: check if there is a RefParameter without a condition.
2026-04-12 17:03:44,662 [WARN] IP:2250 - I2C_Coeff_DF not found: check if there is a RefParameter without a condition.
2026-04-12 17:03:44,662 [WARN] IP:2250 - Analog_Filter not found: check if there is a RefParameter without a condition.
2026-04-12 17:04:30,151 [WARN] IP:2250 - I2C_Coeff_DF not found: check if there is a RefParameter without a condition.
2026-04-12 17:04:30,151 [WARN] IP:2250 - Analog_Filter not found: check if there is a RefParameter without a condition.
2026-04-12 17:04:30,160 [WARN] IP:2250 - I2C_Coeff_DF not found: check if there is a RefParameter without a condition.
2026-04-12 17:04:30,161 [WARN] IP:2250 - Analog_Filter not found: check if there is a RefParameter without a condition.
2026-04-12 17:04:51,451 [INFO] UtilMem:75 - End SaveConfig() Used Memory: 339161272 Bytes (613416960)
2026-04-12 17:05:01,623 [INFO] UtilMem:75 - End SaveConfig() Used Memory: 462531608 Bytes (613416960)
2026-04-12 17:05:02,273 [INFO] BlockDiagram:2775 - set Specific Code input for plugin: TIM6_7
2026-04-12 17:05:02,274 [INFO] BlockDiagram:2775 - set Specific Code input for plugin: TIM6_7
2026-04-12 17:05:02,274 [INFO] BlockDiagram:2775 - set Specific Code input for plugin: CAN
2026-04-12 17:05:02,274 [INFO] BlockDiagram:2775 - set Specific Code input for plugin: USB_DEVICE
2026-04-12 17:05:02,274 [INFO] BlockDiagram:2775 - set Specific Code input for plugin: SYS
2026-04-12 17:05:02,274 [INFO] BlockDiagram:2775 - set Specific Code input for plugin: RCC
2026-04-12 17:05:02,274 [INFO] BlockDiagram:2775 - set Specific Code input for plugin: I2C
2026-04-12 17:05:02,274 [INFO] BlockDiagram:2775 - set Specific Code input for plugin: USB_OTG_FS
2026-04-12 17:05:02,274 [INFO] BlockDiagram:2775 - set Specific Code input for plugin: NVIC
2026-04-12 17:05:02,274 [INFO] BlockDiagram:2775 - set Specific Code input for plugin: USART
2026-04-12 17:05:02,274 [INFO] BlockDiagram:2775 - set Specific Code input for plugin: TIM1_8
2026-04-12 17:05:02,274 [INFO] BlockDiagram:2775 - set Specific Code input for plugin: DMA
2026-04-12 17:05:02,275 [INFO] BlockDiagram:2775 - set Specific Code input for plugin: GPIO
2026-04-12 17:05:02,275 [INFO] CodeGenerator:892 - code generatio: config db path: /opt/st/stm32cubeide_1.19.0/plugins/com.st.stm32cube.common.mx_6.15.0.202507011659//db/
2026-04-12 17:05:02,285 [WARN] IP:2250 - I2C_Coeff_DF not found: check if there is a RefParameter without a condition.
2026-04-12 17:05:02,285 [WARN] IP:2250 - Analog_Filter not found: check if there is a RefParameter without a condition.
2026-04-12 17:05:02,323 [WARN] IP:2250 - DEVICE_SERIAL0_CDC_FS not found: check if there is a RefParameter without a condition.
2026-04-12 17:05:02,324 [WARN] IP:2250 - DEVICE_SERIAL1_CDC_FS not found: check if there is a RefParameter without a condition.
2026-04-12 17:05:02,324 [WARN] IP:2250 - DEVICE_SERIAL2_CDC_FS not found: check if there is a RefParameter without a condition.
2026-04-12 17:05:02,487 [INFO] CodeEngine:265 - oldGeneratedFile, /home/kamil/STM32CubeIDE/workspace_1.19.0/PCB_STM/MXTmpFiles/license.tmp_save
2026-04-12 17:05:02,756 [INFO] CodeEngine:289 - Generated code: /home/kamil/STM32CubeIDE/workspace_1.19.0/PCB_STM/MXTmpFiles/license.tmp
2026-04-12 17:05:02,807 [INFO] CodeEngine:265 - oldGeneratedFile, /home/kamil/STM32CubeIDE/workspace_1.19.0/PCB_STM/MXTmpFiles/gpio.tmp_save
2026-04-12 17:05:02,897 [INFO] CodeEngine:289 - Generated code: /home/kamil/STM32CubeIDE/workspace_1.19.0/PCB_STM/MXTmpFiles/gpio.tmp
2026-04-12 17:05:02,947 [WARN] IPConfigManager:3238 - Warning: the RefConfig PWREx_EnableUSBVoltageDetector is not available in your config.xml file
2026-04-12 17:05:02,953 [INFO] CodeEngine:265 - oldGeneratedFile, /home/kamil/STM32CubeIDE/workspace_1.19.0/PCB_STM/MXTmpFiles/usb_otg_fs_vars.tmp_save
2026-04-12 17:05:03,022 [INFO] CodeEngine:289 - Generated code: /home/kamil/STM32CubeIDE/workspace_1.19.0/PCB_STM/MXTmpFiles/usb_otg_fs_vars.tmp
2026-04-12 17:05:03,025 [INFO] CodeEngine:265 - oldGeneratedFile, /home/kamil/STM32CubeIDE/workspace_1.19.0/PCB_STM/MXTmpFiles/usb_otg_fs_inc.tmp_save
2026-04-12 17:05:03,089 [INFO] CodeEngine:289 - Generated code: /home/kamil/STM32CubeIDE/workspace_1.19.0/PCB_STM/MXTmpFiles/usb_otg_fs_inc.tmp
2026-04-12 17:05:03,091 [INFO] CodeEngine:265 - oldGeneratedFile, /home/kamil/STM32CubeIDE/workspace_1.19.0/PCB_STM/MXTmpFiles/usb_otg_fs_HalInit.tmp_save
2026-04-12 17:05:03,174 [INFO] CodeEngine:289 - Generated code: /home/kamil/STM32CubeIDE/workspace_1.19.0/PCB_STM/MXTmpFiles/usb_otg_fs_HalInit.tmp
2026-04-12 17:05:03,177 [INFO] CodeEngine:265 - oldGeneratedFile, /home/kamil/STM32CubeIDE/workspace_1.19.0/PCB_STM/MXTmpFiles/usb_otg_fs_Msp.tmp_save
2026-04-12 17:05:03,271 [INFO] CodeEngine:289 - Generated code: /home/kamil/STM32CubeIDE/workspace_1.19.0/PCB_STM/MXTmpFiles/usb_otg_fs_Msp.tmp
2026-04-12 17:05:03,651 [INFO] Middleware:1452 - No code input for Bsp Dependency
2026-04-12 17:05:03,664 [INFO] CodeEngine:265 - oldGeneratedFile, /home/kamil/STM32CubeIDE/workspace_1.19.0/PCB_STM/MXTmpFiles/dma.tmp_save
2026-04-12 17:05:03,731 [INFO] CodeEngine:289 - Generated code: /home/kamil/STM32CubeIDE/workspace_1.19.0/PCB_STM/MXTmpFiles/dma.tmp
2026-04-12 17:05:03,733 [INFO] CodeEngine:265 - oldGeneratedFile, /home/kamil/STM32CubeIDE/workspace_1.19.0/PCB_STM/MXTmpFiles/dma_GV.tmp_save
2026-04-12 17:05:03,791 [INFO] CodeEngine:289 - Generated code: /home/kamil/STM32CubeIDE/workspace_1.19.0/PCB_STM/MXTmpFiles/dma_GV.tmp
2026-04-12 17:05:03,811 [INFO] Middleware:1452 - No code input for Bsp Dependency
2026-04-12 17:05:03,815 [INFO] CodeEngine:265 - oldGeneratedFile, /home/kamil/STM32CubeIDE/workspace_1.19.0/PCB_STM/USB_DEVICE/App/usb_device.c_save
2026-04-12 17:05:03,871 [INFO] CodeEngine:289 - Generated code: /home/kamil/STM32CubeIDE/workspace_1.19.0/PCB_STM/USB_DEVICE/App/usb_device.c
2026-04-12 17:05:03,873 [INFO] CodeEngine:265 - oldGeneratedFile, /home/kamil/STM32CubeIDE/workspace_1.19.0/PCB_STM/USB_DEVICE/App/usb_device.h_save
2026-04-12 17:05:03,918 [INFO] CodeEngine:289 - Generated code: /home/kamil/STM32CubeIDE/workspace_1.19.0/PCB_STM/USB_DEVICE/App/usb_device.h
2026-04-12 17:05:03,919 [INFO] CodeEngine:265 - oldGeneratedFile, /home/kamil/STM32CubeIDE/workspace_1.19.0/PCB_STM/USB_DEVICE/Target/usbd_conf.h_save
2026-04-12 17:05:03,967 [INFO] CodeEngine:289 - Generated code: /home/kamil/STM32CubeIDE/workspace_1.19.0/PCB_STM/USB_DEVICE/Target/usbd_conf.h
2026-04-12 17:05:03,969 [INFO] CodeEngine:265 - oldGeneratedFile, /home/kamil/STM32CubeIDE/workspace_1.19.0/PCB_STM/USB_DEVICE/Target/usbd_conf.c_save
2026-04-12 17:05:04,029 [INFO] CodeEngine:289 - Generated code: /home/kamil/STM32CubeIDE/workspace_1.19.0/PCB_STM/USB_DEVICE/Target/usbd_conf.c
2026-04-12 17:05:04,030 [INFO] CodeEngine:265 - oldGeneratedFile, /home/kamil/STM32CubeIDE/workspace_1.19.0/PCB_STM/USB_DEVICE/App/usbd_desc.h_save
2026-04-12 17:05:04,073 [INFO] CodeEngine:289 - Generated code: /home/kamil/STM32CubeIDE/workspace_1.19.0/PCB_STM/USB_DEVICE/App/usbd_desc.h
2026-04-12 17:05:04,074 [INFO] CodeEngine:265 - oldGeneratedFile, /home/kamil/STM32CubeIDE/workspace_1.19.0/PCB_STM/USB_DEVICE/App/usbd_desc.c_save
2026-04-12 17:05:04,124 [INFO] CodeEngine:289 - Generated code: /home/kamil/STM32CubeIDE/workspace_1.19.0/PCB_STM/USB_DEVICE/App/usbd_desc.c
2026-04-12 17:05:04,126 [INFO] CodeEngine:265 - oldGeneratedFile, /home/kamil/STM32CubeIDE/workspace_1.19.0/PCB_STM/USB_DEVICE/App/usbd_cdc_if.h_save
2026-04-12 17:05:04,169 [INFO] CodeEngine:289 - Generated code: /home/kamil/STM32CubeIDE/workspace_1.19.0/PCB_STM/USB_DEVICE/App/usbd_cdc_if.h
2026-04-12 17:05:04,171 [INFO] CodeEngine:265 - oldGeneratedFile, /home/kamil/STM32CubeIDE/workspace_1.19.0/PCB_STM/USB_DEVICE/App/usbd_cdc_if.c_save
2026-04-12 17:05:04,223 [INFO] CodeEngine:289 - Generated code: /home/kamil/STM32CubeIDE/workspace_1.19.0/PCB_STM/USB_DEVICE/App/usbd_cdc_if.c
2026-04-12 17:05:04,230 [INFO] CodeEngine:265 - oldGeneratedFile, /home/kamil/STM32CubeIDE/workspace_1.19.0/PCB_STM/Core/Src/stm32f4xx_it.c_save
2026-04-12 17:05:04,308 [INFO] CodeEngine:289 - Generated code: /home/kamil/STM32CubeIDE/workspace_1.19.0/PCB_STM/Core/Src/stm32f4xx_it.c
2026-04-12 17:05:04,309 [INFO] CodeEngine:265 - oldGeneratedFile, /home/kamil/STM32CubeIDE/workspace_1.19.0/PCB_STM/Core/Inc/stm32f4xx_it.h_save
2026-04-12 17:05:04,357 [INFO] CodeEngine:289 - Generated code: /home/kamil/STM32CubeIDE/workspace_1.19.0/PCB_STM/Core/Inc/stm32f4xx_it.h
2026-04-12 17:05:04,367 [INFO] CodeEngine:265 - oldGeneratedFile, /home/kamil/STM32CubeIDE/workspace_1.19.0/PCB_STM/Core/Src/stm32f4xx_hal_msp.c_save
2026-04-12 17:05:04,461 [INFO] CodeEngine:289 - Generated code: /home/kamil/STM32CubeIDE/workspace_1.19.0/PCB_STM/Core/Src/stm32f4xx_hal_msp.c
2026-04-12 17:05:04,463 [INFO] CodeEngine:265 - oldGeneratedFile, /home/kamil/STM32CubeIDE/workspace_1.19.0/PCB_STM/MXTmpFiles/system.tmp_save
2026-04-12 17:05:04,514 [INFO] CodeEngine:289 - Generated code: /home/kamil/STM32CubeIDE/workspace_1.19.0/PCB_STM/MXTmpFiles/system.tmp
2026-04-12 17:05:04,516 [INFO] CodeEngine:265 - oldGeneratedFile, /home/kamil/STM32CubeIDE/workspace_1.19.0/PCB_STM/Core/Inc/stm32_assert.h_save
2026-04-12 17:05:04,586 [INFO] CodeEngine:289 - Generated code: /home/kamil/STM32CubeIDE/workspace_1.19.0/PCB_STM/Core/Inc/stm32_assert.h
2026-04-12 17:05:04,592 [INFO] CodeEngine:321 - oldGeneratedFile, /home/kamil/STM32CubeIDE/workspace_1.19.0/PCB_STM/Core/Inc/stm32f4xx_hal_conf.h_save
2026-04-12 17:05:04,652 [INFO] CodeEngine:345 - Generated code: /home/kamil/STM32CubeIDE/workspace_1.19.0/PCB_STM/Core/Inc/stm32f4xx_hal_conf.h
2026-04-12 17:05:04,673 [WARN] IPConfigManager:3238 - Warning: the RefConfig PLL2P_FOR_MCO is not available in your config.xml file
2026-04-12 17:05:04,680 [INFO] ApiDbMcu:532 - Load IP Config File for CAN1
2026-04-12 17:05:04,682 [INFO] ApiDbMcu:532 - Load IP Config File for I2C3
2026-04-12 17:05:04,693 [INFO] ApiDbMcu:532 - Load IP Config File for TIM6
2026-04-12 17:05:04,701 [INFO] ApiDbMcu:532 - Load IP Config File for TIM7
2026-04-12 17:05:04,708 [INFO] ApiDbMcu:532 - Load IP Config File for TIM10
2026-04-12 17:05:04,710 [INFO] ApiDbMcu:532 - Load IP Config File for USART2
2026-04-12 17:05:04,713 [INFO] ApiDbMcu:532 - Load IP Config File for RCC
2026-04-12 17:05:04,717 [WARN] IPConfigManager:3811 - IP not found : TIM
2026-04-12 17:05:04,717 [WARN] CodeGenerator:4259 - IP not found : null
2026-04-12 17:05:04,721 [INFO] CodeEngine:265 - oldGeneratedFile, /home/kamil/STM32CubeIDE/workspace_1.19.0/PCB_STM/Core/Inc/main.h_save
2026-04-12 17:05:04,789 [INFO] CodeEngine:289 - Generated code: /home/kamil/STM32CubeIDE/workspace_1.19.0/PCB_STM/Core/Inc/main.h
2026-04-12 17:05:04,791 [INFO] CodeEngine:265 - oldGeneratedFile, /home/kamil/STM32CubeIDE/workspace_1.19.0/PCB_STM/Core/Src/main.c_save
2026-04-12 17:05:04,906 [INFO] CodeEngine:289 - Generated code: /home/kamil/STM32CubeIDE/workspace_1.19.0/PCB_STM/Core/Src/main.c
2026-04-12 17:05:05,121 [INFO] ProjectBuilder:3606 - Time for Copy HAL[1] : 64mS.
2026-04-12 17:05:05,127 [INFO] ProjectBuilder:5216 - Project Generator version: 4.7.0-B52
2026-04-12 17:05:05,190 [INFO] ConfigFileManager:1595 - The Die is : DIE421
2026-04-12 17:05:05,195 [INFO] ApiDbMcu:532 - Load IP Config File for FATFS
2026-04-12 17:05:05,198 [INFO] ApiDbMcu:532 - Load IP Config File for FREERTOS
2026-04-12 17:05:05,200 [INFO] ApiDbMcu:532 - Load IP Config File for LIBJPEG
2026-04-12 17:05:05,204 [INFO] ApiDbMcu:532 - Load IP Config File for MBEDTLS
2026-04-12 17:05:05,207 [INFO] ApiDbMcu:532 - Load IP Config File for USB_HOST
2026-04-12 17:05:05,477 [INFO] LogOutputStream:77 - [STDOUT_REDIRECT] 
2026-04-12 17:05:06,194 [INFO] ProjectBuilder:5496 - Time for Generating toolchain IDE Files: 1067mS.
2026-04-12 17:05:06,195 [INFO] ProjectBuilder:3463 - Time for Copy CMSIS : 0mS.
2026-04-12 17:05:06,196 [INFO] ProjectBuilder:3463 - Time for Copy CMSIS : 0mS.
2026-04-12 17:15:40,708 [INFO] WebApp:194 - Connection lost
2026-04-12 17:16:04,241 [INFO] WebApp:191 - Connection restablished
2026-04-12 17:16:07,599 [INFO] WebApp:194 - Connection lost
2026-04-12 17:16:07,743 [INFO] WebApp:191 - Connection restablished
2026-04-12 17:17:20,935 [INFO] MainUpdater:2872 - connection check result : 10
2026-04-12 17:17:20,936 [INFO] MainUpdater:2872 - connection check result : 10
2026-04-12 17:17:20,960 [INFO] MicroXplorer:468 - Change Database Path : 
2026-04-12 17:17:20,960 [INFO] MicroXplorer:498 - Change Database Version : DB.6.0.150
2026-04-12 17:17:20,966 [ERROR] ProjectManagerView:395 - 
java.lang.NullPointerException: Cannot invoke "javax.swing.JTextField.getText()" because the return value of "java.util.List.get(int)" is null
	at com.st.microxplorer.plugins.projectmanager.gui.ProjectChoiceTab$9.caretUpdate(ProjectChoiceTab.java:2706) ~[filemanager.jar:?]
	at javax.swing.text.JTextComponent.fireCaretUpdate(JTextComponent.java:408) ~[?:?]
	at javax.swing.text.JTextComponent$MutableCaretEvent.fire(JTextComponent.java:4484) ~[?:?]
	at javax.swing.text.JTextComponent$MutableCaretEvent.stateChanged(JTextComponent.java:4506) ~[?:?]
	at javax.swing.text.DefaultCaret.fireStateChanged(DefaultCaret.java:857) ~[?:?]
	at javax.swing.text.DefaultCaret.changeCaretPosition(DefaultCaret.java:1343) ~[?:?]
	at javax.swing.text.DefaultCaret.handleSetDot(DefaultCaret.java:1242) ~[?:?]
	at javax.swing.text.DefaultCaret.setDot(DefaultCaret.java:1223) ~[?:?]
	at javax.swing.text.DefaultCaret$Handler.insertUpdate(DefaultCaret.java:1819) ~[?:?]
	at javax.swing.text.AbstractDocument.fireInsertUpdate(AbstractDocument.java:227) ~[?:?]
	at javax.swing.text.AbstractDocument.handleInsertString(AbstractDocument.java:781) ~[?:?]
	at javax.swing.text.AbstractDocument.insertString(AbstractDocument.java:740) ~[?:?]
	at javax.swing.text.PlainDocument.insertString(PlainDocument.java:131) ~[?:?]
	at javax.swing.text.AbstractDocument.replace(AbstractDocument.java:699) ~[?:?]
	at javax.swing.text.JTextComponent.setText(JTextComponent.java:1725) ~[?:?]
	at com.st.microxplorer.plugins.projectmanager.gui.ProjectChoiceTab.createHeapStackFields(ProjectChoiceTab.java:993) ~[filemanager.jar:?]
	at com.st.microxplorer.plugins.projectmanager.gui.ProjectChoiceTab.buildLinkSettingsPanel(ProjectChoiceTab.java:3813) ~[filemanager.jar:?]
	at com.st.microxplorer.plugins.projectmanager.gui.ProjectChoiceTab.defineWindowsFields(ProjectChoiceTab.java:1987) ~[filemanager.jar:?]
	at com.st.microxplorer.plugins.projectmanager.gui.ProjectChoiceTab.updateSettings(ProjectChoiceTab.java:558) ~[filemanager.jar:?]
	at com.st.microxplorer.plugins.projectmanager.gui.ProjectSettingsPanel.UpdateDialog(ProjectSettingsPanel.java:247) ~[filemanager.jar:?]
	at com.st.microxplorer.plugins.projectmanager.ProjectManagerView.propertyChange(ProjectManagerView.java:392) ~[filemanager.jar:?]
	at java.beans.PropertyChangeSupport.fire(PropertyChangeSupport.java:343) ~[?:?]
	at java.beans.PropertyChangeSupport.firePropertyChange(PropertyChangeSupport.java:335) ~[?:?]
	at java.beans.PropertyChangeSupport.firePropertyChange(PropertyChangeSupport.java:268) ~[?:?]
	at com.st.microxplorer.util.MXPropertyChangeSupport.firePropertyChange(MXPropertyChangeSupport.java:54) ~[STM32CubeMX.jar:?]
	at com.st.microxplorer.mxsystem.MxSystem.closeConfig(MxSystem.java:899) ~[STM32CubeMX.jar:?]
	at com.st.microxplorer.maingui.MainPanel.closeConfig(MainPanel.java:792) ~[STM32CubeMX.jar:?]
	at com.st.microxplorer.plugins.filemanager.engine.OpenFileManager.loadConfigurationFile(OpenFileManager.java:288) ~[filemanager.jar:?]
	at com.st.microxplorer.plugins.filemanager.engine.MainFileManager.userLoadConfig(MainFileManager.java:364) ~[filemanager.jar:?]
	at com.st.microxplorer.plugins.filemanager.engine.MainFileManager.userLoadConfig(MainFileManager.java:342) ~[filemanager.jar:?]
	at com.st.microxplorer.plugins.filemanager.FileManagerView.getSpecificTask(FileManagerView.java:264) ~[filemanager.jar:?]
	at com.st.stm32cube.common.mx.editor.CubeMxEditor.getMxTabbedPaneInstance(CubeMxEditor.java:1198) ~[com.st.stm32cube.common.mx_6.15.0.202507011659/:?]
	at com.st.stm32cube.common.mx.editor.CubeMxEditor$12$1.createSwingComponent(CubeMxEditor.java:1068) ~[com.st.stm32cube.common.mx_6.15.0.202507011659/:?]
	at com.st.stm32cube.common.mx.oss.core.awtswtbridge.EmbeddedSwingComposite.doComponentCreation(EmbeddedSwingComposite.java:492) ~[com.st.stm32cube.common.mx.oss_6.15.0.202507011659/:?]
	at com.st.stm32cube.common.mx.oss.core.awtswtbridge.EmbeddedSwingComposite$4.run(EmbeddedSwingComposite.java:291) ~[com.st.stm32cube.common.mx.oss_6.15.0.202507011659/:?]
	at com.st.stm32cube.common.mx.oss.core.awtswtbridge.AwtEnvironment$2.run(AwtEnvironment.java:166) ~[com.st.stm32cube.common.mx.oss_6.15.0.202507011659/:?]
	at java.awt.event.InvocationEvent.dispatch(InvocationEvent.java:318) ~[?:?]
	at java.awt.EventQueue.dispatchEventImpl(EventQueue.java:773) ~[?:?]
	at java.awt.EventQueue$4.run(EventQueue.java:720) ~[?:?]
	at java.awt.EventQueue$4.run(EventQueue.java:714) ~[?:?]
	at java.security.AccessController.doPrivileged(AccessController.java:400) ~[?:?]
	at java.security.ProtectionDomain$JavaSecurityAccessImpl.doIntersectionPrivilege(ProtectionDomain.java:87) ~[?:?]
	at java.awt.EventQueue.dispatchEvent(EventQueue.java:742) ~[?:?]
	at java.awt.EventDispatchThread.pumpOneEventForFilters(EventDispatchThread.java:203) ~[?:?]
	at java.awt.EventDispatchThread.pumpEventsForFilter(EventDispatchThread.java:124) ~[?:?]
	at java.awt.EventDispatchThread.pumpEventsForHierarchy(EventDispatchThread.java:113) ~[?:?]
	at java.awt.EventDispatchThread.pumpEvents(EventDispatchThread.java:109) ~[?:?]
	at java.awt.EventDispatchThread.pumpEvents(EventDispatchThread.java:101) ~[?:?]
	at java.awt.EventDispatchThread.run(EventDispatchThread.java:90) ~[?:?]
2026-04-12 17:17:20,971 [WARN] ThirdParty:871 - waiting for thirdparty lock release [close project]
2026-04-12 17:17:20,971 [INFO] ThirdParty:873 - entering critical section [close project]
2026-04-12 17:17:20,971 [INFO] ThirdParty:883 - exiting critical section [close project]
2026-04-12 17:17:20,972 [INFO] PinOutPanel:1589 - setPackage(No Configuration,No Configuration)
2026-04-12 17:17:20,977 [WARN] IpParametersView:155 - Warning: This peripheral hasn't parameters
2026-04-12 17:17:20,980 [WARN] MainPanel:289 - <html><b><center>Warning: This peripheral has no parameters to be configured<br></b></html>
2026-04-12 17:17:20,984 [INFO] UtilMem:75 - Begin LoadConfig() Used Memory: 533251160 Bytes (754974720)
2026-04-12 17:17:20,984 [INFO] MicroXplorer:468 - Change Database Path : 
2026-04-12 17:17:20,984 [INFO] MicroXplorer:498 - Change Database Version : DB.6.0.150
2026-04-12 17:17:20,984 [INFO] OpenFileManager:355 - Change cursor
2026-04-12 17:17:20,992 [INFO] RulesReader:64 - Compatibility file has been processed (317 Rules)
2026-04-12 17:17:20,994 [INFO] Mcu:2029 - Initializing MCU STM32F446R(C-E)Tx STM32F446RETx STM32F446RET6
2026-04-12 17:17:21,693 [INFO] Context:786 - Trying to add GPIOservice into a context  which must be forbidden
2026-04-12 17:17:22,073 [INFO] ImportTextPane:234 - (OptionalMessage_ERROR) Pin18 (VP_RIF_VS_RIF1) cannot be retrieved for this MCU
2026-04-12 17:17:22,112 [INFO] RtosManager:558 - Registered RTOS mode: class=CMSIS, group=RTOS, mode=CMSIS_V1, owner=FREERTOS
2026-04-12 17:17:22,112 [INFO] RtosManager:558 - Registered RTOS mode: class=CMSIS, group=RTOS2, mode=CMSIS_V2, owner=FREERTOS
2026-04-12 17:17:22,112 [INFO] RtosManager:558 - Registered RTOS mode: class=RTOS, group=Core, mode=CMSIS_V1, owner=FREERTOS
2026-04-12 17:17:22,112 [INFO] RtosManager:558 - Registered RTOS mode: class=RTOS, group=Core, mode=CMSIS_V2, owner=FREERTOS
2026-04-12 17:17:22,112 [WARN] ModelIntegratedComponent:184 - Missing modes for component STMicroelectronics:FreeRTOS:0.0.1:STMicroelectronics:RTOS:FreeRTOS:Core:::10.2.0:
2026-04-12 17:17:22,117 [WARN] ModelIntegratedComponent:63 - No mode defined for component null
2026-04-12 17:17:22,117 [WARN] ModelIntegratedComponent:63 - No mode defined for component null
2026-04-12 17:17:22,117 [WARN] ModelIntegratedComponent:63 - No mode defined for component null
2026-04-12 17:17:22,117 [WARN] ModelIntegratedComponent:63 - No mode defined for component null
2026-04-12 17:17:22,117 [WARN] ModelIntegratedComponent:63 - No mode defined for component null
2026-04-12 17:17:22,117 [WARN] ModelIntegratedComponent:63 - No mode defined for component null
2026-04-12 17:17:22,117 [WARN] ModelIntegratedComponent:63 - No mode defined for component null
2026-04-12 17:17:22,117 [WARN] ModelIntegratedComponent:63 - No mode defined for component null
2026-04-12 17:17:22,117 [WARN] ModelIntegratedComponent:63 - No mode defined for component null
2026-04-12 17:17:22,117 [WARN] ModelIntegratedComponent:63 - No mode defined for component null
2026-04-12 17:17:22,118 [WARN] ModelIntegratedComponent:63 - No mode defined for component null
2026-04-12 17:17:22,118 [WARN] ModelIntegratedComponent:63 - No mode defined for component null
2026-04-12 17:17:22,118 [WARN] ModelIntegratedComponent:63 - No mode defined for component null
2026-04-12 17:17:22,118 [WARN] ModelIntegratedComponent:63 - No mode defined for component null
2026-04-12 17:17:22,118 [WARN] ModelIntegratedComponent:63 - No mode defined for component null
2026-04-12 17:17:22,118 [WARN] ModelIntegratedComponent:63 - No mode defined for component null
2026-04-12 17:17:22,118 [WARN] ModelIntegratedComponent:63 - No mode defined for component null
2026-04-12 17:17:22,118 [WARN] ModelIntegratedComponent:63 - No mode defined for component null
2026-04-12 17:17:22,118 [WARN] ModelIntegratedComponent:63 - No mode defined for component null
2026-04-12 17:17:22,118 [WARN] ModelIntegratedComponent:63 - No mode defined for component null
2026-04-12 17:17:22,118 [WARN] ModelIntegratedComponent:63 - No mode defined for component null
2026-04-12 17:17:22,118 [WARN] ModelIntegratedComponent:63 - No mode defined for component null
2026-04-12 17:17:22,118 [WARN] ModelIntegratedComponent:63 - No mode defined for component null
2026-04-12 17:17:22,118 [WARN] ModelIntegratedComponent:63 - No mode defined for component null
2026-04-12 17:17:22,118 [WARN] ModelIntegratedComponent:63 - No mode defined for component null
2026-04-12 17:17:22,118 [WARN] ModelIntegratedComponent:63 - No mode defined for component null
2026-04-12 17:17:22,118 [WARN] ModelIntegratedComponent:63 - No mode defined for component null
2026-04-12 17:17:22,118 [WARN] ModelIntegratedComponent:63 - No mode defined for component null
2026-04-12 17:17:22,118 [WARN] ModelIntegratedComponent:63 - No mode defined for component null
2026-04-12 17:17:22,118 [WARN] ModelIntegratedComponent:63 - No mode defined for component null
2026-04-12 17:17:22,118 [WARN] ModelIntegratedComponent:63 - No mode defined for component null
2026-04-12 17:17:22,118 [WARN] ModelIntegratedComponent:63 - No mode defined for component null
2026-04-12 17:17:22,118 [WARN] ModelIntegratedComponent:63 - No mode defined for component null
2026-04-12 17:17:22,118 [WARN] ModelIntegratedComponent:63 - No mode defined for component null
2026-04-12 17:17:22,118 [WARN] ModelIntegratedComponent:63 - No mode defined for component null
2026-04-12 17:17:22,118 [WARN] ModelPack:524 - Component already loaded: STMicroelectronics:HAL Drivers:0.0.0:STMicroelectronics:Device:STMicro_Driver:XSPI:HAL::0.0.1:HAL_XSPI
2026-04-12 17:17:22,237 [INFO] ThirdPartyModel:298 - Start build external matchings
2026-04-12 17:17:22,567 [INFO] ThirdPartyModel:316 - End build external matchings
2026-04-12 17:17:22,576 [INFO] ImportTextPane:234 - (OptionalMessage_ERROR) IP (DMA) : Parameter (Instance) has Id (I2C3_RX) currently not set
2026-04-12 17:17:22,577 [INFO] ImportTextPane:234 - (OptionalMessage_ERROR) IP (DMA) : Parameter (Channel) has Id (I2C3_RX) currently not set
2026-04-12 17:17:22,577 [INFO] ImportTextPane:234 - (OptionalMessage_ERROR) IP (DMA) : Parameter (Direction) has Id (I2C3_RX) currently not set
2026-04-12 17:17:22,577 [INFO] ImportTextPane:234 - (OptionalMessage_ERROR) IP (DMA) : Parameter (PeriphInc) has Id (I2C3_RX) currently not set
2026-04-12 17:17:22,577 [INFO] ImportTextPane:234 - (OptionalMessage_ERROR) IP (DMA) : Parameter (MemInc) has Id (I2C3_RX) currently not set
2026-04-12 17:17:22,577 [INFO] ImportTextPane:234 - (OptionalMessage_ERROR) IP (DMA) : Parameter (PeriphDataAlignment) has Id (I2C3_RX) currently not set
2026-04-12 17:17:22,577 [INFO] ImportTextPane:234 - (OptionalMessage_ERROR) IP (DMA) : Parameter (MemDataAlignment) has Id (I2C3_RX) currently not set
2026-04-12 17:17:22,577 [INFO] ImportTextPane:234 - (OptionalMessage_ERROR) IP (DMA) : Parameter (Mode) has Id (I2C3_RX) currently not set
2026-04-12 17:17:22,577 [INFO] ImportTextPane:234 - (OptionalMessage_ERROR) IP (DMA) : Parameter (Priority) has Id (I2C3_RX) currently not set
2026-04-12 17:17:22,577 [INFO] ImportTextPane:234 - (OptionalMessage_ERROR) IP (DMA) : Parameter (FIFOMode) has Id (I2C3_RX) currently not set
2026-04-12 17:17:22,577 [WARN] IP:2250 - I2C_Coeff_DF not found: check if there is a RefParameter without a condition.
2026-04-12 17:17:22,578 [WARN] IP:2250 - Analog_Filter not found: check if there is a RefParameter without a condition.
2026-04-12 17:17:22,578 [INFO] ImportTextPane:234 - (OptionalMessage_ERROR) IP (RCC) : Invalid parameter (FamilyName)
2026-04-12 17:17:22,581 [WARN] IP:2250 - DEVICE_SERIAL0_CDC_FS not found: check if there is a RefParameter without a condition.
2026-04-12 17:17:22,581 [WARN] IP:2250 - DEVICE_SERIAL1_CDC_FS not found: check if there is a RefParameter without a condition.
2026-04-12 17:17:22,581 [WARN] IP:2250 - DEVICE_SERIAL2_CDC_FS not found: check if there is a RefParameter without a condition.
2026-04-12 17:17:22,713 [INFO] UtilMem:75 - End LoadConfig() Used Memory: 657858120 Bytes (754974720)
2026-04-12 17:17:22,723 [WARN] ThirdParty:833 - waiting for thirdparty lock release [change project]
2026-04-12 17:17:22,723 [INFO] ThirdParty:835 - entering critical section [change project]
2026-04-12 17:17:22,723 [INFO] ThirdParty:1030 - CMSIS Pack Vendor :STMicroelectronics X-CUBE-AZRTOS-H7 3.5.0
2026-04-12 17:17:22,723 [INFO] ThirdParty:1030 - CMSIS Pack Vendor :STMicroelectronics X-CUBE-PM33A1 1.0.0
2026-04-12 17:17:22,723 [INFO] ThirdParty:1030 - CMSIS Pack Vendor :STMicroelectronics USBPD 4.1
2026-04-12 17:17:22,723 [INFO] ThirdParty:1030 - CMSIS Pack Vendor :STMicroelectronics USB_HOST 2.0.0
2026-04-12 17:17:22,723 [INFO] ThirdParty:1030 - CMSIS Pack Vendor :STMicroelectronics FP-SNS-MOTENVWB1 1.4.0
2026-04-12 17:17:22,723 [INFO] ThirdParty:1030 - CMSIS Pack Vendor :STMicroelectronics X-CUBE-AZRTOS-F4 1.1.0
2026-04-12 17:17:22,723 [INFO] ThirdParty:1030 - CMSIS Pack Vendor :STMicroelectronics LIBJPEG 8.0.0
2026-04-12 17:17:22,723 [INFO] ThirdParty:1030 - CMSIS Pack Vendor :STMicroelectronics FP-ATR-ASTRA1 2.0.2
2026-04-12 17:17:22,723 [INFO] ThirdParty:1030 - CMSIS Pack Vendor :STMicroelectronics X-CUBE-SMBUS 2.1.0
2026-04-12 17:17:22,723 [INFO] ThirdParty:1030 - CMSIS Pack Vendor :STMicroelectronics X-CUBE-ISPU 2.1.0
2026-04-12 17:17:22,723 [INFO] ThirdParty:1030 - CMSIS Pack Vendor :STMicroelectronics X-CUBE-IPS 3.2.0
2026-04-12 17:17:22,723 [INFO] ThirdParty:1030 - CMSIS Pack Vendor :STMicroelectronics eDS-WB_DPC_TT-BIDIR 2.1.1
2026-04-12 17:17:22,724 [INFO] ThirdParty:1030 - CMSIS Pack Vendor :STMicroelectronics X-CUBE-ST60 1.0.0
2026-04-12 17:17:22,724 [INFO] ThirdParty:1030 - CMSIS Pack Vendor :STMicroelectronics X-CUBE-NFC12 1.0.0
2026-04-12 17:17:22,724 [INFO] ThirdParty:1030 - CMSIS Pack Vendor :STMicroelectronics X-CUBE-AZRTOS-F7 1.1.0
2026-04-12 17:17:22,724 [INFO] ThirdParty:1030 - CMSIS Pack Vendor :STMicroelectronics X-CUBE-AZRTOS-L5 2.0.0
2026-04-12 17:17:22,724 [INFO] ThirdParty:1030 - CMSIS Pack Vendor :STMicroelectronics USB_DEVICE 2.0.0
2026-04-12 17:17:22,724 [INFO] ThirdParty:1030 - CMSIS Pack Vendor :STMicroelectronics X-CUBE-NFC6 3.1.0
2026-04-12 17:17:22,724 [INFO] ThirdParty:1030 - CMSIS Pack Vendor :Cesanta I-CUBE-Mongoose 7.19.0
2026-04-12 17:17:22,724 [INFO] ThirdParty:1030 - CMSIS Pack Vendor :STMicroelectronics FP-SNS-MOTENV1 5.1.0
2026-04-12 17:17:22,724 [INFO] ThirdParty:1030 - CMSIS Pack Vendor :STMicroelectronics FreeRTOS 0.0.1
2026-04-12 17:17:22,724 [INFO] ThirdParty:1030 - CMSIS Pack Vendor :STMicroelectronics eDS-WB_DPC_VIENNA 1.2.0
2026-04-12 17:17:22,724 [INFO] ThirdParty:1030 - CMSIS Pack Vendor :WES I-CUBE-Cesium 1.4.0
2026-04-12 17:17:22,724 [INFO] ThirdParty:1030 - CMSIS Pack Vendor :STMicroelectronics eDS-WB_DPC_3PH2L-BIDIR 1.1.1
2026-04-12 17:17:22,724 [INFO] ThirdParty:1030 - CMSIS Pack Vendor :Infineon AIROC-Wi-Fi-Bluetooth-STM32 1.7.1
2026-04-12 17:17:22,724 [INFO] ThirdParty:1030 - CMSIS Pack Vendor :STMicroelectronics PDM2PCM 3.3.0
2026-04-12 17:17:22,724 [INFO] ThirdParty:1030 - CMSIS Pack Vendor :STMicroelectronics X-CUBE-AZRTOS-H7 3.4.0
2026-04-12 17:17:22,724 [INFO] ThirdParty:1030 - CMSIS Pack Vendor :STMicroelectronics X-CUBE-DISPLAY 3.0.0
2026-04-12 17:17:22,724 [INFO] ThirdParty:1030 - CMSIS Pack Vendor :STMicroelectronics FP-SNS-MOTENVWB1 1.5.0
2026-04-12 17:17:22,724 [INFO] ThirdParty:1030 - CMSIS Pack Vendor :STMicroelectronics X-CUBE-NFC10 1.0.0
2026-04-12 17:17:22,724 [INFO] ThirdParty:1030 - CMSIS Pack Vendor :STMicroelectronics X-CUBE-FREERTOS 1.3.1
2026-04-12 17:17:22,724 [INFO] ThirdParty:1030 - CMSIS Pack Vendor :STMicroelectronics HAL Drivers 0.0.0
2026-04-12 17:17:22,724 [INFO] ThirdParty:1030 - CMSIS Pack Vendor :STMicroelectronics X-CUBE-ST60 1.1.0
2026-04-12 17:17:22,724 [INFO] ThirdParty:1030 - CMSIS Pack Vendor :emotas I-CUBE-CANOPEN 1.3.0
2026-04-12 17:17:22,724 [INFO] ThirdParty:1030 - CMSIS Pack Vendor :STMicroelectronics MBEDTLS 2.14.1
2026-04-12 17:17:22,724 [INFO] ThirdParty:1030 - CMSIS Pack Vendor :STMicroelectronics X-CUBE-GNSS1 7.1.0
2026-04-12 17:17:22,724 [INFO] ThirdParty:1030 - CMSIS Pack Vendor :STMicroelectronics X-CUBE-TOUCHGFX 4.26.0
2026-04-12 17:17:22,724 [INFO] ThirdParty:1030 - CMSIS Pack Vendor :STMicroelectronics X-CUBE-TOUCHGFX 4.26.1
2026-04-12 17:17:22,724 [INFO] ThirdParty:1030 - CMSIS Pack Vendor :STMicroelectronics FP-SNS-SMARTAG2 1.2.0
2026-04-12 17:17:22,724 [INFO] ThirdParty:1030 - CMSIS Pack Vendor :STMicroelectronics FP-SNS-FLIGHT1 5.1.0
2026-04-12 17:17:22,724 [INFO] ThirdParty:1030 - CMSIS Pack Vendor :STMicroelectronics X-CUBE-AZRTOS-WL 2.0.0
2026-04-12 17:17:22,724 [INFO] ThirdParty:1030 - CMSIS Pack Vendor :STMicroelectronics X-CUBE-DPower 1.3.0
2026-04-12 17:17:22,724 [INFO] ThirdParty:1030 - CMSIS Pack Vendor :STMicroelectronics FP-SNS-MOTENV1 5.0.0
2026-04-12 17:17:22,724 [INFO] ThirdParty:1030 - CMSIS Pack Vendor :STMicroelectronics USB_DEVICE 1.0.0
2026-04-12 17:17:22,724 [INFO] ThirdParty:1030 - CMSIS Pack Vendor :STMicroelectronics X-CUBE-AZRTOS-H7RS 1.2.0
2026-04-12 17:17:22,724 [INFO] ThirdParty:1030 - CMSIS Pack Vendor :STMicroelectronics X-CUBE-AZRTOS-L4 2.0.0
2026-04-12 17:17:22,724 [INFO] ThirdParty:1030 - CMSIS Pack Vendor :STMicroelectronics ThreadX 0.0.2
2026-04-12 17:17:22,724 [INFO] ThirdParty:1030 - CMSIS Pack Vendor :STMicroelectronics lwIP 2.1.2
2026-04-12 17:17:22,724 [INFO] ThirdParty:1030 - CMSIS Pack Vendor :STMicroelectronics X-CUBE-SFXS2LP1 4.0.0
2026-04-12 17:17:22,724 [INFO] ThirdParty:1030 - CMSIS Pack Vendor :STMicroelectronics X-CUBE-BLE2 3.3.0
2026-04-12 17:17:22,724 [INFO] ThirdParty:1030 - CMSIS Pack Vendor :Avnet-IOTCONNECT X-CUBE-iotc-st67-sdk 1.0.0
2026-04-12 17:17:22,724 [INFO] ThirdParty:1030 - CMSIS Pack Vendor :STMicroelectronics PDM2PCM 3.2.0
2026-04-12 17:17:22,724 [INFO] ThirdParty:1030 - CMSIS Pack Vendor :STMicroelectronics X-CUBE-WB05N 2.1.0
2026-04-12 17:17:22,724 [INFO] ThirdParty:1030 - CMSIS Pack Vendor :STMicroelectronics X-CUBE-ST67W61 1.2.0
2026-04-12 17:17:22,724 [INFO] ThirdParty:1030 - CMSIS Pack Vendor :STMicroelectronics X-CUBE-NFC9 1.0.0
2026-04-12 17:17:22,724 [INFO] ThirdParty:1030 - CMSIS Pack Vendor :wolfSSL I-CUBE-wolfSSL 5.8.2
2026-04-12 17:17:22,724 [INFO] ThirdParty:1030 - CMSIS Pack Vendor :STMicroelectronics X-CUBE-BLE1 7.1.0
2026-04-12 17:17:22,724 [INFO] ThirdParty:1030 - CMSIS Pack Vendor :wolfSSL I-CUBE-wolfMQTT 1.19.2
2026-04-12 17:17:22,724 [INFO] ThirdParty:1030 - CMSIS Pack Vendor :STMicroelectronics USB_DEVICE 3.0.0
2026-04-12 17:17:22,724 [INFO] ThirdParty:1030 - CMSIS Pack Vendor :STMicroelectronics X-CUBE-FREERTOS 1.4.0
2026-04-12 17:17:22,724 [INFO] ThirdParty:1030 - CMSIS Pack Vendor :STMicroelectronics X-CUBE-EEPRMA1 5.2.0
2026-04-12 17:17:22,724 [INFO] ThirdParty:1030 - CMSIS Pack Vendor :STMicroelectronics X-CUBE-BLEMGR 4.1.0
2026-04-12 17:17:22,724 [INFO] ThirdParty:1030 - CMSIS Pack Vendor :STMicroelectronics X-CUBE-AZRTOS-WB 2.0.0
2026-04-12 17:17:22,724 [INFO] ThirdParty:1030 - CMSIS Pack Vendor :STMicroelectronics X-CUBE-GNSS1 7.0.1
2026-04-12 17:17:22,724 [INFO] ThirdParty:1030 - CMSIS Pack Vendor :STMicroelectronics X-CUBE-ST67W61 1.1.0
2026-04-12 17:17:22,724 [INFO] ThirdParty:1030 - CMSIS Pack Vendor :quantropi X-CUBE-qispace-sdk-base 2.1.0
2026-04-12 17:17:22,724 [INFO] ThirdParty:1030 - CMSIS Pack Vendor :STMicroelectronics X-CUBE-MEMS1 12.0.0
2026-04-12 17:17:22,725 [INFO] ThirdParty:1030 - CMSIS Pack Vendor :STMicroelectronics X-CUBE-STSE01 2.0.0
2026-04-12 17:17:22,725 [INFO] ThirdParty:1030 - CMSIS Pack Vendor :STMicroelectronics X-CUBE-AZRTOS-G0 1.1.0
2026-04-12 17:17:22,725 [INFO] ThirdParty:1030 - CMSIS Pack Vendor :STMicroelectronics X-CUBE-SAFEA1 1.2.2
2026-04-12 17:17:22,725 [INFO] ThirdParty:1030 - CMSIS Pack Vendor :STMicroelectronics X-CUBE-NFC4 3.0.0
2026-04-12 17:17:22,725 [INFO] ThirdParty:1030 - CMSIS Pack Vendor :STMicroelectronics X-CUBE-SUBG2 5.0.0
2026-04-12 17:17:22,725 [INFO] ThirdParty:1030 - CMSIS Pack Vendor :STMicroelectronics X-CUBE-AZRTOS-H7RS 1.1.0
2026-04-12 17:17:22,725 [INFO] ThirdParty:1030 - CMSIS Pack Vendor :STMicroelectronics STM32_WPAN 1.0.0
2026-04-12 17:17:22,725 [INFO] ThirdParty:1030 - CMSIS Pack Vendor :EmbeddedOffice I-CUBE-FS-RTOS 1.0.1
2026-04-12 17:17:22,725 [INFO] ThirdParty:1030 - CMSIS Pack Vendor :STMicroelectronics lwIP 2.0.3
2026-04-12 17:17:22,725 [INFO] ThirdParty:1030 - CMSIS Pack Vendor :STMicroelectronics USB_HOST 1.0.0
2026-04-12 17:17:22,725 [INFO] ThirdParty:1030 - CMSIS Pack Vendor :STMicroelectronics X-CUBE-AZRTOS-G4 2.0.0
2026-04-12 17:17:22,725 [INFO] ThirdParty:1030 - CMSIS Pack Vendor :STMicroelectronics X-CUBE-WB05N 2.0.0
2026-04-12 17:17:22,725 [INFO] ThirdParty:1030 - CMSIS Pack Vendor :STMicroelectronics PDM2PCM 3.1.0
2026-04-12 17:17:22,725 [INFO] ThirdParty:1030 - CMSIS Pack Vendor :wolfSSL I-CUBE-wolfTPM 3.8.0
2026-04-12 17:17:22,725 [INFO] ThirdParty:1030 - CMSIS Pack Vendor :wolfSSL I-CUBE-wolfSSH 1.4.20
2026-04-12 17:17:22,725 [INFO] ThirdParty:1030 - CMSIS Pack Vendor :STMicroelectronics X-CUBE-NFC7 2.0.0
2026-04-12 17:17:22,725 [INFO] ThirdParty:1030 - CMSIS Pack Vendor :STMicroelectronics X-CUBE-TCPP 4.2.0
2026-04-12 17:17:22,725 [INFO] ThirdParty:1030 - CMSIS Pack Vendor :RealThread X-CUBE-RT-Thread_Nano 4.1.1
2026-04-12 17:17:22,725 [INFO] ThirdParty:1030 - CMSIS Pack Vendor :STMicroelectronics FP-ATR-SIGFOX1 3.2.0
2026-04-12 17:17:22,725 [INFO] ThirdParty:1030 - CMSIS Pack Vendor :STMicroelectronics X-CUBE-FREERTOS 1.5.0
2026-04-12 17:17:22,725 [INFO] ThirdParty:1030 - CMSIS Pack Vendor :STMicroelectronics MBEDTLS 2.16.2
2026-04-12 17:17:22,725 [INFO] ThirdParty:1030 - CMSIS Pack Vendor :STMicroelectronics X-CUBE-ALS 1.0.2
2026-04-12 17:17:22,725 [INFO] ThirdParty:1030 - CMSIS Pack Vendor :ITTIA_DB I-CUBE-ITTIADB 8.9.0
2026-04-12 17:17:22,725 [INFO] ThirdParty:1030 - CMSIS Pack Vendor :STMicroelectronics X-CUBE-STSE01 1.0.0
2026-04-12 17:17:22,725 [INFO] ThirdParty:1030 - CMSIS Pack Vendor :STMicroelectronics X-CUBE-NFC6 3.2.0
2026-04-12 17:17:22,725 [INFO] ThirdParty:1030 - CMSIS Pack Vendor :STMicroelectronics ThreadX 1.0.0
2026-04-12 17:17:22,725 [INFO] ThirdParty:1030 - CMSIS Pack Vendor :SEGGER I-CUBE-embOS 1.3.1
2026-04-12 17:17:22,725 [INFO] ThirdParty:1030 - CMSIS Pack Vendor :STMicroelectronics X-CUBE-ALGOBUILD 1.4.0
2026-04-12 17:17:22,725 [INFO] ThirdParty:1030 - CMSIS Pack Vendor :STMicroelectronics X-CUBE-MEMS1 11.3.0
2026-04-12 17:17:22,725 [INFO] ThirdParty:1030 - CMSIS Pack Vendor :STMicroelectronics X-CUBE-TOF1 3.4.3
2026-04-12 17:17:22,725 [INFO] ThirdParty:841 - exiting critical section [change project]
2026-04-12 17:17:22,924 [INFO] PinOutPanel:1589 - setPackage(No Configuration,No Configuration)
2026-04-12 17:17:22,925 [INFO] PinOutPanel:1589 - setPackage(STM32F446RETx,LQFP64)
2026-04-12 17:17:23,277 [INFO] UtilMem:75 - Before build in PCC Used Memory: 430964736 Bytes (754974720)
2026-04-12 17:17:23,451 [INFO] UtilMem:75 - After build in PCC Used Memory: 481822720 Bytes (754974720)
2026-04-12 17:17:23,458 [INFO] ApiDbMcu:532 - Load IP Config File for USB_DEVICE
2026-04-12 17:17:23,472 [INFO] IPUIPlugin:80 - create IPUIPlugin
2026-04-12 17:17:23,472 [INFO] IPUIPlugin:80 - create IPUIPlugin
2026-04-12 17:17:23,472 [INFO] IPUIPlugin:80 - create IPUIPlugin
2026-04-12 17:17:23,472 [INFO] IPUIPlugin:80 - create IPUIPlugin
2026-04-12 17:17:23,472 [INFO] IPUIPlugin:80 - create IPUIPlugin
2026-04-12 17:17:23,472 [INFO] IPUIPlugin:80 - create IPUIPlugin
2026-04-12 17:17:23,472 [INFO] IPUIPlugin:80 - create IPUIPlugin
2026-04-12 17:17:23,472 [INFO] IPUIPlugin:80 - create IPUIPlugin
2026-04-12 17:17:23,472 [INFO] IPUIPlugin:80 - create IPUIPlugin
2026-04-12 17:17:23,472 [INFO] IPUIPlugin:80 - create IPUIPlugin
2026-04-12 17:17:23,472 [INFO] IPUIPlugin:80 - create IPUIPlugin
2026-04-12 17:17:23,473 [INFO] IPUIPlugin:80 - create IPUIPlugin
2026-04-12 17:17:23,473 [INFO] IPUIPlugin:80 - create IPUIPlugin
2026-04-12 17:17:23,473 [INFO] IPUIPlugin:80 - create IPUIPlugin
2026-04-12 17:17:23,473 [INFO] IPUIPlugin:80 - create IPUIPlugin
2026-04-12 17:17:23,473 [INFO] IPUIPlugin:80 - create IPUIPlugin
2026-04-12 17:17:23,473 [INFO] IPUIPlugin:80 - create IPUIPlugin
2026-04-12 17:17:23,473 [INFO] IPUIPlugin:80 - create IPUIPlugin
2026-04-12 17:17:23,473 [INFO] IPUIPlugin:80 - create IPUIPlugin
2026-04-12 17:17:23,473 [INFO] IPUIPlugin:80 - create IPUIPlugin
2026-04-12 17:17:23,473 [INFO] IPUIPlugin:80 - create IPUIPlugin
2026-04-12 17:17:23,473 [INFO] IPUIPlugin:80 - create IPUIPlugin
2026-04-12 17:17:23,473 [INFO] IPUIPlugin:80 - create IPUIPlugin
2026-04-12 17:17:23,473 [INFO] IPUIPlugin:80 - create IPUIPlugin
2026-04-12 17:17:23,474 [INFO] IPUIPlugin:80 - create IPUIPlugin
2026-04-12 17:17:23,474 [INFO] IPUIPlugin:80 - create IPUIPlugin
2026-04-12 17:17:23,474 [INFO] IPUIPlugin:80 - create IPUIPlugin
2026-04-12 17:17:23,474 [INFO] IPUIPlugin:80 - create IPUIPlugin
2026-04-12 17:17:23,474 [INFO] IPUIPlugin:80 - create IPUIPlugin
2026-04-12 17:17:23,474 [INFO] IPUIPlugin:80 - create IPUIPlugin
2026-04-12 17:17:23,474 [INFO] IPUIPlugin:80 - create IPUIPlugin
2026-04-12 17:17:23,474 [INFO] IPUIPlugin:80 - create IPUIPlugin
2026-04-12 17:17:23,474 [INFO] IPUIPlugin:80 - create IPUIPlugin
2026-04-12 17:17:23,474 [INFO] IPUIPlugin:80 - create IPUIPlugin
2026-04-12 17:17:23,474 [INFO] IPUIPlugin:80 - create IPUIPlugin
2026-04-12 17:17:23,474 [INFO] IPUIPlugin:80 - create IPUIPlugin
2026-04-12 17:17:23,475 [INFO] IPUIPlugin:80 - create IPUIPlugin
2026-04-12 17:17:23,475 [INFO] IPUIPlugin:80 - create IPUIPlugin
2026-04-12 17:17:23,475 [INFO] IPUIPlugin:80 - create IPUIPlugin
2026-04-12 17:17:23,475 [INFO] IPUIPlugin:80 - create IPUIPlugin
2026-04-12 17:17:23,475 [INFO] IPUIPlugin:80 - create IPUIPlugin
2026-04-12 17:17:23,475 [INFO] IPUIPlugin:80 - create IPUIPlugin
2026-04-12 17:17:23,475 [INFO] IPUIPlugin:80 - create IPUIPlugin
2026-04-12 17:17:23,475 [INFO] IPUIPlugin:80 - create IPUIPlugin
2026-04-12 17:17:23,476 [INFO] IPUIPlugin:80 - create IPUIPlugin
2026-04-12 17:17:23,476 [INFO] IPUIPlugin:80 - create IPUIPlugin
2026-04-12 17:17:23,476 [INFO] IPUIPlugin:80 - create IPUIPlugin
2026-04-12 17:17:23,476 [INFO] IPUIPlugin:80 - create IPUIPlugin
2026-04-12 17:17:23,476 [INFO] IPUIPlugin:80 - create IPUIPlugin
2026-04-12 17:17:23,476 [INFO] IPUIPlugin:80 - create IPUIPlugin
2026-04-12 17:17:23,476 [INFO] IPUIPlugin:80 - create IPUIPlugin
2026-04-12 17:17:23,477 [INFO] IPUIPlugin:80 - create IPUIPlugin
2026-04-12 17:17:23,477 [INFO] IPUIPlugin:80 - create IPUIPlugin
2026-04-12 17:17:23,477 [INFO] IPUIPlugin:80 - create IPUIPlugin
2026-04-12 17:17:23,477 [INFO] IPUIPlugin:80 - create IPUIPlugin
2026-04-12 17:17:23,477 [INFO] IPUIPlugin:80 - create IPUIPlugin
2026-04-12 17:17:23,477 [INFO] IPUIPlugin:80 - create IPUIPlugin
2026-04-12 17:17:23,477 [INFO] IPUIPlugin:80 - create IPUIPlugin
2026-04-12 17:17:23,478 [INFO] IPUIPlugin:80 - create IPUIPlugin
2026-04-12 17:17:23,478 [INFO] IPUIPlugin:80 - create IPUIPlugin
2026-04-12 17:17:23,479 [INFO] ApiDbMcu:532 - Load IP Config File for PDM2PCM
2026-04-12 17:17:23,480 [INFO] Can:71 - Can Add PropertyChangeListener com.st.microxplorer.plugins.ip.can.Can@74f78328
2026-04-12 17:17:23,481 [WARN] IP:2250 - I2C_Coeff_DF not found: check if there is a RefParameter without a condition.
2026-04-12 17:17:23,481 [WARN] IP:2250 - Analog_Filter not found: check if there is a RefParameter without a condition.
2026-04-12 17:17:23,513 [INFO] CADModel:165 - CPN selected for project levelSTM32F446RET6
2026-04-12 17:17:23,513 [INFO] CADModel:114 - Register for checkConnection events
2026-04-12 17:17:23,550 [INFO] OpenFileManager:386 - Restore cursor
2026-04-12 17:17:23,670 [WARN] IP:2250 - DEVICE_SERIAL0_CDC_FS not found: check if there is a RefParameter without a condition.
2026-04-12 17:17:23,670 [WARN] IP:2250 - DEVICE_SERIAL1_CDC_FS not found: check if there is a RefParameter without a condition.
2026-04-12 17:17:23,670 [WARN] IP:2250 - DEVICE_SERIAL2_CDC_FS not found: check if there is a RefParameter without a condition.
2026-04-12 17:17:23,670 [WARN] IP:2250 - DEVICE_SERIAL0_CDC_FS not found: check if there is a RefParameter without a condition.
2026-04-12 17:17:23,670 [WARN] IP:2250 - DEVICE_SERIAL1_CDC_FS not found: check if there is a RefParameter without a condition.
2026-04-12 17:17:23,670 [WARN] IP:2250 - DEVICE_SERIAL2_CDC_FS not found: check if there is a RefParameter without a condition.
2026-04-12 17:17:23,709 [WARN] IP:2250 - I2C_Coeff_DF not found: check if there is a RefParameter without a condition.
2026-04-12 17:17:23,710 [WARN] IP:2250 - Analog_Filter not found: check if there is a RefParameter without a condition.
2026-04-12 17:17:23,710 [WARN] IP:2250 - I2C_Coeff_DF not found: check if there is a RefParameter without a condition.
2026-04-12 17:17:23,710 [WARN] IP:2250 - Analog_Filter not found: check if there is a RefParameter without a condition.
2026-04-12 17:25:50,333 [ERROR] ConfigurationRetriever:142 - IOException on connection: sw-center.st.com
2026-04-12 17:25:50,334 [ERROR] ConfigurationRetriever:142 - IOException on connection: sw-center.st.com
2026-04-12 17:25:50,335 [ERROR] ConfigurationRetriever:142 - IOException on connection: sw-center.st.com
2026-04-12 17:57:00,819 [INFO] MainUpdater:2872 - connection check result : 10
2026-04-12 17:57:00,819 [INFO] MainUpdater:2872 - connection check result : 10
2026-04-12 17:57:00,865 [INFO] MicroXplorer:468 - Change Database Path : 
2026-04-12 17:57:00,865 [INFO] MicroXplorer:498 - Change Database Version : DB.6.0.150
2026-04-12 17:57:00,891 [ERROR] ProjectManagerView:395 - 
java.lang.NullPointerException: Cannot invoke "javax.swing.JTextField.getText()" because the return value of "java.util.List.get(int)" is null
	at com.st.microxplorer.plugins.projectmanager.gui.ProjectChoiceTab$9.caretUpdate(ProjectChoiceTab.java:2706) ~[filemanager.jar:?]
	at javax.swing.text.JTextComponent.fireCaretUpdate(JTextComponent.java:408) ~[?:?]
	at javax.swing.text.JTextComponent$MutableCaretEvent.fire(JTextComponent.java:4484) ~[?:?]
	at javax.swing.text.JTextComponent$MutableCaretEvent.stateChanged(JTextComponent.java:4506) ~[?:?]
	at javax.swing.text.DefaultCaret.fireStateChanged(DefaultCaret.java:857) ~[?:?]
	at javax.swing.text.DefaultCaret.changeCaretPosition(DefaultCaret.java:1343) ~[?:?]
	at javax.swing.text.DefaultCaret.handleSetDot(DefaultCaret.java:1242) ~[?:?]
	at javax.swing.text.DefaultCaret.setDot(DefaultCaret.java:1223) ~[?:?]
	at javax.swing.text.DefaultCaret$Handler.insertUpdate(DefaultCaret.java:1819) ~[?:?]
	at javax.swing.text.AbstractDocument.fireInsertUpdate(AbstractDocument.java:227) ~[?:?]
	at javax.swing.text.AbstractDocument.handleInsertString(AbstractDocument.java:781) ~[?:?]
	at javax.swing.text.AbstractDocument.insertString(AbstractDocument.java:740) ~[?:?]
	at javax.swing.text.PlainDocument.insertString(PlainDocument.java:131) ~[?:?]
	at javax.swing.text.AbstractDocument.replace(AbstractDocument.java:699) ~[?:?]
	at javax.swing.text.JTextComponent.setText(JTextComponent.java:1725) ~[?:?]
	at com.st.microxplorer.plugins.projectmanager.gui.ProjectChoiceTab.createHeapStackFields(ProjectChoiceTab.java:993) ~[filemanager.jar:?]
	at com.st.microxplorer.plugins.projectmanager.gui.ProjectChoiceTab.buildLinkSettingsPanel(ProjectChoiceTab.java:3813) ~[filemanager.jar:?]
	at com.st.microxplorer.plugins.projectmanager.gui.ProjectChoiceTab.defineWindowsFields(ProjectChoiceTab.java:1987) ~[filemanager.jar:?]
	at com.st.microxplorer.plugins.projectmanager.gui.ProjectChoiceTab.updateSettings(ProjectChoiceTab.java:558) ~[filemanager.jar:?]
	at com.st.microxplorer.plugins.projectmanager.gui.ProjectSettingsPanel.UpdateDialog(ProjectSettingsPanel.java:247) ~[filemanager.jar:?]
	at com.st.microxplorer.plugins.projectmanager.ProjectManagerView.propertyChange(ProjectManagerView.java:392) ~[filemanager.jar:?]
	at java.beans.PropertyChangeSupport.fire(PropertyChangeSupport.java:343) ~[?:?]
	at java.beans.PropertyChangeSupport.firePropertyChange(PropertyChangeSupport.java:335) ~[?:?]
	at java.beans.PropertyChangeSupport.firePropertyChange(PropertyChangeSupport.java:268) ~[?:?]
	at com.st.microxplorer.util.MXPropertyChangeSupport.firePropertyChange(MXPropertyChangeSupport.java:54) ~[STM32CubeMX.jar:?]
	at com.st.microxplorer.mxsystem.MxSystem.closeConfig(MxSystem.java:899) ~[STM32CubeMX.jar:?]
	at com.st.microxplorer.maingui.MainPanel.closeConfig(MainPanel.java:792) ~[STM32CubeMX.jar:?]
	at com.st.microxplorer.plugins.filemanager.engine.OpenFileManager.loadConfigurationFile(OpenFileManager.java:288) ~[filemanager.jar:?]
	at com.st.microxplorer.plugins.filemanager.engine.MainFileManager.userLoadConfig(MainFileManager.java:364) ~[filemanager.jar:?]
	at com.st.microxplorer.plugins.filemanager.engine.MainFileManager.userLoadConfig(MainFileManager.java:342) ~[filemanager.jar:?]
	at com.st.microxplorer.plugins.filemanager.FileManagerView.getSpecificTask(FileManagerView.java:264) ~[filemanager.jar:?]
	at com.st.stm32cube.common.mx.editor.CubeMxEditor.getMxTabbedPaneInstance(CubeMxEditor.java:1198) ~[com.st.stm32cube.common.mx_6.15.0.202507011659/:?]
	at com.st.stm32cube.common.mx.editor.CubeMxEditor$12$1.createSwingComponent(CubeMxEditor.java:1068) ~[com.st.stm32cube.common.mx_6.15.0.202507011659/:?]
	at com.st.stm32cube.common.mx.oss.core.awtswtbridge.EmbeddedSwingComposite.doComponentCreation(EmbeddedSwingComposite.java:492) ~[com.st.stm32cube.common.mx.oss_6.15.0.202507011659/:?]
	at com.st.stm32cube.common.mx.oss.core.awtswtbridge.EmbeddedSwingComposite$4.run(EmbeddedSwingComposite.java:291) ~[com.st.stm32cube.common.mx.oss_6.15.0.202507011659/:?]
	at com.st.stm32cube.common.mx.oss.core.awtswtbridge.AwtEnvironment$2.run(AwtEnvironment.java:166) ~[com.st.stm32cube.common.mx.oss_6.15.0.202507011659/:?]
	at java.awt.event.InvocationEvent.dispatch(InvocationEvent.java:318) ~[?:?]
	at java.awt.EventQueue.dispatchEventImpl(EventQueue.java:773) ~[?:?]
	at java.awt.EventQueue$4.run(EventQueue.java:720) ~[?:?]
	at java.awt.EventQueue$4.run(EventQueue.java:714) ~[?:?]
	at java.security.AccessController.doPrivileged(AccessController.java:400) ~[?:?]
	at java.security.ProtectionDomain$JavaSecurityAccessImpl.doIntersectionPrivilege(ProtectionDomain.java:87) ~[?:?]
	at java.awt.EventQueue.dispatchEvent(EventQueue.java:742) ~[?:?]
	at java.awt.EventDispatchThread.pumpOneEventForFilters(EventDispatchThread.java:203) ~[?:?]
	at java.awt.EventDispatchThread.pumpEventsForFilter(EventDispatchThread.java:124) ~[?:?]
	at java.awt.EventDispatchThread.pumpEventsForHierarchy(EventDispatchThread.java:113) ~[?:?]
	at java.awt.EventDispatchThread.pumpEvents(EventDispatchThread.java:109) ~[?:?]
	at java.awt.EventDispatchThread.pumpEvents(EventDispatchThread.java:101) ~[?:?]
	at java.awt.EventDispatchThread.run(EventDispatchThread.java:90) ~[?:?]
2026-04-12 17:57:00,892 [WARN] ThirdParty:871 - waiting for thirdparty lock release [close project]
2026-04-12 17:57:00,892 [INFO] ThirdParty:873 - entering critical section [close project]
2026-04-12 17:57:00,892 [INFO] ThirdParty:883 - exiting critical section [close project]
2026-04-12 17:57:00,896 [INFO] PinOutPanel:1589 - setPackage(No Configuration,No Configuration)
2026-04-12 17:57:00,909 [WARN] IpParametersView:155 - Warning: This peripheral hasn't parameters
2026-04-12 17:57:00,919 [WARN] MainPanel:289 - <html><b><center>Warning: This peripheral has no parameters to be configured<br></b></html>
2026-04-12 17:57:00,922 [INFO] UtilMem:75 - Begin LoadConfig() Used Memory: 473889560 Bytes (754974720)
2026-04-12 17:57:00,923 [INFO] MicroXplorer:468 - Change Database Path : 
2026-04-12 17:57:00,923 [INFO] MicroXplorer:498 - Change Database Version : DB.6.0.150
2026-04-12 17:57:00,923 [INFO] OpenFileManager:355 - Change cursor
2026-04-12 17:57:00,935 [INFO] Mcu:2029 - Initializing MCU STM32F446R(C-E)Tx STM32F446RETx STM32F446RET6
2026-04-12 17:57:01,855 [INFO] Context:786 - Trying to add GPIOservice into a context  which must be forbidden
2026-04-12 17:57:02,300 [INFO] ImportTextPane:234 - (OptionalMessage_ERROR) Pin18 (VP_RIF_VS_RIF1) cannot be retrieved for this MCU
2026-04-12 17:57:02,354 [INFO] RtosManager:558 - Registered RTOS mode: class=CMSIS, group=RTOS, mode=CMSIS_V1, owner=FREERTOS
2026-04-12 17:57:02,354 [INFO] RtosManager:558 - Registered RTOS mode: class=CMSIS, group=RTOS2, mode=CMSIS_V2, owner=FREERTOS
2026-04-12 17:57:02,354 [INFO] RtosManager:558 - Registered RTOS mode: class=RTOS, group=Core, mode=CMSIS_V1, owner=FREERTOS
2026-04-12 17:57:02,354 [INFO] RtosManager:558 - Registered RTOS mode: class=RTOS, group=Core, mode=CMSIS_V2, owner=FREERTOS
2026-04-12 17:57:02,354 [WARN] ModelIntegratedComponent:184 - Missing modes for component STMicroelectronics:FreeRTOS:0.0.1:STMicroelectronics:RTOS:FreeRTOS:Core:::10.2.0:
2026-04-12 17:57:02,362 [WARN] ModelIntegratedComponent:63 - No mode defined for component null
2026-04-12 17:57:02,362 [WARN] ModelIntegratedComponent:63 - No mode defined for component null
2026-04-12 17:57:02,362 [WARN] ModelIntegratedComponent:63 - No mode defined for component null
2026-04-12 17:57:02,362 [WARN] ModelIntegratedComponent:63 - No mode defined for component null
2026-04-12 17:57:02,362 [WARN] ModelIntegratedComponent:63 - No mode defined for component null
2026-04-12 17:57:02,362 [WARN] ModelIntegratedComponent:63 - No mode defined for component null
2026-04-12 17:57:02,362 [WARN] ModelIntegratedComponent:63 - No mode defined for component null
2026-04-12 17:57:02,362 [WARN] ModelIntegratedComponent:63 - No mode defined for component null
2026-04-12 17:57:02,362 [WARN] ModelIntegratedComponent:63 - No mode defined for component null
2026-04-12 17:57:02,362 [WARN] ModelIntegratedComponent:63 - No mode defined for component null
2026-04-12 17:57:02,362 [WARN] ModelIntegratedComponent:63 - No mode defined for component null
2026-04-12 17:57:02,362 [WARN] ModelIntegratedComponent:63 - No mode defined for component null
2026-04-12 17:57:02,362 [WARN] ModelIntegratedComponent:63 - No mode defined for component null
2026-04-12 17:57:02,362 [WARN] ModelIntegratedComponent:63 - No mode defined for component null
2026-04-12 17:57:02,362 [WARN] ModelIntegratedComponent:63 - No mode defined for component null
2026-04-12 17:57:02,363 [WARN] ModelIntegratedComponent:63 - No mode defined for component null
2026-04-12 17:57:02,363 [WARN] ModelIntegratedComponent:63 - No mode defined for component null
2026-04-12 17:57:02,363 [WARN] ModelIntegratedComponent:63 - No mode defined for component null
2026-04-12 17:57:02,363 [WARN] ModelIntegratedComponent:63 - No mode defined for component null
2026-04-12 17:57:02,363 [WARN] ModelIntegratedComponent:63 - No mode defined for component null
2026-04-12 17:57:02,363 [WARN] ModelIntegratedComponent:63 - No mode defined for component null
2026-04-12 17:57:02,363 [WARN] ModelIntegratedComponent:63 - No mode defined for component null
2026-04-12 17:57:02,363 [WARN] ModelIntegratedComponent:63 - No mode defined for component null
2026-04-12 17:57:02,363 [WARN] ModelIntegratedComponent:63 - No mode defined for component null
2026-04-12 17:57:02,363 [WARN] ModelIntegratedComponent:63 - No mode defined for component null
2026-04-12 17:57:02,363 [WARN] ModelIntegratedComponent:63 - No mode defined for component null
2026-04-12 17:57:02,363 [WARN] ModelIntegratedComponent:63 - No mode defined for component null
2026-04-12 17:57:02,363 [WARN] ModelIntegratedComponent:63 - No mode defined for component null
2026-04-12 17:57:02,363 [WARN] ModelIntegratedComponent:63 - No mode defined for component null
2026-04-12 17:57:02,363 [WARN] ModelIntegratedComponent:63 - No mode defined for component null
2026-04-12 17:57:02,363 [WARN] ModelIntegratedComponent:63 - No mode defined for component null
2026-04-12 17:57:02,363 [WARN] ModelIntegratedComponent:63 - No mode defined for component null
2026-04-12 17:57:02,363 [WARN] ModelIntegratedComponent:63 - No mode defined for component null
2026-04-12 17:57:02,363 [WARN] ModelIntegratedComponent:63 - No mode defined for component null
2026-04-12 17:57:02,363 [WARN] ModelIntegratedComponent:63 - No mode defined for component null
2026-04-12 17:57:02,363 [WARN] ModelPack:524 - Component already loaded: STMicroelectronics:HAL Drivers:0.0.0:STMicroelectronics:Device:STMicro_Driver:XSPI:HAL::0.0.1:HAL_XSPI
2026-04-12 17:57:02,560 [INFO] ThirdPartyModel:298 - Start build external matchings
2026-04-12 17:57:02,867 [INFO] ThirdPartyModel:316 - End build external matchings
2026-04-12 17:57:02,886 [INFO] ImportTextPane:234 - (OptionalMessage_ERROR) IP (DMA) : Parameter (Instance) has Id (I2C3_RX) currently not set
2026-04-12 17:57:02,887 [INFO] ImportTextPane:234 - (OptionalMessage_ERROR) IP (DMA) : Parameter (Channel) has Id (I2C3_RX) currently not set
2026-04-12 17:57:02,887 [INFO] ImportTextPane:234 - (OptionalMessage_ERROR) IP (DMA) : Parameter (Direction) has Id (I2C3_RX) currently not set
2026-04-12 17:57:02,887 [INFO] ImportTextPane:234 - (OptionalMessage_ERROR) IP (DMA) : Parameter (PeriphInc) has Id (I2C3_RX) currently not set
2026-04-12 17:57:02,887 [INFO] ImportTextPane:234 - (OptionalMessage_ERROR) IP (DMA) : Parameter (MemInc) has Id (I2C3_RX) currently not set
2026-04-12 17:57:02,887 [INFO] ImportTextPane:234 - (OptionalMessage_ERROR) IP (DMA) : Parameter (PeriphDataAlignment) has Id (I2C3_RX) currently not set
2026-04-12 17:57:02,887 [INFO] ImportTextPane:234 - (OptionalMessage_ERROR) IP (DMA) : Parameter (MemDataAlignment) has Id (I2C3_RX) currently not set
2026-04-12 17:57:02,887 [INFO] ImportTextPane:234 - (OptionalMessage_ERROR) IP (DMA) : Parameter (Mode) has Id (I2C3_RX) currently not set
2026-04-12 17:57:02,887 [INFO] ImportTextPane:234 - (OptionalMessage_ERROR) IP (DMA) : Parameter (Priority) has Id (I2C3_RX) currently not set
2026-04-12 17:57:02,887 [INFO] ImportTextPane:234 - (OptionalMessage_ERROR) IP (DMA) : Parameter (FIFOMode) has Id (I2C3_RX) currently not set
2026-04-12 17:57:02,888 [WARN] IP:2250 - I2C_Coeff_DF not found: check if there is a RefParameter without a condition.
2026-04-12 17:57:02,888 [WARN] IP:2250 - Analog_Filter not found: check if there is a RefParameter without a condition.
2026-04-12 17:57:02,888 [INFO] ImportTextPane:234 - (OptionalMessage_ERROR) IP (RCC) : Invalid parameter (FamilyName)
2026-04-12 17:57:02,893 [WARN] IP:2250 - DEVICE_SERIAL0_CDC_FS not found: check if there is a RefParameter without a condition.
2026-04-12 17:57:02,893 [WARN] IP:2250 - DEVICE_SERIAL1_CDC_FS not found: check if there is a RefParameter without a condition.
2026-04-12 17:57:02,893 [WARN] IP:2250 - DEVICE_SERIAL2_CDC_FS not found: check if there is a RefParameter without a condition.
2026-04-12 17:57:03,042 [INFO] UtilMem:75 - End LoadConfig() Used Memory: 338362440 Bytes (754974720)
2026-04-12 17:57:03,058 [WARN] ThirdParty:833 - waiting for thirdparty lock release [change project]
2026-04-12 17:57:03,058 [INFO] ThirdParty:835 - entering critical section [change project]
2026-04-12 17:57:03,058 [INFO] ThirdParty:1030 - CMSIS Pack Vendor :STMicroelectronics X-CUBE-AZRTOS-H7 3.5.0
2026-04-12 17:57:03,058 [INFO] ThirdParty:1030 - CMSIS Pack Vendor :STMicroelectronics X-CUBE-PM33A1 1.0.0
2026-04-12 17:57:03,058 [INFO] ThirdParty:1030 - CMSIS Pack Vendor :STMicroelectronics USBPD 4.1
2026-04-12 17:57:03,058 [INFO] ThirdParty:1030 - CMSIS Pack Vendor :STMicroelectronics USB_HOST 2.0.0
2026-04-12 17:57:03,058 [INFO] ThirdParty:1030 - CMSIS Pack Vendor :STMicroelectronics FP-SNS-MOTENVWB1 1.4.0
2026-04-12 17:57:03,058 [INFO] ThirdParty:1030 - CMSIS Pack Vendor :STMicroelectronics X-CUBE-AZRTOS-F4 1.1.0
2026-04-12 17:57:03,058 [INFO] ThirdParty:1030 - CMSIS Pack Vendor :STMicroelectronics LIBJPEG 8.0.0
2026-04-12 17:57:03,058 [INFO] ThirdParty:1030 - CMSIS Pack Vendor :STMicroelectronics FP-ATR-ASTRA1 2.0.2
2026-04-12 17:57:03,058 [INFO] ThirdParty:1030 - CMSIS Pack Vendor :STMicroelectronics X-CUBE-SMBUS 2.1.0
2026-04-12 17:57:03,058 [INFO] ThirdParty:1030 - CMSIS Pack Vendor :STMicroelectronics X-CUBE-ISPU 2.1.0
2026-04-12 17:57:03,059 [INFO] ThirdParty:1030 - CMSIS Pack Vendor :STMicroelectronics X-CUBE-IPS 3.2.0
2026-04-12 17:57:03,059 [INFO] ThirdParty:1030 - CMSIS Pack Vendor :STMicroelectronics eDS-WB_DPC_TT-BIDIR 2.1.1
2026-04-12 17:57:03,059 [INFO] ThirdParty:1030 - CMSIS Pack Vendor :STMicroelectronics X-CUBE-ST60 1.0.0
2026-04-12 17:57:03,059 [INFO] ThirdParty:1030 - CMSIS Pack Vendor :STMicroelectronics X-CUBE-NFC12 1.0.0
2026-04-12 17:57:03,059 [INFO] ThirdParty:1030 - CMSIS Pack Vendor :STMicroelectronics X-CUBE-AZRTOS-F7 1.1.0
2026-04-12 17:57:03,059 [INFO] ThirdParty:1030 - CMSIS Pack Vendor :STMicroelectronics X-CUBE-AZRTOS-L5 2.0.0
2026-04-12 17:57:03,059 [INFO] ThirdParty:1030 - CMSIS Pack Vendor :STMicroelectronics USB_DEVICE 2.0.0
2026-04-12 17:57:03,059 [INFO] ThirdParty:1030 - CMSIS Pack Vendor :STMicroelectronics X-CUBE-NFC6 3.1.0
2026-04-12 17:57:03,059 [INFO] ThirdParty:1030 - CMSIS Pack Vendor :Cesanta I-CUBE-Mongoose 7.19.0
2026-04-12 17:57:03,059 [INFO] ThirdParty:1030 - CMSIS Pack Vendor :STMicroelectronics FP-SNS-MOTENV1 5.1.0
2026-04-12 17:57:03,059 [INFO] ThirdParty:1030 - CMSIS Pack Vendor :STMicroelectronics FreeRTOS 0.0.1
2026-04-12 17:57:03,059 [INFO] ThirdParty:1030 - CMSIS Pack Vendor :STMicroelectronics eDS-WB_DPC_VIENNA 1.2.0
2026-04-12 17:57:03,059 [INFO] ThirdParty:1030 - CMSIS Pack Vendor :WES I-CUBE-Cesium 1.4.0
2026-04-12 17:57:03,059 [INFO] ThirdParty:1030 - CMSIS Pack Vendor :STMicroelectronics eDS-WB_DPC_3PH2L-BIDIR 1.1.1
2026-04-12 17:57:03,059 [INFO] ThirdParty:1030 - CMSIS Pack Vendor :Infineon AIROC-Wi-Fi-Bluetooth-STM32 1.7.1
2026-04-12 17:57:03,059 [INFO] ThirdParty:1030 - CMSIS Pack Vendor :STMicroelectronics PDM2PCM 3.3.0
2026-04-12 17:57:03,059 [INFO] ThirdParty:1030 - CMSIS Pack Vendor :STMicroelectronics X-CUBE-AZRTOS-H7 3.4.0
2026-04-12 17:57:03,059 [INFO] ThirdParty:1030 - CMSIS Pack Vendor :STMicroelectronics X-CUBE-DISPLAY 3.0.0
2026-04-12 17:57:03,059 [INFO] ThirdParty:1030 - CMSIS Pack Vendor :STMicroelectronics FP-SNS-MOTENVWB1 1.5.0
2026-04-12 17:57:03,059 [INFO] ThirdParty:1030 - CMSIS Pack Vendor :STMicroelectronics X-CUBE-NFC10 1.0.0
2026-04-12 17:57:03,059 [INFO] ThirdParty:1030 - CMSIS Pack Vendor :STMicroelectronics X-CUBE-FREERTOS 1.3.1
2026-04-12 17:57:03,059 [INFO] ThirdParty:1030 - CMSIS Pack Vendor :STMicroelectronics HAL Drivers 0.0.0
2026-04-12 17:57:03,059 [INFO] ThirdParty:1030 - CMSIS Pack Vendor :STMicroelectronics X-CUBE-ST60 1.1.0
2026-04-12 17:57:03,059 [INFO] ThirdParty:1030 - CMSIS Pack Vendor :emotas I-CUBE-CANOPEN 1.3.0
2026-04-12 17:57:03,059 [INFO] ThirdParty:1030 - CMSIS Pack Vendor :STMicroelectronics MBEDTLS 2.14.1
2026-04-12 17:57:03,059 [INFO] ThirdParty:1030 - CMSIS Pack Vendor :STMicroelectronics X-CUBE-GNSS1 7.1.0
2026-04-12 17:57:03,059 [INFO] ThirdParty:1030 - CMSIS Pack Vendor :STMicroelectronics X-CUBE-TOUCHGFX 4.26.0
2026-04-12 17:57:03,059 [INFO] ThirdParty:1030 - CMSIS Pack Vendor :STMicroelectronics X-CUBE-TOUCHGFX 4.26.1
2026-04-12 17:57:03,059 [INFO] ThirdParty:1030 - CMSIS Pack Vendor :STMicroelectronics FP-SNS-SMARTAG2 1.2.0
2026-04-12 17:57:03,059 [INFO] ThirdParty:1030 - CMSIS Pack Vendor :STMicroelectronics FP-SNS-FLIGHT1 5.1.0
2026-04-12 17:57:03,059 [INFO] ThirdParty:1030 - CMSIS Pack Vendor :STMicroelectronics X-CUBE-AZRTOS-WL 2.0.0
2026-04-12 17:57:03,059 [INFO] ThirdParty:1030 - CMSIS Pack Vendor :STMicroelectronics X-CUBE-DPower 1.3.0
2026-04-12 17:57:03,059 [INFO] ThirdParty:1030 - CMSIS Pack Vendor :STMicroelectronics FP-SNS-MOTENV1 5.0.0
2026-04-12 17:57:03,059 [INFO] ThirdParty:1030 - CMSIS Pack Vendor :STMicroelectronics USB_DEVICE 1.0.0
2026-04-12 17:57:03,059 [INFO] ThirdParty:1030 - CMSIS Pack Vendor :STMicroelectronics X-CUBE-AZRTOS-H7RS 1.2.0
2026-04-12 17:57:03,060 [INFO] ThirdParty:1030 - CMSIS Pack Vendor :STMicroelectronics X-CUBE-AZRTOS-L4 2.0.0
2026-04-12 17:57:03,060 [INFO] ThirdParty:1030 - CMSIS Pack Vendor :STMicroelectronics ThreadX 0.0.2
2026-04-12 17:57:03,060 [INFO] ThirdParty:1030 - CMSIS Pack Vendor :STMicroelectronics lwIP 2.1.2
2026-04-12 17:57:03,060 [INFO] ThirdParty:1030 - CMSIS Pack Vendor :STMicroelectronics X-CUBE-SFXS2LP1 4.0.0
2026-04-12 17:57:03,060 [INFO] ThirdParty:1030 - CMSIS Pack Vendor :STMicroelectronics X-CUBE-BLE2 3.3.0
2026-04-12 17:57:03,060 [INFO] ThirdParty:1030 - CMSIS Pack Vendor :Avnet-IOTCONNECT X-CUBE-iotc-st67-sdk 1.0.0
2026-04-12 17:57:03,060 [INFO] ThirdParty:1030 - CMSIS Pack Vendor :STMicroelectronics PDM2PCM 3.2.0
2026-04-12 17:57:03,060 [INFO] ThirdParty:1030 - CMSIS Pack Vendor :STMicroelectronics X-CUBE-WB05N 2.1.0
2026-04-12 17:57:03,060 [INFO] ThirdParty:1030 - CMSIS Pack Vendor :STMicroelectronics X-CUBE-ST67W61 1.2.0
2026-04-12 17:57:03,060 [INFO] ThirdParty:1030 - CMSIS Pack Vendor :STMicroelectronics X-CUBE-NFC9 1.0.0
2026-04-12 17:57:03,060 [INFO] ThirdParty:1030 - CMSIS Pack Vendor :wolfSSL I-CUBE-wolfSSL 5.8.2
2026-04-12 17:57:03,060 [INFO] ThirdParty:1030 - CMSIS Pack Vendor :STMicroelectronics X-CUBE-BLE1 7.1.0
2026-04-12 17:57:03,060 [INFO] ThirdParty:1030 - CMSIS Pack Vendor :wolfSSL I-CUBE-wolfMQTT 1.19.2
2026-04-12 17:57:03,060 [INFO] ThirdParty:1030 - CMSIS Pack Vendor :STMicroelectronics USB_DEVICE 3.0.0
2026-04-12 17:57:03,060 [INFO] ThirdParty:1030 - CMSIS Pack Vendor :STMicroelectronics X-CUBE-FREERTOS 1.4.0
2026-04-12 17:57:03,060 [INFO] ThirdParty:1030 - CMSIS Pack Vendor :STMicroelectronics X-CUBE-EEPRMA1 5.2.0
2026-04-12 17:57:03,060 [INFO] ThirdParty:1030 - CMSIS Pack Vendor :STMicroelectronics X-CUBE-BLEMGR 4.1.0
2026-04-12 17:57:03,060 [INFO] ThirdParty:1030 - CMSIS Pack Vendor :STMicroelectronics X-CUBE-AZRTOS-WB 2.0.0
2026-04-12 17:57:03,060 [INFO] ThirdParty:1030 - CMSIS Pack Vendor :STMicroelectronics X-CUBE-GNSS1 7.0.1
2026-04-12 17:57:03,060 [INFO] ThirdParty:1030 - CMSIS Pack Vendor :STMicroelectronics X-CUBE-ST67W61 1.1.0
2026-04-12 17:57:03,060 [INFO] ThirdParty:1030 - CMSIS Pack Vendor :quantropi X-CUBE-qispace-sdk-base 2.1.0
2026-04-12 17:57:03,060 [INFO] ThirdParty:1030 - CMSIS Pack Vendor :STMicroelectronics X-CUBE-MEMS1 12.0.0
2026-04-12 17:57:03,060 [INFO] ThirdParty:1030 - CMSIS Pack Vendor :STMicroelectronics X-CUBE-STSE01 2.0.0
2026-04-12 17:57:03,060 [INFO] ThirdParty:1030 - CMSIS Pack Vendor :STMicroelectronics X-CUBE-AZRTOS-G0 1.1.0
2026-04-12 17:57:03,060 [INFO] ThirdParty:1030 - CMSIS Pack Vendor :STMicroelectronics X-CUBE-SAFEA1 1.2.2
2026-04-12 17:57:03,060 [INFO] ThirdParty:1030 - CMSIS Pack Vendor :STMicroelectronics X-CUBE-NFC4 3.0.0
2026-04-12 17:57:03,060 [INFO] ThirdParty:1030 - CMSIS Pack Vendor :STMicroelectronics X-CUBE-SUBG2 5.0.0
2026-04-12 17:57:03,060 [INFO] ThirdParty:1030 - CMSIS Pack Vendor :STMicroelectronics X-CUBE-AZRTOS-H7RS 1.1.0
2026-04-12 17:57:03,060 [INFO] ThirdParty:1030 - CMSIS Pack Vendor :STMicroelectronics STM32_WPAN 1.0.0
2026-04-12 17:57:03,060 [INFO] ThirdParty:1030 - CMSIS Pack Vendor :EmbeddedOffice I-CUBE-FS-RTOS 1.0.1
2026-04-12 17:57:03,060 [INFO] ThirdParty:1030 - CMSIS Pack Vendor :STMicroelectronics lwIP 2.0.3
2026-04-12 17:57:03,060 [INFO] ThirdParty:1030 - CMSIS Pack Vendor :STMicroelectronics USB_HOST 1.0.0
2026-04-12 17:57:03,060 [INFO] ThirdParty:1030 - CMSIS Pack Vendor :STMicroelectronics X-CUBE-AZRTOS-G4 2.0.0
2026-04-12 17:57:03,060 [INFO] ThirdParty:1030 - CMSIS Pack Vendor :STMicroelectronics X-CUBE-WB05N 2.0.0
2026-04-12 17:57:03,060 [INFO] ThirdParty:1030 - CMSIS Pack Vendor :STMicroelectronics PDM2PCM 3.1.0
2026-04-12 17:57:03,061 [INFO] ThirdParty:1030 - CMSIS Pack Vendor :wolfSSL I-CUBE-wolfTPM 3.8.0
2026-04-12 17:57:03,061 [INFO] ThirdParty:1030 - CMSIS Pack Vendor :wolfSSL I-CUBE-wolfSSH 1.4.20
2026-04-12 17:57:03,061 [INFO] ThirdParty:1030 - CMSIS Pack Vendor :STMicroelectronics X-CUBE-NFC7 2.0.0
2026-04-12 17:57:03,061 [INFO] ThirdParty:1030 - CMSIS Pack Vendor :STMicroelectronics X-CUBE-TCPP 4.2.0
2026-04-12 17:57:03,061 [INFO] ThirdParty:1030 - CMSIS Pack Vendor :RealThread X-CUBE-RT-Thread_Nano 4.1.1
2026-04-12 17:57:03,061 [INFO] ThirdParty:1030 - CMSIS Pack Vendor :STMicroelectronics FP-ATR-SIGFOX1 3.2.0
2026-04-12 17:57:03,061 [INFO] ThirdParty:1030 - CMSIS Pack Vendor :STMicroelectronics X-CUBE-FREERTOS 1.5.0
2026-04-12 17:57:03,061 [INFO] ThirdParty:1030 - CMSIS Pack Vendor :STMicroelectronics MBEDTLS 2.16.2
2026-04-12 17:57:03,061 [INFO] ThirdParty:1030 - CMSIS Pack Vendor :STMicroelectronics X-CUBE-ALS 1.0.2
2026-04-12 17:57:03,061 [INFO] ThirdParty:1030 - CMSIS Pack Vendor :ITTIA_DB I-CUBE-ITTIADB 8.9.0
2026-04-12 17:57:03,061 [INFO] ThirdParty:1030 - CMSIS Pack Vendor :STMicroelectronics X-CUBE-STSE01 1.0.0
2026-04-12 17:57:03,061 [INFO] ThirdParty:1030 - CMSIS Pack Vendor :STMicroelectronics X-CUBE-NFC6 3.2.0
2026-04-12 17:57:03,061 [INFO] ThirdParty:1030 - CMSIS Pack Vendor :STMicroelectronics ThreadX 1.0.0
2026-04-12 17:57:03,061 [INFO] ThirdParty:1030 - CMSIS Pack Vendor :SEGGER I-CUBE-embOS 1.3.1
2026-04-12 17:57:03,061 [INFO] ThirdParty:1030 - CMSIS Pack Vendor :STMicroelectronics X-CUBE-ALGOBUILD 1.4.0
2026-04-12 17:57:03,061 [INFO] ThirdParty:1030 - CMSIS Pack Vendor :STMicroelectronics X-CUBE-MEMS1 11.3.0
2026-04-12 17:57:03,061 [INFO] ThirdParty:1030 - CMSIS Pack Vendor :STMicroelectronics X-CUBE-TOF1 3.4.3
2026-04-12 17:57:03,061 [INFO] ThirdParty:841 - exiting critical section [change project]
2026-04-12 17:57:03,426 [INFO] PinOutPanel:1589 - setPackage(No Configuration,No Configuration)
2026-04-12 17:57:03,427 [INFO] PinOutPanel:1589 - setPackage(STM32F446RETx,LQFP64)
2026-04-12 17:57:03,852 [INFO] UtilMem:75 - Before build in PCC Used Memory: 630450528 Bytes (754974720)
2026-04-12 17:57:04,134 [INFO] UtilMem:75 - After build in PCC Used Memory: 688128368 Bytes (754974720)
2026-04-12 17:57:04,146 [INFO] ApiDbMcu:532 - Load IP Config File for USB_DEVICE
2026-04-12 17:57:04,176 [INFO] IPUIPlugin:80 - create IPUIPlugin
2026-04-12 17:57:04,177 [INFO] IPUIPlugin:80 - create IPUIPlugin
2026-04-12 17:57:04,177 [INFO] IPUIPlugin:80 - create IPUIPlugin
2026-04-12 17:57:04,177 [INFO] IPUIPlugin:80 - create IPUIPlugin
2026-04-12 17:57:04,177 [INFO] IPUIPlugin:80 - create IPUIPlugin
2026-04-12 17:57:04,177 [INFO] IPUIPlugin:80 - create IPUIPlugin
2026-04-12 17:57:04,177 [INFO] IPUIPlugin:80 - create IPUIPlugin
2026-04-12 17:57:04,177 [INFO] IPUIPlugin:80 - create IPUIPlugin
2026-04-12 17:57:04,178 [INFO] IPUIPlugin:80 - create IPUIPlugin
2026-04-12 17:57:04,178 [INFO] IPUIPlugin:80 - create IPUIPlugin
2026-04-12 17:57:04,178 [INFO] IPUIPlugin:80 - create IPUIPlugin
2026-04-12 17:57:04,178 [INFO] IPUIPlugin:80 - create IPUIPlugin
2026-04-12 17:57:04,178 [INFO] IPUIPlugin:80 - create IPUIPlugin
2026-04-12 17:57:04,178 [INFO] IPUIPlugin:80 - create IPUIPlugin
2026-04-12 17:57:04,178 [INFO] IPUIPlugin:80 - create IPUIPlugin
2026-04-12 17:57:04,179 [INFO] IPUIPlugin:80 - create IPUIPlugin
2026-04-12 17:57:04,179 [INFO] IPUIPlugin:80 - create IPUIPlugin
2026-04-12 17:57:04,179 [INFO] IPUIPlugin:80 - create IPUIPlugin
2026-04-12 17:57:04,179 [INFO] IPUIPlugin:80 - create IPUIPlugin
2026-04-12 17:57:04,179 [INFO] IPUIPlugin:80 - create IPUIPlugin
2026-04-12 17:57:04,179 [INFO] IPUIPlugin:80 - create IPUIPlugin
2026-04-12 17:57:04,179 [INFO] IPUIPlugin:80 - create IPUIPlugin
2026-04-12 17:57:04,179 [INFO] IPUIPlugin:80 - create IPUIPlugin
2026-04-12 17:57:04,180 [INFO] IPUIPlugin:80 - create IPUIPlugin
2026-04-12 17:57:04,180 [INFO] IPUIPlugin:80 - create IPUIPlugin
2026-04-12 17:57:04,180 [INFO] IPUIPlugin:80 - create IPUIPlugin
2026-04-12 17:57:04,180 [INFO] IPUIPlugin:80 - create IPUIPlugin
2026-04-12 17:57:04,181 [INFO] IPUIPlugin:80 - create IPUIPlugin
2026-04-12 17:57:04,181 [INFO] IPUIPlugin:80 - create IPUIPlugin
2026-04-12 17:57:04,181 [INFO] IPUIPlugin:80 - create IPUIPlugin
2026-04-12 17:57:04,181 [INFO] IPUIPlugin:80 - create IPUIPlugin
2026-04-12 17:57:04,181 [INFO] IPUIPlugin:80 - create IPUIPlugin
2026-04-12 17:57:04,181 [INFO] IPUIPlugin:80 - create IPUIPlugin
2026-04-12 17:57:04,181 [INFO] IPUIPlugin:80 - create IPUIPlugin
2026-04-12 17:57:04,181 [INFO] IPUIPlugin:80 - create IPUIPlugin
2026-04-12 17:57:04,181 [INFO] IPUIPlugin:80 - create IPUIPlugin
2026-04-12 17:57:04,182 [INFO] IPUIPlugin:80 - create IPUIPlugin
2026-04-12 17:57:04,182 [INFO] IPUIPlugin:80 - create IPUIPlugin
2026-04-12 17:57:04,182 [INFO] IPUIPlugin:80 - create IPUIPlugin
2026-04-12 17:57:04,182 [INFO] IPUIPlugin:80 - create IPUIPlugin
2026-04-12 17:57:04,182 [INFO] IPUIPlugin:80 - create IPUIPlugin
2026-04-12 17:57:04,182 [INFO] IPUIPlugin:80 - create IPUIPlugin
2026-04-12 17:57:04,183 [INFO] IPUIPlugin:80 - create IPUIPlugin
2026-04-12 17:57:04,183 [INFO] IPUIPlugin:80 - create IPUIPlugin
2026-04-12 17:57:04,183 [INFO] IPUIPlugin:80 - create IPUIPlugin
2026-04-12 17:57:04,183 [INFO] IPUIPlugin:80 - create IPUIPlugin
2026-04-12 17:57:04,183 [INFO] IPUIPlugin:80 - create IPUIPlugin
2026-04-12 17:57:04,184 [INFO] IPUIPlugin:80 - create IPUIPlugin
2026-04-12 17:57:04,184 [INFO] IPUIPlugin:80 - create IPUIPlugin
2026-04-12 17:57:04,184 [INFO] IPUIPlugin:80 - create IPUIPlugin
2026-04-12 17:57:04,184 [INFO] IPUIPlugin:80 - create IPUIPlugin
2026-04-12 17:57:04,184 [INFO] IPUIPlugin:80 - create IPUIPlugin
2026-04-12 17:57:04,184 [INFO] IPUIPlugin:80 - create IPUIPlugin
2026-04-12 17:57:04,185 [INFO] IPUIPlugin:80 - create IPUIPlugin
2026-04-12 17:57:04,185 [INFO] IPUIPlugin:80 - create IPUIPlugin
2026-04-12 17:57:04,185 [INFO] IPUIPlugin:80 - create IPUIPlugin
2026-04-12 17:57:04,186 [INFO] IPUIPlugin:80 - create IPUIPlugin
2026-04-12 17:57:04,186 [INFO] IPUIPlugin:80 - create IPUIPlugin
2026-04-12 17:57:04,186 [INFO] IPUIPlugin:80 - create IPUIPlugin
2026-04-12 17:57:04,187 [INFO] IPUIPlugin:80 - create IPUIPlugin
2026-04-12 17:57:04,188 [INFO] ApiDbMcu:532 - Load IP Config File for PDM2PCM
2026-04-12 17:57:04,190 [INFO] Can:71 - Can Add PropertyChangeListener com.st.microxplorer.plugins.ip.can.Can@5b441fb5
2026-04-12 17:57:04,191 [WARN] IP:2250 - I2C_Coeff_DF not found: check if there is a RefParameter without a condition.
2026-04-12 17:57:04,191 [WARN] IP:2250 - Analog_Filter not found: check if there is a RefParameter without a condition.
2026-04-12 17:57:04,232 [INFO] CADModel:165 - CPN selected for project levelSTM32F446RET6
2026-04-12 17:57:04,232 [INFO] CADModel:114 - Register for checkConnection events
2026-04-12 17:57:04,269 [INFO] OpenFileManager:386 - Restore cursor
2026-04-12 17:57:04,435 [WARN] IP:2250 - DEVICE_SERIAL0_CDC_FS not found: check if there is a RefParameter without a condition.
2026-04-12 17:57:04,435 [WARN] IP:2250 - DEVICE_SERIAL1_CDC_FS not found: check if there is a RefParameter without a condition.
2026-04-12 17:57:04,435 [WARN] IP:2250 - DEVICE_SERIAL2_CDC_FS not found: check if there is a RefParameter without a condition.
2026-04-12 17:57:04,435 [WARN] IP:2250 - DEVICE_SERIAL0_CDC_FS not found: check if there is a RefParameter without a condition.
2026-04-12 17:57:04,435 [WARN] IP:2250 - DEVICE_SERIAL1_CDC_FS not found: check if there is a RefParameter without a condition.
2026-04-12 17:57:04,435 [WARN] IP:2250 - DEVICE_SERIAL2_CDC_FS not found: check if there is a RefParameter without a condition.
2026-04-12 17:57:04,461 [WARN] IP:2250 - I2C_Coeff_DF not found: check if there is a RefParameter without a condition.
2026-04-12 17:57:04,461 [WARN] IP:2250 - Analog_Filter not found: check if there is a RefParameter without a condition.
2026-04-12 17:57:04,461 [WARN] IP:2250 - I2C_Coeff_DF not found: check if there is a RefParameter without a condition.
2026-04-12 17:57:04,461 [WARN] IP:2250 - Analog_Filter not found: check if there is a RefParameter without a condition.
2026-04-12 18:02:38,423 [INFO] WebApp:194 - Connection lost
2026-04-12 18:12:34,971 [INFO] WebApp:191 - Connection restablished
2026-04-12 19:09:45,451 [INFO] WebApp:194 - Connection lost
2026-04-12 19:09:55,681 [INFO] WebApp:191 - Connection restablished
2026-04-12 20:22:36,071 [INFO] WebApp:194 - Connection lost
2026-04-12 20:22:42,520 [INFO] WebApp:191 - Connection restablished
2026-04-12 20:22:46,793 [INFO] WebApp:194 - Connection lost
2026-04-12 20:22:47,088 [INFO] WebApp:191 - Connection restablished
2026-04-12 21:41:21,427 [INFO] WebApp:194 - Connection lost
2026-04-12 21:41:30,951 [INFO] WebApp:191 - Connection restablished
2026-04-12 22:25:41,431 [INFO] WebApp:194 - Connection lost
2026-04-12 22:25:51,064 [INFO] WebApp:191 - Connection restablished
2026-04-12 22:26:15,780 [ERROR] LogOutputStream:75 - [STDERR_REDIRECT] 
