2026-03-10 12:51:55,705 [INFO] Activator:176 - 


2026-03-10 12:51:55,708 [INFO] Activator:177 - !SESSION log4j initialized
2026-03-10 12:51:59,267 [INFO] LogOutputStream:77 - [STDOUT_REDIRECT] 
2026-03-10 12:51:59,928 [INFO] ApplicationProperties:184 - Using Application install path: /opt/st/stm32cubeide_1.19.0/plugins/com.st.stm32cube.common.mx_6.15.0.202507011659
2026-03-10 12:51:59,941 [INFO] DbMcusXml:78 - Set database path to: /opt/st/stm32cubeide_1.19.0/plugins/com.st.stm32cube.common.mx_6.15.0.202507011659//db//mcu/
2026-03-10 12:51:59,941 [INFO] ApiDb:274 - Set plugin database path to: /opt/st/stm32cubeide_1.19.0/plugins/com.st.stm32cube.common.mx_6.15.0.202507011659//db//plugins/boardmanager/
2026-03-10 12:51:59,941 [WARN] ApiDb:259 - Overriding images path with different value:  => /opt/st/stm32cubeide_1.19.0/plugins/com.st.stm32cube.common.mx_6.15.0.202507011659//db//plugins/mcufinder/images/
2026-03-10 12:51:59,945 [INFO] ApiDb:250 - Set database path to: /home/kamil/.stmcufinder/plugins/mcufinder//mcu/
2026-03-10 12:51:59,946 [INFO] DbMcusAds:125 - Set database path to: /home/kamil/.stmcufinder/plugins/mcufinder//mcu/
2026-03-10 12:51:59,948 [INFO] CrossReferenceDbSqlite:203 - Set database path to: /home/kamil/.stmcufinder/plugins/mcufinder//mcu/cs/
2026-03-10 12:52:00,023 [INFO] RulesReader:64 - Compatibility file has been processed (317 Rules)
2026-03-10 12:52:00,058 [INFO] DbMcusXml:78 - Set database path to: /opt/st/stm32cubeide_1.19.0/plugins/com.st.stm32cube.common.mx_6.15.0.202507011659//db//mcu/
2026-03-10 12:52:00,059 [INFO] ApiDb:274 - Set plugin database path to: /opt/st/stm32cubeide_1.19.0/plugins/com.st.stm32cube.common.mx_6.15.0.202507011659//db//plugins/boardmanager/
2026-03-10 12:52:00,059 [INFO] ApiDb:261 - Set plugin images path to: /opt/st/stm32cubeide_1.19.0/plugins/com.st.stm32cube.common.mx_6.15.0.202507011659//db//plugins/mcufinder/images/
2026-03-10 12:52:00,059 [WARN] DbFile:41 - Overriding database path with different value: /home/kamil/.stmcufinder/plugins/mcufinder/ => /home/kamil/.stmcufinder/plugins/mcufinder
2026-03-10 12:52:00,059 [INFO] ApiDb:250 - Set database path to: /home/kamil/.stmcufinder/plugins/mcufinder//mcu/
2026-03-10 12:52:00,059 [WARN] DbFile:41 - Overriding database path with different value: /home/kamil/.stmcufinder/plugins/mcufinder/ => /home/kamil/.stmcufinder/plugins/mcufinder
2026-03-10 12:52:00,059 [INFO] DbMcusAds:125 - Set database path to: /home/kamil/.stmcufinder/plugins/mcufinder//mcu/
2026-03-10 12:52:00,059 [WARN] DbFile:41 - Overriding database path with different value: /home/kamil/.stmcufinder/plugins/mcufinder/ => /home/kamil/.stmcufinder/plugins/mcufinder
2026-03-10 12:52:00,059 [WARN] DbFile:41 - Overriding database path with different value: /home/kamil/.stmcufinder/plugins/mcufinder/ => /home/kamil/.stmcufinder/plugins/mcufinder
2026-03-10 12:52:00,059 [INFO] CrossReferenceDbSqlite:203 - Set database path to: /home/kamil/.stmcufinder/plugins/mcufinder//mcu/cs/
2026-03-10 12:52:00,107 [INFO] MainPanel:274 - HeapMemory: 268435456
2026-03-10 12:52:00,209 [INFO] DbMcusXml:78 - Set database path to: /opt/st/stm32cubeide_1.19.0/plugins/com.st.stm32cube.common.mx_6.15.0.202507011659//db//mcu/
2026-03-10 12:52:00,209 [INFO] ApiDb:274 - Set plugin database path to: /opt/st/stm32cubeide_1.19.0/plugins/com.st.stm32cube.common.mx_6.15.0.202507011659//db//plugins/boardmanager/
2026-03-10 12:52:00,209 [INFO] ApiDb:261 - Set plugin images path to: /opt/st/stm32cubeide_1.19.0/plugins/com.st.stm32cube.common.mx_6.15.0.202507011659//db//plugins/mcufinder/images/
2026-03-10 12:52:00,210 [WARN] DbFile:41 - Overriding database path with different value: /home/kamil/.stmcufinder/plugins/mcufinder/ => /home/kamil/.stmcufinder/plugins/mcufinder
2026-03-10 12:52:00,210 [INFO] ApiDb:250 - Set database path to: /home/kamil/.stmcufinder/plugins/mcufinder//mcu/
2026-03-10 12:52:00,210 [WARN] DbFile:41 - Overriding database path with different value: /home/kamil/.stmcufinder/plugins/mcufinder/ => /home/kamil/.stmcufinder/plugins/mcufinder
2026-03-10 12:52:00,210 [INFO] DbMcusAds:125 - Set database path to: /home/kamil/.stmcufinder/plugins/mcufinder//mcu/
2026-03-10 12:52:00,210 [WARN] DbFile:41 - Overriding database path with different value: /home/kamil/.stmcufinder/plugins/mcufinder/ => /home/kamil/.stmcufinder/plugins/mcufinder
2026-03-10 12:52:00,210 [WARN] DbFile:41 - Overriding database path with different value: /home/kamil/.stmcufinder/plugins/mcufinder/ => /home/kamil/.stmcufinder/plugins/mcufinder
2026-03-10 12:52:00,210 [INFO] CrossReferenceDbSqlite:203 - Set database path to: /home/kamil/.stmcufinder/plugins/mcufinder//mcu/cs/
2026-03-10 12:52:00,222 [INFO] ApplicationProperties:184 - Using Application install path: /opt/st/stm32cubeide_1.19.0/plugins/com.st.stm32cube.common.mx_6.15.0.202507011659
2026-03-10 12:52:00,223 [INFO] PluginManage:196 - Search for loadable plugins [exclusion list=, ]
2026-03-10 12:52:00,224 [INFO] PluginManage:310 - Check plugin analytics
2026-03-10 12:52:00,325 [INFO] AnalyticsPlugin:253 - Accepted Software Licenses: 
2026-03-10 12:52:00,325 [INFO] AnalyticsPlugin:255 - Accepted CMSIS Pack Licenses: 
2026-03-10 12:52:00,325 [INFO] AnalyticsPlugin:257 - Accepted Firmware Licenses: FW.F4.1.28.0
2026-03-10 12:52:00,327 [INFO] PluginManage:359 - Loaded plugin analytics (category:tool,tabindex:-1)
2026-03-10 12:52:00,327 [INFO] PluginManage:310 - Check plugin cadmodel
2026-03-10 12:52:00,331 [INFO] CADModel:105 - Init CAD model plugin
2026-03-10 12:52:00,331 [INFO] PluginManage:359 - Loaded plugin cadmodel (category:power,tabindex:5)
2026-03-10 12:52:00,331 [INFO] PluginManage:310 - Check plugin clock
2026-03-10 12:52:00,338 [INFO] PluginManage:359 - Loaded plugin clock (category:base,tabindex:2)
2026-03-10 12:52:00,338 [INFO] PluginManage:310 - Check plugin ddr
2026-03-10 12:52:00,340 [INFO] PluginManage:359 - Loaded plugin ddr (category:tool,tabindex:6)
2026-03-10 12:52:00,340 [INFO] PluginManage:310 - Check plugin filemanager
2026-03-10 12:52:00,428 [INFO] PluginManage:359 - Loaded plugin filemanager (category:base,tabindex:10)
2026-03-10 12:52:00,428 [INFO] PluginManage:310 - Check plugin ipmanager
2026-03-10 12:52:00,432 [INFO] PluginManage:359 - Loaded plugin ipmanager (category:base,tabindex:5)
2026-03-10 12:52:00,432 [INFO] PluginManage:310 - Check plugin lpbam
2026-03-10 12:52:00,439 [INFO] PluginManage:359 - Loaded plugin lpbam (category:base,tabindex:0)
2026-03-10 12:52:00,439 [INFO] PluginManage:310 - Check plugin memorymap
2026-03-10 12:52:00,445 [INFO] PluginManage:359 - Loaded plugin memorymap (category:base,tabindex:4)
2026-03-10 12:52:00,445 [INFO] PluginManage:310 - Check plugin pinoutandconfiguration
2026-03-10 12:52:00,451 [INFO] PluginManage:359 - Loaded plugin pinoutandconfiguration (category:base,tabindex:1)
2026-03-10 12:52:00,451 [INFO] PluginManage:310 - Check plugin pinoutconfig
2026-03-10 12:52:00,511 [WARN] SupportedApi:132 - Cannot load RTOS API schema: s4s-elt-must-match.1: The content of 'definitions' must match (annotation?, (simpleType | complexType)?, (unique | key | keyref)*)). A problem was found starting at: attribute.
2026-03-10 12:52:00,620 [INFO] PluginManage:359 - Loaded plugin pinoutconfig (category:base,tabindex:0)
2026-03-10 12:52:00,620 [INFO] PluginManage:310 - Check plugin power
2026-03-10 12:52:00,629 [INFO] PluginManage:359 - Loaded plugin power (category:power,tabindex:4)
2026-03-10 12:52:00,629 [INFO] PluginManage:310 - Check plugin projectmanager
2026-03-10 12:52:00,641 [INFO] PluginManage:359 - Loaded plugin projectmanager (category:projectmanager,tabindex:4)
2026-03-10 12:52:00,641 [INFO] PluginManage:310 - Check plugin rif
2026-03-10 12:52:00,649 [INFO] PluginManage:359 - Loaded plugin rif (category:base,tabindex:3)
2026-03-10 12:52:00,650 [INFO] PluginManage:310 - Check plugin thirdparty
2026-03-10 12:52:00,738 [INFO] PluginManage:359 - Loaded plugin thirdparty (category:base,tabindex:-1)
2026-03-10 12:52:00,737 [WARN] IntegrityCheckThread:84 - waiting for thirdparty lock release [integrity check]
2026-03-10 12:52:00,738 [INFO] PluginManage:310 - Check plugin tools
2026-03-10 12:52:00,738 [INFO] IntegrityCheckThread:86 - entering critical section [integrity check]
2026-03-10 12:52:00,738 [INFO] ThirdPartyUpdaterWithRetryManager:70 - Updater plugin not ready yet. [1/15]
2026-03-10 12:52:00,739 [INFO] PluginManage:359 - Loaded plugin tools (category:base,tabindex:7)
2026-03-10 12:52:00,740 [INFO] PluginManage:310 - Check plugin tutovideos
2026-03-10 12:52:00,858 [INFO] PluginManage:359 - Loaded plugin tutovideos (category:base,tabindex:-1)
2026-03-10 12:52:00,859 [INFO] PluginManage:310 - Check plugin updater
2026-03-10 12:52:00,877 [INFO] PluginManage:359 - Loaded plugin updater (category:base,tabindex:12)
2026-03-10 12:52:00,877 [INFO] PluginManage:310 - Check plugin userauth
2026-03-10 12:52:00,879 [INFO] UserAuth:118 - Init User Auth plugin
2026-03-10 12:52:00,880 [INFO] PluginManage:359 - Loaded plugin userauth (category:base,tabindex:14)
2026-03-10 12:52:00,880 [INFO] PluginManage:283 - PluginManage : Loaded plugins [18]
2026-03-10 12:52:01,014 [INFO] PinOutPanel:1589 - setPackage(No Configuration,No Configuration)
2026-03-10 12:52:01,071 [INFO] CADModel:165 - CPN selected for project level
2026-03-10 12:52:01,071 [INFO] CADModel:114 - Register for checkConnection events
2026-03-10 12:52:01,078 [INFO] IPUIPlugin:80 - create IPUIPlugin
2026-03-10 12:52:01,078 [INFO] PluginManager:220 - loadIPPluginJar : add tracer_emb
2026-03-10 12:52:01,079 [INFO] IPUIPlugin:80 - create IPUIPlugin
2026-03-10 12:52:01,080 [INFO] PluginManager:220 - loadIPPluginJar : add radio
2026-03-10 12:52:01,084 [INFO] IPUIPlugin:80 - create IPUIPlugin
2026-03-10 12:52:01,084 [INFO] PluginManager:220 - loadIPPluginJar : add ddr_ctrl_phy
2026-03-10 12:52:01,088 [INFO] IPUIPlugin:80 - create IPUIPlugin
2026-03-10 12:52:01,088 [INFO] PluginManager:220 - loadIPPluginJar : add mdma
2026-03-10 12:52:01,091 [INFO] IPUIPlugin:80 - create IPUIPlugin
2026-03-10 12:52:01,091 [INFO] PluginManager:220 - loadIPPluginJar : add touchsensing
2026-03-10 12:52:01,092 [INFO] IPUIPlugin:80 - create IPUIPlugin
2026-03-10 12:52:01,092 [INFO] PluginManager:220 - loadIPPluginJar : add ucpd
2026-03-10 12:52:01,098 [INFO] IPUIPlugin:80 - create IPUIPlugin
2026-03-10 12:52:01,100 [INFO] PluginManager:220 - loadIPPluginJar : add plateformsettings
2026-03-10 12:52:01,103 [INFO] IPUIPlugin:80 - create IPUIPlugin
2026-03-10 12:52:01,103 [INFO] PluginManager:220 - loadIPPluginJar : add ipddr
2026-03-10 12:52:01,108 [INFO] IPUIPlugin:80 - create IPUIPlugin
2026-03-10 12:52:01,108 [INFO] PluginManager:220 - loadIPPluginJar : add resmgrutility
2026-03-10 12:52:01,110 [INFO] IPUIPlugin:80 - create IPUIPlugin
2026-03-10 12:52:01,110 [INFO] PluginManager:220 - loadIPPluginJar : add ts
2026-03-10 12:52:01,112 [INFO] IPUIPlugin:80 - create IPUIPlugin
2026-03-10 12:52:01,112 [INFO] PluginManager:220 - loadIPPluginJar : add dma3
2026-03-10 12:52:01,114 [INFO] IPUIPlugin:80 - create IPUIPlugin
2026-03-10 12:52:01,114 [INFO] PluginManager:220 - loadIPPluginJar : add openamp
2026-03-10 12:52:01,116 [INFO] IPUIPlugin:80 - create IPUIPlugin
2026-03-10 12:52:01,116 [INFO] PluginManager:220 - loadIPPluginJar : add opamp
2026-03-10 12:52:01,117 [INFO] IPUIPlugin:80 - create IPUIPlugin
2026-03-10 12:52:01,118 [INFO] PluginManager:220 - loadIPPluginJar : add pdm2pcm
2026-03-10 12:52:01,119 [INFO] IPUIPlugin:80 - create IPUIPlugin
2026-03-10 12:52:01,119 [INFO] PluginManager:220 - loadIPPluginJar : add gfxmmu
2026-03-10 12:52:01,121 [INFO] IPUIPlugin:80 - create IPUIPlugin
2026-03-10 12:52:01,121 [INFO] PluginManager:220 - loadIPPluginJar : add aes
2026-03-10 12:52:01,123 [INFO] IPUIPlugin:80 - create IPUIPlugin
2026-03-10 12:52:01,123 [INFO] PluginManager:220 - loadIPPluginJar : add gtzc
2026-03-10 12:52:01,125 [INFO] IPUIPlugin:80 - create IPUIPlugin
2026-03-10 12:52:01,125 [INFO] PluginManager:220 - loadIPPluginJar : add sai
2026-03-10 12:52:01,126 [INFO] IPUIPlugin:80 - create IPUIPlugin
2026-03-10 12:52:01,126 [INFO] PluginManager:220 - loadIPPluginJar : add tsc
2026-03-10 12:52:01,128 [INFO] IPUIPlugin:80 - create IPUIPlugin
2026-03-10 12:52:01,128 [INFO] PluginManager:220 - loadIPPluginJar : add usbx
2026-03-10 12:52:01,130 [INFO] IPUIPlugin:80 - create IPUIPlugin
2026-03-10 12:52:01,130 [INFO] PluginManager:220 - loadIPPluginJar : add can
2026-03-10 12:52:01,131 [INFO] IPUIPlugin:80 - create IPUIPlugin
2026-03-10 12:52:01,132 [INFO] PluginManager:220 - loadIPPluginJar : add i2c
2026-03-10 12:52:01,133 [INFO] IPUIPlugin:80 - create IPUIPlugin
2026-03-10 12:52:01,133 [INFO] PluginManager:220 - loadIPPluginJar : add lorawan
2026-03-10 12:52:01,135 [INFO] IPUIPlugin:80 - create IPUIPlugin
2026-03-10 12:52:01,135 [INFO] PluginManager:220 - loadIPPluginJar : add spi
2026-03-10 12:52:01,141 [INFO] IPUIPlugin:80 - create IPUIPlugin
2026-03-10 12:52:01,141 [INFO] PluginManager:220 - loadIPPluginJar : add linkedlist
2026-03-10 12:52:01,144 [INFO] IPUIPlugin:80 - create IPUIPlugin
2026-03-10 12:52:01,144 [INFO] PluginManager:220 - loadIPPluginJar : add fmc
2026-03-10 12:52:01,146 [INFO] IPUIPlugin:80 - create IPUIPlugin
2026-03-10 12:52:01,146 [INFO] PluginManager:220 - loadIPPluginJar : add i3c
2026-03-10 12:52:01,147 [INFO] IPUIPlugin:80 - create IPUIPlugin
2026-03-10 12:52:01,147 [INFO] PluginManager:220 - loadIPPluginJar : add ltdc
2026-03-10 12:52:01,152 [INFO] IPUIPlugin:80 - create IPUIPlugin
2026-03-10 12:52:01,152 [INFO] PluginManager:220 - loadIPPluginJar : add dma
2026-03-10 12:52:01,157 [INFO] IPUIPlugin:80 - create IPUIPlugin
2026-03-10 12:52:01,157 [INFO] PluginManager:220 - loadIPPluginJar : add freertos
2026-03-10 12:52:01,159 [INFO] IPUIPlugin:80 - create IPUIPlugin
2026-03-10 12:52:01,159 [INFO] PluginManager:220 - loadIPPluginJar : add hash
2026-03-10 12:52:01,164 [INFO] IPUIPlugin:80 - create IPUIPlugin
2026-03-10 12:52:01,165 [INFO] PluginManager:220 - loadIPPluginJar : add adc
2026-03-10 12:52:01,167 [INFO] IPUIPlugin:80 - create IPUIPlugin
2026-03-10 12:52:01,167 [INFO] PluginManager:220 - loadIPPluginJar : add usart
2026-03-10 12:52:01,172 [INFO] IPUIPlugin:80 - create IPUIPlugin
2026-03-10 12:52:01,173 [INFO] PluginManager:220 - loadIPPluginJar : add stm32_wpan
2026-03-10 12:52:01,174 [INFO] IPUIPlugin:80 - create IPUIPlugin
2026-03-10 12:52:01,174 [INFO] PluginManager:220 - loadIPPluginJar : add genericplugin
2026-03-10 12:52:01,177 [INFO] IPUIPlugin:80 - create IPUIPlugin
2026-03-10 12:52:01,177 [INFO] PluginManager:220 - loadIPPluginJar : add gpio
2026-03-10 12:52:01,181 [INFO] IPUIPlugin:80 - create IPUIPlugin
2026-03-10 12:52:01,181 [INFO] PluginManager:220 - loadIPPluginJar : add nvic
2026-03-10 12:52:01,183 [INFO] IPUIPlugin:80 - create IPUIPlugin
2026-03-10 12:52:01,183 [INFO] PluginManager:220 - loadIPPluginJar : add dfsdm
2026-03-10 12:52:01,185 [INFO] IPUIPlugin:80 - create IPUIPlugin
2026-03-10 12:52:01,185 [INFO] PluginManager:220 - loadIPPluginJar : add fatfs
2026-03-10 12:52:01,187 [INFO] IPUIPlugin:80 - create IPUIPlugin
2026-03-10 12:52:01,187 [INFO] PluginManager:220 - loadIPPluginJar : add comp
2026-03-10 12:52:01,189 [INFO] IPUIPlugin:80 - create IPUIPlugin
2026-03-10 12:52:01,189 [INFO] PluginManager:220 - loadIPPluginJar : add i2s
2026-03-10 12:52:01,191 [INFO] IPUIPlugin:80 - create IPUIPlugin
2026-03-10 12:52:01,191 [INFO] PluginManager:220 - loadIPPluginJar : add cryp
2026-03-10 12:52:01,192 [INFO] IPUIPlugin:80 - create IPUIPlugin
2026-03-10 12:52:01,193 [INFO] PluginManager:220 - loadIPPluginJar : add quadspi
2026-03-10 12:52:01,198 [INFO] IPUIPlugin:80 - create IPUIPlugin
2026-03-10 12:52:01,198 [INFO] PluginManager:220 - loadIPPluginJar : add gic
2026-03-10 12:52:01,200 [INFO] IPUIPlugin:80 - create IPUIPlugin
2026-03-10 12:52:01,200 [INFO] PluginManager:220 - loadIPPluginJar : add tim
2026-03-10 12:52:01,203 [INFO] IPUIPlugin:80 - create IPUIPlugin
2026-03-10 12:52:01,203 [INFO] PluginManager:220 - loadIPPluginJar : add extmemmanager
2026-03-10 12:52:01,309 [FATAL] Updater:351 - Updater called before beeing initialized
2026-03-10 12:52:01,335 [INFO] RulesReader:64 - Compatibility file has been processed (317 Rules)
2026-03-10 12:52:01,345 [INFO] RulesReader:64 - Compatibility file has been processed (317 Rules)
2026-03-10 12:52:01,352 [INFO] CADModel:165 - CPN selected for project level
2026-03-10 12:52:01,352 [INFO] CADModel:114 - Register for checkConnection events
2026-03-10 12:52:01,352 [FATAL] Updater:351 - Updater called before beeing initialized
2026-03-10 12:52:01,352 [ERROR] CADModel:125 - Updater not yet initialized, retry later 
2026-03-10 12:52:01,462 [FATAL] Updater:351 - Updater called before beeing initialized
2026-03-10 12:52:01,464 [INFO] CADModel:165 - CPN selected for project level
2026-03-10 12:52:01,464 [INFO] CADModel:114 - Register for checkConnection events
2026-03-10 12:52:01,464 [FATAL] Updater:351 - Updater called before beeing initialized
2026-03-10 12:52:01,464 [ERROR] CADModel:125 - Updater not yet initialized, retry later 
2026-03-10 12:52:01,467 [FATAL] Updater:351 - Updater called before beeing initialized
2026-03-10 12:52:01,553 [FATAL] Updater:351 - Updater called before beeing initialized
2026-03-10 12:52:01,557 [INFO] DbMcusAds:53 - JSON generation date=Wed Feb 18 15:32:49 CET 2026 (1771425169371)
2026-03-10 12:52:01,557 [FATAL] Updater:351 - Updater called before beeing initialized
2026-03-10 12:52:01,578 [WARN] DetailPanel:346 - Failed to get advertising image, set to default
2026-03-10 12:52:01,628 [FATAL] Updater:351 - Updater called before beeing initialized
2026-03-10 12:52:01,629 [FATAL] Updater:351 - Updater called before beeing initialized
2026-03-10 12:52:01,629 [FATAL] Updater:351 - Updater called before beeing initialized
2026-03-10 12:52:01,629 [WARN] DetailPanel:346 - Failed to get advertising image, set to default
2026-03-10 12:52:01,630 [FATAL] Updater:351 - Updater called before beeing initialized
2026-03-10 12:52:01,650 [ERROR] Updater:1198 - MainUpdater not yet initialized. External WinMGr cannot be set.
2026-03-10 12:52:01,651 [INFO] Updater:1134 - Updater Version found : 6.15.0
2026-03-10 12:52:01,661 [INFO] ApplicationProperties:184 - Using Application install path: /opt/st/stm32cubeide_1.19.0/plugins/com.st.stm32cube.common.mx_6.15.0.202507011659
2026-03-10 12:52:01,849 [INFO] MainUpdater:2872 - connection check result : 10
2026-03-10 12:52:01,849 [INFO] MainUpdater:289 - Updater Check For Update Now.
2026-03-10 12:52:01,849 [INFO] MicroXplorer:498 - Change Database Version : DB.6.0.150
2026-03-10 12:52:01,853 [INFO] McuFinderGlobals:63 - Set McuFinder mode to 2 (CubeIDE integrated)
2026-03-10 12:52:01,853 [INFO] UserAuth:487 - Internet connection configuration mode: 1
2026-03-10 12:52:01,868 [INFO] JxBrowserEngine:152 - Initiate JxBrowser Engine with user profile folder
2026-03-10 12:52:02,008 [INFO] CheckServerUpdateThread:120 - End of CheckServer Thread
2026-03-10 12:52:02,459 [INFO] WebApp:169 - Instantiating new browser for Auth
2026-03-10 12:52:02,879 [INFO] WebApp:463 - Apply proxy settings
2026-03-10 12:52:02,879 [INFO] WebApp:548 - Chromium requires no authentication
2026-03-10 12:52:02,884 [INFO] WebApp:491 - Direct internet connection detected
2026-03-10 12:52:02,901 [INFO] WebApp:900 - Register for checkConnection events
2026-03-10 12:52:02,901 [INFO] WebApp:463 - Apply proxy settings
2026-03-10 12:52:02,901 [INFO] WebApp:548 - Chromium requires no authentication
2026-03-10 12:52:02,901 [INFO] WebApp:491 - Direct internet connection detected
2026-03-10 12:52:02,969 [INFO] WebApp:225 - Starting web application
2026-03-10 12:52:02,970 [INFO] WebApp:593 - Web application path used /opt/st/stm32cubeide_1.19.0/plugins/com.st.stm32cube.common.mx_6.15.0.202507011659/db/plugins/mcufinder/reactClient1/index.html
2026-03-10 12:52:03,042 [INFO] UserAuth:487 - Internet connection configuration mode: 1
2026-03-10 12:52:03,216 [INFO] WebApp:191 - Connection restablished
2026-03-10 12:52:03,875 [WARN] PackLoader:240 - Cannot read IP mode file for STMicroelectronics.X-CUBE-AZRTOS-H7.3.5.0
2026-03-10 12:52:03,884 [WARN] PackLoader:240 - Cannot read IP mode file for STMicroelectronics.FP-SNS-MOTENVWB1.1.4.0
2026-03-10 12:52:03,889 [WARN] PackLoader:240 - Cannot read IP mode file for STMicroelectronics.FP-ATR-ASTRA1.2.0.2
2026-03-10 12:52:03,895 [WARN] PackLoader:240 - Cannot read IP mode file for STMicroelectronics.X-CUBE-SMBUS.2.1.0
2026-03-10 12:52:03,898 [WARN] PackLoader:240 - Cannot read IP mode file for STMicroelectronics.X-CUBE-ST60.1.0.0
2026-03-10 12:52:03,918 [WARN] PackLoader:240 - Cannot read IP mode file for STMicroelectronics.X-CUBE-AZRTOS-F7.1.1.0
2026-03-10 12:52:03,925 [WARN] PackLoader:240 - Cannot read IP mode file for Cesanta.I-CUBE-Mongoose.7.19.0
2026-03-10 12:52:03,928 [WARN] PackLoader:240 - Cannot read IP mode file for STMicroelectronics.FP-SNS-MOTENV1.5.1.0
2026-03-10 12:52:03,935 [WARN] PackLoader:240 - Cannot read IP mode file for WES.I-CUBE-Cesium.1.4.0
2026-03-10 12:52:03,951 [WARN] PackLoader:240 - Cannot read IP mode file for Infineon.AIROC-Wi-Fi-Bluetooth-STM32.1.7.1
2026-03-10 12:52:03,980 [WARN] PackLoader:240 - Cannot read IP mode file for STMicroelectronics.X-CUBE-AZRTOS-H7.3.4.0
2026-03-10 12:52:03,988 [WARN] PackLoader:240 - Cannot read IP mode file for STMicroelectronics.X-CUBE-DISPLAY.3.0.0
2026-03-10 12:52:03,993 [WARN] PackLoader:240 - Cannot read IP mode file for STMicroelectronics.FP-SNS-MOTENVWB1.1.5.0
2026-03-10 12:52:03,998 [WARN] PackLoader:240 - Cannot read IP mode file for STMicroelectronics.X-CUBE-NFC10.1.0.0
2026-03-10 12:52:04,004 [WARN] PackLoader:240 - Cannot read IP mode file for STMicroelectronics.X-CUBE-ST60.1.1.0
2026-03-10 12:52:04,009 [WARN] PackLoader:240 - Cannot read IP mode file for emotas.I-CUBE-CANOPEN.1.3.0
2026-03-10 12:52:04,012 [WARN] PackLoader:240 - Cannot read IP mode file for STMicroelectronics.X-CUBE-GNSS1.7.1.0
2026-03-10 12:52:04,017 [WARN] PackLoader:240 - Cannot read IP mode file for STMicroelectronics.FP-SNS-SMARTAG2.1.2.0
2026-03-10 12:52:04,020 [WARN] PackLoader:240 - Cannot read IP mode file for STMicroelectronics.FP-SNS-FLIGHT1.5.1.0
2026-03-10 12:52:04,026 [INFO] LogOutputStream:77 - [STDOUT_REDIRECT] 1 : Invalid condition id : UX_CORESTACK_Condition cause : null
2026-03-10 12:52:04,027 [INFO] LogOutputStream:77 - [STDOUT_REDIRECT] 1 : Invalid condition id : UX_CORESTACK_Condition cause : null
2026-03-10 12:52:04,027 [INFO] LogOutputStream:77 - [STDOUT_REDIRECT] 1 : Invalid condition id : UX_CORESTACK_Condition cause : null
2026-03-10 12:52:04,027 [INFO] LogOutputStream:77 - [STDOUT_REDIRECT] 1 : Invalid condition id : UX_CORESTACK_Condition cause : null
2026-03-10 12:52:04,028 [INFO] LogOutputStream:77 - [STDOUT_REDIRECT] 1 : Invalid condition id : UX_CORESTACK_Condition cause : null
2026-03-10 12:52:04,030 [WARN] PackLoader:240 - Cannot read IP mode file for STMicroelectronics.X-CUBE-AZRTOS-WL.2.0.0
2026-03-10 12:52:04,034 [WARN] PackLoader:240 - Cannot read IP mode file for STMicroelectronics.FP-SNS-MOTENV1.5.0.0
2026-03-10 12:52:04,046 [WARN] PackLoader:240 - Cannot read IP mode file for STMicroelectronics.X-CUBE-AZRTOS-H7RS.1.2.0
2026-03-10 12:52:04,052 [WARN] PackLoader:240 - Cannot read IP mode file for STMicroelectronics.X-CUBE-BLE2.3.3.0
2026-03-10 12:52:04,067 [WARN] PackLoader:240 - Cannot read IP mode file for STMicroelectronics.X-CUBE-NFC9.1.0.0
2026-03-10 12:52:04,071 [WARN] PackLoader:240 - Cannot read IP mode file for wolfSSL.I-CUBE-wolfSSL.5.8.2
2026-03-10 12:52:04,074 [WARN] PackLoader:240 - Cannot read IP mode file for STMicroelectronics.X-CUBE-BLE1.7.1.0
2026-03-10 12:52:04,077 [WARN] PackLoader:240 - Cannot read IP mode file for wolfSSL.I-CUBE-wolfMQTT.1.19.2
2026-03-10 12:52:04,082 [WARN] PackLoader:240 - Cannot read IP mode file for STMicroelectronics.X-CUBE-FREERTOS.1.4.0
2026-03-10 12:52:04,086 [WARN] PackLoader:240 - Cannot read IP mode file for STMicroelectronics.X-CUBE-EEPRMA1.5.2.0
2026-03-10 12:52:04,091 [WARN] PackLoader:240 - Cannot read IP mode file for STMicroelectronics.X-CUBE-ST67W61.1.1.0
2026-03-10 12:52:04,136 [WARN] PackLoader:240 - Cannot read IP mode file for STMicroelectronics.X-CUBE-MEMS1.12.0.0
2026-03-10 12:52:04,280 [WARN] PackLoader:240 - Cannot read IP mode file for STMicroelectronics.X-CUBE-AZRTOS-G0.1.1.0
2026-03-10 12:52:04,288 [WARN] PackLoader:240 - Cannot read IP mode file for STMicroelectronics.X-CUBE-SAFEA1.1.2.2
2026-03-10 12:52:04,294 [WARN] PackLoader:240 - Cannot read IP mode file for STMicroelectronics.X-CUBE-NFC4.3.0.0
2026-03-10 12:52:04,302 [WARN] PackLoader:240 - Cannot read IP mode file for EmbeddedOffice.I-CUBE-FS-RTOS.1.0.1
2026-03-10 12:52:04,308 [WARN] PackLoader:240 - Cannot read IP mode file for STMicroelectronics.X-CUBE-WB05N.2.0.0
2026-03-10 12:52:04,312 [WARN] PackLoader:240 - Cannot read IP mode file for wolfSSL.I-CUBE-wolfTPM.3.8.0
2026-03-10 12:52:04,316 [WARN] PackLoader:240 - Cannot read IP mode file for STMicroelectronics.X-CUBE-TCPP.4.2.0
2026-03-10 12:52:04,322 [WARN] PackLoader:240 - Cannot read IP mode file for RealThread.X-CUBE-RT-Thread_Nano.4.1.1
2026-03-10 12:52:04,326 [WARN] PackLoader:240 - Cannot read IP mode file for STMicroelectronics.FP-ATR-SIGFOX1.3.2.0
2026-03-10 12:52:04,332 [WARN] PackLoader:240 - Cannot read IP mode file for STMicroelectronics.X-CUBE-FREERTOS.1.5.0
2026-03-10 12:52:04,337 [WARN] PackLoader:240 - Cannot read IP mode file for ITTIA_DB.I-CUBE-ITTIADB.8.9.0
2026-03-10 12:52:04,342 [WARN] PackLoader:240 - Cannot read IP mode file for STMicroelectronics.X-CUBE-NFC6.3.2.0
2026-03-10 12:52:04,367 [WARN] PackLoader:240 - Cannot read IP mode file for SEGGER.I-CUBE-embOS.1.3.1
2026-03-10 12:52:04,397 [WARN] PackLoader:240 - Cannot read IP mode file for STMicroelectronics.X-CUBE-ALGOBUILD.1.4.0
2026-03-10 12:52:04,427 [WARN] PackLoader:240 - Cannot read IP mode file for STMicroelectronics.X-CUBE-MEMS1.11.3.0
2026-03-10 12:52:04,521 [WARN] PackLoader:240 - Cannot read IP mode file for STMicroelectronics.X-CUBE-PM33A1.1.0.0
2026-03-10 12:52:04,531 [WARN] PackLoader:240 - Cannot read IP mode file for STMicroelectronics.X-CUBE-AZRTOS-F4.1.1.0
2026-03-10 12:52:04,535 [WARN] PackLoader:240 - Cannot read IP mode file for STMicroelectronics.X-CUBE-ISPU.2.1.0
2026-03-10 12:52:04,545 [WARN] PackLoader:240 - Cannot read IP mode file for STMicroelectronics.X-CUBE-IPS.3.2.0
2026-03-10 12:52:04,552 [WARN] PackLoader:240 - Cannot read IP mode file for STMicroelectronics.X-CUBE-NFC12.1.0.0
2026-03-10 12:52:04,560 [WARN] PackLoader:240 - Cannot read IP mode file for STMicroelectronics.X-CUBE-AZRTOS-L5.2.0.0
2026-03-10 12:52:04,565 [WARN] PackLoader:240 - Cannot read IP mode file for STMicroelectronics.X-CUBE-NFC6.3.1.0
2026-03-10 12:52:04,568 [WARN] PackLoader:240 - Cannot read IP mode file for STMicroelectronics.X-CUBE-FREERTOS.1.3.1
2026-03-10 12:52:04,571 [WARN] PackLoader:240 - Cannot read IP mode file for STMicroelectronics.X-CUBE-TOUCHGFX.4.26.0
2026-03-10 12:52:04,573 [WARN] PackLoader:240 - Cannot read IP mode file for STMicroelectronics.X-CUBE-TOUCHGFX.4.26.1
2026-03-10 12:52:04,576 [WARN] PackLoader:240 - Cannot read IP mode file for STMicroelectronics.X-CUBE-DPower.1.3.0
2026-03-10 12:52:04,586 [WARN] ConditionMgr:438 - getConditionDescription Invalid condition id : LAN8742 Phy interface Condition cause : null
2026-03-10 12:52:04,587 [WARN] PackLoader:240 - Cannot read IP mode file for STMicroelectronics.X-CUBE-AZRTOS-L4.2.0.0
2026-03-10 12:52:04,587 [WARN] ConditionMgr:1044 - genDependencies : Invalid condition id : LAN8742 Phy interface Condition cause : null
2026-03-10 12:52:04,588 [WARN] ConditionMgr:1044 - genDependencies : Invalid condition id : LAN8742 Phy interface Condition cause : null
2026-03-10 12:52:04,588 [WARN] ConditionMgr:1044 - genDependencies : Invalid condition id : LAN8742 Phy interface Condition cause : null
2026-03-10 12:52:04,592 [WARN] PackLoader:240 - Cannot read IP mode file for STMicroelectronics.X-CUBE-SFXS2LP1.4.0.0
2026-03-10 12:52:04,597 [WARN] PackLoader:240 - Cannot read IP mode file for STMicroelectronics.X-CUBE-ST67W61.1.2.0
2026-03-10 12:52:04,604 [WARN] PackLoader:240 - Cannot read IP mode file for STMicroelectronics.X-CUBE-BLEMGR.4.1.0
2026-03-10 12:52:04,613 [WARN] ConditionMgr:438 - getConditionDescription Invalid condition id : UX DEVICE CLASS RTOS Condition cause : null
2026-03-10 12:52:04,613 [WARN] ConditionMgr:438 - getConditionDescription Invalid condition id : UX DEVICE CLASS RTOS Condition cause : null
2026-03-10 12:52:04,614 [WARN] PackLoader:240 - Cannot read IP mode file for STMicroelectronics.X-CUBE-AZRTOS-WB.2.0.0
2026-03-10 12:52:04,615 [WARN] ConditionMgr:1044 - genDependencies : Invalid condition id : UX DEVICE CLASS RTOS Condition cause : null
2026-03-10 12:52:04,615 [WARN] ConditionMgr:1044 - genDependencies : Invalid condition id : UX DEVICE CLASS RTOS Condition cause : null
2026-03-10 12:52:04,615 [WARN] ConditionMgr:1044 - genDependencies : Invalid condition id : UX DEVICE CLASS RTOS Condition cause : null
2026-03-10 12:52:04,615 [WARN] ConditionMgr:1044 - genDependencies : Invalid condition id : UX DEVICE CLASS RTOS Condition cause : null
2026-03-10 12:52:04,615 [WARN] ConditionMgr:1044 - genDependencies : Invalid condition id : UX DEVICE CLASS RTOS Condition cause : null
2026-03-10 12:52:04,619 [WARN] PackLoader:240 - Cannot read IP mode file for STMicroelectronics.X-CUBE-GNSS1.7.0.1
2026-03-10 12:52:04,621 [WARN] ConditionMgr:438 - getConditionDescription Invalid condition id : Cortex-A Device cause : null
2026-03-10 12:52:04,627 [WARN] ConditionMgr:1044 - genDependencies : Invalid condition id : Cortex-A Device cause : null
2026-03-10 12:52:04,627 [WARN] ConditionMgr:1044 - genDependencies : Invalid condition id : Cortex-A Device cause : null
2026-03-10 12:52:04,627 [WARN] ConditionMgr:1044 - genDependencies : Invalid condition id : Cortex-A Device cause : null
2026-03-10 12:52:04,631 [WARN] PackLoader:240 - Cannot read IP mode file for STMicroelectronics.X-CUBE-STSE01.2.0.0
2026-03-10 12:52:04,638 [WARN] PackLoader:240 - Cannot read IP mode file for STMicroelectronics.X-CUBE-SUBG2.5.0.0
2026-03-10 12:52:04,650 [WARN] PackLoader:240 - Cannot read IP mode file for STMicroelectronics.X-CUBE-AZRTOS-H7RS.1.1.0
2026-03-10 12:52:04,668 [WARN] PackLoader:240 - Cannot read IP mode file for STMicroelectronics.X-CUBE-AZRTOS-G4.2.0.0
2026-03-10 12:52:04,674 [WARN] PackLoader:240 - Cannot read IP mode file for wolfSSL.I-CUBE-wolfSSH.1.4.20
2026-03-10 12:52:04,678 [WARN] PackLoader:240 - Cannot read IP mode file for STMicroelectronics.X-CUBE-NFC7.2.0.0
2026-03-10 12:52:04,682 [WARN] PackLoader:240 - Cannot read IP mode file for STMicroelectronics.X-CUBE-ALS.1.0.2
2026-03-10 12:52:04,687 [WARN] PackLoader:240 - Cannot read IP mode file for STMicroelectronics.X-CUBE-STSE01.1.0.0
2026-03-10 12:52:04,696 [WARN] PackLoader:240 - Cannot read IP mode file for STMicroelectronics.X-CUBE-TOF1.3.4.3
2026-03-10 12:52:04,708 [INFO] ThirdParty:978 - Integrity check success = true
2026-03-10 12:52:04,709 [INFO] IntegrityCheckThread:100 - exiting critical section [integrity check]
2026-03-10 12:52:04,709 [INFO] IntegrityCheckThread:103 - End integrity checks thread
2026-03-10 12:52:05,313 [INFO] McuFinderGlobals:63 - Set McuFinder mode to 2 (CubeIDE integrated)
2026-03-10 12:52:05,316 [INFO] MainUpdater:2872 - connection check result : 10
2026-03-10 12:52:05,316 [INFO] MainUpdater:2872 - connection check result : 10
2026-03-10 12:52:05,336 [INFO] MicroXplorer:468 - Change Database Path : 
2026-03-10 12:52:05,337 [INFO] MicroXplorer:498 - Change Database Version : DB.6.0.150
2026-03-10 12:52:05,342 [WARN] ThirdParty:871 - waiting for thirdparty lock release [close project]
2026-03-10 12:52:05,342 [INFO] ThirdParty:873 - entering critical section [close project]
2026-03-10 12:52:05,343 [INFO] ThirdParty:883 - exiting critical section [close project]
2026-03-10 12:52:05,345 [INFO] PinOutPanel:1589 - setPackage(No Configuration,No Configuration)
2026-03-10 12:52:05,345 [INFO] UtilMem:75 - Begin LoadConfig() Used Memory: 203578592 Bytes (332398592)
2026-03-10 12:52:05,346 [INFO] MicroXplorer:468 - Change Database Path : 
2026-03-10 12:52:05,346 [INFO] MicroXplorer:498 - Change Database Version : DB.6.0.150
2026-03-10 12:52:05,346 [INFO] OpenFileManager:355 - Change cursor
2026-03-10 12:52:05,363 [INFO] Mcu:2029 - Initializing MCU STM32F446R(C-E)Tx STM32F446RETx STM32F446RET6
2026-03-10 12:52:06,344 [INFO] Context:786 - Trying to add GPIOservice into a context  which must be forbidden
2026-03-10 12:52:06,788 [INFO] ImportTextPane:234 - (OptionalMessage_ERROR) Pin11 (VP_RIF_VS_RIF1) cannot be retrieved for this MCU
2026-03-10 12:52:06,907 [INFO] RtosManager:558 - Registered RTOS mode: class=CMSIS, group=RTOS, mode=CMSIS_V1, owner=FREERTOS
2026-03-10 12:52:06,907 [INFO] RtosManager:558 - Registered RTOS mode: class=CMSIS, group=RTOS2, mode=CMSIS_V2, owner=FREERTOS
2026-03-10 12:52:06,907 [INFO] RtosManager:558 - Registered RTOS mode: class=RTOS, group=Core, mode=CMSIS_V1, owner=FREERTOS
2026-03-10 12:52:06,907 [INFO] RtosManager:558 - Registered RTOS mode: class=RTOS, group=Core, mode=CMSIS_V2, owner=FREERTOS
2026-03-10 12:52:06,907 [WARN] ModelIntegratedComponent:184 - Missing modes for component STMicroelectronics:FreeRTOS:0.0.1:STMicroelectronics:RTOS:FreeRTOS:Core:::10.2.0:
2026-03-10 12:52:06,923 [WARN] ModelIntegratedComponent:63 - No mode defined for component null
2026-03-10 12:52:06,923 [WARN] ModelIntegratedComponent:63 - No mode defined for component null
2026-03-10 12:52:06,923 [WARN] ModelIntegratedComponent:63 - No mode defined for component null
2026-03-10 12:52:06,923 [WARN] ModelIntegratedComponent:63 - No mode defined for component null
2026-03-10 12:52:06,923 [WARN] ModelIntegratedComponent:63 - No mode defined for component null
2026-03-10 12:52:06,923 [WARN] ModelIntegratedComponent:63 - No mode defined for component null
2026-03-10 12:52:06,923 [WARN] ModelIntegratedComponent:63 - No mode defined for component null
2026-03-10 12:52:06,923 [WARN] ModelIntegratedComponent:63 - No mode defined for component null
2026-03-10 12:52:06,923 [WARN] ModelIntegratedComponent:63 - No mode defined for component null
2026-03-10 12:52:06,923 [WARN] ModelIntegratedComponent:63 - No mode defined for component null
2026-03-10 12:52:06,923 [WARN] ModelIntegratedComponent:63 - No mode defined for component null
2026-03-10 12:52:06,923 [WARN] ModelIntegratedComponent:63 - No mode defined for component null
2026-03-10 12:52:06,923 [WARN] ModelIntegratedComponent:63 - No mode defined for component null
2026-03-10 12:52:06,923 [WARN] ModelIntegratedComponent:63 - No mode defined for component null
2026-03-10 12:52:06,923 [WARN] ModelIntegratedComponent:63 - No mode defined for component null
2026-03-10 12:52:06,923 [WARN] ModelIntegratedComponent:63 - No mode defined for component null
2026-03-10 12:52:06,923 [WARN] ModelIntegratedComponent:63 - No mode defined for component null
2026-03-10 12:52:06,923 [WARN] ModelIntegratedComponent:63 - No mode defined for component null
2026-03-10 12:52:06,923 [WARN] ModelIntegratedComponent:63 - No mode defined for component null
2026-03-10 12:52:06,923 [WARN] ModelIntegratedComponent:63 - No mode defined for component null
2026-03-10 12:52:06,923 [WARN] ModelIntegratedComponent:63 - No mode defined for component null
2026-03-10 12:52:06,923 [WARN] ModelIntegratedComponent:63 - No mode defined for component null
2026-03-10 12:52:06,923 [WARN] ModelIntegratedComponent:63 - No mode defined for component null
2026-03-10 12:52:06,923 [WARN] ModelIntegratedComponent:63 - No mode defined for component null
2026-03-10 12:52:06,923 [WARN] ModelIntegratedComponent:63 - No mode defined for component null
2026-03-10 12:52:06,923 [WARN] ModelIntegratedComponent:63 - No mode defined for component null
2026-03-10 12:52:06,923 [WARN] ModelIntegratedComponent:63 - No mode defined for component null
2026-03-10 12:52:06,923 [WARN] ModelIntegratedComponent:63 - No mode defined for component null
2026-03-10 12:52:06,923 [WARN] ModelIntegratedComponent:63 - No mode defined for component null
2026-03-10 12:52:06,923 [WARN] ModelIntegratedComponent:63 - No mode defined for component null
2026-03-10 12:52:06,923 [WARN] ModelIntegratedComponent:63 - No mode defined for component null
2026-03-10 12:52:06,923 [WARN] ModelIntegratedComponent:63 - No mode defined for component null
2026-03-10 12:52:06,923 [WARN] ModelIntegratedComponent:63 - No mode defined for component null
2026-03-10 12:52:06,923 [WARN] ModelIntegratedComponent:63 - No mode defined for component null
2026-03-10 12:52:06,923 [WARN] ModelIntegratedComponent:63 - No mode defined for component null
2026-03-10 12:52:06,924 [WARN] ModelPack:524 - Component already loaded: STMicroelectronics:HAL Drivers:0.0.0:STMicroelectronics:Device:STMicro_Driver:XSPI:HAL::0.0.1:HAL_XSPI
2026-03-10 12:52:06,984 [INFO] ThirdPartyModel:298 - Start build external matchings
2026-03-10 12:52:07,293 [INFO] ThirdPartyModel:316 - End build external matchings
2026-03-10 12:52:07,312 [INFO] ImportTextPane:234 - (OptionalMessage_ERROR) IP (DMA) : Parameter (Instance) has Id (I2C3_RX) currently not set
2026-03-10 12:52:07,312 [INFO] ImportTextPane:234 - (OptionalMessage_ERROR) IP (DMA) : Parameter (Channel) has Id (I2C3_RX) currently not set
2026-03-10 12:52:07,312 [INFO] ImportTextPane:234 - (OptionalMessage_ERROR) IP (DMA) : Parameter (Direction) has Id (I2C3_RX) currently not set
2026-03-10 12:52:07,312 [INFO] ImportTextPane:234 - (OptionalMessage_ERROR) IP (DMA) : Parameter (PeriphInc) has Id (I2C3_RX) currently not set
2026-03-10 12:52:07,312 [INFO] ImportTextPane:234 - (OptionalMessage_ERROR) IP (DMA) : Parameter (MemInc) has Id (I2C3_RX) currently not set
2026-03-10 12:52:07,313 [INFO] ImportTextPane:234 - (OptionalMessage_ERROR) IP (DMA) : Parameter (PeriphDataAlignment) has Id (I2C3_RX) currently not set
2026-03-10 12:52:07,313 [INFO] ImportTextPane:234 - (OptionalMessage_ERROR) IP (DMA) : Parameter (MemDataAlignment) has Id (I2C3_RX) currently not set
2026-03-10 12:52:07,313 [INFO] ImportTextPane:234 - (OptionalMessage_ERROR) IP (DMA) : Parameter (Mode) has Id (I2C3_RX) currently not set
2026-03-10 12:52:07,313 [INFO] ImportTextPane:234 - (OptionalMessage_ERROR) IP (DMA) : Parameter (Priority) has Id (I2C3_RX) currently not set
2026-03-10 12:52:07,313 [INFO] ImportTextPane:234 - (OptionalMessage_ERROR) IP (DMA) : Parameter (FIFOMode) has Id (I2C3_RX) currently not set
2026-03-10 12:52:07,314 [WARN] IP:2250 - I2C_Coeff_DF not found: check if there is a RefParameter without a condition.
2026-03-10 12:52:07,314 [WARN] IP:2250 - Analog_Filter not found: check if there is a RefParameter without a condition.
2026-03-10 12:52:07,315 [INFO] ImportTextPane:234 - (OptionalMessage_ERROR) IP (RCC) : Invalid parameter (FamilyName)
2026-03-10 12:52:07,315 [INFO] ImportTextPane:234 - (OptionalMessage_ERROR) IP (RCC) : Parameter (SDIOFreq_Value) has invalid value (50000000)
2026-03-10 12:52:07,315 [INFO] ImportTextPane:234 - (OptionalMessage_ERROR) IP (RCC) : Parameter (USBFreq_Value) has invalid value (50000000)
2026-03-10 12:52:07,543 [INFO] ApiDb:581 - Connected to CubeFinder SQLite database (/home/kamil/.stmcufinder/plugins/mcufinder/mcu/cube-finder-db.db)
2026-03-10 12:52:07,590 [INFO] ApiDb:668 - CubeFinder database Data Model version=2.1
2026-03-10 12:52:07,590 [INFO] ApiDb:669 - CubeFinder database Configuration version=3.0.42
2026-03-10 12:52:07,590 [INFO] ApiDb:670 - CubeFinder database generation date=2026-02-13 (1770995876)
2026-03-10 12:52:07,590 [INFO] ApiDb:671 - CubeFinder database FW Pack versions=[FP-ATR-ASTRA1_V2.0.0, FP-SNS-FLIGHT1_V5.1.0, FP-SNS-MOTENV1_V5.1.0, FP-SNS-MOTENVWB1_V1.4.0, FP-SNS-SMARTAG2_V1.2.0, FP-SNS-STBOX1_V2.1.0, STM32Cube_FW_C0_V1.4.0, STM32Cube_FW_F4_V1.28.3, STM32Cube_FW_F7_V1.17.4, STM32Cube_FW_G0_V1.6.2, STM32Cube_FW_G4_V1.6.1, STM32Cube_FW_H5_V1.6.0, STM32Cube_FW_H7RS_V1.3.0, STM32Cube_FW_H7_V1.13.0, STM32Cube_FW_L0_V1.12.2, STM32Cube_FW_L4_V1.18.2, STM32Cube_FW_L5_V1.6.0, STM32Cube_FW_N6_V1.3.0, STM32Cube_FW_U0_V1.3.0, STM32Cube_FW_U3_V1.3.0, STM32Cube_FW_U5_V1.8.0, STM32Cube_FW_WB0_V1.4.0, STM32Cube_FW_WBA_V1.9.0, STM32Cube_FW_WB_V1.24.0, STM32Cube_FW_WL3_V1.4.0, STM32Cube_FW_WL_V1.5.0, X-CUBE-ALGOBUILD_V1.4.0, X-CUBE-ALS_V1.0.2, X-CUBE-AZRTOS-F4_V1.1.0, X-CUBE-AZRTOS-F7_V1.1.0, X-CUBE-AZRTOS-G0_V1.1.0, X-CUBE-AZRTOS-G4_V2.0.0, X-CUBE-AZRTOS-H7RS_V1.1.0, X-CUBE-AZRTOS-H7_V3.4.0, X-CUBE-AZRTOS-L4_V2.0.0, X-CUBE-AZRTOS-L5_V2.0.0, X-CUBE-AZRTOS-WB_V2.0.0, X-CUBE-AZRTOS-WL_V2.0.0, X-CUBE-BLE1_V7.1.0, X-CUBE-BLE2_V3.3.0, X-CUBE-BLEMGR_V4.1.0, X-CUBE-EEPRMA1_V5.2.0, X-CUBE-FREERTOS_V1.3.1, X-CUBE-GNSS1_V6.0.0, X-CUBE-MEMS1_V12.0.0, X-CUBE-NFC4_V3.0.0, X-CUBE-NFC7_V2.0.0, X-CUBE-SFXS2LP1_V4.0.0, X-CUBE-ST67W61_V1.1.0, X-CUBE-SUBG2_V5.0.0, X-CUBE-TOF1_V3.4.3]
2026-03-10 12:52:07,651 [INFO] DbBoardsSqlite:226 - include board P-NUCLEO-WB55-NUCLEO as a kit item of type 'Nucleo-64'
2026-03-10 12:52:07,651 [INFO] DbBoardsSqlite:226 - include board P-NUCLEO-WB55-USBDONGLE as a kit item of type 'Nucleo USB Dongle'
2026-03-10 12:52:07,651 [INFO] DbBoardsSqlite:226 - include board STEVAL-IDP005V1 as a kit item of type 'Evaluation Board'
2026-03-10 12:52:07,652 [INFO] DbBoardsSqlite:226 - include board STEVAL-IDP005V2 as a kit item of type 'Evaluation Board'
2026-03-10 12:52:07,720 [INFO] ApiDb:240 - Found 880 in-development CPN: [B-G473E-ZEST1S, B-WB1M-WPAN1, B-WBA5M-WPAN, B-WL5M-SUBG1, NUCLEO-C031C6, NUCLEO-C051C8, NUCLEO-C071RB, NUCLEO-C092RC, NUCLEO-H503RB, NUCLEO-H533RE, NUCLEO-H563ZI, NUCLEO-H7S3L8, NUCLEO-N657X0-Q, NUCLEO-U031R8, NUCLEO-U083RC, NUCLEO-U385RG-Q, NUCLEO-U545RE-Q, NUCLEO-U5A5ZJ-Q, NUCLEO-WB05KZ, NUCLEO-WB07CC, NUCLEO-WB09KE, NUCLEO-WBA52CG, NUCLEO-WBA55CG, NUCLEO-WL33CC1, NUCLEO-WL33CC2, STEVAL-PROTEUS1, STEVAL-SMARTAG2, STEVAL-STWINBX1, STM320518-EVAL, STM32C0116-DK, STM32C011D6Y3TR, STM32C011D6Y6TR, STM32C011F4P3, STM32C011F4P6, STM32C011F4U3, STM32C011F4U6TR, STM32C011F6P3, STM32C011F6P6, STM32C011F6U3, STM32C011F6U6TR, STM32C011J4M3, STM32C011J4M6, STM32C011J6M3, STM32C011J6M6, STM32C0316-DK, STM32C031C4T3, STM32C031C4T6, STM32C031C4U3, STM32C031C4U6, STM32C031C6T3, STM32C031C6T6, STM32C031C6U3, STM32C031C6U6, STM32C031F4P3, STM32C031F4P6, STM32C031F6P3, STM32C031F6P6, STM32C031G4U3, STM32C031G4U6, STM32C031G6U3, STM32C031G6U6, STM32C031K4T3, STM32C031K4T6, STM32C031K4U3, STM32C031K4U6, STM32C031K6T3, STM32C031K6T6, STM32C031K6U3, STM32C031K6U6, STM32C051C6T6, STM32C051C6U6, STM32C051C8T6, STM32C051C8U6, STM32C051D8Y6TR, STM32C051F6P6, STM32C051F8P6, STM32C051G6U6, STM32C051G8U6, STM32C051K6T6, STM32C051K6U6, STM32C051K8T6, STM32C071C8T6, STM32C071C8T6N, STM32C071C8U6, STM32C071C8U6N, STM32C071CBT6, STM32C071CBT6N, STM32C071CBU6, STM32C071CBU6N, STM32C071F8P6, STM32C071F8P6N, STM32C071FBP6, STM32C071FBP6N, STM32C071FBY6TR, STM32C071G8U6, STM32C071G8U6N, STM32C071GBU6, STM32C071GBU6N, STM32C071K8T6, STM32C071K8T6N, STM32C071K8U6, STM32C071K8U6N, STM32C071KBT6, STM32C071KBT6N, STM32C071KBU6, STM32C071KBU6N, STM32C071R8T6, STM32C071R8T6N, STM32C071RBI6N, STM32C071RBT6, STM32C071RBT6N, STM32C091CBT6, STM32C091CBU6, STM32C091CCT6, STM32C091CCU6, STM32C091ECY6TR, STM32C091FBP6, STM32C091FCP6, STM32C091GBU6, STM32C091GCU6, STM32C091KBT6, STM32C091KBU6, STM32C091KCT6, STM32C091KCU6, STM32C091RBT6, STM32C091RCI6, STM32C091RCT6, STM32C092CBT6, STM32C092CBU6, STM32C092CCT6, STM32C092CCU6, STM32C092ECY6TR, STM32C092FBP6, STM32C092FCP6, STM32C092GBU6, STM32C092GCU6, STM32C092KBT6, STM32C092KBU6, STM32C092KCT6, STM32C092KCU6, STM32C092RBT6, STM32C092RCI6, STM32C092RCT6, STM32G071K8TXN, STM32G071K8UXN, STM32G081GBU6N, STM32G081KBT6N, STM32G081KBUXN, STM32G0B1CCT6N, STM32G0B1KCT6, STM32G0B1NEY6TR, STM32G0B1RCT6N, STM32G0C1CCT6, STM32G0C1CCT6N, STM32G0C1CCU6N, STM32G0C1CET6N, STM32G0C1CEU6N, STM32G0C1KCT6, STM32G0C1NEY6TR, STM32G0C1RCI6N, STM32G0C1RCT6N, STM32G0C1REI6N, STM32G0C1RET6N, STM32G0C1VCI6, STM32G0C1VEI6, STM32G411C6T3, STM32G411C6T6, STM32G411C6U3, STM32G411C6U6, STM32G411C8T3, STM32G411C8T6, STM32G411C8U3, STM32G411C8U6, STM32G411CBT3, STM32G411CBT6, STM32G411CBU3, STM32G411CBU6, STM32G411K6T3, STM32G411K6T6, STM32G411K6U3, STM32G411K6U6, STM32G411K8T3, STM32G411K8T6, STM32G411K8U3, STM32G411K8U6, STM32G411KBT3, STM32G411KBT6, STM32G411KBU3, STM32G411KBU6, STM32G411M6T3, STM32G411M6T6, STM32G411M8T3, STM32G411M8T6, STM32G411MBT3, STM32G411MBT6, STM32G411R6T3, STM32G411R6T6, STM32G411R8T3, STM32G411R8T6, STM32G411RBT3, STM32G411RBT6, STM32G414CBT3, STM32G414CBT6, STM32G414CBU3, STM32G414CBU6, STM32G414CCT3, STM32G414CCT6, STM32G414CCU3, STM32G414CCU6, STM32G414MBT3, STM32G414MBT6, STM32G414MCT3, STM32G414MCT6, STM32G414RBT3, STM32G414RBT6, STM32G414RCT3, STM32G414RCT6, STM32G414VBT3, STM32G414VBT6, STM32G414VCT3, STM32G414VCT6, STM32G431CBT3Z, STM32G431RBT3Z, STM32G471CCT6, STM32G471CCU6, STM32G471CET3, STM32G471CET6, STM32G471CEU3, STM32G471CEU6, STM32G471MCT6, STM32G471MET3, STM32G471MET6, STM32G471MEY6TR, STM32G471QCT6, STM32G471QET3, STM32G471RCT6, STM32G471RET3, STM32G471RET6, STM32G471VCH6, STM32G471VCI6, STM32G471VCT6, STM32G471VEH3, STM32G471VEH6, STM32G471VEI3, STM32G471VEI6, STM32G471VET3, STM32G471VET6, STM32G473QET3Z, STM32G473RET3Z, STM32G474CCT6, STM32G491RET3Z, STM32H503CBT6, STM32H503CBU6, STM32H503EBY6TR, STM32H503KBU6, STM32H503RBT6, STM32H523CCT6, STM32H523CCU6, STM32H523CET6, STM32H523CEU6, STM32H523HEY6TR, STM32H523RCT6, STM32H523RET6, STM32H523VCI6, STM32H523VCT6, STM32H523VEI6, STM32H523VET6, STM32H523ZCJ6, STM32H523ZCT6, STM32H523ZEJ6, STM32H523ZET6, STM32H533CET6, STM32H533CEU6, STM32H533HEY6TR, STM32H533RET6, STM32H533VEI6, STM32H533VET6, STM32H533ZEJ6, STM32H533ZET6, STM32H562AGI6, STM32H562AII6, STM32H562IGK6, STM32H562IGT6, STM32H562IIK6, STM32H562IIT6, STM32H562RGT6, STM32H562RGV6, STM32H562RIT6, STM32H562RIV6, STM32H562VGT6, STM32H562VIT6, STM32H562ZGT6, STM32H562ZIT6, STM32H563AGI6, STM32H563AII3Q, STM32H563AII6, STM32H563IGK6, STM32H563IGT6, STM32H563IIK3Q, STM32H563IIK6, STM32H563IIT3Q, STM32H563IIT6, STM32H563MIY3QTR, STM32H563RGT6, STM32H563RGV6, STM32H563RIT6, STM32H563RIV6, STM32H563VGT6, STM32H563VIT3Q, STM32H563VIT6, STM32H563ZGT6, STM32H563ZIT3Q, STM32H563ZIT6, STM32H573AII3Q, STM32H573AII6, STM32H573I-DK, STM32H573IIK3Q, STM32H573IIK6, STM32H573IIT3Q, STM32H573IIT6, STM32H573MIY3QTR, STM32H573RIT6, STM32H573RIV6, STM32H573VIT3Q, STM32H573VIT6, STM32H573ZIT3Q, STM32H573ZIT6, STM32H7R3A8I6, STM32H7R3I8K6, STM32H7R3I8T6, STM32H7R3L8H6, STM32H7R3L8H6H, STM32H7R3R8V6, STM32H7R3V8H6, STM32H7R3V8T6, STM32H7R3V8Y6TR, STM32H7R3Z8J6, STM32H7R3Z8T6, STM32H7R7A8I6, STM32H7R7I8K6, STM32H7R7I8T6, STM32H7R7L8H6, STM32H7R7L8H6H, STM32H7R7Z8J6, STM32H7S3A8I6, STM32H7S3I8K6, STM32H7S3I8T6, STM32H7S3L8H6, STM32H7S3L8H6H, STM32H7S3R8V6, STM32H7S3V8H6, STM32H7S3V8T6, STM32H7S3V8Y6TR, STM32H7S3Z8J6, STM32H7S3Z8T6, STM32H7S78-DK, STM32H7S7A8I6, STM32H7S7I8K6, STM32H7S7I8T6, STM32H7S7L8H6, STM32H7S7L8H6H, STM32H7S7Z8J6, STM32L4R5QGI6STR, STM32MP131AAE3, STM32MP131AAF3, STM32MP131AAG3, STM32MP131CAE3, STM32MP131CAF3, STM32MP131CAG3, STM32MP131DAE7, STM32MP131DAF7, STM32MP131DAG7, STM32MP131FAE7, STM32MP131FAF7, STM32MP131FAG7, STM32MP133AAE3, STM32MP133AAF3, STM32MP133AAG3, STM32MP133CAE3, STM32MP133CAF3, STM32MP133CAG3, STM32MP133DAE7, STM32MP133DAF7, STM32MP133DAG7, STM32MP133FAE7, STM32MP133FAF7, STM32MP133FAG7, STM32MP135AAE3, STM32MP135AAF3, STM32MP135AAG3, STM32MP135CAE3, STM32MP135CAF3, STM32MP135CAG3, STM32MP135DAE7, STM32MP135DAF7, STM32MP135DAG7, STM32MP135F-DK, STM32MP135FAE7, STM32MP135FAF7, STM32MP135FAF7T, STM32MP135FAF7U, STM32MP135FAG7, STM32MP211AAL3, STM32MP211AAM3, STM32MP211AAN3, STM32MP211AAO3, STM32MP211CAL3, STM32MP211CAM3, STM32MP211CAN3, STM32MP211CAO3, STM32MP211DAL3, STM32MP211DAM3, STM32MP211DAN3, STM32MP211DAO3, STM32MP211FAL3, STM32MP211FAM3, STM32MP211FAN3, STM32MP211FAO3, STM32MP213AAL3, STM32MP213AAM3, STM32MP213AAN3, STM32MP213AAO3, STM32MP213CAL3, STM32MP213CAM3, STM32MP213CAN3, STM32MP213CAO3, STM32MP213DAL3, STM32MP213DAM3, STM32MP213DAN3, STM32MP213DAO3, STM32MP213FAL3, STM32MP213FAM3, STM32MP213FAN3, STM32MP213FAO3, STM32MP215AAL3, STM32MP215AAM3, STM32MP215AAN3, STM32MP215AAO3, STM32MP215CAL3, STM32MP215CAM3, STM32MP215CAN3, STM32MP215CAO3, STM32MP215DAL3, STM32MP215DAM3, STM32MP215DAN3, STM32MP215DAO3, STM32MP215F-DK, STM32MP215FAL3, STM32MP215FAM3, STM32MP215FAN3, STM32MP215FAO3, STM32MP231AAJ3, STM32MP231AAK3, STM32MP231AAL3, STM32MP231CAJ3, STM32MP231CAK3, STM32MP231CAL3, STM32MP231DAJ3, STM32MP231DAK3, STM32MP231DAL3, STM32MP231FAJ3, STM32MP231FAK3, STM32MP231FAL3, STM32MP233AAJ3, STM32MP233AAK3, STM32MP233AAL3, STM32MP233CAJ3, STM32MP233CAK3, STM32MP233CAL3, STM32MP233DAJ3, STM32MP233DAK3, STM32MP233DAL3, STM32MP233FAJ3, STM32MP233FAK3, STM32MP233FAL3, STM32MP235AAJ3, STM32MP235AAK3, STM32MP235AAL3, STM32MP235CAJ3, STM32MP235CAK3, STM32MP235CAL3, STM32MP235DAJ3, STM32MP235DAK3, STM32MP235DAL3, STM32MP235FAJ3, STM32MP235FAK3, STM32MP235FAL3, STM32MP251AAI3, STM32MP251AAK3, STM32MP251AAL3, STM32MP251CAI3, STM32MP251CAK3, STM32MP251CAL3, STM32MP251DAI3, STM32MP251DAK3, STM32MP251DAL3, STM32MP251FAI3, STM32MP251FAK3, STM32MP251FAL3, STM32MP253AAI3, STM32MP253AAK3, STM32MP253AAL3, STM32MP253CAI3, STM32MP253CAK3, STM32MP253CAL3, STM32MP253DAI3, STM32MP253DAK3, STM32MP253DAL3, STM32MP253FAI3, STM32MP253FAK3, STM32MP253FAL3, STM32MP255AAI3, STM32MP255AAK3, STM32MP255AAL3, STM32MP255CAI3, STM32MP255CAK3, STM32MP255CAL3, STM32MP255DAI3, STM32MP255DAK3, STM32MP255DAL3, STM32MP255FAI3, STM32MP255FAK3, STM32MP255FAL3, STM32MP257AAI3, STM32MP257AAK3, STM32MP257AAL3, STM32MP257CAI3, STM32MP257CAK3, STM32MP257CAL3, STM32MP257DAI3, STM32MP257DAK3, STM32MP257DAL3, STM32MP257F-DK, STM32MP257F-EV1, STM32MP257FAI3, STM32MP257FAK3, STM32MP257FAL3, STM32N645A0H3Q, STM32N645B0H3Q, STM32N645I0H3Q, STM32N645L0H3Q, STM32N645X0H3Q, STM32N645Z0H3Q, STM32N647A0H3Q, STM32N647B0H3Q, STM32N647I0H3Q, STM32N647L0H3Q, STM32N647X0H3Q, STM32N647Z0H3Q, STM32N655A0H3Q, STM32N655B0H3Q, STM32N655I0H3Q, STM32N655L0H3Q, STM32N655X0H3Q, STM32N655Z0H3Q, STM32N6570-DK, STM32N657A0H3Q, STM32N657B0H3Q, STM32N657I0H3Q, STM32N657L0H3Q, STM32N657X0H3Q, STM32N657Z0H3Q, STM32U031C6T6, STM32U031C6U6, STM32U031C8T6, STM32U031C8U6, STM32U031F4P6, STM32U031F6P6, STM32U031F8P6, STM32U031G6Y6TR, STM32U031G8Y6TR, STM32U031K4U6, STM32U031K6U6, STM32U031K8U6, STM32U031R6I6, STM32U031R6T6, STM32U031R8I6, STM32U031R8T6, STM32U073C8T6, STM32U073C8U6, STM32U073CBT6, STM32U073CBU6, STM32U073CCT6, STM32U073CCU6, STM32U073H8Y6TR, STM32U073HBY6TR, STM32U073HCY6TR, STM32U073K8U6, STM32U073KBU6, STM32U073KCU6, STM32U073M8I6, STM32U073M8T6, STM32U073MBI6, STM32U073MBT6, STM32U073MCI6, STM32U073MCT6, STM32U073R8I6, STM32U073R8T6, STM32U073RBI6, STM32U073RBT6, STM32U073RCI6, STM32U073RCT6, STM32U083C-DK, STM32U083CCT6, STM32U083CCU6, STM32U083HCY6TR, STM32U083KCU6, STM32U083MCI6, STM32U083MCT6, STM32U083RCI6, STM32U083RCT6, STM32U375CET6, STM32U375CET6Q, STM32U375CEU6, STM32U375CEU6Q, STM32U375CEY6QTR, STM32U375CGT6, STM32U375CGT6Q, STM32U375CGU6, STM32U375CGU6Q, STM32U375CGY6QTR, STM32U375KEU6, STM32U375KGU6, STM32U375REI6, STM32U375REI6Q, STM32U375RET6, STM32U375RET6Q, STM32U375REY6GTR, STM32U375REY6QTR, STM32U375RGI6, STM32U375RGI6Q, STM32U375RGT6, STM32U375RGT6Q, STM32U375RGY6GTR, STM32U375RGY6QTR, STM32U375VEI6, STM32U375VEI6Q, STM32U375VET6, STM32U375VET6Q, STM32U375VGI6, STM32U375VGI6Q, STM32U375VGT6, STM32U375VGT6Q, STM32U385CGT6, STM32U385CGT6Q, STM32U385CGU6, STM32U385CGU6Q, STM32U385CGY6QTR, STM32U385KGU6, STM32U385RGI6, STM32U385RGI6Q, STM32U385RGT6, STM32U385RGT6Q, STM32U385RGY6GTR, STM32U385RGY6QTR, STM32U385VGI6, STM32U385VGI6Q, STM32U385VGT6, STM32U385VGT6Q, STM32U535CBT6, STM32U535CBT6Q, STM32U535CBU6, STM32U535CBU6Q, STM32U535CCT6, STM32U535CCT6Q, STM32U535CCU6, STM32U535CCU6Q, STM32U535CET6, STM32U535CET6Q, STM32U535CEU6, STM32U535CEU6Q, STM32U535JEY6QTR, STM32U535NCY6QTR, STM32U535NEY6QTR, STM32U535RBI6, STM32U535RBI6Q, STM32U535RBT6, STM32U535RBT6Q, STM32U535RCI6, STM32U535RCI6Q, STM32U535RCT6, STM32U535RCT6Q, STM32U535REI6, STM32U535REI6Q, STM32U535RET6, STM32U535RET6Q, STM32U535VCI6, STM32U535VCI6Q, STM32U535VCT6, STM32U535VCT6Q, STM32U535VEI6, STM32U535VEI6Q, STM32U535VET6, STM32U535VET6Q, STM32U545CET6, STM32U545CET6Q, STM32U545CEU6, STM32U545CEU6Q, STM32U545JEY6QTR, STM32U545NEY6QTR, STM32U545REI6, STM32U545REI6Q, STM32U545RET6, STM32U545RET6Q, STM32U545VEI6, STM32U545VEI6Q, STM32U545VET6, STM32U545VET6Q, STM32U595AIH6, STM32U595AIH6Q, STM32U595AJH6, STM32U595AJH6Q, STM32U595QII6, STM32U595QII6Q, STM32U595QJI6, STM32U595QJI6Q, STM32U595RIT6, STM32U595RIT6Q, STM32U595RJT6, STM32U595RJT6Q, STM32U595VIT6, STM32U595VIT6Q, STM32U595VJT6, STM32U595VJT6Q, STM32U595ZIT6, STM32U595ZIT6Q, STM32U595ZIY6QTR, STM32U595ZJT6, STM32U595ZJT6Q, STM32U595ZJY6QTR, STM32U599BJY6QTR, STM32U599NIH6Q, STM32U599NJH6Q, STM32U599VIT6Q, STM32U599VJT6, STM32U599VJT6Q, STM32U599ZIT6Q, STM32U599ZIY6QTR, STM32U599ZJT6Q, STM32U599ZJY6QTR, STM32U5A5AJH6, STM32U5A5AJH6Q, STM32U5A5QII3Q , STM32U5A5QJI6, STM32U5A5QJI6Q, STM32U5A5RJT6, STM32U5A5RJT6Q, STM32U5A5VJT6, STM32U5A5VJT6Q, STM32U5A5ZJT6, STM32U5A5ZJT6Q, STM32U5A5ZJY6QTR, STM32U5A9BJY6QTR, STM32U5A9J-DK, STM32U5A9NJH6Q, STM32U5A9VJT6Q, STM32U5A9ZJT6Q, STM32U5A9ZJY6QTR, STM32U5F7VIT6, STM32U5F7VIT6Q, STM32U5F7VJT6, STM32U5F7VJT6Q, STM32U5F9BJY6QTR, STM32U5F9NJH6Q, STM32U5F9VIT6Q, STM32U5F9VJT6Q, STM32U5F9ZIJ6QTR, STM32U5F9ZIT6Q, STM32U5F9ZJJ6QTR, STM32U5F9ZJT6Q, STM32U5G7VJT6, STM32U5G7VJT6Q, STM32U5G9BJY6QTR, STM32U5G9J-DK1, STM32U5G9J-DK2, STM32U5G9NJH6Q, STM32U5G9VJT6Q, STM32U5G9ZJJ6QTR, STM32U5G9ZJT6Q, STM32WB05KZV6TR, STM32WB05KZV7TR, STM32WB05TZF6TR, STM32WB05TZF7TR, STM32WB06CCF6TR, STM32WB06CCF7TR, STM32WB06CCV6TR, STM32WB06CCV7TR, STM32WB06KCV6TR, STM32WB06KCV7TR, STM32WB07CCF6TR, STM32WB07CCF7TR, STM32WB07CCV6TR, STM32WB07CCV7TR, STM32WB07KCV6TR, STM32WB07KCV7TR, STM32WB09KEV6TR, STM32WB09KEV7TR, STM32WB09TEF6TR, STM32WB09TEF7TR, STM32WB1MMCH6, STM32WBA50KGU6, STM32WBA50KGU6TR, STM32WBA52CEU6, STM32WBA52CEU6TR, STM32WBA52CEU7, STM32WBA52CEU7TR, STM32WBA52CGU6, STM32WBA52CGU6TR, STM32WBA52CGU6U, STM32WBA52CGU7, STM32WBA52CGU7TR, STM32WBA52KEU6, STM32WBA52KEU6TR, STM32WBA52KGU6, STM32WBA52KGU6TR, STM32WBA54CEU6, STM32WBA54CEU6TR, STM32WBA54CEU7, STM32WBA54CEU7TR, STM32WBA54CGU6, STM32WBA54CGU6TR, STM32WBA54CGU7, STM32WBA54CGU7TR, STM32WBA54KEU6, STM32WBA54KEU6TR, STM32WBA54KEU7, STM32WBA54KEU7TR, STM32WBA54KGU6, STM32WBA54KGU6TR, STM32WBA54KGU7, STM32WBA54KGU7TR, STM32WBA55CEU6, STM32WBA55CEU6TR, STM32WBA55CEU7, STM32WBA55CEU7TR, STM32WBA55CGU6, STM32WBA55CGU6TR, STM32WBA55CGU6U, STM32WBA55CGU7, STM32WBA55CGU7TR, STM32WBA55G-DK1, STM32WBA55HEF6, STM32WBA55HEF7, STM32WBA55HGF6, STM32WBA55HGF7, STM32WBA55UEI6, STM32WBA55UEI6TR, STM32WBA55UEI7, STM32WBA55UEI7TR, STM32WBA55UGI6, STM32WBA55UGI6TR, STM32WBA55UGI7, STM32WBA55UGI7TR, STM32WBA5MMGH6TR, STM32WBA62MGF6, STM32WBA62MIF6, STM32WBA65MGF7, STM32WBA65MIF6, STM32WBA65MIF7, STM32WL30K8V6, STM32WL30KBV6, STM32WL31C8V6, STM32WL31CBV6, STM32WL31K8V6, STM32WL31KBV6, STM32WL33C8V6, STM32WL33C8V6X, STM32WL33CBV6, STM32WL33CBV6X, STM32WL33CCV6, STM32WL33CCV6A, STM32WL33CCV6X, STM32WL33K8V7, STM32WL33K8V7X, STM32WL33KBV7 , STM32WL33KBV7X, STM32WL33KCV7, STM32WL33KCV7X, STM32WL5MOCH6, STM32WL5MOCH6TR]
2026-03-10 12:52:07,723 [INFO] ApiDb:668 - CubeFinder database Data Model version=2.1
2026-03-10 12:52:07,723 [INFO] ApiDb:669 - CubeFinder database Configuration version=3.0.42
2026-03-10 12:52:07,723 [INFO] ApiDb:670 - CubeFinder database generation date=2026-02-13 (1770995876)
2026-03-10 12:52:07,723 [INFO] ApiDb:671 - CubeFinder database FW Pack versions=[FP-ATR-ASTRA1_V2.0.0, FP-SNS-FLIGHT1_V5.1.0, FP-SNS-MOTENV1_V5.1.0, FP-SNS-MOTENVWB1_V1.4.0, FP-SNS-SMARTAG2_V1.2.0, FP-SNS-STBOX1_V2.1.0, STM32Cube_FW_C0_V1.4.0, STM32Cube_FW_F4_V1.28.3, STM32Cube_FW_F7_V1.17.4, STM32Cube_FW_G0_V1.6.2, STM32Cube_FW_G4_V1.6.1, STM32Cube_FW_H5_V1.6.0, STM32Cube_FW_H7RS_V1.3.0, STM32Cube_FW_H7_V1.13.0, STM32Cube_FW_L0_V1.12.2, STM32Cube_FW_L4_V1.18.2, STM32Cube_FW_L5_V1.6.0, STM32Cube_FW_N6_V1.3.0, STM32Cube_FW_U0_V1.3.0, STM32Cube_FW_U3_V1.3.0, STM32Cube_FW_U5_V1.8.0, STM32Cube_FW_WB0_V1.4.0, STM32Cube_FW_WBA_V1.9.0, STM32Cube_FW_WB_V1.24.0, STM32Cube_FW_WL3_V1.4.0, STM32Cube_FW_WL_V1.5.0, X-CUBE-ALGOBUILD_V1.4.0, X-CUBE-ALS_V1.0.2, X-CUBE-AZRTOS-F4_V1.1.0, X-CUBE-AZRTOS-F7_V1.1.0, X-CUBE-AZRTOS-G0_V1.1.0, X-CUBE-AZRTOS-G4_V2.0.0, X-CUBE-AZRTOS-H7RS_V1.1.0, X-CUBE-AZRTOS-H7_V3.4.0, X-CUBE-AZRTOS-L4_V2.0.0, X-CUBE-AZRTOS-L5_V2.0.0, X-CUBE-AZRTOS-WB_V2.0.0, X-CUBE-AZRTOS-WL_V2.0.0, X-CUBE-BLE1_V7.1.0, X-CUBE-BLE2_V3.3.0, X-CUBE-BLEMGR_V4.1.0, X-CUBE-EEPRMA1_V5.2.0, X-CUBE-FREERTOS_V1.3.1, X-CUBE-GNSS1_V6.0.0, X-CUBE-MEMS1_V12.0.0, X-CUBE-NFC4_V3.0.0, X-CUBE-NFC7_V2.0.0, X-CUBE-SFXS2LP1_V4.0.0, X-CUBE-ST67W61_V1.1.0, X-CUBE-SUBG2_V5.0.0, X-CUBE-TOF1_V3.4.3]
2026-03-10 12:52:09,499 [INFO] ApiDb:240 - Found 880 in-development CPN: [B-G473E-ZEST1S, B-WB1M-WPAN1, B-WBA5M-WPAN, B-WL5M-SUBG1, NUCLEO-C031C6, NUCLEO-C051C8, NUCLEO-C071RB, NUCLEO-C092RC, NUCLEO-H503RB, NUCLEO-H533RE, NUCLEO-H563ZI, NUCLEO-H7S3L8, NUCLEO-N657X0-Q, NUCLEO-U031R8, NUCLEO-U083RC, NUCLEO-U385RG-Q, NUCLEO-U545RE-Q, NUCLEO-U5A5ZJ-Q, NUCLEO-WB05KZ, NUCLEO-WB07CC, NUCLEO-WB09KE, NUCLEO-WBA52CG, NUCLEO-WBA55CG, NUCLEO-WL33CC1, NUCLEO-WL33CC2, STEVAL-PROTEUS1, STEVAL-SMARTAG2, STEVAL-STWINBX1, STM320518-EVAL, STM32C0116-DK, STM32C011D6Y3TR, STM32C011D6Y6TR, STM32C011F4P3, STM32C011F4P6, STM32C011F4U3, STM32C011F4U6TR, STM32C011F6P3, STM32C011F6P6, STM32C011F6U3, STM32C011F6U6TR, STM32C011J4M3, STM32C011J4M6, STM32C011J6M3, STM32C011J6M6, STM32C0316-DK, STM32C031C4T3, STM32C031C4T6, STM32C031C4U3, STM32C031C4U6, STM32C031C6T3, STM32C031C6T6, STM32C031C6U3, STM32C031C6U6, STM32C031F4P3, STM32C031F4P6, STM32C031F6P3, STM32C031F6P6, STM32C031G4U3, STM32C031G4U6, STM32C031G6U3, STM32C031G6U6, STM32C031K4T3, STM32C031K4T6, STM32C031K4U3, STM32C031K4U6, STM32C031K6T3, STM32C031K6T6, STM32C031K6U3, STM32C031K6U6, STM32C051C6T6, STM32C051C6U6, STM32C051C8T6, STM32C051C8U6, STM32C051D8Y6TR, STM32C051F6P6, STM32C051F8P6, STM32C051G6U6, STM32C051G8U6, STM32C051K6T6, STM32C051K6U6, STM32C051K8T6, STM32C071C8T6, STM32C071C8T6N, STM32C071C8U6, STM32C071C8U6N, STM32C071CBT6, STM32C071CBT6N, STM32C071CBU6, STM32C071CBU6N, STM32C071F8P6, STM32C071F8P6N, STM32C071FBP6, STM32C071FBP6N, STM32C071FBY6TR, STM32C071G8U6, STM32C071G8U6N, STM32C071GBU6, STM32C071GBU6N, STM32C071K8T6, STM32C071K8T6N, STM32C071K8U6, STM32C071K8U6N, STM32C071KBT6, STM32C071KBT6N, STM32C071KBU6, STM32C071KBU6N, STM32C071R8T6, STM32C071R8T6N, STM32C071RBI6N, STM32C071RBT6, STM32C071RBT6N, STM32C091CBT6, STM32C091CBU6, STM32C091CCT6, STM32C091CCU6, STM32C091ECY6TR, STM32C091FBP6, STM32C091FCP6, STM32C091GBU6, STM32C091GCU6, STM32C091KBT6, STM32C091KBU6, STM32C091KCT6, STM32C091KCU6, STM32C091RBT6, STM32C091RCI6, STM32C091RCT6, STM32C092CBT6, STM32C092CBU6, STM32C092CCT6, STM32C092CCU6, STM32C092ECY6TR, STM32C092FBP6, STM32C092FCP6, STM32C092GBU6, STM32C092GCU6, STM32C092KBT6, STM32C092KBU6, STM32C092KCT6, STM32C092KCU6, STM32C092RBT6, STM32C092RCI6, STM32C092RCT6, STM32G071K8TXN, STM32G071K8UXN, STM32G081GBU6N, STM32G081KBT6N, STM32G081KBUXN, STM32G0B1CCT6N, STM32G0B1KCT6, STM32G0B1NEY6TR, STM32G0B1RCT6N, STM32G0C1CCT6, STM32G0C1CCT6N, STM32G0C1CCU6N, STM32G0C1CET6N, STM32G0C1CEU6N, STM32G0C1KCT6, STM32G0C1NEY6TR, STM32G0C1RCI6N, STM32G0C1RCT6N, STM32G0C1REI6N, STM32G0C1RET6N, STM32G0C1VCI6, STM32G0C1VEI6, STM32G411C6T3, STM32G411C6T6, STM32G411C6U3, STM32G411C6U6, STM32G411C8T3, STM32G411C8T6, STM32G411C8U3, STM32G411C8U6, STM32G411CBT3, STM32G411CBT6, STM32G411CBU3, STM32G411CBU6, STM32G411K6T3, STM32G411K6T6, STM32G411K6U3, STM32G411K6U6, STM32G411K8T3, STM32G411K8T6, STM32G411K8U3, STM32G411K8U6, STM32G411KBT3, STM32G411KBT6, STM32G411KBU3, STM32G411KBU6, STM32G411M6T3, STM32G411M6T6, STM32G411M8T3, STM32G411M8T6, STM32G411MBT3, STM32G411MBT6, STM32G411R6T3, STM32G411R6T6, STM32G411R8T3, STM32G411R8T6, STM32G411RBT3, STM32G411RBT6, STM32G414CBT3, STM32G414CBT6, STM32G414CBU3, STM32G414CBU6, STM32G414CCT3, STM32G414CCT6, STM32G414CCU3, STM32G414CCU6, STM32G414MBT3, STM32G414MBT6, STM32G414MCT3, STM32G414MCT6, STM32G414RBT3, STM32G414RBT6, STM32G414RCT3, STM32G414RCT6, STM32G414VBT3, STM32G414VBT6, STM32G414VCT3, STM32G414VCT6, STM32G431CBT3Z, STM32G431RBT3Z, STM32G471CCT6, STM32G471CCU6, STM32G471CET3, STM32G471CET6, STM32G471CEU3, STM32G471CEU6, STM32G471MCT6, STM32G471MET3, STM32G471MET6, STM32G471MEY6TR, STM32G471QCT6, STM32G471QET3, STM32G471RCT6, STM32G471RET3, STM32G471RET6, STM32G471VCH6, STM32G471VCI6, STM32G471VCT6, STM32G471VEH3, STM32G471VEH6, STM32G471VEI3, STM32G471VEI6, STM32G471VET3, STM32G471VET6, STM32G473QET3Z, STM32G473RET3Z, STM32G474CCT6, STM32G491RET3Z, STM32H503CBT6, STM32H503CBU6, STM32H503EBY6TR, STM32H503KBU6, STM32H503RBT6, STM32H523CCT6, STM32H523CCU6, STM32H523CET6, STM32H523CEU6, STM32H523HEY6TR, STM32H523RCT6, STM32H523RET6, STM32H523VCI6, STM32H523VCT6, STM32H523VEI6, STM32H523VET6, STM32H523ZCJ6, STM32H523ZCT6, STM32H523ZEJ6, STM32H523ZET6, STM32H533CET6, STM32H533CEU6, STM32H533HEY6TR, STM32H533RET6, STM32H533VEI6, STM32H533VET6, STM32H533ZEJ6, STM32H533ZET6, STM32H562AGI6, STM32H562AII6, STM32H562IGK6, STM32H562IGT6, STM32H562IIK6, STM32H562IIT6, STM32H562RGT6, STM32H562RGV6, STM32H562RIT6, STM32H562RIV6, STM32H562VGT6, STM32H562VIT6, STM32H562ZGT6, STM32H562ZIT6, STM32H563AGI6, STM32H563AII3Q, STM32H563AII6, STM32H563IGK6, STM32H563IGT6, STM32H563IIK3Q, STM32H563IIK6, STM32H563IIT3Q, STM32H563IIT6, STM32H563MIY3QTR, STM32H563RGT6, STM32H563RGV6, STM32H563RIT6, STM32H563RIV6, STM32H563VGT6, STM32H563VIT3Q, STM32H563VIT6, STM32H563ZGT6, STM32H563ZIT3Q, STM32H563ZIT6, STM32H573AII3Q, STM32H573AII6, STM32H573I-DK, STM32H573IIK3Q, STM32H573IIK6, STM32H573IIT3Q, STM32H573IIT6, STM32H573MIY3QTR, STM32H573RIT6, STM32H573RIV6, STM32H573VIT3Q, STM32H573VIT6, STM32H573ZIT3Q, STM32H573ZIT6, STM32H7R3A8I6, STM32H7R3I8K6, STM32H7R3I8T6, STM32H7R3L8H6, STM32H7R3L8H6H, STM32H7R3R8V6, STM32H7R3V8H6, STM32H7R3V8T6, STM32H7R3V8Y6TR, STM32H7R3Z8J6, STM32H7R3Z8T6, STM32H7R7A8I6, STM32H7R7I8K6, STM32H7R7I8T6, STM32H7R7L8H6, STM32H7R7L8H6H, STM32H7R7Z8J6, STM32H7S3A8I6, STM32H7S3I8K6, STM32H7S3I8T6, STM32H7S3L8H6, STM32H7S3L8H6H, STM32H7S3R8V6, STM32H7S3V8H6, STM32H7S3V8T6, STM32H7S3V8Y6TR, STM32H7S3Z8J6, STM32H7S3Z8T6, STM32H7S78-DK, STM32H7S7A8I6, STM32H7S7I8K6, STM32H7S7I8T6, STM32H7S7L8H6, STM32H7S7L8H6H, STM32H7S7Z8J6, STM32L4R5QGI6STR, STM32MP131AAE3, STM32MP131AAF3, STM32MP131AAG3, STM32MP131CAE3, STM32MP131CAF3, STM32MP131CAG3, STM32MP131DAE7, STM32MP131DAF7, STM32MP131DAG7, STM32MP131FAE7, STM32MP131FAF7, STM32MP131FAG7, STM32MP133AAE3, STM32MP133AAF3, STM32MP133AAG3, STM32MP133CAE3, STM32MP133CAF3, STM32MP133CAG3, STM32MP133DAE7, STM32MP133DAF7, STM32MP133DAG7, STM32MP133FAE7, STM32MP133FAF7, STM32MP133FAG7, STM32MP135AAE3, STM32MP135AAF3, STM32MP135AAG3, STM32MP135CAE3, STM32MP135CAF3, STM32MP135CAG3, STM32MP135DAE7, STM32MP135DAF7, STM32MP135DAG7, STM32MP135F-DK, STM32MP135FAE7, STM32MP135FAF7, STM32MP135FAF7T, STM32MP135FAF7U, STM32MP135FAG7, STM32MP211AAL3, STM32MP211AAM3, STM32MP211AAN3, STM32MP211AAO3, STM32MP211CAL3, STM32MP211CAM3, STM32MP211CAN3, STM32MP211CAO3, STM32MP211DAL3, STM32MP211DAM3, STM32MP211DAN3, STM32MP211DAO3, STM32MP211FAL3, STM32MP211FAM3, STM32MP211FAN3, STM32MP211FAO3, STM32MP213AAL3, STM32MP213AAM3, STM32MP213AAN3, STM32MP213AAO3, STM32MP213CAL3, STM32MP213CAM3, STM32MP213CAN3, STM32MP213CAO3, STM32MP213DAL3, STM32MP213DAM3, STM32MP213DAN3, STM32MP213DAO3, STM32MP213FAL3, STM32MP213FAM3, STM32MP213FAN3, STM32MP213FAO3, STM32MP215AAL3, STM32MP215AAM3, STM32MP215AAN3, STM32MP215AAO3, STM32MP215CAL3, STM32MP215CAM3, STM32MP215CAN3, STM32MP215CAO3, STM32MP215DAL3, STM32MP215DAM3, STM32MP215DAN3, STM32MP215DAO3, STM32MP215F-DK, STM32MP215FAL3, STM32MP215FAM3, STM32MP215FAN3, STM32MP215FAO3, STM32MP231AAJ3, STM32MP231AAK3, STM32MP231AAL3, STM32MP231CAJ3, STM32MP231CAK3, STM32MP231CAL3, STM32MP231DAJ3, STM32MP231DAK3, STM32MP231DAL3, STM32MP231FAJ3, STM32MP231FAK3, STM32MP231FAL3, STM32MP233AAJ3, STM32MP233AAK3, STM32MP233AAL3, STM32MP233CAJ3, STM32MP233CAK3, STM32MP233CAL3, STM32MP233DAJ3, STM32MP233DAK3, STM32MP233DAL3, STM32MP233FAJ3, STM32MP233FAK3, STM32MP233FAL3, STM32MP235AAJ3, STM32MP235AAK3, STM32MP235AAL3, STM32MP235CAJ3, STM32MP235CAK3, STM32MP235CAL3, STM32MP235DAJ3, STM32MP235DAK3, STM32MP235DAL3, STM32MP235FAJ3, STM32MP235FAK3, STM32MP235FAL3, STM32MP251AAI3, STM32MP251AAK3, STM32MP251AAL3, STM32MP251CAI3, STM32MP251CAK3, STM32MP251CAL3, STM32MP251DAI3, STM32MP251DAK3, STM32MP251DAL3, STM32MP251FAI3, STM32MP251FAK3, STM32MP251FAL3, STM32MP253AAI3, STM32MP253AAK3, STM32MP253AAL3, STM32MP253CAI3, STM32MP253CAK3, STM32MP253CAL3, STM32MP253DAI3, STM32MP253DAK3, STM32MP253DAL3, STM32MP253FAI3, STM32MP253FAK3, STM32MP253FAL3, STM32MP255AAI3, STM32MP255AAK3, STM32MP255AAL3, STM32MP255CAI3, STM32MP255CAK3, STM32MP255CAL3, STM32MP255DAI3, STM32MP255DAK3, STM32MP255DAL3, STM32MP255FAI3, STM32MP255FAK3, STM32MP255FAL3, STM32MP257AAI3, STM32MP257AAK3, STM32MP257AAL3, STM32MP257CAI3, STM32MP257CAK3, STM32MP257CAL3, STM32MP257DAI3, STM32MP257DAK3, STM32MP257DAL3, STM32MP257F-DK, STM32MP257F-EV1, STM32MP257FAI3, STM32MP257FAK3, STM32MP257FAL3, STM32N645A0H3Q, STM32N645B0H3Q, STM32N645I0H3Q, STM32N645L0H3Q, STM32N645X0H3Q, STM32N645Z0H3Q, STM32N647A0H3Q, STM32N647B0H3Q, STM32N647I0H3Q, STM32N647L0H3Q, STM32N647X0H3Q, STM32N647Z0H3Q, STM32N655A0H3Q, STM32N655B0H3Q, STM32N655I0H3Q, STM32N655L0H3Q, STM32N655X0H3Q, STM32N655Z0H3Q, STM32N6570-DK, STM32N657A0H3Q, STM32N657B0H3Q, STM32N657I0H3Q, STM32N657L0H3Q, STM32N657X0H3Q, STM32N657Z0H3Q, STM32U031C6T6, STM32U031C6U6, STM32U031C8T6, STM32U031C8U6, STM32U031F4P6, STM32U031F6P6, STM32U031F8P6, STM32U031G6Y6TR, STM32U031G8Y6TR, STM32U031K4U6, STM32U031K6U6, STM32U031K8U6, STM32U031R6I6, STM32U031R6T6, STM32U031R8I6, STM32U031R8T6, STM32U073C8T6, STM32U073C8U6, STM32U073CBT6, STM32U073CBU6, STM32U073CCT6, STM32U073CCU6, STM32U073H8Y6TR, STM32U073HBY6TR, STM32U073HCY6TR, STM32U073K8U6, STM32U073KBU6, STM32U073KCU6, STM32U073M8I6, STM32U073M8T6, STM32U073MBI6, STM32U073MBT6, STM32U073MCI6, STM32U073MCT6, STM32U073R8I6, STM32U073R8T6, STM32U073RBI6, STM32U073RBT6, STM32U073RCI6, STM32U073RCT6, STM32U083C-DK, STM32U083CCT6, STM32U083CCU6, STM32U083HCY6TR, STM32U083KCU6, STM32U083MCI6, STM32U083MCT6, STM32U083RCI6, STM32U083RCT6, STM32U375CET6, STM32U375CET6Q, STM32U375CEU6, STM32U375CEU6Q, STM32U375CEY6QTR, STM32U375CGT6, STM32U375CGT6Q, STM32U375CGU6, STM32U375CGU6Q, STM32U375CGY6QTR, STM32U375KEU6, STM32U375KGU6, STM32U375REI6, STM32U375REI6Q, STM32U375RET6, STM32U375RET6Q, STM32U375REY6GTR, STM32U375REY6QTR, STM32U375RGI6, STM32U375RGI6Q, STM32U375RGT6, STM32U375RGT6Q, STM32U375RGY6GTR, STM32U375RGY6QTR, STM32U375VEI6, STM32U375VEI6Q, STM32U375VET6, STM32U375VET6Q, STM32U375VGI6, STM32U375VGI6Q, STM32U375VGT6, STM32U375VGT6Q, STM32U385CGT6, STM32U385CGT6Q, STM32U385CGU6, STM32U385CGU6Q, STM32U385CGY6QTR, STM32U385KGU6, STM32U385RGI6, STM32U385RGI6Q, STM32U385RGT6, STM32U385RGT6Q, STM32U385RGY6GTR, STM32U385RGY6QTR, STM32U385VGI6, STM32U385VGI6Q, STM32U385VGT6, STM32U385VGT6Q, STM32U535CBT6, STM32U535CBT6Q, STM32U535CBU6, STM32U535CBU6Q, STM32U535CCT6, STM32U535CCT6Q, STM32U535CCU6, STM32U535CCU6Q, STM32U535CET6, STM32U535CET6Q, STM32U535CEU6, STM32U535CEU6Q, STM32U535JEY6QTR, STM32U535NCY6QTR, STM32U535NEY6QTR, STM32U535RBI6, STM32U535RBI6Q, STM32U535RBT6, STM32U535RBT6Q, STM32U535RCI6, STM32U535RCI6Q, STM32U535RCT6, STM32U535RCT6Q, STM32U535REI6, STM32U535REI6Q, STM32U535RET6, STM32U535RET6Q, STM32U535VCI6, STM32U535VCI6Q, STM32U535VCT6, STM32U535VCT6Q, STM32U535VEI6, STM32U535VEI6Q, STM32U535VET6, STM32U535VET6Q, STM32U545CET6, STM32U545CET6Q, STM32U545CEU6, STM32U545CEU6Q, STM32U545JEY6QTR, STM32U545NEY6QTR, STM32U545REI6, STM32U545REI6Q, STM32U545RET6, STM32U545RET6Q, STM32U545VEI6, STM32U545VEI6Q, STM32U545VET6, STM32U545VET6Q, STM32U595AIH6, STM32U595AIH6Q, STM32U595AJH6, STM32U595AJH6Q, STM32U595QII6, STM32U595QII6Q, STM32U595QJI6, STM32U595QJI6Q, STM32U595RIT6, STM32U595RIT6Q, STM32U595RJT6, STM32U595RJT6Q, STM32U595VIT6, STM32U595VIT6Q, STM32U595VJT6, STM32U595VJT6Q, STM32U595ZIT6, STM32U595ZIT6Q, STM32U595ZIY6QTR, STM32U595ZJT6, STM32U595ZJT6Q, STM32U595ZJY6QTR, STM32U599BJY6QTR, STM32U599NIH6Q, STM32U599NJH6Q, STM32U599VIT6Q, STM32U599VJT6, STM32U599VJT6Q, STM32U599ZIT6Q, STM32U599ZIY6QTR, STM32U599ZJT6Q, STM32U599ZJY6QTR, STM32U5A5AJH6, STM32U5A5AJH6Q, STM32U5A5QII3Q , STM32U5A5QJI6, STM32U5A5QJI6Q, STM32U5A5RJT6, STM32U5A5RJT6Q, STM32U5A5VJT6, STM32U5A5VJT6Q, STM32U5A5ZJT6, STM32U5A5ZJT6Q, STM32U5A5ZJY6QTR, STM32U5A9BJY6QTR, STM32U5A9J-DK, STM32U5A9NJH6Q, STM32U5A9VJT6Q, STM32U5A9ZJT6Q, STM32U5A9ZJY6QTR, STM32U5F7VIT6, STM32U5F7VIT6Q, STM32U5F7VJT6, STM32U5F7VJT6Q, STM32U5F9BJY6QTR, STM32U5F9NJH6Q, STM32U5F9VIT6Q, STM32U5F9VJT6Q, STM32U5F9ZIJ6QTR, STM32U5F9ZIT6Q, STM32U5F9ZJJ6QTR, STM32U5F9ZJT6Q, STM32U5G7VJT6, STM32U5G7VJT6Q, STM32U5G9BJY6QTR, STM32U5G9J-DK1, STM32U5G9J-DK2, STM32U5G9NJH6Q, STM32U5G9VJT6Q, STM32U5G9ZJJ6QTR, STM32U5G9ZJT6Q, STM32WB05KZV6TR, STM32WB05KZV7TR, STM32WB05TZF6TR, STM32WB05TZF7TR, STM32WB06CCF6TR, STM32WB06CCF7TR, STM32WB06CCV6TR, STM32WB06CCV7TR, STM32WB06KCV6TR, STM32WB06KCV7TR, STM32WB07CCF6TR, STM32WB07CCF7TR, STM32WB07CCV6TR, STM32WB07CCV7TR, STM32WB07KCV6TR, STM32WB07KCV7TR, STM32WB09KEV6TR, STM32WB09KEV7TR, STM32WB09TEF6TR, STM32WB09TEF7TR, STM32WB1MMCH6, STM32WBA50KGU6, STM32WBA50KGU6TR, STM32WBA52CEU6, STM32WBA52CEU6TR, STM32WBA52CEU7, STM32WBA52CEU7TR, STM32WBA52CGU6, STM32WBA52CGU6TR, STM32WBA52CGU6U, STM32WBA52CGU7, STM32WBA52CGU7TR, STM32WBA52KEU6, STM32WBA52KEU6TR, STM32WBA52KGU6, STM32WBA52KGU6TR, STM32WBA54CEU6, STM32WBA54CEU6TR, STM32WBA54CEU7, STM32WBA54CEU7TR, STM32WBA54CGU6, STM32WBA54CGU6TR, STM32WBA54CGU7, STM32WBA54CGU7TR, STM32WBA54KEU6, STM32WBA54KEU6TR, STM32WBA54KEU7, STM32WBA54KEU7TR, STM32WBA54KGU6, STM32WBA54KGU6TR, STM32WBA54KGU7, STM32WBA54KGU7TR, STM32WBA55CEU6, STM32WBA55CEU6TR, STM32WBA55CEU7, STM32WBA55CEU7TR, STM32WBA55CGU6, STM32WBA55CGU6TR, STM32WBA55CGU6U, STM32WBA55CGU7, STM32WBA55CGU7TR, STM32WBA55G-DK1, STM32WBA55HEF6, STM32WBA55HEF7, STM32WBA55HGF6, STM32WBA55HGF7, STM32WBA55UEI6, STM32WBA55UEI6TR, STM32WBA55UEI7, STM32WBA55UEI7TR, STM32WBA55UGI6, STM32WBA55UGI6TR, STM32WBA55UGI7, STM32WBA55UGI7TR, STM32WBA5MMGH6TR, STM32WBA62MGF6, STM32WBA62MIF6, STM32WBA65MGF7, STM32WBA65MIF6, STM32WBA65MIF7, STM32WL30K8V6, STM32WL30KBV6, STM32WL31C8V6, STM32WL31CBV6, STM32WL31K8V6, STM32WL31KBV6, STM32WL33C8V6, STM32WL33C8V6X, STM32WL33CBV6, STM32WL33CBV6X, STM32WL33CCV6, STM32WL33CCV6A, STM32WL33CCV6X, STM32WL33K8V7, STM32WL33K8V7X, STM32WL33KBV7 , STM32WL33KBV7X, STM32WL33KCV7, STM32WL33KCV7X, STM32WL5MOCH6, STM32WL5MOCH6TR]
2026-03-10 12:52:09,502 [INFO] DbMcus:218 - Found 4922 MCUs, 4922 are supported
2026-03-10 12:52:09,502 [INFO] ApiDb:423 - Load user favorites file /home/kamil/.stm32cubeide/favorites.mcus.txt: 0 item(s)
2026-03-10 12:52:09,503 [INFO] ApiDb:427 - User favorites MCUs=[]
2026-03-10 12:52:09,503 [INFO] DbMcus:224 - Set 0 / 0 favorites MCUs
2026-03-10 12:52:09,859 [INFO] BoardInfo:889 - No configuration file found for board P-NUCLEO-WB55
2026-03-10 12:52:09,859 [INFO] DbBoards:161 - Kit is not supported: P-NUCLEO-WB55
2026-03-10 12:52:09,862 [INFO] BoardInfo:889 - No configuration file found for board STEVAL-BFA001V1B
2026-03-10 12:52:09,876 [INFO] DbBoards:161 - Kit is not supported: STEVAL-BFA001V1B
2026-03-10 12:52:09,877 [INFO] BoardInfo:889 - No configuration file found for board STEVAL-BFA001V2B
2026-03-10 12:52:09,877 [INFO] DbBoards:161 - Kit is not supported: STEVAL-BFA001V2B
2026-03-10 12:52:09,938 [INFO] DbBoards:168 - Found 212 boards, 209 are supported
2026-03-10 12:52:09,938 [INFO] DbBoards:169 - Found 212 boards, 43 of them is supported for  Bsp
2026-03-10 12:52:09,940 [INFO] ApiDb:423 - Load user favorites file /home/kamil/.stm32cubeide/favorites.boards.txt: 0 item(s)
2026-03-10 12:52:09,940 [INFO] ApiDb:427 - User favorites Boards=[]
2026-03-10 12:52:09,940 [INFO] DbBoards:198 - Set 0 / 0 favorites Boards
2026-03-10 12:52:09,984 [INFO] UtilMem:75 - End LoadConfig() Used Memory: 314237896 Bytes (452984832)
2026-03-10 12:52:10,085 [WARN] ThirdParty:833 - waiting for thirdparty lock release [change project]
2026-03-10 12:52:10,085 [INFO] ThirdParty:835 - entering critical section [change project]
2026-03-10 12:52:10,085 [INFO] ThirdParty:1030 - CMSIS Pack Vendor :STMicroelectronics X-CUBE-AZRTOS-H7 3.5.0
2026-03-10 12:52:10,086 [INFO] ThirdParty:1030 - CMSIS Pack Vendor :STMicroelectronics X-CUBE-PM33A1 1.0.0
2026-03-10 12:52:10,086 [INFO] ThirdParty:1030 - CMSIS Pack Vendor :STMicroelectronics USBPD 4.1
2026-03-10 12:52:10,086 [INFO] ThirdParty:1030 - CMSIS Pack Vendor :STMicroelectronics X-CUBE-NFC9 1.0.0
2026-03-10 12:52:10,086 [INFO] ThirdParty:1030 - CMSIS Pack Vendor :STMicroelectronics USB_HOST 2.0.0
2026-03-10 12:52:10,086 [INFO] ThirdParty:1030 - CMSIS Pack Vendor :STMicroelectronics FP-SNS-MOTENVWB1 1.4.0
2026-03-10 12:52:10,086 [INFO] ThirdParty:1030 - CMSIS Pack Vendor :STMicroelectronics X-CUBE-AZRTOS-F4 1.1.0
2026-03-10 12:52:10,086 [INFO] ThirdParty:1030 - CMSIS Pack Vendor :STMicroelectronics LIBJPEG 8.0.0
2026-03-10 12:52:10,086 [INFO] ThirdParty:1030 - CMSIS Pack Vendor :STMicroelectronics FP-ATR-ASTRA1 2.0.2
2026-03-10 12:52:10,086 [INFO] ThirdParty:1030 - CMSIS Pack Vendor :wolfSSL I-CUBE-wolfSSL 5.8.2
2026-03-10 12:52:10,086 [INFO] ThirdParty:1030 - CMSIS Pack Vendor :STMicroelectronics X-CUBE-BLE1 7.1.0
2026-03-10 12:52:10,086 [INFO] ThirdParty:1030 - CMSIS Pack Vendor :STMicroelectronics X-CUBE-SMBUS 2.1.0
2026-03-10 12:52:10,086 [INFO] ThirdParty:1030 - CMSIS Pack Vendor :wolfSSL I-CUBE-wolfMQTT 1.19.2
2026-03-10 12:52:10,086 [INFO] ThirdParty:1030 - CMSIS Pack Vendor :STMicroelectronics USB_DEVICE 3.0.0
2026-03-10 12:52:10,086 [INFO] ThirdParty:1030 - CMSIS Pack Vendor :STMicroelectronics X-CUBE-ISPU 2.1.0
2026-03-10 12:52:10,086 [INFO] ThirdParty:1030 - CMSIS Pack Vendor :STMicroelectronics X-CUBE-FREERTOS 1.4.0
2026-03-10 12:52:10,086 [INFO] ThirdParty:1030 - CMSIS Pack Vendor :STMicroelectronics X-CUBE-EEPRMA1 5.2.0
2026-03-10 12:52:10,086 [INFO] ThirdParty:1030 - CMSIS Pack Vendor :STMicroelectronics X-CUBE-IPS 3.2.0
2026-03-10 12:52:10,086 [INFO] ThirdParty:1030 - CMSIS Pack Vendor :STMicroelectronics X-CUBE-BLEMGR 4.1.0
2026-03-10 12:52:10,086 [INFO] ThirdParty:1030 - CMSIS Pack Vendor :STMicroelectronics X-CUBE-AZRTOS-WB 2.0.0
2026-03-10 12:52:10,086 [INFO] ThirdParty:1030 - CMSIS Pack Vendor :STMicroelectronics X-CUBE-ST60 1.0.0
2026-03-10 12:52:10,086 [INFO] ThirdParty:1030 - CMSIS Pack Vendor :STMicroelectronics X-CUBE-GNSS1 7.0.1
2026-03-10 12:52:10,086 [INFO] ThirdParty:1030 - CMSIS Pack Vendor :STMicroelectronics X-CUBE-NFC12 1.0.0
2026-03-10 12:52:10,086 [INFO] ThirdParty:1030 - CMSIS Pack Vendor :STMicroelectronics X-CUBE-AZRTOS-F7 1.1.0
2026-03-10 12:52:10,086 [INFO] ThirdParty:1030 - CMSIS Pack Vendor :STMicroelectronics X-CUBE-AZRTOS-L5 2.0.0
2026-03-10 12:52:10,086 [INFO] ThirdParty:1030 - CMSIS Pack Vendor :STMicroelectronics USB_DEVICE 2.0.0
2026-03-10 12:52:10,086 [INFO] ThirdParty:1030 - CMSIS Pack Vendor :STMicroelectronics X-CUBE-NFC6 3.1.0
2026-03-10 12:52:10,086 [INFO] ThirdParty:1030 - CMSIS Pack Vendor :STMicroelectronics X-CUBE-ST67W61 1.1.0
2026-03-10 12:52:10,086 [INFO] ThirdParty:1030 - CMSIS Pack Vendor :Cesanta I-CUBE-Mongoose 7.19.0
2026-03-10 12:52:10,086 [INFO] ThirdParty:1030 - CMSIS Pack Vendor :quantropi X-CUBE-qispace-sdk-base 2.1.0
2026-03-10 12:52:10,086 [INFO] ThirdParty:1030 - CMSIS Pack Vendor :STMicroelectronics X-CUBE-MEMS1 12.0.0
2026-03-10 12:52:10,086 [INFO] ThirdParty:1030 - CMSIS Pack Vendor :STMicroelectronics X-CUBE-STSE01 2.0.0
2026-03-10 12:52:10,086 [INFO] ThirdParty:1030 - CMSIS Pack Vendor :STMicroelectronics FP-SNS-MOTENV1 5.1.0
2026-03-10 12:52:10,086 [INFO] ThirdParty:1030 - CMSIS Pack Vendor :STMicroelectronics FreeRTOS 0.0.1
2026-03-10 12:52:10,086 [INFO] ThirdParty:1030 - CMSIS Pack Vendor :STMicroelectronics X-CUBE-AZRTOS-G0 1.1.0
2026-03-10 12:52:10,086 [INFO] ThirdParty:1030 - CMSIS Pack Vendor :STMicroelectronics X-CUBE-SAFEA1 1.2.2
2026-03-10 12:52:10,086 [INFO] ThirdParty:1030 - CMSIS Pack Vendor :STMicroelectronics X-CUBE-NFC4 3.0.0
2026-03-10 12:52:10,086 [INFO] ThirdParty:1030 - CMSIS Pack Vendor :STMicroelectronics X-CUBE-SUBG2 5.0.0
2026-03-10 12:52:10,086 [INFO] ThirdParty:1030 - CMSIS Pack Vendor :STMicroelectronics X-CUBE-AZRTOS-H7RS 1.1.0
2026-03-10 12:52:10,087 [INFO] ThirdParty:1030 - CMSIS Pack Vendor :STMicroelectronics STM32_WPAN 1.0.0
2026-03-10 12:52:10,087 [INFO] ThirdParty:1030 - CMSIS Pack Vendor :EmbeddedOffice I-CUBE-FS-RTOS 1.0.1
2026-03-10 12:52:10,087 [INFO] ThirdParty:1030 - CMSIS Pack Vendor :STMicroelectronics lwIP 2.0.3
2026-03-10 12:52:10,087 [INFO] ThirdParty:1030 - CMSIS Pack Vendor :WES I-CUBE-Cesium 1.4.0
2026-03-10 12:52:10,087 [INFO] ThirdParty:1030 - CMSIS Pack Vendor :STMicroelectronics USB_HOST 1.0.0
2026-03-10 12:52:10,087 [INFO] ThirdParty:1030 - CMSIS Pack Vendor :Infineon AIROC-Wi-Fi-Bluetooth-STM32 1.7.1
2026-03-10 12:52:10,087 [INFO] ThirdParty:1030 - CMSIS Pack Vendor :STMicroelectronics X-CUBE-AZRTOS-G4 2.0.0
2026-03-10 12:52:10,087 [INFO] ThirdParty:1030 - CMSIS Pack Vendor :STMicroelectronics X-CUBE-WB05N 2.0.0
2026-03-10 12:52:10,087 [INFO] ThirdParty:1030 - CMSIS Pack Vendor :STMicroelectronics PDM2PCM 3.1.0
2026-03-10 12:52:10,087 [INFO] ThirdParty:1030 - CMSIS Pack Vendor :STMicroelectronics PDM2PCM 3.3.0
2026-03-10 12:52:10,087 [INFO] ThirdParty:1030 - CMSIS Pack Vendor :wolfSSL I-CUBE-wolfTPM 3.8.0
2026-03-10 12:52:10,087 [INFO] ThirdParty:1030 - CMSIS Pack Vendor :STMicroelectronics X-CUBE-AZRTOS-H7 3.4.0
2026-03-10 12:52:10,087 [INFO] ThirdParty:1030 - CMSIS Pack Vendor :STMicroelectronics X-CUBE-DISPLAY 3.0.0
2026-03-10 12:52:10,087 [INFO] ThirdParty:1030 - CMSIS Pack Vendor :wolfSSL I-CUBE-wolfSSH 1.4.20
2026-03-10 12:52:10,087 [INFO] ThirdParty:1030 - CMSIS Pack Vendor :STMicroelectronics X-CUBE-NFC7 2.0.0
2026-03-10 12:52:10,087 [INFO] ThirdParty:1030 - CMSIS Pack Vendor :STMicroelectronics FP-SNS-MOTENVWB1 1.5.0
2026-03-10 12:52:10,087 [INFO] ThirdParty:1030 - CMSIS Pack Vendor :STMicroelectronics X-CUBE-TCPP 4.2.0
2026-03-10 12:52:10,087 [INFO] ThirdParty:1030 - CMSIS Pack Vendor :RealThread X-CUBE-RT-Thread_Nano 4.1.1
2026-03-10 12:52:10,087 [INFO] ThirdParty:1030 - CMSIS Pack Vendor :STMicroelectronics FP-ATR-SIGFOX1 3.2.0
2026-03-10 12:52:10,087 [INFO] ThirdParty:1030 - CMSIS Pack Vendor :STMicroelectronics X-CUBE-NFC10 1.0.0
2026-03-10 12:52:10,087 [INFO] ThirdParty:1030 - CMSIS Pack Vendor :STMicroelectronics X-CUBE-FREERTOS 1.3.1
2026-03-10 12:52:10,087 [INFO] ThirdParty:1030 - CMSIS Pack Vendor :STMicroelectronics HAL Drivers 0.0.0
2026-03-10 12:52:10,087 [INFO] ThirdParty:1030 - CMSIS Pack Vendor :STMicroelectronics X-CUBE-FREERTOS 1.5.0
2026-03-10 12:52:10,087 [INFO] ThirdParty:1030 - CMSIS Pack Vendor :STMicroelectronics MBEDTLS 2.16.2
2026-03-10 12:52:10,087 [INFO] ThirdParty:1030 - CMSIS Pack Vendor :STMicroelectronics X-CUBE-ST60 1.1.0
2026-03-10 12:52:10,087 [INFO] ThirdParty:1030 - CMSIS Pack Vendor :STMicroelectronics X-CUBE-ALS 1.0.2
2026-03-10 12:52:10,087 [INFO] ThirdParty:1030 - CMSIS Pack Vendor :emotas I-CUBE-CANOPEN 1.3.0
2026-03-10 12:52:10,087 [INFO] ThirdParty:1030 - CMSIS Pack Vendor :STMicroelectronics MBEDTLS 2.14.1
2026-03-10 12:52:10,087 [INFO] ThirdParty:1030 - CMSIS Pack Vendor :STMicroelectronics X-CUBE-GNSS1 7.1.0
2026-03-10 12:52:10,087 [INFO] ThirdParty:1030 - CMSIS Pack Vendor :ITTIA_DB I-CUBE-ITTIADB 8.9.0
2026-03-10 12:52:10,087 [INFO] ThirdParty:1030 - CMSIS Pack Vendor :STMicroelectronics X-CUBE-TOUCHGFX 4.26.0
2026-03-10 12:52:10,087 [INFO] ThirdParty:1030 - CMSIS Pack Vendor :STMicroelectronics X-CUBE-STSE01 1.0.0
2026-03-10 12:52:10,087 [INFO] ThirdParty:1030 - CMSIS Pack Vendor :STMicroelectronics X-CUBE-TOUCHGFX 4.26.1
2026-03-10 12:52:10,087 [INFO] ThirdParty:1030 - CMSIS Pack Vendor :STMicroelectronics X-CUBE-NFC6 3.2.0
2026-03-10 12:52:10,087 [INFO] ThirdParty:1030 - CMSIS Pack Vendor :STMicroelectronics ThreadX 1.0.0
2026-03-10 12:52:10,087 [INFO] ThirdParty:1030 - CMSIS Pack Vendor :STMicroelectronics FP-SNS-SMARTAG2 1.2.0
2026-03-10 12:52:10,088 [INFO] ThirdParty:1030 - CMSIS Pack Vendor :STMicroelectronics FP-SNS-FLIGHT1 5.1.0
2026-03-10 12:52:10,088 [INFO] ThirdParty:1030 - CMSIS Pack Vendor :STMicroelectronics X-CUBE-AZRTOS-WL 2.0.0
2026-03-10 12:52:10,088 [INFO] ThirdParty:1030 - CMSIS Pack Vendor :SEGGER I-CUBE-embOS 1.3.1
2026-03-10 12:52:10,088 [INFO] ThirdParty:1030 - CMSIS Pack Vendor :STMicroelectronics X-CUBE-ALGOBUILD 1.4.0
2026-03-10 12:52:10,088 [INFO] ThirdParty:1030 - CMSIS Pack Vendor :STMicroelectronics X-CUBE-DPower 1.3.0
2026-03-10 12:52:10,088 [INFO] ThirdParty:1030 - CMSIS Pack Vendor :STMicroelectronics X-CUBE-MEMS1 11.3.0
2026-03-10 12:52:10,088 [INFO] ThirdParty:1030 - CMSIS Pack Vendor :STMicroelectronics FP-SNS-MOTENV1 5.0.0
2026-03-10 12:52:10,088 [INFO] ThirdParty:1030 - CMSIS Pack Vendor :STMicroelectronics USB_DEVICE 1.0.0
2026-03-10 12:52:10,088 [INFO] ThirdParty:1030 - CMSIS Pack Vendor :STMicroelectronics X-CUBE-AZRTOS-H7RS 1.2.0
2026-03-10 12:52:10,088 [INFO] ThirdParty:1030 - CMSIS Pack Vendor :STMicroelectronics X-CUBE-AZRTOS-L4 2.0.0
2026-03-10 12:52:10,088 [INFO] ThirdParty:1030 - CMSIS Pack Vendor :STMicroelectronics ThreadX 0.0.2
2026-03-10 12:52:10,088 [INFO] ThirdParty:1030 - CMSIS Pack Vendor :STMicroelectronics lwIP 2.1.2
2026-03-10 12:52:10,088 [INFO] ThirdParty:1030 - CMSIS Pack Vendor :STMicroelectronics X-CUBE-SFXS2LP1 4.0.0
2026-03-10 12:52:10,088 [INFO] ThirdParty:1030 - CMSIS Pack Vendor :STMicroelectronics X-CUBE-BLE2 3.3.0
2026-03-10 12:52:10,088 [INFO] ThirdParty:1030 - CMSIS Pack Vendor :Avnet-IOTCONNECT X-CUBE-iotc-st67-sdk 1.0.0
2026-03-10 12:52:10,088 [INFO] ThirdParty:1030 - CMSIS Pack Vendor :STMicroelectronics X-CUBE-TOF1 3.4.3
2026-03-10 12:52:10,088 [INFO] ThirdParty:1030 - CMSIS Pack Vendor :STMicroelectronics PDM2PCM 3.2.0
2026-03-10 12:52:10,088 [INFO] ThirdParty:1030 - CMSIS Pack Vendor :STMicroelectronics X-CUBE-ST67W61 1.2.0
2026-03-10 12:52:10,088 [INFO] ThirdParty:841 - exiting critical section [change project]
2026-03-10 12:52:10,468 [INFO] PinOutPanel:1589 - setPackage(No Configuration,No Configuration)
2026-03-10 12:52:10,469 [INFO] PinOutPanel:1589 - setPackage(STM32F446RETx,LQFP64)
2026-03-10 12:52:10,850 [INFO] UtilMem:75 - Before build in PCC Used Memory: 286027712 Bytes (452984832)
2026-03-10 12:52:11,262 [INFO] UtilMem:75 - After build in PCC Used Memory: 249620624 Bytes (452984832)
2026-03-10 12:52:11,281 [INFO] IPUIPlugin:80 - create IPUIPlugin
2026-03-10 12:52:11,282 [INFO] IPUIPlugin:80 - create IPUIPlugin
2026-03-10 12:52:11,282 [INFO] IPUIPlugin:80 - create IPUIPlugin
2026-03-10 12:52:11,282 [INFO] IPUIPlugin:80 - create IPUIPlugin
2026-03-10 12:52:11,282 [INFO] IPUIPlugin:80 - create IPUIPlugin
2026-03-10 12:52:11,282 [INFO] IPUIPlugin:80 - create IPUIPlugin
2026-03-10 12:52:11,282 [INFO] IPUIPlugin:80 - create IPUIPlugin
2026-03-10 12:52:11,282 [INFO] IPUIPlugin:80 - create IPUIPlugin
2026-03-10 12:52:11,282 [INFO] IPUIPlugin:80 - create IPUIPlugin
2026-03-10 12:52:11,282 [INFO] IPUIPlugin:80 - create IPUIPlugin
2026-03-10 12:52:11,282 [INFO] IPUIPlugin:80 - create IPUIPlugin
2026-03-10 12:52:11,282 [INFO] IPUIPlugin:80 - create IPUIPlugin
2026-03-10 12:52:11,282 [INFO] IPUIPlugin:80 - create IPUIPlugin
2026-03-10 12:52:11,282 [INFO] IPUIPlugin:80 - create IPUIPlugin
2026-03-10 12:52:11,282 [INFO] IPUIPlugin:80 - create IPUIPlugin
2026-03-10 12:52:11,283 [INFO] IPUIPlugin:80 - create IPUIPlugin
2026-03-10 12:52:11,283 [INFO] IPUIPlugin:80 - create IPUIPlugin
2026-03-10 12:52:11,283 [INFO] IPUIPlugin:80 - create IPUIPlugin
2026-03-10 12:52:11,283 [INFO] IPUIPlugin:80 - create IPUIPlugin
2026-03-10 12:52:11,283 [INFO] IPUIPlugin:80 - create IPUIPlugin
2026-03-10 12:52:11,283 [INFO] IPUIPlugin:80 - create IPUIPlugin
2026-03-10 12:52:11,283 [INFO] IPUIPlugin:80 - create IPUIPlugin
2026-03-10 12:52:11,283 [INFO] IPUIPlugin:80 - create IPUIPlugin
2026-03-10 12:52:11,283 [INFO] IPUIPlugin:80 - create IPUIPlugin
2026-03-10 12:52:11,283 [INFO] IPUIPlugin:80 - create IPUIPlugin
2026-03-10 12:52:11,283 [INFO] IPUIPlugin:80 - create IPUIPlugin
2026-03-10 12:52:11,284 [INFO] IPUIPlugin:80 - create IPUIPlugin
2026-03-10 12:52:11,284 [INFO] IPUIPlugin:80 - create IPUIPlugin
2026-03-10 12:52:11,284 [INFO] IPUIPlugin:80 - create IPUIPlugin
2026-03-10 12:52:11,284 [INFO] IPUIPlugin:80 - create IPUIPlugin
2026-03-10 12:52:11,284 [INFO] IPUIPlugin:80 - create IPUIPlugin
2026-03-10 12:52:11,284 [INFO] IPUIPlugin:80 - create IPUIPlugin
2026-03-10 12:52:11,284 [INFO] IPUIPlugin:80 - create IPUIPlugin
2026-03-10 12:52:11,284 [INFO] IPUIPlugin:80 - create IPUIPlugin
2026-03-10 12:52:11,285 [INFO] IPUIPlugin:80 - create IPUIPlugin
2026-03-10 12:52:11,285 [INFO] IPUIPlugin:80 - create IPUIPlugin
2026-03-10 12:52:11,285 [INFO] IPUIPlugin:80 - create IPUIPlugin
2026-03-10 12:52:11,285 [INFO] IPUIPlugin:80 - create IPUIPlugin
2026-03-10 12:52:11,285 [INFO] IPUIPlugin:80 - create IPUIPlugin
2026-03-10 12:52:11,285 [INFO] IPUIPlugin:80 - create IPUIPlugin
2026-03-10 12:52:11,285 [INFO] IPUIPlugin:80 - create IPUIPlugin
2026-03-10 12:52:11,286 [INFO] IPUIPlugin:80 - create IPUIPlugin
2026-03-10 12:52:11,286 [INFO] IPUIPlugin:80 - create IPUIPlugin
2026-03-10 12:52:11,286 [INFO] IPUIPlugin:80 - create IPUIPlugin
2026-03-10 12:52:11,286 [INFO] IPUIPlugin:80 - create IPUIPlugin
2026-03-10 12:52:11,286 [INFO] IPUIPlugin:80 - create IPUIPlugin
2026-03-10 12:52:11,286 [INFO] IPUIPlugin:80 - create IPUIPlugin
2026-03-10 12:52:11,286 [INFO] IPUIPlugin:80 - create IPUIPlugin
2026-03-10 12:52:11,287 [INFO] IPUIPlugin:80 - create IPUIPlugin
2026-03-10 12:52:11,287 [INFO] IPUIPlugin:80 - create IPUIPlugin
2026-03-10 12:52:11,287 [INFO] IPUIPlugin:80 - create IPUIPlugin
2026-03-10 12:52:11,287 [INFO] IPUIPlugin:80 - create IPUIPlugin
2026-03-10 12:52:11,287 [INFO] IPUIPlugin:80 - create IPUIPlugin
2026-03-10 12:52:11,287 [INFO] IPUIPlugin:80 - create IPUIPlugin
2026-03-10 12:52:11,288 [INFO] IPUIPlugin:80 - create IPUIPlugin
2026-03-10 12:52:11,288 [INFO] IPUIPlugin:80 - create IPUIPlugin
2026-03-10 12:52:11,288 [INFO] IPUIPlugin:80 - create IPUIPlugin
2026-03-10 12:52:11,288 [INFO] IPUIPlugin:80 - create IPUIPlugin
2026-03-10 12:52:11,288 [INFO] IPUIPlugin:80 - create IPUIPlugin
2026-03-10 12:52:11,288 [INFO] IPUIPlugin:80 - create IPUIPlugin
2026-03-10 12:52:11,306 [INFO] ApiDbMcu:532 - Load IP Config File for PDM2PCM
2026-03-10 12:52:11,311 [INFO] Can:71 - Can Add PropertyChangeListener com.st.microxplorer.plugins.ip.can.Can@710382e7
2026-03-10 12:52:11,312 [WARN] IP:2250 - I2C_Coeff_DF not found: check if there is a RefParameter without a condition.
2026-03-10 12:52:11,312 [WARN] IP:2250 - Analog_Filter not found: check if there is a RefParameter without a condition.
2026-03-10 12:52:11,397 [INFO] CADModel:165 - CPN selected for project levelSTM32F446RET6
2026-03-10 12:52:11,397 [INFO] CADModel:114 - Register for checkConnection events
2026-03-10 12:52:11,437 [INFO] OpenFileManager:386 - Restore cursor
2026-03-10 12:52:11,584 [WARN] IP:2250 - I2C_Coeff_DF not found: check if there is a RefParameter without a condition.
2026-03-10 12:52:11,584 [WARN] IP:2250 - Analog_Filter not found: check if there is a RefParameter without a condition.
2026-03-10 12:52:11,585 [WARN] IP:2250 - I2C_Coeff_DF not found: check if there is a RefParameter without a condition.
2026-03-10 12:52:11,585 [WARN] IP:2250 - Analog_Filter not found: check if there is a RefParameter without a condition.
2026-03-10 12:52:36,115 [INFO] WebApp:194 - Connection lost
2026-03-10 12:52:36,261 [INFO] WebApp:191 - Connection restablished
2026-03-10 12:53:09,731 [INFO] WebApp:194 - Connection lost
2026-03-10 12:53:09,861 [INFO] WebApp:191 - Connection restablished
2026-03-10 12:56:28,288 [INFO] WebApp:194 - Connection lost
2026-03-10 12:56:28,486 [INFO] WebApp:191 - Connection restablished
2026-03-10 12:56:57,145 [INFO] Gpio:278 - dependency for GPIO [CAN1, I2C3, RCC, TIM9]
2026-03-10 12:57:01,175 [INFO] Gpio:278 - dependency for GPIO [CAN1, I2C3, RCC, TIM9]
2026-03-10 12:57:01,260 [WARN] IP:2250 - I2C_Coeff_DF not found: check if there is a RefParameter without a condition.
2026-03-10 12:57:01,260 [WARN] IP:2250 - Analog_Filter not found: check if there is a RefParameter without a condition.
2026-03-10 12:57:03,920 [WARN] IP:2250 - I2C_Coeff_DF not found: check if there is a RefParameter without a condition.
2026-03-10 12:57:03,920 [WARN] IP:2250 - Analog_Filter not found: check if there is a RefParameter without a condition.
2026-03-10 12:58:22,949 [INFO] Gpio:278 - dependency for GPIO [CAN1, I2C3, RCC, TIM9]
2026-03-10 12:58:51,899 [WARN] IP:2250 - I2C_Coeff_DF not found: check if there is a RefParameter without a condition.
2026-03-10 12:58:51,899 [WARN] IP:2250 - Analog_Filter not found: check if there is a RefParameter without a condition.
2026-03-10 12:58:57,711 [WARN] IP:2250 - I2C_Coeff_DF not found: check if there is a RefParameter without a condition.
2026-03-10 12:58:57,711 [WARN] IP:2250 - Analog_Filter not found: check if there is a RefParameter without a condition.
2026-03-10 13:00:30,969 [INFO] WebApp:194 - Connection lost
2026-03-10 13:00:31,138 [INFO] WebApp:191 - Connection restablished
2026-03-10 13:02:48,195 [INFO] WebApp:194 - Connection lost
2026-03-10 13:02:48,330 [INFO] WebApp:191 - Connection restablished
2026-03-10 13:03:22,820 [INFO] WebApp:194 - Connection lost
2026-03-10 13:03:22,947 [INFO] WebApp:191 - Connection restablished
2026-03-10 13:03:57,450 [INFO] WebApp:194 - Connection lost
2026-03-10 13:03:57,573 [INFO] WebApp:191 - Connection restablished
2026-03-10 13:04:37,698 [INFO] WebApp:194 - Connection lost
2026-03-10 13:04:37,833 [INFO] WebApp:191 - Connection restablished
2026-03-10 13:05:12,328 [INFO] WebApp:194 - Connection lost
2026-03-10 13:05:12,459 [INFO] WebApp:191 - Connection restablished
2026-03-10 13:10:40,523 [INFO] MainUpdater:2872 - connection check result : 10
2026-03-10 13:10:40,523 [INFO] MainUpdater:2872 - connection check result : 10
2026-03-10 13:10:40,666 [INFO] MicroXplorer:468 - Change Database Path : 
2026-03-10 13:10:40,666 [INFO] MicroXplorer:498 - Change Database Version : DB.6.0.150
2026-03-10 13:10:40,677 [ERROR] ProjectManagerView:395 - 
java.lang.NullPointerException: Cannot invoke "javax.swing.JTextField.getText()" because the return value of "java.util.List.get(int)" is null
	at com.st.microxplorer.plugins.projectmanager.gui.ProjectChoiceTab$9.caretUpdate(ProjectChoiceTab.java:2706) ~[filemanager.jar:?]
	at javax.swing.text.JTextComponent.fireCaretUpdate(JTextComponent.java:408) ~[?:?]
	at javax.swing.text.JTextComponent$MutableCaretEvent.fire(JTextComponent.java:4484) ~[?:?]
	at javax.swing.text.JTextComponent$MutableCaretEvent.stateChanged(JTextComponent.java:4506) ~[?:?]
	at javax.swing.text.DefaultCaret.fireStateChanged(DefaultCaret.java:857) ~[?:?]
	at javax.swing.text.DefaultCaret.changeCaretPosition(DefaultCaret.java:1343) ~[?:?]
	at javax.swing.text.DefaultCaret.handleSetDot(DefaultCaret.java:1242) ~[?:?]
	at javax.swing.text.DefaultCaret.setDot(DefaultCaret.java:1223) ~[?:?]
	at javax.swing.text.DefaultCaret$Handler.insertUpdate(DefaultCaret.java:1819) ~[?:?]
	at javax.swing.text.AbstractDocument.fireInsertUpdate(AbstractDocument.java:227) ~[?:?]
	at javax.swing.text.AbstractDocument.handleInsertString(AbstractDocument.java:781) ~[?:?]
	at javax.swing.text.AbstractDocument.insertString(AbstractDocument.java:740) ~[?:?]
	at javax.swing.text.PlainDocument.insertString(PlainDocument.java:131) ~[?:?]
	at javax.swing.text.AbstractDocument.replace(AbstractDocument.java:699) ~[?:?]
	at javax.swing.text.JTextComponent.setText(JTextComponent.java:1725) ~[?:?]
	at com.st.microxplorer.plugins.projectmanager.gui.ProjectChoiceTab.createHeapStackFields(ProjectChoiceTab.java:993) ~[filemanager.jar:?]
	at com.st.microxplorer.plugins.projectmanager.gui.ProjectChoiceTab.buildLinkSettingsPanel(ProjectChoiceTab.java:3813) ~[filemanager.jar:?]
	at com.st.microxplorer.plugins.projectmanager.gui.ProjectChoiceTab.defineWindowsFields(ProjectChoiceTab.java:1987) ~[filemanager.jar:?]
	at com.st.microxplorer.plugins.projectmanager.gui.ProjectChoiceTab.updateSettings(ProjectChoiceTab.java:558) ~[filemanager.jar:?]
	at com.st.microxplorer.plugins.projectmanager.gui.ProjectSettingsPanel.UpdateDialog(ProjectSettingsPanel.java:247) ~[filemanager.jar:?]
	at com.st.microxplorer.plugins.projectmanager.ProjectManagerView.propertyChange(ProjectManagerView.java:392) ~[filemanager.jar:?]
	at java.beans.PropertyChangeSupport.fire(PropertyChangeSupport.java:343) ~[?:?]
	at java.beans.PropertyChangeSupport.firePropertyChange(PropertyChangeSupport.java:335) ~[?:?]
	at java.beans.PropertyChangeSupport.firePropertyChange(PropertyChangeSupport.java:268) ~[?:?]
	at com.st.microxplorer.util.MXPropertyChangeSupport.firePropertyChange(MXPropertyChangeSupport.java:54) ~[STM32CubeMX.jar:?]
	at com.st.microxplorer.mxsystem.MxSystem.closeConfig(MxSystem.java:899) ~[STM32CubeMX.jar:?]
	at com.st.microxplorer.maingui.MainPanel.closeConfig(MainPanel.java:792) ~[STM32CubeMX.jar:?]
	at com.st.microxplorer.plugins.filemanager.engine.OpenFileManager.loadConfigurationFile(OpenFileManager.java:288) ~[filemanager.jar:?]
	at com.st.microxplorer.plugins.filemanager.engine.MainFileManager.userLoadConfig(MainFileManager.java:364) ~[filemanager.jar:?]
	at com.st.microxplorer.plugins.filemanager.engine.MainFileManager.userLoadConfig(MainFileManager.java:342) ~[filemanager.jar:?]
	at com.st.microxplorer.plugins.filemanager.FileManagerView.getSpecificTask(FileManagerView.java:264) ~[filemanager.jar:?]
	at com.st.stm32cube.common.mx.editor.CubeMxEditor.getMxTabbedPaneInstance(CubeMxEditor.java:1198) ~[com.st.stm32cube.common.mx_6.15.0.202507011659/:?]
	at com.st.stm32cube.common.mx.editor.CubeMxEditor$12$1.createSwingComponent(CubeMxEditor.java:1068) ~[com.st.stm32cube.common.mx_6.15.0.202507011659/:?]
	at com.st.stm32cube.common.mx.oss.core.awtswtbridge.EmbeddedSwingComposite.doComponentCreation(EmbeddedSwingComposite.java:492) ~[com.st.stm32cube.common.mx.oss_6.15.0.202507011659/:?]
	at com.st.stm32cube.common.mx.oss.core.awtswtbridge.EmbeddedSwingComposite$4.run(EmbeddedSwingComposite.java:291) ~[com.st.stm32cube.common.mx.oss_6.15.0.202507011659/:?]
	at com.st.stm32cube.common.mx.oss.core.awtswtbridge.AwtEnvironment$2.run(AwtEnvironment.java:166) ~[com.st.stm32cube.common.mx.oss_6.15.0.202507011659/:?]
	at java.awt.event.InvocationEvent.dispatch(InvocationEvent.java:318) ~[?:?]
	at java.awt.EventQueue.dispatchEventImpl(EventQueue.java:773) ~[?:?]
	at java.awt.EventQueue$4.run(EventQueue.java:720) ~[?:?]
	at java.awt.EventQueue$4.run(EventQueue.java:714) ~[?:?]
	at java.security.AccessController.doPrivileged(AccessController.java:400) ~[?:?]
	at java.security.ProtectionDomain$JavaSecurityAccessImpl.doIntersectionPrivilege(ProtectionDomain.java:87) ~[?:?]
	at java.awt.EventQueue.dispatchEvent(EventQueue.java:742) ~[?:?]
	at java.awt.EventDispatchThread.pumpOneEventForFilters(EventDispatchThread.java:203) ~[?:?]
	at java.awt.EventDispatchThread.pumpEventsForFilter(EventDispatchThread.java:124) ~[?:?]
	at java.awt.EventDispatchThread.pumpEventsForHierarchy(EventDispatchThread.java:113) ~[?:?]
	at java.awt.EventDispatchThread.pumpEvents(EventDispatchThread.java:109) ~[?:?]
	at java.awt.EventDispatchThread.pumpEvents(EventDispatchThread.java:101) ~[?:?]
	at java.awt.EventDispatchThread.run(EventDispatchThread.java:90) ~[?:?]
2026-03-10 13:10:40,682 [WARN] ThirdParty:871 - waiting for thirdparty lock release [close project]
2026-03-10 13:10:40,683 [INFO] ThirdParty:873 - entering critical section [close project]
2026-03-10 13:10:40,683 [INFO] ThirdParty:883 - exiting critical section [close project]
2026-03-10 13:10:40,684 [INFO] PinOutPanel:1589 - setPackage(No Configuration,No Configuration)
2026-03-10 13:10:40,690 [WARN] IpParametersView:155 - Warning: This peripheral hasn't parameters
2026-03-10 13:10:40,693 [WARN] MainPanel:289 - <html><b><center>Warning: This peripheral has no parameters to be configured<br></b></html>
2026-03-10 13:10:40,696 [INFO] UtilMem:75 - Begin LoadConfig() Used Memory: 822906616 Bytes (1073741824)
2026-03-10 13:10:40,696 [INFO] MicroXplorer:468 - Change Database Path : 
2026-03-10 13:10:40,697 [INFO] MicroXplorer:498 - Change Database Version : DB.6.0.150
2026-03-10 13:10:40,697 [INFO] OpenFileManager:355 - Change cursor
2026-03-10 13:10:40,706 [INFO] Mcu:2029 - Initializing MCU STM32F446R(C-E)Tx STM32F446RETx STM32F446RET6
2026-03-10 13:10:41,745 [INFO] Context:786 - Trying to add GPIOservice into a context  which must be forbidden
2026-03-10 13:10:42,177 [INFO] ImportTextPane:234 - (OptionalMessage_ERROR) Pin11 (VP_RIF_VS_RIF1) cannot be retrieved for this MCU
2026-03-10 13:10:42,236 [INFO] RtosManager:558 - Registered RTOS mode: class=CMSIS, group=RTOS, mode=CMSIS_V1, owner=FREERTOS
2026-03-10 13:10:42,236 [INFO] RtosManager:558 - Registered RTOS mode: class=CMSIS, group=RTOS2, mode=CMSIS_V2, owner=FREERTOS
2026-03-10 13:10:42,236 [INFO] RtosManager:558 - Registered RTOS mode: class=RTOS, group=Core, mode=CMSIS_V1, owner=FREERTOS
2026-03-10 13:10:42,236 [INFO] RtosManager:558 - Registered RTOS mode: class=RTOS, group=Core, mode=CMSIS_V2, owner=FREERTOS
2026-03-10 13:10:42,237 [WARN] ModelIntegratedComponent:184 - Missing modes for component STMicroelectronics:FreeRTOS:0.0.1:STMicroelectronics:RTOS:FreeRTOS:Core:::10.2.0:
2026-03-10 13:10:42,241 [WARN] ModelIntegratedComponent:63 - No mode defined for component null
2026-03-10 13:10:42,241 [WARN] ModelIntegratedComponent:63 - No mode defined for component null
2026-03-10 13:10:42,241 [WARN] ModelIntegratedComponent:63 - No mode defined for component null
2026-03-10 13:10:42,241 [WARN] ModelIntegratedComponent:63 - No mode defined for component null
2026-03-10 13:10:42,241 [WARN] ModelIntegratedComponent:63 - No mode defined for component null
2026-03-10 13:10:42,241 [WARN] ModelIntegratedComponent:63 - No mode defined for component null
2026-03-10 13:10:42,241 [WARN] ModelIntegratedComponent:63 - No mode defined for component null
2026-03-10 13:10:42,241 [WARN] ModelIntegratedComponent:63 - No mode defined for component null
2026-03-10 13:10:42,241 [WARN] ModelIntegratedComponent:63 - No mode defined for component null
2026-03-10 13:10:42,241 [WARN] ModelIntegratedComponent:63 - No mode defined for component null
2026-03-10 13:10:42,241 [WARN] ModelIntegratedComponent:63 - No mode defined for component null
2026-03-10 13:10:42,241 [WARN] ModelIntegratedComponent:63 - No mode defined for component null
2026-03-10 13:10:42,241 [WARN] ModelIntegratedComponent:63 - No mode defined for component null
2026-03-10 13:10:42,241 [WARN] ModelIntegratedComponent:63 - No mode defined for component null
2026-03-10 13:10:42,241 [WARN] ModelIntegratedComponent:63 - No mode defined for component null
2026-03-10 13:10:42,241 [WARN] ModelIntegratedComponent:63 - No mode defined for component null
2026-03-10 13:10:42,241 [WARN] ModelIntegratedComponent:63 - No mode defined for component null
2026-03-10 13:10:42,241 [WARN] ModelIntegratedComponent:63 - No mode defined for component null
2026-03-10 13:10:42,242 [WARN] ModelIntegratedComponent:63 - No mode defined for component null
2026-03-10 13:10:42,242 [WARN] ModelIntegratedComponent:63 - No mode defined for component null
2026-03-10 13:10:42,242 [WARN] ModelIntegratedComponent:63 - No mode defined for component null
2026-03-10 13:10:42,242 [WARN] ModelIntegratedComponent:63 - No mode defined for component null
2026-03-10 13:10:42,242 [WARN] ModelIntegratedComponent:63 - No mode defined for component null
2026-03-10 13:10:42,242 [WARN] ModelIntegratedComponent:63 - No mode defined for component null
2026-03-10 13:10:42,242 [WARN] ModelIntegratedComponent:63 - No mode defined for component null
2026-03-10 13:10:42,242 [WARN] ModelIntegratedComponent:63 - No mode defined for component null
2026-03-10 13:10:42,242 [WARN] ModelIntegratedComponent:63 - No mode defined for component null
2026-03-10 13:10:42,242 [WARN] ModelIntegratedComponent:63 - No mode defined for component null
2026-03-10 13:10:42,242 [WARN] ModelIntegratedComponent:63 - No mode defined for component null
2026-03-10 13:10:42,242 [WARN] ModelIntegratedComponent:63 - No mode defined for component null
2026-03-10 13:10:42,242 [WARN] ModelIntegratedComponent:63 - No mode defined for component null
2026-03-10 13:10:42,242 [WARN] ModelIntegratedComponent:63 - No mode defined for component null
2026-03-10 13:10:42,242 [WARN] ModelIntegratedComponent:63 - No mode defined for component null
2026-03-10 13:10:42,242 [WARN] ModelIntegratedComponent:63 - No mode defined for component null
2026-03-10 13:10:42,242 [WARN] ModelIntegratedComponent:63 - No mode defined for component null
2026-03-10 13:10:42,242 [WARN] ModelPack:524 - Component already loaded: STMicroelectronics:HAL Drivers:0.0.0:STMicroelectronics:Device:STMicro_Driver:XSPI:HAL::0.0.1:HAL_XSPI
2026-03-10 13:10:42,279 [INFO] ThirdPartyModel:298 - Start build external matchings
2026-03-10 13:10:42,542 [INFO] ThirdPartyModel:316 - End build external matchings
2026-03-10 13:10:42,553 [INFO] ImportTextPane:234 - (OptionalMessage_ERROR) IP (DMA) : Parameter (Instance) has Id (I2C3_RX) currently not set
2026-03-10 13:10:42,553 [INFO] ImportTextPane:234 - (OptionalMessage_ERROR) IP (DMA) : Parameter (Channel) has Id (I2C3_RX) currently not set
2026-03-10 13:10:42,553 [INFO] ImportTextPane:234 - (OptionalMessage_ERROR) IP (DMA) : Parameter (Direction) has Id (I2C3_RX) currently not set
2026-03-10 13:10:42,553 [INFO] ImportTextPane:234 - (OptionalMessage_ERROR) IP (DMA) : Parameter (PeriphInc) has Id (I2C3_RX) currently not set
2026-03-10 13:10:42,553 [INFO] ImportTextPane:234 - (OptionalMessage_ERROR) IP (DMA) : Parameter (MemInc) has Id (I2C3_RX) currently not set
2026-03-10 13:10:42,553 [INFO] ImportTextPane:234 - (OptionalMessage_ERROR) IP (DMA) : Parameter (PeriphDataAlignment) has Id (I2C3_RX) currently not set
2026-03-10 13:10:42,553 [INFO] ImportTextPane:234 - (OptionalMessage_ERROR) IP (DMA) : Parameter (MemDataAlignment) has Id (I2C3_RX) currently not set
2026-03-10 13:10:42,553 [INFO] ImportTextPane:234 - (OptionalMessage_ERROR) IP (DMA) : Parameter (Mode) has Id (I2C3_RX) currently not set
2026-03-10 13:10:42,553 [INFO] ImportTextPane:234 - (OptionalMessage_ERROR) IP (DMA) : Parameter (Priority) has Id (I2C3_RX) currently not set
2026-03-10 13:10:42,553 [INFO] ImportTextPane:234 - (OptionalMessage_ERROR) IP (DMA) : Parameter (FIFOMode) has Id (I2C3_RX) currently not set
2026-03-10 13:10:42,554 [WARN] IP:2250 - I2C_Coeff_DF not found: check if there is a RefParameter without a condition.
2026-03-10 13:10:42,554 [WARN] IP:2250 - Analog_Filter not found: check if there is a RefParameter without a condition.
2026-03-10 13:10:42,554 [INFO] ImportTextPane:234 - (OptionalMessage_ERROR) IP (RCC) : Invalid parameter (FamilyName)
2026-03-10 13:10:42,554 [INFO] ImportTextPane:234 - (OptionalMessage_ERROR) IP (RCC) : Parameter (SDIOFreq_Value) has invalid value (50000000)
2026-03-10 13:10:42,554 [INFO] ImportTextPane:234 - (OptionalMessage_ERROR) IP (RCC) : Parameter (USBFreq_Value) has invalid value (50000000)
2026-03-10 13:10:42,679 [INFO] UtilMem:75 - End LoadConfig() Used Memory: 915076168 Bytes (1073741824)
2026-03-10 13:10:42,687 [WARN] ThirdParty:833 - waiting for thirdparty lock release [change project]
2026-03-10 13:10:42,687 [INFO] ThirdParty:835 - entering critical section [change project]
2026-03-10 13:10:42,687 [INFO] ThirdParty:1030 - CMSIS Pack Vendor :STMicroelectronics X-CUBE-AZRTOS-H7 3.5.0
2026-03-10 13:10:42,687 [INFO] ThirdParty:1030 - CMSIS Pack Vendor :STMicroelectronics X-CUBE-PM33A1 1.0.0
2026-03-10 13:10:42,687 [INFO] ThirdParty:1030 - CMSIS Pack Vendor :STMicroelectronics USBPD 4.1
2026-03-10 13:10:42,687 [INFO] ThirdParty:1030 - CMSIS Pack Vendor :STMicroelectronics X-CUBE-NFC9 1.0.0
2026-03-10 13:10:42,688 [INFO] ThirdParty:1030 - CMSIS Pack Vendor :STMicroelectronics USB_HOST 2.0.0
2026-03-10 13:10:42,688 [INFO] ThirdParty:1030 - CMSIS Pack Vendor :STMicroelectronics FP-SNS-MOTENVWB1 1.4.0
2026-03-10 13:10:42,688 [INFO] ThirdParty:1030 - CMSIS Pack Vendor :STMicroelectronics X-CUBE-AZRTOS-F4 1.1.0
2026-03-10 13:10:42,688 [INFO] ThirdParty:1030 - CMSIS Pack Vendor :STMicroelectronics LIBJPEG 8.0.0
2026-03-10 13:10:42,688 [INFO] ThirdParty:1030 - CMSIS Pack Vendor :STMicroelectronics FP-ATR-ASTRA1 2.0.2
2026-03-10 13:10:42,688 [INFO] ThirdParty:1030 - CMSIS Pack Vendor :wolfSSL I-CUBE-wolfSSL 5.8.2
2026-03-10 13:10:42,688 [INFO] ThirdParty:1030 - CMSIS Pack Vendor :STMicroelectronics X-CUBE-BLE1 7.1.0
2026-03-10 13:10:42,688 [INFO] ThirdParty:1030 - CMSIS Pack Vendor :STMicroelectronics X-CUBE-SMBUS 2.1.0
2026-03-10 13:10:42,688 [INFO] ThirdParty:1030 - CMSIS Pack Vendor :wolfSSL I-CUBE-wolfMQTT 1.19.2
2026-03-10 13:10:42,688 [INFO] ThirdParty:1030 - CMSIS Pack Vendor :STMicroelectronics USB_DEVICE 3.0.0
2026-03-10 13:10:42,688 [INFO] ThirdParty:1030 - CMSIS Pack Vendor :STMicroelectronics X-CUBE-ISPU 2.1.0
2026-03-10 13:10:42,688 [INFO] ThirdParty:1030 - CMSIS Pack Vendor :STMicroelectronics X-CUBE-FREERTOS 1.4.0
2026-03-10 13:10:42,688 [INFO] ThirdParty:1030 - CMSIS Pack Vendor :STMicroelectronics X-CUBE-EEPRMA1 5.2.0
2026-03-10 13:10:42,688 [INFO] ThirdParty:1030 - CMSIS Pack Vendor :STMicroelectronics X-CUBE-IPS 3.2.0
2026-03-10 13:10:42,688 [INFO] ThirdParty:1030 - CMSIS Pack Vendor :STMicroelectronics X-CUBE-BLEMGR 4.1.0
2026-03-10 13:10:42,688 [INFO] ThirdParty:1030 - CMSIS Pack Vendor :STMicroelectronics X-CUBE-AZRTOS-WB 2.0.0
2026-03-10 13:10:42,688 [INFO] ThirdParty:1030 - CMSIS Pack Vendor :STMicroelectronics X-CUBE-ST60 1.0.0
2026-03-10 13:10:42,688 [INFO] ThirdParty:1030 - CMSIS Pack Vendor :STMicroelectronics X-CUBE-GNSS1 7.0.1
2026-03-10 13:10:42,688 [INFO] ThirdParty:1030 - CMSIS Pack Vendor :STMicroelectronics X-CUBE-NFC12 1.0.0
2026-03-10 13:10:42,688 [INFO] ThirdParty:1030 - CMSIS Pack Vendor :STMicroelectronics X-CUBE-AZRTOS-F7 1.1.0
2026-03-10 13:10:42,688 [INFO] ThirdParty:1030 - CMSIS Pack Vendor :STMicroelectronics X-CUBE-AZRTOS-L5 2.0.0
2026-03-10 13:10:42,688 [INFO] ThirdParty:1030 - CMSIS Pack Vendor :STMicroelectronics USB_DEVICE 2.0.0
2026-03-10 13:10:42,688 [INFO] ThirdParty:1030 - CMSIS Pack Vendor :STMicroelectronics X-CUBE-NFC6 3.1.0
2026-03-10 13:10:42,688 [INFO] ThirdParty:1030 - CMSIS Pack Vendor :STMicroelectronics X-CUBE-ST67W61 1.1.0
2026-03-10 13:10:42,688 [INFO] ThirdParty:1030 - CMSIS Pack Vendor :Cesanta I-CUBE-Mongoose 7.19.0
2026-03-10 13:10:42,688 [INFO] ThirdParty:1030 - CMSIS Pack Vendor :quantropi X-CUBE-qispace-sdk-base 2.1.0
2026-03-10 13:10:42,688 [INFO] ThirdParty:1030 - CMSIS Pack Vendor :STMicroelectronics X-CUBE-MEMS1 12.0.0
2026-03-10 13:10:42,688 [INFO] ThirdParty:1030 - CMSIS Pack Vendor :STMicroelectronics X-CUBE-STSE01 2.0.0
2026-03-10 13:10:42,688 [INFO] ThirdParty:1030 - CMSIS Pack Vendor :STMicroelectronics FP-SNS-MOTENV1 5.1.0
2026-03-10 13:10:42,688 [INFO] ThirdParty:1030 - CMSIS Pack Vendor :STMicroelectronics FreeRTOS 0.0.1
2026-03-10 13:10:42,688 [INFO] ThirdParty:1030 - CMSIS Pack Vendor :STMicroelectronics X-CUBE-AZRTOS-G0 1.1.0
2026-03-10 13:10:42,688 [INFO] ThirdParty:1030 - CMSIS Pack Vendor :STMicroelectronics X-CUBE-SAFEA1 1.2.2
2026-03-10 13:10:42,688 [INFO] ThirdParty:1030 - CMSIS Pack Vendor :STMicroelectronics X-CUBE-NFC4 3.0.0
2026-03-10 13:10:42,688 [INFO] ThirdParty:1030 - CMSIS Pack Vendor :STMicroelectronics X-CUBE-SUBG2 5.0.0
2026-03-10 13:10:42,688 [INFO] ThirdParty:1030 - CMSIS Pack Vendor :STMicroelectronics X-CUBE-AZRTOS-H7RS 1.1.0
2026-03-10 13:10:42,688 [INFO] ThirdParty:1030 - CMSIS Pack Vendor :STMicroelectronics STM32_WPAN 1.0.0
2026-03-10 13:10:42,688 [INFO] ThirdParty:1030 - CMSIS Pack Vendor :EmbeddedOffice I-CUBE-FS-RTOS 1.0.1
2026-03-10 13:10:42,688 [INFO] ThirdParty:1030 - CMSIS Pack Vendor :STMicroelectronics lwIP 2.0.3
2026-03-10 13:10:42,688 [INFO] ThirdParty:1030 - CMSIS Pack Vendor :WES I-CUBE-Cesium 1.4.0
2026-03-10 13:10:42,688 [INFO] ThirdParty:1030 - CMSIS Pack Vendor :STMicroelectronics USB_HOST 1.0.0
2026-03-10 13:10:42,688 [INFO] ThirdParty:1030 - CMSIS Pack Vendor :Infineon AIROC-Wi-Fi-Bluetooth-STM32 1.7.1
2026-03-10 13:10:42,688 [INFO] ThirdParty:1030 - CMSIS Pack Vendor :STMicroelectronics X-CUBE-AZRTOS-G4 2.0.0
2026-03-10 13:10:42,688 [INFO] ThirdParty:1030 - CMSIS Pack Vendor :STMicroelectronics X-CUBE-WB05N 2.0.0
2026-03-10 13:10:42,688 [INFO] ThirdParty:1030 - CMSIS Pack Vendor :STMicroelectronics PDM2PCM 3.1.0
2026-03-10 13:10:42,688 [INFO] ThirdParty:1030 - CMSIS Pack Vendor :STMicroelectronics PDM2PCM 3.3.0
2026-03-10 13:10:42,688 [INFO] ThirdParty:1030 - CMSIS Pack Vendor :wolfSSL I-CUBE-wolfTPM 3.8.0
2026-03-10 13:10:42,688 [INFO] ThirdParty:1030 - CMSIS Pack Vendor :STMicroelectronics X-CUBE-AZRTOS-H7 3.4.0
2026-03-10 13:10:42,688 [INFO] ThirdParty:1030 - CMSIS Pack Vendor :STMicroelectronics X-CUBE-DISPLAY 3.0.0
2026-03-10 13:10:42,688 [INFO] ThirdParty:1030 - CMSIS Pack Vendor :wolfSSL I-CUBE-wolfSSH 1.4.20
2026-03-10 13:10:42,688 [INFO] ThirdParty:1030 - CMSIS Pack Vendor :STMicroelectronics X-CUBE-NFC7 2.0.0
2026-03-10 13:10:42,688 [INFO] ThirdParty:1030 - CMSIS Pack Vendor :STMicroelectronics FP-SNS-MOTENVWB1 1.5.0
2026-03-10 13:10:42,688 [INFO] ThirdParty:1030 - CMSIS Pack Vendor :STMicroelectronics X-CUBE-TCPP 4.2.0
2026-03-10 13:10:42,688 [INFO] ThirdParty:1030 - CMSIS Pack Vendor :RealThread X-CUBE-RT-Thread_Nano 4.1.1
2026-03-10 13:10:42,688 [INFO] ThirdParty:1030 - CMSIS Pack Vendor :STMicroelectronics FP-ATR-SIGFOX1 3.2.0
2026-03-10 13:10:42,688 [INFO] ThirdParty:1030 - CMSIS Pack Vendor :STMicroelectronics X-CUBE-NFC10 1.0.0
2026-03-10 13:10:42,688 [INFO] ThirdParty:1030 - CMSIS Pack Vendor :STMicroelectronics X-CUBE-FREERTOS 1.3.1
2026-03-10 13:10:42,688 [INFO] ThirdParty:1030 - CMSIS Pack Vendor :STMicroelectronics HAL Drivers 0.0.0
2026-03-10 13:10:42,688 [INFO] ThirdParty:1030 - CMSIS Pack Vendor :STMicroelectronics X-CUBE-FREERTOS 1.5.0
2026-03-10 13:10:42,688 [INFO] ThirdParty:1030 - CMSIS Pack Vendor :STMicroelectronics MBEDTLS 2.16.2
2026-03-10 13:10:42,688 [INFO] ThirdParty:1030 - CMSIS Pack Vendor :STMicroelectronics X-CUBE-ST60 1.1.0
2026-03-10 13:10:42,688 [INFO] ThirdParty:1030 - CMSIS Pack Vendor :STMicroelectronics X-CUBE-ALS 1.0.2
2026-03-10 13:10:42,688 [INFO] ThirdParty:1030 - CMSIS Pack Vendor :emotas I-CUBE-CANOPEN 1.3.0
2026-03-10 13:10:42,688 [INFO] ThirdParty:1030 - CMSIS Pack Vendor :STMicroelectronics MBEDTLS 2.14.1
2026-03-10 13:10:42,688 [INFO] ThirdParty:1030 - CMSIS Pack Vendor :STMicroelectronics X-CUBE-GNSS1 7.1.0
2026-03-10 13:10:42,688 [INFO] ThirdParty:1030 - CMSIS Pack Vendor :ITTIA_DB I-CUBE-ITTIADB 8.9.0
2026-03-10 13:10:42,688 [INFO] ThirdParty:1030 - CMSIS Pack Vendor :STMicroelectronics X-CUBE-TOUCHGFX 4.26.0
2026-03-10 13:10:42,688 [INFO] ThirdParty:1030 - CMSIS Pack Vendor :STMicroelectronics X-CUBE-STSE01 1.0.0
2026-03-10 13:10:42,689 [INFO] ThirdParty:1030 - CMSIS Pack Vendor :STMicroelectronics X-CUBE-TOUCHGFX 4.26.1
2026-03-10 13:10:42,689 [INFO] ThirdParty:1030 - CMSIS Pack Vendor :STMicroelectronics X-CUBE-NFC6 3.2.0
2026-03-10 13:10:42,689 [INFO] ThirdParty:1030 - CMSIS Pack Vendor :STMicroelectronics ThreadX 1.0.0
2026-03-10 13:10:42,689 [INFO] ThirdParty:1030 - CMSIS Pack Vendor :STMicroelectronics FP-SNS-SMARTAG2 1.2.0
2026-03-10 13:10:42,689 [INFO] ThirdParty:1030 - CMSIS Pack Vendor :STMicroelectronics FP-SNS-FLIGHT1 5.1.0
2026-03-10 13:10:42,689 [INFO] ThirdParty:1030 - CMSIS Pack Vendor :STMicroelectronics X-CUBE-AZRTOS-WL 2.0.0
2026-03-10 13:10:42,689 [INFO] ThirdParty:1030 - CMSIS Pack Vendor :SEGGER I-CUBE-embOS 1.3.1
2026-03-10 13:10:42,689 [INFO] ThirdParty:1030 - CMSIS Pack Vendor :STMicroelectronics X-CUBE-ALGOBUILD 1.4.0
2026-03-10 13:10:42,689 [INFO] ThirdParty:1030 - CMSIS Pack Vendor :STMicroelectronics X-CUBE-DPower 1.3.0
2026-03-10 13:10:42,689 [INFO] ThirdParty:1030 - CMSIS Pack Vendor :STMicroelectronics X-CUBE-MEMS1 11.3.0
2026-03-10 13:10:42,689 [INFO] ThirdParty:1030 - CMSIS Pack Vendor :STMicroelectronics FP-SNS-MOTENV1 5.0.0
2026-03-10 13:10:42,689 [INFO] ThirdParty:1030 - CMSIS Pack Vendor :STMicroelectronics USB_DEVICE 1.0.0
2026-03-10 13:10:42,689 [INFO] ThirdParty:1030 - CMSIS Pack Vendor :STMicroelectronics X-CUBE-AZRTOS-H7RS 1.2.0
2026-03-10 13:10:42,689 [INFO] ThirdParty:1030 - CMSIS Pack Vendor :STMicroelectronics X-CUBE-AZRTOS-L4 2.0.0
2026-03-10 13:10:42,689 [INFO] ThirdParty:1030 - CMSIS Pack Vendor :STMicroelectronics ThreadX 0.0.2
2026-03-10 13:10:42,689 [INFO] ThirdParty:1030 - CMSIS Pack Vendor :STMicroelectronics lwIP 2.1.2
2026-03-10 13:10:42,689 [INFO] ThirdParty:1030 - CMSIS Pack Vendor :STMicroelectronics X-CUBE-SFXS2LP1 4.0.0
2026-03-10 13:10:42,689 [INFO] ThirdParty:1030 - CMSIS Pack Vendor :STMicroelectronics X-CUBE-BLE2 3.3.0
2026-03-10 13:10:42,689 [INFO] ThirdParty:1030 - CMSIS Pack Vendor :Avnet-IOTCONNECT X-CUBE-iotc-st67-sdk 1.0.0
2026-03-10 13:10:42,689 [INFO] ThirdParty:1030 - CMSIS Pack Vendor :STMicroelectronics X-CUBE-TOF1 3.4.3
2026-03-10 13:10:42,689 [INFO] ThirdParty:1030 - CMSIS Pack Vendor :STMicroelectronics PDM2PCM 3.2.0
2026-03-10 13:10:42,689 [INFO] ThirdParty:1030 - CMSIS Pack Vendor :STMicroelectronics X-CUBE-ST67W61 1.2.0
2026-03-10 13:10:42,689 [INFO] ThirdParty:841 - exiting critical section [change project]
2026-03-10 13:10:42,868 [INFO] PinOutPanel:1589 - setPackage(No Configuration,No Configuration)
2026-03-10 13:10:42,869 [INFO] PinOutPanel:1589 - setPackage(STM32F446RETx,LQFP64)
2026-03-10 13:10:43,062 [INFO] UtilMem:75 - Before build in PCC Used Memory: 495937880 Bytes (1073741824)
2026-03-10 13:10:43,220 [INFO] UtilMem:75 - After build in PCC Used Memory: 551512408 Bytes (1073741824)
2026-03-10 13:10:43,235 [INFO] IPUIPlugin:80 - create IPUIPlugin
2026-03-10 13:10:43,236 [INFO] IPUIPlugin:80 - create IPUIPlugin
2026-03-10 13:10:43,236 [INFO] IPUIPlugin:80 - create IPUIPlugin
2026-03-10 13:10:43,236 [INFO] IPUIPlugin:80 - create IPUIPlugin
2026-03-10 13:10:43,236 [INFO] IPUIPlugin:80 - create IPUIPlugin
2026-03-10 13:10:43,236 [INFO] IPUIPlugin:80 - create IPUIPlugin
2026-03-10 13:10:43,236 [INFO] IPUIPlugin:80 - create IPUIPlugin
2026-03-10 13:10:43,236 [INFO] IPUIPlugin:80 - create IPUIPlugin
2026-03-10 13:10:43,236 [INFO] IPUIPlugin:80 - create IPUIPlugin
2026-03-10 13:10:43,237 [INFO] IPUIPlugin:80 - create IPUIPlugin
2026-03-10 13:10:43,237 [INFO] IPUIPlugin:80 - create IPUIPlugin
2026-03-10 13:10:43,237 [INFO] IPUIPlugin:80 - create IPUIPlugin
2026-03-10 13:10:43,237 [INFO] IPUIPlugin:80 - create IPUIPlugin
2026-03-10 13:10:43,237 [INFO] IPUIPlugin:80 - create IPUIPlugin
2026-03-10 13:10:43,237 [INFO] IPUIPlugin:80 - create IPUIPlugin
2026-03-10 13:10:43,237 [INFO] IPUIPlugin:80 - create IPUIPlugin
2026-03-10 13:10:43,237 [INFO] IPUIPlugin:80 - create IPUIPlugin
2026-03-10 13:10:43,238 [INFO] IPUIPlugin:80 - create IPUIPlugin
2026-03-10 13:10:43,238 [INFO] IPUIPlugin:80 - create IPUIPlugin
2026-03-10 13:10:43,238 [INFO] IPUIPlugin:80 - create IPUIPlugin
2026-03-10 13:10:43,238 [INFO] IPUIPlugin:80 - create IPUIPlugin
2026-03-10 13:10:43,238 [INFO] IPUIPlugin:80 - create IPUIPlugin
2026-03-10 13:10:43,238 [INFO] IPUIPlugin:80 - create IPUIPlugin
2026-03-10 13:10:43,238 [INFO] IPUIPlugin:80 - create IPUIPlugin
2026-03-10 13:10:43,238 [INFO] IPUIPlugin:80 - create IPUIPlugin
2026-03-10 13:10:43,239 [INFO] IPUIPlugin:80 - create IPUIPlugin
2026-03-10 13:10:43,239 [INFO] IPUIPlugin:80 - create IPUIPlugin
2026-03-10 13:10:43,239 [INFO] IPUIPlugin:80 - create IPUIPlugin
2026-03-10 13:10:43,239 [INFO] IPUIPlugin:80 - create IPUIPlugin
2026-03-10 13:10:43,239 [INFO] IPUIPlugin:80 - create IPUIPlugin
2026-03-10 13:10:43,239 [INFO] IPUIPlugin:80 - create IPUIPlugin
2026-03-10 13:10:43,239 [INFO] IPUIPlugin:80 - create IPUIPlugin
2026-03-10 13:10:43,240 [INFO] IPUIPlugin:80 - create IPUIPlugin
2026-03-10 13:10:43,240 [INFO] IPUIPlugin:80 - create IPUIPlugin
2026-03-10 13:10:43,240 [INFO] IPUIPlugin:80 - create IPUIPlugin
2026-03-10 13:10:43,240 [INFO] IPUIPlugin:80 - create IPUIPlugin
2026-03-10 13:10:43,240 [INFO] IPUIPlugin:80 - create IPUIPlugin
2026-03-10 13:10:43,240 [INFO] IPUIPlugin:80 - create IPUIPlugin
2026-03-10 13:10:43,240 [INFO] IPUIPlugin:80 - create IPUIPlugin
2026-03-10 13:10:43,241 [INFO] IPUIPlugin:80 - create IPUIPlugin
2026-03-10 13:10:43,241 [INFO] IPUIPlugin:80 - create IPUIPlugin
2026-03-10 13:10:43,241 [INFO] IPUIPlugin:80 - create IPUIPlugin
2026-03-10 13:10:43,241 [INFO] IPUIPlugin:80 - create IPUIPlugin
2026-03-10 13:10:43,241 [INFO] IPUIPlugin:80 - create IPUIPlugin
2026-03-10 13:10:43,242 [INFO] IPUIPlugin:80 - create IPUIPlugin
2026-03-10 13:10:43,242 [INFO] IPUIPlugin:80 - create IPUIPlugin
2026-03-10 13:10:43,242 [INFO] IPUIPlugin:80 - create IPUIPlugin
2026-03-10 13:10:43,242 [INFO] IPUIPlugin:80 - create IPUIPlugin
2026-03-10 13:10:43,242 [INFO] IPUIPlugin:80 - create IPUIPlugin
2026-03-10 13:10:43,242 [INFO] IPUIPlugin:80 - create IPUIPlugin
2026-03-10 13:10:43,242 [INFO] IPUIPlugin:80 - create IPUIPlugin
2026-03-10 13:10:43,243 [INFO] IPUIPlugin:80 - create IPUIPlugin
2026-03-10 13:10:43,243 [INFO] IPUIPlugin:80 - create IPUIPlugin
2026-03-10 13:10:43,243 [INFO] IPUIPlugin:80 - create IPUIPlugin
2026-03-10 13:10:43,243 [INFO] IPUIPlugin:80 - create IPUIPlugin
2026-03-10 13:10:43,244 [INFO] IPUIPlugin:80 - create IPUIPlugin
2026-03-10 13:10:43,244 [INFO] IPUIPlugin:80 - create IPUIPlugin
2026-03-10 13:10:43,244 [INFO] IPUIPlugin:80 - create IPUIPlugin
2026-03-10 13:10:43,245 [INFO] IPUIPlugin:80 - create IPUIPlugin
2026-03-10 13:10:43,245 [INFO] IPUIPlugin:80 - create IPUIPlugin
2026-03-10 13:10:43,247 [INFO] ApiDbMcu:532 - Load IP Config File for PDM2PCM
2026-03-10 13:10:43,248 [INFO] Can:71 - Can Add PropertyChangeListener com.st.microxplorer.plugins.ip.can.Can@3cb6155e
2026-03-10 13:10:43,248 [WARN] IP:2250 - I2C_Coeff_DF not found: check if there is a RefParameter without a condition.
2026-03-10 13:10:43,248 [WARN] IP:2250 - Analog_Filter not found: check if there is a RefParameter without a condition.
2026-03-10 13:10:43,293 [INFO] CADModel:165 - CPN selected for project levelSTM32F446RET6
2026-03-10 13:10:43,294 [INFO] CADModel:114 - Register for checkConnection events
2026-03-10 13:10:43,334 [INFO] OpenFileManager:386 - Restore cursor
2026-03-10 13:10:43,474 [WARN] IP:2250 - I2C_Coeff_DF not found: check if there is a RefParameter without a condition.
2026-03-10 13:10:43,474 [WARN] IP:2250 - Analog_Filter not found: check if there is a RefParameter without a condition.
2026-03-10 13:10:43,474 [WARN] IP:2250 - I2C_Coeff_DF not found: check if there is a RefParameter without a condition.
2026-03-10 13:10:43,474 [WARN] IP:2250 - Analog_Filter not found: check if there is a RefParameter without a condition.
2026-03-10 13:11:29,575 [INFO] ApiDbMcu:532 - Load IP Config File for USB_DEVICE
2026-03-10 13:11:29,738 [WARN] IP:2250 - DEVICE_SERIAL0_CDC_FS not found: check if there is a RefParameter without a condition.
2026-03-10 13:11:29,739 [WARN] IP:2250 - DEVICE_SERIAL1_CDC_FS not found: check if there is a RefParameter without a condition.
2026-03-10 13:11:29,739 [WARN] IP:2250 - DEVICE_SERIAL2_CDC_FS not found: check if there is a RefParameter without a condition.
2026-03-10 13:11:29,740 [WARN] IP:2250 - DEVICE_SERIAL0_CDC_FS not found: check if there is a RefParameter without a condition.
2026-03-10 13:11:29,740 [WARN] IP:2250 - DEVICE_SERIAL1_CDC_FS not found: check if there is a RefParameter without a condition.
2026-03-10 13:11:29,740 [WARN] IP:2250 - DEVICE_SERIAL2_CDC_FS not found: check if there is a RefParameter without a condition.
2026-03-10 13:11:29,764 [WARN] IP:2250 - DEVICE_SERIAL0_CDC_FS not found: check if there is a RefParameter without a condition.
2026-03-10 13:11:29,764 [WARN] IP:2250 - DEVICE_SERIAL1_CDC_FS not found: check if there is a RefParameter without a condition.
2026-03-10 13:11:29,764 [WARN] IP:2250 - DEVICE_SERIAL2_CDC_FS not found: check if there is a RefParameter without a condition.
2026-03-10 13:11:55,265 [INFO] UtilMem:75 - End SaveConfig() Used Memory: 613553664 Bytes (1073741824)
2026-03-10 13:12:10,770 [WARN] IP:2250 - DEVICE_SERIAL0_CDC_FS not found: check if there is a RefParameter without a condition.
2026-03-10 13:12:10,770 [WARN] IP:2250 - DEVICE_SERIAL1_CDC_FS not found: check if there is a RefParameter without a condition.
2026-03-10 13:12:10,770 [WARN] IP:2250 - DEVICE_SERIAL2_CDC_FS not found: check if there is a RefParameter without a condition.
2026-03-10 13:12:10,771 [WARN] IP:2250 - DEVICE_SERIAL0_CDC_FS not found: check if there is a RefParameter without a condition.
2026-03-10 13:12:10,771 [WARN] IP:2250 - DEVICE_SERIAL1_CDC_FS not found: check if there is a RefParameter without a condition.
2026-03-10 13:12:10,771 [WARN] IP:2250 - DEVICE_SERIAL2_CDC_FS not found: check if there is a RefParameter without a condition.
2026-03-10 13:12:10,818 [WARN] IP:2250 - I2C_Coeff_DF not found: check if there is a RefParameter without a condition.
2026-03-10 13:12:10,818 [WARN] IP:2250 - Analog_Filter not found: check if there is a RefParameter without a condition.
2026-03-10 13:12:10,819 [WARN] IP:2250 - I2C_Coeff_DF not found: check if there is a RefParameter without a condition.
2026-03-10 13:12:10,819 [WARN] IP:2250 - Analog_Filter not found: check if there is a RefParameter without a condition.
2026-03-10 13:12:13,479 [WARN] IP:2250 - DEVICE_SERIAL0_CDC_FS not found: check if there is a RefParameter without a condition.
2026-03-10 13:12:13,479 [WARN] IP:2250 - DEVICE_SERIAL1_CDC_FS not found: check if there is a RefParameter without a condition.
2026-03-10 13:12:13,479 [WARN] IP:2250 - DEVICE_SERIAL2_CDC_FS not found: check if there is a RefParameter without a condition.
2026-03-10 13:12:13,480 [WARN] IP:2250 - DEVICE_SERIAL0_CDC_FS not found: check if there is a RefParameter without a condition.
2026-03-10 13:12:13,480 [WARN] IP:2250 - DEVICE_SERIAL1_CDC_FS not found: check if there is a RefParameter without a condition.
2026-03-10 13:12:13,480 [WARN] IP:2250 - DEVICE_SERIAL2_CDC_FS not found: check if there is a RefParameter without a condition.
2026-03-10 13:12:13,521 [WARN] IP:2250 - I2C_Coeff_DF not found: check if there is a RefParameter without a condition.
2026-03-10 13:12:13,521 [WARN] IP:2250 - Analog_Filter not found: check if there is a RefParameter without a condition.
2026-03-10 13:12:13,522 [WARN] IP:2250 - I2C_Coeff_DF not found: check if there is a RefParameter without a condition.
2026-03-10 13:12:13,522 [WARN] IP:2250 - Analog_Filter not found: check if there is a RefParameter without a condition.
2026-03-10 13:12:15,829 [WARN] IP:2250 - DEVICE_SERIAL0_CDC_FS not found: check if there is a RefParameter without a condition.
2026-03-10 13:12:15,829 [WARN] IP:2250 - DEVICE_SERIAL1_CDC_FS not found: check if there is a RefParameter without a condition.
2026-03-10 13:12:15,829 [WARN] IP:2250 - DEVICE_SERIAL2_CDC_FS not found: check if there is a RefParameter without a condition.
2026-03-10 13:12:15,830 [WARN] IP:2250 - DEVICE_SERIAL0_CDC_FS not found: check if there is a RefParameter without a condition.
2026-03-10 13:12:15,830 [WARN] IP:2250 - DEVICE_SERIAL1_CDC_FS not found: check if there is a RefParameter without a condition.
2026-03-10 13:12:15,830 [WARN] IP:2250 - DEVICE_SERIAL2_CDC_FS not found: check if there is a RefParameter without a condition.
2026-03-10 13:12:15,872 [WARN] IP:2250 - I2C_Coeff_DF not found: check if there is a RefParameter without a condition.
2026-03-10 13:12:15,873 [WARN] IP:2250 - Analog_Filter not found: check if there is a RefParameter without a condition.
2026-03-10 13:12:15,873 [WARN] IP:2250 - I2C_Coeff_DF not found: check if there is a RefParameter without a condition.
2026-03-10 13:12:15,873 [WARN] IP:2250 - Analog_Filter not found: check if there is a RefParameter without a condition.
2026-03-10 13:12:18,467 [WARN] IP:2250 - DEVICE_SERIAL0_CDC_FS not found: check if there is a RefParameter without a condition.
2026-03-10 13:12:18,467 [WARN] IP:2250 - DEVICE_SERIAL1_CDC_FS not found: check if there is a RefParameter without a condition.
2026-03-10 13:12:18,467 [WARN] IP:2250 - DEVICE_SERIAL2_CDC_FS not found: check if there is a RefParameter without a condition.
2026-03-10 13:12:18,468 [WARN] IP:2250 - DEVICE_SERIAL0_CDC_FS not found: check if there is a RefParameter without a condition.
2026-03-10 13:12:18,468 [WARN] IP:2250 - DEVICE_SERIAL1_CDC_FS not found: check if there is a RefParameter without a condition.
2026-03-10 13:12:18,468 [WARN] IP:2250 - DEVICE_SERIAL2_CDC_FS not found: check if there is a RefParameter without a condition.
2026-03-10 13:12:18,508 [WARN] IP:2250 - I2C_Coeff_DF not found: check if there is a RefParameter without a condition.
2026-03-10 13:12:18,509 [WARN] IP:2250 - Analog_Filter not found: check if there is a RefParameter without a condition.
2026-03-10 13:12:18,509 [WARN] IP:2250 - I2C_Coeff_DF not found: check if there is a RefParameter without a condition.
2026-03-10 13:12:18,509 [WARN] IP:2250 - Analog_Filter not found: check if there is a RefParameter without a condition.
2026-03-10 13:15:37,478 [WARN] IP:2250 - DEVICE_SERIAL0_CDC_FS not found: check if there is a RefParameter without a condition.
2026-03-10 13:15:37,479 [WARN] IP:2250 - DEVICE_SERIAL1_CDC_FS not found: check if there is a RefParameter without a condition.
2026-03-10 13:15:37,479 [WARN] IP:2250 - DEVICE_SERIAL2_CDC_FS not found: check if there is a RefParameter without a condition.
2026-03-10 13:15:37,479 [WARN] IP:2250 - DEVICE_SERIAL0_CDC_FS not found: check if there is a RefParameter without a condition.
2026-03-10 13:15:37,479 [WARN] IP:2250 - DEVICE_SERIAL1_CDC_FS not found: check if there is a RefParameter without a condition.
2026-03-10 13:15:37,479 [WARN] IP:2250 - DEVICE_SERIAL2_CDC_FS not found: check if there is a RefParameter without a condition.
2026-03-10 13:15:37,524 [WARN] IP:2250 - I2C_Coeff_DF not found: check if there is a RefParameter without a condition.
2026-03-10 13:15:37,524 [WARN] IP:2250 - Analog_Filter not found: check if there is a RefParameter without a condition.
2026-03-10 13:15:37,524 [WARN] IP:2250 - I2C_Coeff_DF not found: check if there is a RefParameter without a condition.
2026-03-10 13:15:37,525 [WARN] IP:2250 - Analog_Filter not found: check if there is a RefParameter without a condition.
2026-03-10 13:15:40,539 [WARN] IP:2250 - DEVICE_SERIAL0_CDC_FS not found: check if there is a RefParameter without a condition.
2026-03-10 13:15:40,539 [WARN] IP:2250 - DEVICE_SERIAL1_CDC_FS not found: check if there is a RefParameter without a condition.
2026-03-10 13:15:40,539 [WARN] IP:2250 - DEVICE_SERIAL2_CDC_FS not found: check if there is a RefParameter without a condition.
2026-03-10 13:15:40,540 [WARN] IP:2250 - DEVICE_SERIAL0_CDC_FS not found: check if there is a RefParameter without a condition.
2026-03-10 13:15:40,540 [WARN] IP:2250 - DEVICE_SERIAL1_CDC_FS not found: check if there is a RefParameter without a condition.
2026-03-10 13:15:40,540 [WARN] IP:2250 - DEVICE_SERIAL2_CDC_FS not found: check if there is a RefParameter without a condition.
2026-03-10 13:15:40,579 [WARN] IP:2250 - I2C_Coeff_DF not found: check if there is a RefParameter without a condition.
2026-03-10 13:15:40,579 [WARN] IP:2250 - Analog_Filter not found: check if there is a RefParameter without a condition.
2026-03-10 13:15:40,579 [WARN] IP:2250 - I2C_Coeff_DF not found: check if there is a RefParameter without a condition.
2026-03-10 13:15:40,579 [WARN] IP:2250 - Analog_Filter not found: check if there is a RefParameter without a condition.
2026-03-10 13:17:10,765 [WARN] IP:2250 - DEVICE_SERIAL0_CDC_FS not found: check if there is a RefParameter without a condition.
2026-03-10 13:17:10,765 [WARN] IP:2250 - DEVICE_SERIAL1_CDC_FS not found: check if there is a RefParameter without a condition.
2026-03-10 13:17:10,765 [WARN] IP:2250 - DEVICE_SERIAL2_CDC_FS not found: check if there is a RefParameter without a condition.
2026-03-10 13:17:10,766 [WARN] IP:2250 - DEVICE_SERIAL0_CDC_FS not found: check if there is a RefParameter without a condition.
2026-03-10 13:17:10,766 [WARN] IP:2250 - DEVICE_SERIAL1_CDC_FS not found: check if there is a RefParameter without a condition.
2026-03-10 13:17:10,766 [WARN] IP:2250 - DEVICE_SERIAL2_CDC_FS not found: check if there is a RefParameter without a condition.
2026-03-10 13:17:10,805 [WARN] IP:2250 - I2C_Coeff_DF not found: check if there is a RefParameter without a condition.
2026-03-10 13:17:10,805 [WARN] IP:2250 - Analog_Filter not found: check if there is a RefParameter without a condition.
2026-03-10 13:17:10,805 [WARN] IP:2250 - I2C_Coeff_DF not found: check if there is a RefParameter without a condition.
2026-03-10 13:17:10,805 [WARN] IP:2250 - Analog_Filter not found: check if there is a RefParameter without a condition.
2026-03-10 13:18:38,555 [WARN] IP:2250 - DEVICE_SERIAL0_CDC_FS not found: check if there is a RefParameter without a condition.
2026-03-10 13:18:38,555 [WARN] IP:2250 - DEVICE_SERIAL1_CDC_FS not found: check if there is a RefParameter without a condition.
2026-03-10 13:18:38,556 [WARN] IP:2250 - DEVICE_SERIAL2_CDC_FS not found: check if there is a RefParameter without a condition.
2026-03-10 13:18:38,556 [WARN] IP:2250 - DEVICE_SERIAL0_CDC_FS not found: check if there is a RefParameter without a condition.
2026-03-10 13:18:38,556 [WARN] IP:2250 - DEVICE_SERIAL1_CDC_FS not found: check if there is a RefParameter without a condition.
2026-03-10 13:18:38,556 [WARN] IP:2250 - DEVICE_SERIAL2_CDC_FS not found: check if there is a RefParameter without a condition.
2026-03-10 13:18:38,617 [WARN] IP:2250 - I2C_Coeff_DF not found: check if there is a RefParameter without a condition.
2026-03-10 13:18:38,617 [WARN] IP:2250 - Analog_Filter not found: check if there is a RefParameter without a condition.
2026-03-10 13:18:38,618 [WARN] IP:2250 - I2C_Coeff_DF not found: check if there is a RefParameter without a condition.
2026-03-10 13:18:38,618 [WARN] IP:2250 - Analog_Filter not found: check if there is a RefParameter without a condition.
2026-03-10 13:19:07,115 [WARN] IP:2250 - DEVICE_SERIAL0_CDC_FS not found: check if there is a RefParameter without a condition.
2026-03-10 13:19:07,116 [WARN] IP:2250 - DEVICE_SERIAL1_CDC_FS not found: check if there is a RefParameter without a condition.
2026-03-10 13:19:07,116 [WARN] IP:2250 - DEVICE_SERIAL2_CDC_FS not found: check if there is a RefParameter without a condition.
2026-03-10 13:19:07,116 [WARN] IP:2250 - DEVICE_SERIAL0_CDC_FS not found: check if there is a RefParameter without a condition.
2026-03-10 13:19:07,116 [WARN] IP:2250 - DEVICE_SERIAL1_CDC_FS not found: check if there is a RefParameter without a condition.
2026-03-10 13:19:07,116 [WARN] IP:2250 - DEVICE_SERIAL2_CDC_FS not found: check if there is a RefParameter without a condition.
2026-03-10 13:19:07,159 [WARN] IP:2250 - I2C_Coeff_DF not found: check if there is a RefParameter without a condition.
2026-03-10 13:19:07,159 [WARN] IP:2250 - Analog_Filter not found: check if there is a RefParameter without a condition.
2026-03-10 13:19:07,160 [WARN] IP:2250 - I2C_Coeff_DF not found: check if there is a RefParameter without a condition.
2026-03-10 13:19:07,160 [WARN] IP:2250 - Analog_Filter not found: check if there is a RefParameter without a condition.
2026-03-10 13:19:12,918 [WARN] IP:2250 - DEVICE_SERIAL0_CDC_FS not found: check if there is a RefParameter without a condition.
2026-03-10 13:19:12,918 [WARN] IP:2250 - DEVICE_SERIAL1_CDC_FS not found: check if there is a RefParameter without a condition.
2026-03-10 13:19:12,918 [WARN] IP:2250 - DEVICE_SERIAL2_CDC_FS not found: check if there is a RefParameter without a condition.
2026-03-10 13:19:12,919 [WARN] IP:2250 - DEVICE_SERIAL0_CDC_FS not found: check if there is a RefParameter without a condition.
2026-03-10 13:19:12,919 [WARN] IP:2250 - DEVICE_SERIAL1_CDC_FS not found: check if there is a RefParameter without a condition.
2026-03-10 13:19:12,919 [WARN] IP:2250 - DEVICE_SERIAL2_CDC_FS not found: check if there is a RefParameter without a condition.
2026-03-10 13:19:12,958 [WARN] IP:2250 - I2C_Coeff_DF not found: check if there is a RefParameter without a condition.
2026-03-10 13:19:12,958 [WARN] IP:2250 - Analog_Filter not found: check if there is a RefParameter without a condition.
2026-03-10 13:19:12,958 [WARN] IP:2250 - I2C_Coeff_DF not found: check if there is a RefParameter without a condition.
2026-03-10 13:19:12,958 [WARN] IP:2250 - Analog_Filter not found: check if there is a RefParameter without a condition.
2026-03-10 13:19:31,891 [WARN] IP:2250 - DEVICE_SERIAL0_CDC_FS not found: check if there is a RefParameter without a condition.
2026-03-10 13:19:31,892 [WARN] IP:2250 - DEVICE_SERIAL1_CDC_FS not found: check if there is a RefParameter without a condition.
2026-03-10 13:19:31,892 [WARN] IP:2250 - DEVICE_SERIAL2_CDC_FS not found: check if there is a RefParameter without a condition.
2026-03-10 13:19:31,892 [WARN] IP:2250 - DEVICE_SERIAL0_CDC_FS not found: check if there is a RefParameter without a condition.
2026-03-10 13:19:31,892 [WARN] IP:2250 - DEVICE_SERIAL1_CDC_FS not found: check if there is a RefParameter without a condition.
2026-03-10 13:19:31,893 [WARN] IP:2250 - DEVICE_SERIAL2_CDC_FS not found: check if there is a RefParameter without a condition.
2026-03-10 13:19:31,933 [WARN] IP:2250 - I2C_Coeff_DF not found: check if there is a RefParameter without a condition.
2026-03-10 13:19:31,933 [WARN] IP:2250 - Analog_Filter not found: check if there is a RefParameter without a condition.
2026-03-10 13:19:31,933 [WARN] IP:2250 - I2C_Coeff_DF not found: check if there is a RefParameter without a condition.
2026-03-10 13:19:31,933 [WARN] IP:2250 - Analog_Filter not found: check if there is a RefParameter without a condition.
2026-03-10 13:19:47,455 [WARN] IP:2250 - DEVICE_SERIAL0_CDC_FS not found: check if there is a RefParameter without a condition.
2026-03-10 13:19:47,455 [WARN] IP:2250 - DEVICE_SERIAL1_CDC_FS not found: check if there is a RefParameter without a condition.
2026-03-10 13:19:47,455 [WARN] IP:2250 - DEVICE_SERIAL2_CDC_FS not found: check if there is a RefParameter without a condition.
2026-03-10 13:19:47,456 [WARN] IP:2250 - DEVICE_SERIAL0_CDC_FS not found: check if there is a RefParameter without a condition.
2026-03-10 13:19:47,456 [WARN] IP:2250 - DEVICE_SERIAL1_CDC_FS not found: check if there is a RefParameter without a condition.
2026-03-10 13:19:47,456 [WARN] IP:2250 - DEVICE_SERIAL2_CDC_FS not found: check if there is a RefParameter without a condition.
2026-03-10 13:19:47,494 [WARN] IP:2250 - I2C_Coeff_DF not found: check if there is a RefParameter without a condition.
2026-03-10 13:19:47,494 [WARN] IP:2250 - Analog_Filter not found: check if there is a RefParameter without a condition.
2026-03-10 13:19:47,495 [WARN] IP:2250 - I2C_Coeff_DF not found: check if there is a RefParameter without a condition.
2026-03-10 13:19:47,495 [WARN] IP:2250 - Analog_Filter not found: check if there is a RefParameter without a condition.
2026-03-10 13:19:51,760 [WARN] IP:2250 - DEVICE_SERIAL0_CDC_FS not found: check if there is a RefParameter without a condition.
2026-03-10 13:19:51,760 [WARN] IP:2250 - DEVICE_SERIAL1_CDC_FS not found: check if there is a RefParameter without a condition.
2026-03-10 13:19:51,760 [WARN] IP:2250 - DEVICE_SERIAL2_CDC_FS not found: check if there is a RefParameter without a condition.
2026-03-10 13:19:51,760 [WARN] IP:2250 - DEVICE_SERIAL0_CDC_FS not found: check if there is a RefParameter without a condition.
2026-03-10 13:19:51,766 [WARN] IP:2250 - DEVICE_SERIAL1_CDC_FS not found: check if there is a RefParameter without a condition.
2026-03-10 13:19:51,766 [WARN] IP:2250 - DEVICE_SERIAL2_CDC_FS not found: check if there is a RefParameter without a condition.
2026-03-10 13:19:51,805 [WARN] IP:2250 - I2C_Coeff_DF not found: check if there is a RefParameter without a condition.
2026-03-10 13:19:51,805 [WARN] IP:2250 - Analog_Filter not found: check if there is a RefParameter without a condition.
2026-03-10 13:19:51,805 [WARN] IP:2250 - I2C_Coeff_DF not found: check if there is a RefParameter without a condition.
2026-03-10 13:19:51,805 [WARN] IP:2250 - Analog_Filter not found: check if there is a RefParameter without a condition.
2026-03-10 13:19:57,458 [WARN] IP:2250 - DEVICE_SERIAL0_CDC_FS not found: check if there is a RefParameter without a condition.
2026-03-10 13:19:57,458 [WARN] IP:2250 - DEVICE_SERIAL1_CDC_FS not found: check if there is a RefParameter without a condition.
2026-03-10 13:19:57,458 [WARN] IP:2250 - DEVICE_SERIAL2_CDC_FS not found: check if there is a RefParameter without a condition.
2026-03-10 13:19:57,459 [WARN] IP:2250 - DEVICE_SERIAL0_CDC_FS not found: check if there is a RefParameter without a condition.
2026-03-10 13:19:57,459 [WARN] IP:2250 - DEVICE_SERIAL1_CDC_FS not found: check if there is a RefParameter without a condition.
2026-03-10 13:19:57,459 [WARN] IP:2250 - DEVICE_SERIAL2_CDC_FS not found: check if there is a RefParameter without a condition.
2026-03-10 13:19:57,500 [WARN] IP:2250 - I2C_Coeff_DF not found: check if there is a RefParameter without a condition.
2026-03-10 13:19:57,500 [WARN] IP:2250 - Analog_Filter not found: check if there is a RefParameter without a condition.
2026-03-10 13:19:57,500 [WARN] IP:2250 - I2C_Coeff_DF not found: check if there is a RefParameter without a condition.
2026-03-10 13:19:57,500 [WARN] IP:2250 - Analog_Filter not found: check if there is a RefParameter without a condition.
2026-03-10 13:20:00,642 [WARN] IP:2250 - DEVICE_SERIAL0_CDC_FS not found: check if there is a RefParameter without a condition.
2026-03-10 13:20:00,642 [WARN] IP:2250 - DEVICE_SERIAL1_CDC_FS not found: check if there is a RefParameter without a condition.
2026-03-10 13:20:00,642 [WARN] IP:2250 - DEVICE_SERIAL2_CDC_FS not found: check if there is a RefParameter without a condition.
2026-03-10 13:20:00,643 [WARN] IP:2250 - DEVICE_SERIAL0_CDC_FS not found: check if there is a RefParameter without a condition.
2026-03-10 13:20:00,643 [WARN] IP:2250 - DEVICE_SERIAL1_CDC_FS not found: check if there is a RefParameter without a condition.
2026-03-10 13:20:00,643 [WARN] IP:2250 - DEVICE_SERIAL2_CDC_FS not found: check if there is a RefParameter without a condition.
2026-03-10 13:20:00,682 [WARN] IP:2250 - I2C_Coeff_DF not found: check if there is a RefParameter without a condition.
2026-03-10 13:20:00,682 [WARN] IP:2250 - Analog_Filter not found: check if there is a RefParameter without a condition.
2026-03-10 13:20:00,682 [WARN] IP:2250 - I2C_Coeff_DF not found: check if there is a RefParameter without a condition.
2026-03-10 13:20:00,682 [WARN] IP:2250 - Analog_Filter not found: check if there is a RefParameter without a condition.
2026-03-10 13:21:19,863 [WARN] IP:2250 - DEVICE_SERIAL0_CDC_FS not found: check if there is a RefParameter without a condition.
2026-03-10 13:21:19,863 [WARN] IP:2250 - DEVICE_SERIAL1_CDC_FS not found: check if there is a RefParameter without a condition.
2026-03-10 13:21:19,863 [WARN] IP:2250 - DEVICE_SERIAL2_CDC_FS not found: check if there is a RefParameter without a condition.
2026-03-10 13:21:19,864 [WARN] IP:2250 - DEVICE_SERIAL0_CDC_FS not found: check if there is a RefParameter without a condition.
2026-03-10 13:21:19,864 [WARN] IP:2250 - DEVICE_SERIAL1_CDC_FS not found: check if there is a RefParameter without a condition.
2026-03-10 13:21:19,864 [WARN] IP:2250 - DEVICE_SERIAL2_CDC_FS not found: check if there is a RefParameter without a condition.
2026-03-10 13:21:19,938 [WARN] IP:2250 - I2C_Coeff_DF not found: check if there is a RefParameter without a condition.
2026-03-10 13:21:19,939 [WARN] IP:2250 - Analog_Filter not found: check if there is a RefParameter without a condition.
2026-03-10 13:21:19,939 [WARN] IP:2250 - I2C_Coeff_DF not found: check if there is a RefParameter without a condition.
2026-03-10 13:21:19,939 [WARN] IP:2250 - Analog_Filter not found: check if there is a RefParameter without a condition.
2026-03-10 13:21:26,133 [WARN] IP:2250 - DEVICE_SERIAL0_CDC_FS not found: check if there is a RefParameter without a condition.
2026-03-10 13:21:26,133 [WARN] IP:2250 - DEVICE_SERIAL1_CDC_FS not found: check if there is a RefParameter without a condition.
2026-03-10 13:21:26,133 [WARN] IP:2250 - DEVICE_SERIAL2_CDC_FS not found: check if there is a RefParameter without a condition.
2026-03-10 13:21:26,134 [WARN] IP:2250 - DEVICE_SERIAL0_CDC_FS not found: check if there is a RefParameter without a condition.
2026-03-10 13:21:26,134 [WARN] IP:2250 - DEVICE_SERIAL1_CDC_FS not found: check if there is a RefParameter without a condition.
2026-03-10 13:21:26,134 [WARN] IP:2250 - DEVICE_SERIAL2_CDC_FS not found: check if there is a RefParameter without a condition.
2026-03-10 13:21:26,175 [WARN] IP:2250 - I2C_Coeff_DF not found: check if there is a RefParameter without a condition.
2026-03-10 13:21:26,175 [WARN] IP:2250 - Analog_Filter not found: check if there is a RefParameter without a condition.
2026-03-10 13:21:26,175 [WARN] IP:2250 - I2C_Coeff_DF not found: check if there is a RefParameter without a condition.
2026-03-10 13:21:26,175 [WARN] IP:2250 - Analog_Filter not found: check if there is a RefParameter without a condition.
2026-03-10 13:23:04,449 [WARN] IP:2250 - DEVICE_SERIAL0_CDC_FS not found: check if there is a RefParameter without a condition.
2026-03-10 13:23:04,449 [WARN] IP:2250 - DEVICE_SERIAL1_CDC_FS not found: check if there is a RefParameter without a condition.
2026-03-10 13:23:04,449 [WARN] IP:2250 - DEVICE_SERIAL2_CDC_FS not found: check if there is a RefParameter without a condition.
2026-03-10 13:23:04,449 [WARN] IP:2250 - DEVICE_SERIAL0_CDC_FS not found: check if there is a RefParameter without a condition.
2026-03-10 13:23:04,449 [WARN] IP:2250 - DEVICE_SERIAL1_CDC_FS not found: check if there is a RefParameter without a condition.
2026-03-10 13:23:04,450 [WARN] IP:2250 - DEVICE_SERIAL2_CDC_FS not found: check if there is a RefParameter without a condition.
2026-03-10 13:23:04,490 [WARN] IP:2250 - I2C_Coeff_DF not found: check if there is a RefParameter without a condition.
2026-03-10 13:23:04,490 [WARN] IP:2250 - Analog_Filter not found: check if there is a RefParameter without a condition.
2026-03-10 13:23:04,490 [WARN] IP:2250 - I2C_Coeff_DF not found: check if there is a RefParameter without a condition.
2026-03-10 13:23:04,490 [WARN] IP:2250 - Analog_Filter not found: check if there is a RefParameter without a condition.
2026-03-10 13:23:07,939 [WARN] IP:2250 - DEVICE_SERIAL0_CDC_FS not found: check if there is a RefParameter without a condition.
2026-03-10 13:23:07,939 [WARN] IP:2250 - DEVICE_SERIAL1_CDC_FS not found: check if there is a RefParameter without a condition.
2026-03-10 13:23:07,939 [WARN] IP:2250 - DEVICE_SERIAL2_CDC_FS not found: check if there is a RefParameter without a condition.
2026-03-10 13:23:07,940 [WARN] IP:2250 - DEVICE_SERIAL0_CDC_FS not found: check if there is a RefParameter without a condition.
2026-03-10 13:23:07,940 [WARN] IP:2250 - DEVICE_SERIAL1_CDC_FS not found: check if there is a RefParameter without a condition.
2026-03-10 13:23:07,940 [WARN] IP:2250 - DEVICE_SERIAL2_CDC_FS not found: check if there is a RefParameter without a condition.
2026-03-10 13:23:07,995 [WARN] IP:2250 - I2C_Coeff_DF not found: check if there is a RefParameter without a condition.
2026-03-10 13:23:07,995 [WARN] IP:2250 - Analog_Filter not found: check if there is a RefParameter without a condition.
2026-03-10 13:23:07,995 [WARN] IP:2250 - I2C_Coeff_DF not found: check if there is a RefParameter without a condition.
2026-03-10 13:23:07,995 [WARN] IP:2250 - Analog_Filter not found: check if there is a RefParameter without a condition.
2026-03-10 13:23:11,895 [WARN] IP:2250 - DEVICE_SERIAL0_CDC_FS not found: check if there is a RefParameter without a condition.
2026-03-10 13:23:11,895 [WARN] IP:2250 - DEVICE_SERIAL1_CDC_FS not found: check if there is a RefParameter without a condition.
2026-03-10 13:23:11,895 [WARN] IP:2250 - DEVICE_SERIAL2_CDC_FS not found: check if there is a RefParameter without a condition.
2026-03-10 13:23:11,896 [WARN] IP:2250 - DEVICE_SERIAL0_CDC_FS not found: check if there is a RefParameter without a condition.
2026-03-10 13:23:11,896 [WARN] IP:2250 - DEVICE_SERIAL1_CDC_FS not found: check if there is a RefParameter without a condition.
2026-03-10 13:23:11,896 [WARN] IP:2250 - DEVICE_SERIAL2_CDC_FS not found: check if there is a RefParameter without a condition.
2026-03-10 13:23:11,935 [WARN] IP:2250 - I2C_Coeff_DF not found: check if there is a RefParameter without a condition.
2026-03-10 13:23:11,935 [WARN] IP:2250 - Analog_Filter not found: check if there is a RefParameter without a condition.
2026-03-10 13:23:11,936 [WARN] IP:2250 - I2C_Coeff_DF not found: check if there is a RefParameter without a condition.
2026-03-10 13:23:11,936 [WARN] IP:2250 - Analog_Filter not found: check if there is a RefParameter without a condition.
2026-03-10 13:23:30,693 [WARN] IP:2250 - DEVICE_SERIAL0_CDC_FS not found: check if there is a RefParameter without a condition.
2026-03-10 13:23:30,693 [WARN] IP:2250 - DEVICE_SERIAL1_CDC_FS not found: check if there is a RefParameter without a condition.
2026-03-10 13:23:30,693 [WARN] IP:2250 - DEVICE_SERIAL2_CDC_FS not found: check if there is a RefParameter without a condition.
2026-03-10 13:23:30,694 [WARN] IP:2250 - DEVICE_SERIAL0_CDC_FS not found: check if there is a RefParameter without a condition.
2026-03-10 13:23:30,694 [WARN] IP:2250 - DEVICE_SERIAL1_CDC_FS not found: check if there is a RefParameter without a condition.
2026-03-10 13:23:30,694 [WARN] IP:2250 - DEVICE_SERIAL2_CDC_FS not found: check if there is a RefParameter without a condition.
2026-03-10 13:23:30,732 [WARN] IP:2250 - I2C_Coeff_DF not found: check if there is a RefParameter without a condition.
2026-03-10 13:23:30,732 [WARN] IP:2250 - Analog_Filter not found: check if there is a RefParameter without a condition.
2026-03-10 13:23:30,732 [WARN] IP:2250 - I2C_Coeff_DF not found: check if there is a RefParameter without a condition.
2026-03-10 13:23:30,732 [WARN] IP:2250 - Analog_Filter not found: check if there is a RefParameter without a condition.
2026-03-10 13:23:33,293 [WARN] IP:2250 - DEVICE_SERIAL0_CDC_FS not found: check if there is a RefParameter without a condition.
2026-03-10 13:23:33,294 [WARN] IP:2250 - DEVICE_SERIAL1_CDC_FS not found: check if there is a RefParameter without a condition.
2026-03-10 13:23:33,294 [WARN] IP:2250 - DEVICE_SERIAL2_CDC_FS not found: check if there is a RefParameter without a condition.
2026-03-10 13:23:33,294 [WARN] IP:2250 - DEVICE_SERIAL0_CDC_FS not found: check if there is a RefParameter without a condition.
2026-03-10 13:23:33,294 [WARN] IP:2250 - DEVICE_SERIAL1_CDC_FS not found: check if there is a RefParameter without a condition.
2026-03-10 13:23:33,294 [WARN] IP:2250 - DEVICE_SERIAL2_CDC_FS not found: check if there is a RefParameter without a condition.
2026-03-10 13:23:33,332 [WARN] IP:2250 - I2C_Coeff_DF not found: check if there is a RefParameter without a condition.
2026-03-10 13:23:33,332 [WARN] IP:2250 - Analog_Filter not found: check if there is a RefParameter without a condition.
2026-03-10 13:23:33,333 [WARN] IP:2250 - I2C_Coeff_DF not found: check if there is a RefParameter without a condition.
2026-03-10 13:23:33,333 [WARN] IP:2250 - Analog_Filter not found: check if there is a RefParameter without a condition.
2026-03-10 13:23:39,932 [INFO] UtilMem:75 - End SaveConfig() Used Memory: 265559680 Bytes (1066401792)
2026-03-10 13:23:42,126 [INFO] UtilMem:75 - End SaveConfig() Used Memory: 362288784 Bytes (1066401792)
2026-03-10 13:23:42,661 [INFO] BlockDiagram:2775 - set Specific Code input for plugin: TIM6_7
2026-03-10 13:23:42,662 [INFO] BlockDiagram:2775 - set Specific Code input for plugin: CAN
2026-03-10 13:23:42,662 [INFO] BlockDiagram:2775 - set Specific Code input for plugin: USB_DEVICE
2026-03-10 13:23:42,662 [INFO] BlockDiagram:2775 - set Specific Code input for plugin: SYS
2026-03-10 13:23:42,662 [INFO] BlockDiagram:2775 - set Specific Code input for plugin: RCC
2026-03-10 13:23:42,662 [INFO] BlockDiagram:2775 - set Specific Code input for plugin: I2C
2026-03-10 13:23:42,662 [INFO] BlockDiagram:2775 - set Specific Code input for plugin: USB_OTG_FS
2026-03-10 13:23:42,662 [INFO] BlockDiagram:2775 - set Specific Code input for plugin: NVIC
2026-03-10 13:23:42,662 [INFO] BlockDiagram:2775 - set Specific Code input for plugin: TIM1_8
2026-03-10 13:23:42,662 [INFO] BlockDiagram:2775 - set Specific Code input for plugin: DMA
2026-03-10 13:23:42,662 [INFO] BlockDiagram:2775 - set Specific Code input for plugin: TIM1_8
2026-03-10 13:23:42,662 [INFO] BlockDiagram:2775 - set Specific Code input for plugin: GPIO
2026-03-10 13:23:42,663 [INFO] CodeGenerator:892 - code generatio: config db path: /opt/st/stm32cubeide_1.19.0/plugins/com.st.stm32cube.common.mx_6.15.0.202507011659//db/
2026-03-10 13:23:42,672 [WARN] IP:2250 - I2C_Coeff_DF not found: check if there is a RefParameter without a condition.
2026-03-10 13:23:42,672 [WARN] IP:2250 - Analog_Filter not found: check if there is a RefParameter without a condition.
2026-03-10 13:23:42,707 [WARN] IP:2250 - DEVICE_SERIAL0_CDC_FS not found: check if there is a RefParameter without a condition.
2026-03-10 13:23:42,707 [WARN] IP:2250 - DEVICE_SERIAL1_CDC_FS not found: check if there is a RefParameter without a condition.
2026-03-10 13:23:42,707 [WARN] IP:2250 - DEVICE_SERIAL2_CDC_FS not found: check if there is a RefParameter without a condition.
2026-03-10 13:23:42,824 [INFO] CodeEngine:265 - oldGeneratedFile, /home/kamil/STM32CubeIDE/workspace_1.19.0/PCB_STM/MXTmpFiles/license.tmp_save
2026-03-10 13:23:43,185 [INFO] CodeEngine:289 - Generated code: /home/kamil/STM32CubeIDE/workspace_1.19.0/PCB_STM/MXTmpFiles/license.tmp
2026-03-10 13:23:43,263 [INFO] CodeEngine:265 - oldGeneratedFile, /home/kamil/STM32CubeIDE/workspace_1.19.0/PCB_STM/MXTmpFiles/gpio.tmp_save
2026-03-10 13:23:43,415 [INFO] CodeEngine:289 - Generated code: /home/kamil/STM32CubeIDE/workspace_1.19.0/PCB_STM/MXTmpFiles/gpio.tmp
2026-03-10 13:23:43,479 [WARN] IPConfigManager:3238 - Warning: the RefConfig PWREx_EnableUSBVoltageDetector is not available in your config.xml file
2026-03-10 13:23:43,486 [INFO] CodeEngine:265 - oldGeneratedFile, /home/kamil/STM32CubeIDE/workspace_1.19.0/PCB_STM/MXTmpFiles/usb_otg_fs_vars.tmp_save
2026-03-10 13:23:43,569 [INFO] CodeEngine:289 - Generated code: /home/kamil/STM32CubeIDE/workspace_1.19.0/PCB_STM/MXTmpFiles/usb_otg_fs_vars.tmp
2026-03-10 13:23:43,572 [INFO] CodeEngine:265 - oldGeneratedFile, /home/kamil/STM32CubeIDE/workspace_1.19.0/PCB_STM/MXTmpFiles/usb_otg_fs_inc.tmp_save
2026-03-10 13:23:43,630 [INFO] CodeEngine:289 - Generated code: /home/kamil/STM32CubeIDE/workspace_1.19.0/PCB_STM/MXTmpFiles/usb_otg_fs_inc.tmp
2026-03-10 13:23:43,633 [INFO] CodeEngine:265 - oldGeneratedFile, /home/kamil/STM32CubeIDE/workspace_1.19.0/PCB_STM/MXTmpFiles/usb_otg_fs_HalInit.tmp_save
2026-03-10 13:23:43,715 [INFO] CodeEngine:289 - Generated code: /home/kamil/STM32CubeIDE/workspace_1.19.0/PCB_STM/MXTmpFiles/usb_otg_fs_HalInit.tmp
2026-03-10 13:23:43,718 [INFO] CodeEngine:265 - oldGeneratedFile, /home/kamil/STM32CubeIDE/workspace_1.19.0/PCB_STM/MXTmpFiles/usb_otg_fs_Msp.tmp_save
2026-03-10 13:23:43,809 [INFO] CodeEngine:289 - Generated code: /home/kamil/STM32CubeIDE/workspace_1.19.0/PCB_STM/MXTmpFiles/usb_otg_fs_Msp.tmp
2026-03-10 13:23:44,037 [INFO] Middleware:1452 - No code input for Bsp Dependency
2026-03-10 13:23:44,042 [INFO] CodeEngine:265 - oldGeneratedFile, /home/kamil/STM32CubeIDE/workspace_1.19.0/PCB_STM/MXTmpFiles/dma.tmp_save
2026-03-10 13:23:44,098 [INFO] CodeEngine:289 - Generated code: /home/kamil/STM32CubeIDE/workspace_1.19.0/PCB_STM/MXTmpFiles/dma.tmp
2026-03-10 13:23:44,100 [INFO] CodeEngine:265 - oldGeneratedFile, /home/kamil/STM32CubeIDE/workspace_1.19.0/PCB_STM/MXTmpFiles/dma_GV.tmp_save
2026-03-10 13:23:44,141 [INFO] CodeEngine:289 - Generated code: /home/kamil/STM32CubeIDE/workspace_1.19.0/PCB_STM/MXTmpFiles/dma_GV.tmp
2026-03-10 13:23:44,164 [INFO] Middleware:1452 - No code input for Bsp Dependency
2026-03-10 13:23:44,169 [INFO] CodeEngine:265 - oldGeneratedFile, /home/kamil/STM32CubeIDE/workspace_1.19.0/PCB_STM/USB_DEVICE/App/usb_device.c_save
2026-03-10 13:23:44,221 [INFO] CodeEngine:289 - Generated code: /home/kamil/STM32CubeIDE/workspace_1.19.0/PCB_STM/USB_DEVICE/App/usb_device.c
2026-03-10 13:23:44,223 [INFO] CodeEngine:265 - oldGeneratedFile, /home/kamil/STM32CubeIDE/workspace_1.19.0/PCB_STM/USB_DEVICE/App/usb_device.h_save
2026-03-10 13:23:44,267 [INFO] CodeEngine:289 - Generated code: /home/kamil/STM32CubeIDE/workspace_1.19.0/PCB_STM/USB_DEVICE/App/usb_device.h
2026-03-10 13:23:44,269 [INFO] CodeEngine:265 - oldGeneratedFile, /home/kamil/STM32CubeIDE/workspace_1.19.0/PCB_STM/USB_DEVICE/Target/usbd_conf.h_save
2026-03-10 13:23:44,309 [INFO] CodeEngine:289 - Generated code: /home/kamil/STM32CubeIDE/workspace_1.19.0/PCB_STM/USB_DEVICE/Target/usbd_conf.h
2026-03-10 13:23:44,311 [INFO] CodeEngine:265 - oldGeneratedFile, /home/kamil/STM32CubeIDE/workspace_1.19.0/PCB_STM/USB_DEVICE/Target/usbd_conf.c_save
2026-03-10 13:23:44,354 [INFO] CodeEngine:289 - Generated code: /home/kamil/STM32CubeIDE/workspace_1.19.0/PCB_STM/USB_DEVICE/Target/usbd_conf.c
2026-03-10 13:23:44,356 [INFO] CodeEngine:265 - oldGeneratedFile, /home/kamil/STM32CubeIDE/workspace_1.19.0/PCB_STM/USB_DEVICE/App/usbd_desc.h_save
2026-03-10 13:23:44,393 [INFO] CodeEngine:289 - Generated code: /home/kamil/STM32CubeIDE/workspace_1.19.0/PCB_STM/USB_DEVICE/App/usbd_desc.h
2026-03-10 13:23:44,395 [INFO] CodeEngine:265 - oldGeneratedFile, /home/kamil/STM32CubeIDE/workspace_1.19.0/PCB_STM/USB_DEVICE/App/usbd_desc.c_save
2026-03-10 13:23:44,443 [INFO] CodeEngine:289 - Generated code: /home/kamil/STM32CubeIDE/workspace_1.19.0/PCB_STM/USB_DEVICE/App/usbd_desc.c
2026-03-10 13:23:44,445 [INFO] CodeEngine:265 - oldGeneratedFile, /home/kamil/STM32CubeIDE/workspace_1.19.0/PCB_STM/USB_DEVICE/App/usbd_cdc_if.h_save
2026-03-10 13:23:44,493 [INFO] CodeEngine:289 - Generated code: /home/kamil/STM32CubeIDE/workspace_1.19.0/PCB_STM/USB_DEVICE/App/usbd_cdc_if.h
2026-03-10 13:23:44,495 [INFO] CodeEngine:265 - oldGeneratedFile, /home/kamil/STM32CubeIDE/workspace_1.19.0/PCB_STM/USB_DEVICE/App/usbd_cdc_if.c_save
2026-03-10 13:23:44,568 [INFO] CodeEngine:289 - Generated code: /home/kamil/STM32CubeIDE/workspace_1.19.0/PCB_STM/USB_DEVICE/App/usbd_cdc_if.c
2026-03-10 13:23:44,577 [INFO] CodeEngine:265 - oldGeneratedFile, /home/kamil/STM32CubeIDE/workspace_1.19.0/PCB_STM/Core/Src/stm32f4xx_it.c_save
2026-03-10 13:23:44,645 [INFO] CodeEngine:289 - Generated code: /home/kamil/STM32CubeIDE/workspace_1.19.0/PCB_STM/Core/Src/stm32f4xx_it.c
2026-03-10 13:23:44,646 [INFO] CodeEngine:265 - oldGeneratedFile, /home/kamil/STM32CubeIDE/workspace_1.19.0/PCB_STM/Core/Inc/stm32f4xx_it.h_save
2026-03-10 13:23:44,693 [INFO] CodeEngine:289 - Generated code: /home/kamil/STM32CubeIDE/workspace_1.19.0/PCB_STM/Core/Inc/stm32f4xx_it.h
2026-03-10 13:23:44,700 [INFO] CodeEngine:265 - oldGeneratedFile, /home/kamil/STM32CubeIDE/workspace_1.19.0/PCB_STM/Core/Src/stm32f4xx_hal_msp.c_save
2026-03-10 13:23:44,763 [INFO] CodeEngine:289 - Generated code: /home/kamil/STM32CubeIDE/workspace_1.19.0/PCB_STM/Core/Src/stm32f4xx_hal_msp.c
2026-03-10 13:23:44,764 [INFO] CodeEngine:265 - oldGeneratedFile, /home/kamil/STM32CubeIDE/workspace_1.19.0/PCB_STM/MXTmpFiles/system.tmp_save
2026-03-10 13:23:44,807 [INFO] CodeEngine:289 - Generated code: /home/kamil/STM32CubeIDE/workspace_1.19.0/PCB_STM/MXTmpFiles/system.tmp
2026-03-10 13:23:44,810 [INFO] CodeEngine:265 - oldGeneratedFile, /home/kamil/STM32CubeIDE/workspace_1.19.0/PCB_STM/Core/Inc/stm32_assert.h_save
2026-03-10 13:23:44,850 [INFO] CodeEngine:289 - Generated code: /home/kamil/STM32CubeIDE/workspace_1.19.0/PCB_STM/Core/Inc/stm32_assert.h
2026-03-10 13:23:44,854 [INFO] CodeEngine:321 - oldGeneratedFile, /home/kamil/STM32CubeIDE/workspace_1.19.0/PCB_STM/Core/Inc/stm32f4xx_hal_conf.h_save
2026-03-10 13:23:44,899 [INFO] CodeEngine:345 - Generated code: /home/kamil/STM32CubeIDE/workspace_1.19.0/PCB_STM/Core/Inc/stm32f4xx_hal_conf.h
2026-03-10 13:23:44,915 [WARN] IPConfigManager:3238 - Warning: the RefConfig PLL2P_FOR_MCO is not available in your config.xml file
2026-03-10 13:23:44,919 [INFO] ApiDbMcu:532 - Load IP Config File for CAN1
2026-03-10 13:23:44,922 [INFO] ApiDbMcu:532 - Load IP Config File for I2C3
2026-03-10 13:23:44,927 [INFO] ApiDbMcu:532 - Load IP Config File for TIM6
2026-03-10 13:23:44,932 [INFO] ApiDbMcu:532 - Load IP Config File for TIM9
2026-03-10 13:23:44,938 [INFO] ApiDbMcu:532 - Load IP Config File for TIM10
2026-03-10 13:23:44,940 [INFO] ApiDbMcu:532 - Load IP Config File for RCC
2026-03-10 13:23:44,942 [WARN] IPConfigManager:3811 - IP not found : TIM
2026-03-10 13:23:44,943 [WARN] CodeGenerator:4259 - IP not found : null
2026-03-10 13:23:44,946 [INFO] CodeEngine:265 - oldGeneratedFile, /home/kamil/STM32CubeIDE/workspace_1.19.0/PCB_STM/Core/Inc/main.h_save
2026-03-10 13:23:44,997 [INFO] CodeEngine:289 - Generated code: /home/kamil/STM32CubeIDE/workspace_1.19.0/PCB_STM/Core/Inc/main.h
2026-03-10 13:23:44,999 [INFO] CodeEngine:265 - oldGeneratedFile, /home/kamil/STM32CubeIDE/workspace_1.19.0/PCB_STM/Core/Src/main.c_save
2026-03-10 13:23:45,092 [INFO] CodeEngine:289 - Generated code: /home/kamil/STM32CubeIDE/workspace_1.19.0/PCB_STM/Core/Src/main.c
2026-03-10 13:23:45,272 [INFO] ProjectBuilder:3606 - Time for Copy HAL[1] : 53mS.
2026-03-10 13:23:45,277 [INFO] ProjectBuilder:5216 - Project Generator version: 4.7.0-B52
2026-03-10 13:23:45,341 [INFO] ConfigFileManager:1595 - The Die is : DIE421
2026-03-10 13:23:45,345 [INFO] ApiDbMcu:532 - Load IP Config File for FATFS
2026-03-10 13:23:45,348 [INFO] ApiDbMcu:532 - Load IP Config File for FREERTOS
2026-03-10 13:23:45,349 [INFO] ApiDbMcu:532 - Load IP Config File for LIBJPEG
2026-03-10 13:23:45,353 [INFO] ApiDbMcu:532 - Load IP Config File for MBEDTLS
2026-03-10 13:23:45,354 [INFO] ApiDbMcu:532 - Load IP Config File for USB_HOST
2026-03-10 13:23:45,589 [INFO] LogOutputStream:77 - [STDOUT_REDIRECT] 
2026-03-10 13:23:46,225 [INFO] ProjectBuilder:5496 - Time for Generating toolchain IDE Files: 947mS.
2026-03-10 13:23:46,226 [INFO] ProjectBuilder:3463 - Time for Copy CMSIS : 0mS.
2026-03-10 13:23:46,228 [INFO] ProjectBuilder:3463 - Time for Copy CMSIS : 0mS.
2026-03-10 13:40:19,570 [INFO] WebApp:194 - Connection lost
2026-03-10 13:40:19,730 [INFO] WebApp:191 - Connection restablished
2026-03-10 13:44:17,802 [INFO] WebApp:194 - Connection lost
2026-03-10 13:44:17,927 [INFO] WebApp:191 - Connection restablished
2026-03-10 13:46:00,801 [INFO] WebApp:194 - Connection lost
2026-03-10 13:46:00,925 [INFO] WebApp:191 - Connection restablished
2026-03-10 13:49:08,753 [INFO] WebApp:194 - Connection lost
2026-03-10 13:49:09,141 [INFO] WebApp:191 - Connection restablished
2026-03-10 13:50:17,492 [INFO] WebApp:194 - Connection lost
2026-03-10 13:50:17,632 [INFO] WebApp:191 - Connection restablished
2026-03-10 13:51:16,629 [INFO] MainUpdater:2872 - connection check result : 10
2026-03-10 13:51:16,630 [INFO] MainUpdater:2872 - connection check result : 10
2026-03-10 13:51:16,697 [INFO] MicroXplorer:468 - Change Database Path : 
2026-03-10 13:51:16,698 [INFO] MicroXplorer:498 - Change Database Version : DB.6.0.150
2026-03-10 13:51:16,740 [ERROR] ProjectManagerView:395 - 
java.lang.NullPointerException: Cannot invoke "javax.swing.JTextField.getText()" because the return value of "java.util.List.get(int)" is null
	at com.st.microxplorer.plugins.projectmanager.gui.ProjectChoiceTab$9.caretUpdate(ProjectChoiceTab.java:2706) ~[filemanager.jar:?]
	at javax.swing.text.JTextComponent.fireCaretUpdate(JTextComponent.java:408) ~[?:?]
	at javax.swing.text.JTextComponent$MutableCaretEvent.fire(JTextComponent.java:4484) ~[?:?]
	at javax.swing.text.JTextComponent$MutableCaretEvent.stateChanged(JTextComponent.java:4506) ~[?:?]
	at javax.swing.text.DefaultCaret.fireStateChanged(DefaultCaret.java:857) ~[?:?]
	at javax.swing.text.DefaultCaret.changeCaretPosition(DefaultCaret.java:1343) ~[?:?]
	at javax.swing.text.DefaultCaret.handleSetDot(DefaultCaret.java:1242) ~[?:?]
	at javax.swing.text.DefaultCaret.setDot(DefaultCaret.java:1223) ~[?:?]
	at javax.swing.text.DefaultCaret$Handler.insertUpdate(DefaultCaret.java:1819) ~[?:?]
	at javax.swing.text.AbstractDocument.fireInsertUpdate(AbstractDocument.java:227) ~[?:?]
	at javax.swing.text.AbstractDocument.handleInsertString(AbstractDocument.java:781) ~[?:?]
	at javax.swing.text.AbstractDocument.insertString(AbstractDocument.java:740) ~[?:?]
	at javax.swing.text.PlainDocument.insertString(PlainDocument.java:131) ~[?:?]
	at javax.swing.text.AbstractDocument.replace(AbstractDocument.java:699) ~[?:?]
	at javax.swing.text.JTextComponent.setText(JTextComponent.java:1725) ~[?:?]
	at com.st.microxplorer.plugins.projectmanager.gui.ProjectChoiceTab.createHeapStackFields(ProjectChoiceTab.java:993) ~[filemanager.jar:?]
	at com.st.microxplorer.plugins.projectmanager.gui.ProjectChoiceTab.buildLinkSettingsPanel(ProjectChoiceTab.java:3813) ~[filemanager.jar:?]
	at com.st.microxplorer.plugins.projectmanager.gui.ProjectChoiceTab.defineWindowsFields(ProjectChoiceTab.java:1987) ~[filemanager.jar:?]
	at com.st.microxplorer.plugins.projectmanager.gui.ProjectChoiceTab.updateSettings(ProjectChoiceTab.java:558) ~[filemanager.jar:?]
	at com.st.microxplorer.plugins.projectmanager.gui.ProjectSettingsPanel.UpdateDialog(ProjectSettingsPanel.java:247) ~[filemanager.jar:?]
	at com.st.microxplorer.plugins.projectmanager.ProjectManagerView.propertyChange(ProjectManagerView.java:392) ~[filemanager.jar:?]
	at java.beans.PropertyChangeSupport.fire(PropertyChangeSupport.java:343) ~[?:?]
	at java.beans.PropertyChangeSupport.firePropertyChange(PropertyChangeSupport.java:335) ~[?:?]
	at java.beans.PropertyChangeSupport.firePropertyChange(PropertyChangeSupport.java:268) ~[?:?]
	at com.st.microxplorer.util.MXPropertyChangeSupport.firePropertyChange(MXPropertyChangeSupport.java:54) ~[STM32CubeMX.jar:?]
	at com.st.microxplorer.mxsystem.MxSystem.closeConfig(MxSystem.java:899) ~[STM32CubeMX.jar:?]
	at com.st.microxplorer.maingui.MainPanel.closeConfig(MainPanel.java:792) ~[STM32CubeMX.jar:?]
	at com.st.microxplorer.plugins.filemanager.engine.OpenFileManager.loadConfigurationFile(OpenFileManager.java:288) ~[filemanager.jar:?]
	at com.st.microxplorer.plugins.filemanager.engine.MainFileManager.userLoadConfig(MainFileManager.java:364) ~[filemanager.jar:?]
	at com.st.microxplorer.plugins.filemanager.engine.MainFileManager.userLoadConfig(MainFileManager.java:342) ~[filemanager.jar:?]
	at com.st.microxplorer.plugins.filemanager.FileManagerView.getSpecificTask(FileManagerView.java:264) ~[filemanager.jar:?]
	at com.st.stm32cube.common.mx.editor.CubeMxEditor.getMxTabbedPaneInstance(CubeMxEditor.java:1198) ~[com.st.stm32cube.common.mx_6.15.0.202507011659/:?]
	at com.st.stm32cube.common.mx.editor.CubeMxEditor$12$1.createSwingComponent(CubeMxEditor.java:1068) ~[com.st.stm32cube.common.mx_6.15.0.202507011659/:?]
	at com.st.stm32cube.common.mx.oss.core.awtswtbridge.EmbeddedSwingComposite.doComponentCreation(EmbeddedSwingComposite.java:492) ~[com.st.stm32cube.common.mx.oss_6.15.0.202507011659/:?]
	at com.st.stm32cube.common.mx.oss.core.awtswtbridge.EmbeddedSwingComposite$4.run(EmbeddedSwingComposite.java:291) ~[com.st.stm32cube.common.mx.oss_6.15.0.202507011659/:?]
	at com.st.stm32cube.common.mx.oss.core.awtswtbridge.AwtEnvironment$2.run(AwtEnvironment.java:166) ~[com.st.stm32cube.common.mx.oss_6.15.0.202507011659/:?]
	at java.awt.event.InvocationEvent.dispatch(InvocationEvent.java:318) ~[?:?]
	at java.awt.EventQueue.dispatchEventImpl(EventQueue.java:773) ~[?:?]
	at java.awt.EventQueue$4.run(EventQueue.java:720) ~[?:?]
	at java.awt.EventQueue$4.run(EventQueue.java:714) ~[?:?]
	at java.security.AccessController.doPrivileged(AccessController.java:400) ~[?:?]
	at java.security.ProtectionDomain$JavaSecurityAccessImpl.doIntersectionPrivilege(ProtectionDomain.java:87) ~[?:?]
	at java.awt.EventQueue.dispatchEvent(EventQueue.java:742) ~[?:?]
	at java.awt.EventDispatchThread.pumpOneEventForFilters(EventDispatchThread.java:203) ~[?:?]
	at java.awt.EventDispatchThread.pumpEventsForFilter(EventDispatchThread.java:124) ~[?:?]
	at java.awt.EventDispatchThread.pumpEventsForHierarchy(EventDispatchThread.java:113) ~[?:?]
	at java.awt.EventDispatchThread.pumpEvents(EventDispatchThread.java:109) ~[?:?]
	at java.awt.EventDispatchThread.pumpEvents(EventDispatchThread.java:101) ~[?:?]
	at java.awt.EventDispatchThread.run(EventDispatchThread.java:90) ~[?:?]
2026-03-10 13:51:16,743 [WARN] ThirdParty:871 - waiting for thirdparty lock release [close project]
2026-03-10 13:51:16,743 [INFO] ThirdParty:873 - entering critical section [close project]
2026-03-10 13:51:16,743 [INFO] ThirdParty:883 - exiting critical section [close project]
2026-03-10 13:51:16,747 [INFO] PinOutPanel:1589 - setPackage(No Configuration,No Configuration)
2026-03-10 13:51:16,763 [WARN] IpParametersView:155 - Warning: This peripheral hasn't parameters
2026-03-10 13:51:16,782 [WARN] MainPanel:289 - <html><b><center>Warning: This peripheral has no parameters to be configured<br></b></html>
2026-03-10 13:51:16,788 [INFO] UtilMem:75 - Begin LoadConfig() Used Memory: 782469936 Bytes (1066401792)
2026-03-10 13:51:16,789 [INFO] MicroXplorer:468 - Change Database Path : 
2026-03-10 13:51:16,789 [INFO] MicroXplorer:498 - Change Database Version : DB.6.0.150
2026-03-10 13:51:16,789 [INFO] OpenFileManager:355 - Change cursor
2026-03-10 13:51:16,831 [INFO] RulesReader:64 - Compatibility file has been processed (317 Rules)
2026-03-10 13:51:16,839 [INFO] Mcu:2029 - Initializing MCU STM32F446R(C-E)Tx STM32F446RETx STM32F446RET6
2026-03-10 13:51:18,078 [INFO] Context:786 - Trying to add GPIOservice into a context  which must be forbidden
2026-03-10 13:51:18,649 [INFO] ImportTextPane:234 - (OptionalMessage_ERROR) Pin14 (VP_RIF_VS_RIF1) cannot be retrieved for this MCU
2026-03-10 13:51:18,795 [INFO] RtosManager:558 - Registered RTOS mode: class=CMSIS, group=RTOS, mode=CMSIS_V1, owner=FREERTOS
2026-03-10 13:51:18,795 [INFO] RtosManager:558 - Registered RTOS mode: class=CMSIS, group=RTOS2, mode=CMSIS_V2, owner=FREERTOS
2026-03-10 13:51:18,795 [INFO] RtosManager:558 - Registered RTOS mode: class=RTOS, group=Core, mode=CMSIS_V1, owner=FREERTOS
2026-03-10 13:51:18,795 [INFO] RtosManager:558 - Registered RTOS mode: class=RTOS, group=Core, mode=CMSIS_V2, owner=FREERTOS
2026-03-10 13:51:18,796 [WARN] ModelIntegratedComponent:184 - Missing modes for component STMicroelectronics:FreeRTOS:0.0.1:STMicroelectronics:RTOS:FreeRTOS:Core:::10.2.0:
2026-03-10 13:51:18,806 [WARN] ModelIntegratedComponent:63 - No mode defined for component null
2026-03-10 13:51:18,807 [WARN] ModelIntegratedComponent:63 - No mode defined for component null
2026-03-10 13:51:18,807 [WARN] ModelIntegratedComponent:63 - No mode defined for component null
2026-03-10 13:51:18,807 [WARN] ModelIntegratedComponent:63 - No mode defined for component null
2026-03-10 13:51:18,807 [WARN] ModelIntegratedComponent:63 - No mode defined for component null
2026-03-10 13:51:18,807 [WARN] ModelIntegratedComponent:63 - No mode defined for component null
2026-03-10 13:51:18,807 [WARN] ModelIntegratedComponent:63 - No mode defined for component null
2026-03-10 13:51:18,807 [WARN] ModelIntegratedComponent:63 - No mode defined for component null
2026-03-10 13:51:18,807 [WARN] ModelIntegratedComponent:63 - No mode defined for component null
2026-03-10 13:51:18,807 [WARN] ModelIntegratedComponent:63 - No mode defined for component null
2026-03-10 13:51:18,807 [WARN] ModelIntegratedComponent:63 - No mode defined for component null
2026-03-10 13:51:18,807 [WARN] ModelIntegratedComponent:63 - No mode defined for component null
2026-03-10 13:51:18,807 [WARN] ModelIntegratedComponent:63 - No mode defined for component null
2026-03-10 13:51:18,807 [WARN] ModelIntegratedComponent:63 - No mode defined for component null
2026-03-10 13:51:18,807 [WARN] ModelIntegratedComponent:63 - No mode defined for component null
2026-03-10 13:51:18,807 [WARN] ModelIntegratedComponent:63 - No mode defined for component null
2026-03-10 13:51:18,807 [WARN] ModelIntegratedComponent:63 - No mode defined for component null
2026-03-10 13:51:18,807 [WARN] ModelIntegratedComponent:63 - No mode defined for component null
2026-03-10 13:51:18,807 [WARN] ModelIntegratedComponent:63 - No mode defined for component null
2026-03-10 13:51:18,808 [WARN] ModelIntegratedComponent:63 - No mode defined for component null
2026-03-10 13:51:18,808 [WARN] ModelIntegratedComponent:63 - No mode defined for component null
2026-03-10 13:51:18,808 [WARN] ModelIntegratedComponent:63 - No mode defined for component null
2026-03-10 13:51:18,808 [WARN] ModelIntegratedComponent:63 - No mode defined for component null
2026-03-10 13:51:18,808 [WARN] ModelIntegratedComponent:63 - No mode defined for component null
2026-03-10 13:51:18,808 [WARN] ModelIntegratedComponent:63 - No mode defined for component null
2026-03-10 13:51:18,808 [WARN] ModelIntegratedComponent:63 - No mode defined for component null
2026-03-10 13:51:18,808 [WARN] ModelIntegratedComponent:63 - No mode defined for component null
2026-03-10 13:51:18,808 [WARN] ModelIntegratedComponent:63 - No mode defined for component null
2026-03-10 13:51:18,808 [WARN] ModelIntegratedComponent:63 - No mode defined for component null
2026-03-10 13:51:18,808 [WARN] ModelIntegratedComponent:63 - No mode defined for component null
2026-03-10 13:51:18,808 [WARN] ModelIntegratedComponent:63 - No mode defined for component null
2026-03-10 13:51:18,808 [WARN] ModelIntegratedComponent:63 - No mode defined for component null
2026-03-10 13:51:18,808 [WARN] ModelIntegratedComponent:63 - No mode defined for component null
2026-03-10 13:51:18,808 [WARN] ModelIntegratedComponent:63 - No mode defined for component null
2026-03-10 13:51:18,808 [WARN] ModelIntegratedComponent:63 - No mode defined for component null
2026-03-10 13:51:18,808 [WARN] ModelPack:524 - Component already loaded: STMicroelectronics:HAL Drivers:0.0.0:STMicroelectronics:Device:STMicro_Driver:XSPI:HAL::0.0.1:HAL_XSPI
2026-03-10 13:51:18,905 [INFO] ThirdPartyModel:298 - Start build external matchings
2026-03-10 13:51:19,298 [INFO] ThirdPartyModel:316 - End build external matchings
2026-03-10 13:51:19,320 [INFO] ImportTextPane:234 - (OptionalMessage_ERROR) IP (DMA) : Parameter (Instance) has Id (I2C3_RX) currently not set
2026-03-10 13:51:19,320 [INFO] ImportTextPane:234 - (OptionalMessage_ERROR) IP (DMA) : Parameter (Channel) has Id (I2C3_RX) currently not set
2026-03-10 13:51:19,320 [INFO] ImportTextPane:234 - (OptionalMessage_ERROR) IP (DMA) : Parameter (Direction) has Id (I2C3_RX) currently not set
2026-03-10 13:51:19,320 [INFO] ImportTextPane:234 - (OptionalMessage_ERROR) IP (DMA) : Parameter (PeriphInc) has Id (I2C3_RX) currently not set
2026-03-10 13:51:19,320 [INFO] ImportTextPane:234 - (OptionalMessage_ERROR) IP (DMA) : Parameter (MemInc) has Id (I2C3_RX) currently not set
2026-03-10 13:51:19,320 [INFO] ImportTextPane:234 - (OptionalMessage_ERROR) IP (DMA) : Parameter (PeriphDataAlignment) has Id (I2C3_RX) currently not set
2026-03-10 13:51:19,320 [INFO] ImportTextPane:234 - (OptionalMessage_ERROR) IP (DMA) : Parameter (MemDataAlignment) has Id (I2C3_RX) currently not set
2026-03-10 13:51:19,320 [INFO] ImportTextPane:234 - (OptionalMessage_ERROR) IP (DMA) : Parameter (Mode) has Id (I2C3_RX) currently not set
2026-03-10 13:51:19,321 [INFO] ImportTextPane:234 - (OptionalMessage_ERROR) IP (DMA) : Parameter (Priority) has Id (I2C3_RX) currently not set
2026-03-10 13:51:19,321 [INFO] ImportTextPane:234 - (OptionalMessage_ERROR) IP (DMA) : Parameter (FIFOMode) has Id (I2C3_RX) currently not set
2026-03-10 13:51:19,322 [WARN] IP:2250 - I2C_Coeff_DF not found: check if there is a RefParameter without a condition.
2026-03-10 13:51:19,322 [WARN] IP:2250 - Analog_Filter not found: check if there is a RefParameter without a condition.
2026-03-10 13:51:19,322 [INFO] ImportTextPane:234 - (OptionalMessage_ERROR) IP (RCC) : Invalid parameter (FamilyName)
2026-03-10 13:51:19,327 [WARN] IP:2250 - DEVICE_SERIAL0_CDC_FS not found: check if there is a RefParameter without a condition.
2026-03-10 13:51:19,327 [WARN] IP:2250 - DEVICE_SERIAL1_CDC_FS not found: check if there is a RefParameter without a condition.
2026-03-10 13:51:19,327 [WARN] IP:2250 - DEVICE_SERIAL2_CDC_FS not found: check if there is a RefParameter without a condition.
2026-03-10 13:51:19,487 [INFO] UtilMem:75 - End LoadConfig() Used Memory: 904078840 Bytes (1066401792)
2026-03-10 13:51:19,501 [WARN] ThirdParty:833 - waiting for thirdparty lock release [change project]
2026-03-10 13:51:19,501 [INFO] ThirdParty:835 - entering critical section [change project]
2026-03-10 13:51:19,501 [INFO] ThirdParty:1030 - CMSIS Pack Vendor :STMicroelectronics X-CUBE-AZRTOS-H7 3.5.0
2026-03-10 13:51:19,501 [INFO] ThirdParty:1030 - CMSIS Pack Vendor :STMicroelectronics X-CUBE-PM33A1 1.0.0
2026-03-10 13:51:19,501 [INFO] ThirdParty:1030 - CMSIS Pack Vendor :STMicroelectronics USBPD 4.1
2026-03-10 13:51:19,501 [INFO] ThirdParty:1030 - CMSIS Pack Vendor :STMicroelectronics X-CUBE-NFC9 1.0.0
2026-03-10 13:51:19,501 [INFO] ThirdParty:1030 - CMSIS Pack Vendor :STMicroelectronics USB_HOST 2.0.0
2026-03-10 13:51:19,501 [INFO] ThirdParty:1030 - CMSIS Pack Vendor :STMicroelectronics FP-SNS-MOTENVWB1 1.4.0
2026-03-10 13:51:19,501 [INFO] ThirdParty:1030 - CMSIS Pack Vendor :STMicroelectronics X-CUBE-AZRTOS-F4 1.1.0
2026-03-10 13:51:19,501 [INFO] ThirdParty:1030 - CMSIS Pack Vendor :STMicroelectronics LIBJPEG 8.0.0
2026-03-10 13:51:19,502 [INFO] ThirdParty:1030 - CMSIS Pack Vendor :STMicroelectronics FP-ATR-ASTRA1 2.0.2
2026-03-10 13:51:19,502 [INFO] ThirdParty:1030 - CMSIS Pack Vendor :wolfSSL I-CUBE-wolfSSL 5.8.2
2026-03-10 13:51:19,502 [INFO] ThirdParty:1030 - CMSIS Pack Vendor :STMicroelectronics X-CUBE-BLE1 7.1.0
2026-03-10 13:51:19,502 [INFO] ThirdParty:1030 - CMSIS Pack Vendor :STMicroelectronics X-CUBE-SMBUS 2.1.0
2026-03-10 13:51:19,502 [INFO] ThirdParty:1030 - CMSIS Pack Vendor :wolfSSL I-CUBE-wolfMQTT 1.19.2
2026-03-10 13:51:19,502 [INFO] ThirdParty:1030 - CMSIS Pack Vendor :STMicroelectronics USB_DEVICE 3.0.0
2026-03-10 13:51:19,502 [INFO] ThirdParty:1030 - CMSIS Pack Vendor :STMicroelectronics X-CUBE-ISPU 2.1.0
2026-03-10 13:51:19,502 [INFO] ThirdParty:1030 - CMSIS Pack Vendor :STMicroelectronics X-CUBE-FREERTOS 1.4.0
2026-03-10 13:51:19,502 [INFO] ThirdParty:1030 - CMSIS Pack Vendor :STMicroelectronics X-CUBE-EEPRMA1 5.2.0
2026-03-10 13:51:19,502 [INFO] ThirdParty:1030 - CMSIS Pack Vendor :STMicroelectronics X-CUBE-IPS 3.2.0
2026-03-10 13:51:19,502 [INFO] ThirdParty:1030 - CMSIS Pack Vendor :STMicroelectronics X-CUBE-BLEMGR 4.1.0
2026-03-10 13:51:19,502 [INFO] ThirdParty:1030 - CMSIS Pack Vendor :STMicroelectronics X-CUBE-AZRTOS-WB 2.0.0
2026-03-10 13:51:19,502 [INFO] ThirdParty:1030 - CMSIS Pack Vendor :STMicroelectronics X-CUBE-ST60 1.0.0
2026-03-10 13:51:19,502 [INFO] ThirdParty:1030 - CMSIS Pack Vendor :STMicroelectronics X-CUBE-GNSS1 7.0.1
2026-03-10 13:51:19,502 [INFO] ThirdParty:1030 - CMSIS Pack Vendor :STMicroelectronics X-CUBE-NFC12 1.0.0
2026-03-10 13:51:19,502 [INFO] ThirdParty:1030 - CMSIS Pack Vendor :STMicroelectronics X-CUBE-AZRTOS-F7 1.1.0
2026-03-10 13:51:19,502 [INFO] ThirdParty:1030 - CMSIS Pack Vendor :STMicroelectronics X-CUBE-AZRTOS-L5 2.0.0
2026-03-10 13:51:19,502 [INFO] ThirdParty:1030 - CMSIS Pack Vendor :STMicroelectronics USB_DEVICE 2.0.0
2026-03-10 13:51:19,502 [INFO] ThirdParty:1030 - CMSIS Pack Vendor :STMicroelectronics X-CUBE-NFC6 3.1.0
2026-03-10 13:51:19,502 [INFO] ThirdParty:1030 - CMSIS Pack Vendor :STMicroelectronics X-CUBE-ST67W61 1.1.0
2026-03-10 13:51:19,502 [INFO] ThirdParty:1030 - CMSIS Pack Vendor :Cesanta I-CUBE-Mongoose 7.19.0
2026-03-10 13:51:19,502 [INFO] ThirdParty:1030 - CMSIS Pack Vendor :quantropi X-CUBE-qispace-sdk-base 2.1.0
2026-03-10 13:51:19,502 [INFO] ThirdParty:1030 - CMSIS Pack Vendor :STMicroelectronics X-CUBE-MEMS1 12.0.0
2026-03-10 13:51:19,502 [INFO] ThirdParty:1030 - CMSIS Pack Vendor :STMicroelectronics X-CUBE-STSE01 2.0.0
2026-03-10 13:51:19,502 [INFO] ThirdParty:1030 - CMSIS Pack Vendor :STMicroelectronics FP-SNS-MOTENV1 5.1.0
2026-03-10 13:51:19,502 [INFO] ThirdParty:1030 - CMSIS Pack Vendor :STMicroelectronics FreeRTOS 0.0.1
2026-03-10 13:51:19,502 [INFO] ThirdParty:1030 - CMSIS Pack Vendor :STMicroelectronics X-CUBE-AZRTOS-G0 1.1.0
2026-03-10 13:51:19,502 [INFO] ThirdParty:1030 - CMSIS Pack Vendor :STMicroelectronics X-CUBE-SAFEA1 1.2.2
2026-03-10 13:51:19,502 [INFO] ThirdParty:1030 - CMSIS Pack Vendor :STMicroelectronics X-CUBE-NFC4 3.0.0
2026-03-10 13:51:19,502 [INFO] ThirdParty:1030 - CMSIS Pack Vendor :STMicroelectronics X-CUBE-SUBG2 5.0.0
2026-03-10 13:51:19,502 [INFO] ThirdParty:1030 - CMSIS Pack Vendor :STMicroelectronics X-CUBE-AZRTOS-H7RS 1.1.0
2026-03-10 13:51:19,503 [INFO] ThirdParty:1030 - CMSIS Pack Vendor :STMicroelectronics STM32_WPAN 1.0.0
2026-03-10 13:51:19,503 [INFO] ThirdParty:1030 - CMSIS Pack Vendor :EmbeddedOffice I-CUBE-FS-RTOS 1.0.1
2026-03-10 13:51:19,503 [INFO] ThirdParty:1030 - CMSIS Pack Vendor :STMicroelectronics lwIP 2.0.3
2026-03-10 13:51:19,503 [INFO] ThirdParty:1030 - CMSIS Pack Vendor :WES I-CUBE-Cesium 1.4.0
2026-03-10 13:51:19,503 [INFO] ThirdParty:1030 - CMSIS Pack Vendor :STMicroelectronics USB_HOST 1.0.0
2026-03-10 13:51:19,503 [INFO] ThirdParty:1030 - CMSIS Pack Vendor :Infineon AIROC-Wi-Fi-Bluetooth-STM32 1.7.1
2026-03-10 13:51:19,503 [INFO] ThirdParty:1030 - CMSIS Pack Vendor :STMicroelectronics X-CUBE-AZRTOS-G4 2.0.0
2026-03-10 13:51:19,503 [INFO] ThirdParty:1030 - CMSIS Pack Vendor :STMicroelectronics X-CUBE-WB05N 2.0.0
2026-03-10 13:51:19,503 [INFO] ThirdParty:1030 - CMSIS Pack Vendor :STMicroelectronics PDM2PCM 3.1.0
2026-03-10 13:51:19,503 [INFO] ThirdParty:1030 - CMSIS Pack Vendor :STMicroelectronics PDM2PCM 3.3.0
2026-03-10 13:51:19,503 [INFO] ThirdParty:1030 - CMSIS Pack Vendor :wolfSSL I-CUBE-wolfTPM 3.8.0
2026-03-10 13:51:19,503 [INFO] ThirdParty:1030 - CMSIS Pack Vendor :STMicroelectronics X-CUBE-AZRTOS-H7 3.4.0
2026-03-10 13:51:19,503 [INFO] ThirdParty:1030 - CMSIS Pack Vendor :STMicroelectronics X-CUBE-DISPLAY 3.0.0
2026-03-10 13:51:19,503 [INFO] ThirdParty:1030 - CMSIS Pack Vendor :wolfSSL I-CUBE-wolfSSH 1.4.20
2026-03-10 13:51:19,503 [INFO] ThirdParty:1030 - CMSIS Pack Vendor :STMicroelectronics X-CUBE-NFC7 2.0.0
2026-03-10 13:51:19,503 [INFO] ThirdParty:1030 - CMSIS Pack Vendor :STMicroelectronics FP-SNS-MOTENVWB1 1.5.0
2026-03-10 13:51:19,503 [INFO] ThirdParty:1030 - CMSIS Pack Vendor :STMicroelectronics X-CUBE-TCPP 4.2.0
2026-03-10 13:51:19,503 [INFO] ThirdParty:1030 - CMSIS Pack Vendor :RealThread X-CUBE-RT-Thread_Nano 4.1.1
2026-03-10 13:51:19,503 [INFO] ThirdParty:1030 - CMSIS Pack Vendor :STMicroelectronics FP-ATR-SIGFOX1 3.2.0
2026-03-10 13:51:19,503 [INFO] ThirdParty:1030 - CMSIS Pack Vendor :STMicroelectronics X-CUBE-NFC10 1.0.0
2026-03-10 13:51:19,503 [INFO] ThirdParty:1030 - CMSIS Pack Vendor :STMicroelectronics X-CUBE-FREERTOS 1.3.1
2026-03-10 13:51:19,503 [INFO] ThirdParty:1030 - CMSIS Pack Vendor :STMicroelectronics HAL Drivers 0.0.0
2026-03-10 13:51:19,503 [INFO] ThirdParty:1030 - CMSIS Pack Vendor :STMicroelectronics X-CUBE-FREERTOS 1.5.0
2026-03-10 13:51:19,503 [INFO] ThirdParty:1030 - CMSIS Pack Vendor :STMicroelectronics MBEDTLS 2.16.2
2026-03-10 13:51:19,503 [INFO] ThirdParty:1030 - CMSIS Pack Vendor :STMicroelectronics X-CUBE-ST60 1.1.0
2026-03-10 13:51:19,503 [INFO] ThirdParty:1030 - CMSIS Pack Vendor :STMicroelectronics X-CUBE-ALS 1.0.2
2026-03-10 13:51:19,503 [INFO] ThirdParty:1030 - CMSIS Pack Vendor :emotas I-CUBE-CANOPEN 1.3.0
2026-03-10 13:51:19,503 [INFO] ThirdParty:1030 - CMSIS Pack Vendor :STMicroelectronics MBEDTLS 2.14.1
2026-03-10 13:51:19,504 [INFO] ThirdParty:1030 - CMSIS Pack Vendor :STMicroelectronics X-CUBE-GNSS1 7.1.0
2026-03-10 13:51:19,504 [INFO] ThirdParty:1030 - CMSIS Pack Vendor :ITTIA_DB I-CUBE-ITTIADB 8.9.0
2026-03-10 13:51:19,504 [INFO] ThirdParty:1030 - CMSIS Pack Vendor :STMicroelectronics X-CUBE-TOUCHGFX 4.26.0
2026-03-10 13:51:19,504 [INFO] ThirdParty:1030 - CMSIS Pack Vendor :STMicroelectronics X-CUBE-STSE01 1.0.0
2026-03-10 13:51:19,504 [INFO] ThirdParty:1030 - CMSIS Pack Vendor :STMicroelectronics X-CUBE-TOUCHGFX 4.26.1
2026-03-10 13:51:19,504 [INFO] ThirdParty:1030 - CMSIS Pack Vendor :STMicroelectronics X-CUBE-NFC6 3.2.0
2026-03-10 13:51:19,504 [INFO] ThirdParty:1030 - CMSIS Pack Vendor :STMicroelectronics ThreadX 1.0.0
2026-03-10 13:51:19,504 [INFO] ThirdParty:1030 - CMSIS Pack Vendor :STMicroelectronics FP-SNS-SMARTAG2 1.2.0
2026-03-10 13:51:19,504 [INFO] ThirdParty:1030 - CMSIS Pack Vendor :STMicroelectronics FP-SNS-FLIGHT1 5.1.0
2026-03-10 13:51:19,504 [INFO] ThirdParty:1030 - CMSIS Pack Vendor :STMicroelectronics X-CUBE-AZRTOS-WL 2.0.0
2026-03-10 13:51:19,504 [INFO] ThirdParty:1030 - CMSIS Pack Vendor :SEGGER I-CUBE-embOS 1.3.1
2026-03-10 13:51:19,504 [INFO] ThirdParty:1030 - CMSIS Pack Vendor :STMicroelectronics X-CUBE-ALGOBUILD 1.4.0
2026-03-10 13:51:19,504 [INFO] ThirdParty:1030 - CMSIS Pack Vendor :STMicroelectronics X-CUBE-DPower 1.3.0
2026-03-10 13:51:19,504 [INFO] ThirdParty:1030 - CMSIS Pack Vendor :STMicroelectronics X-CUBE-MEMS1 11.3.0
2026-03-10 13:51:19,504 [INFO] ThirdParty:1030 - CMSIS Pack Vendor :STMicroelectronics FP-SNS-MOTENV1 5.0.0
2026-03-10 13:51:19,504 [INFO] ThirdParty:1030 - CMSIS Pack Vendor :STMicroelectronics USB_DEVICE 1.0.0
2026-03-10 13:51:19,504 [INFO] ThirdParty:1030 - CMSIS Pack Vendor :STMicroelectronics X-CUBE-AZRTOS-H7RS 1.2.0
2026-03-10 13:51:19,504 [INFO] ThirdParty:1030 - CMSIS Pack Vendor :STMicroelectronics X-CUBE-AZRTOS-L4 2.0.0
2026-03-10 13:51:19,504 [INFO] ThirdParty:1030 - CMSIS Pack Vendor :STMicroelectronics ThreadX 0.0.2
2026-03-10 13:51:19,504 [INFO] ThirdParty:1030 - CMSIS Pack Vendor :STMicroelectronics lwIP 2.1.2
2026-03-10 13:51:19,504 [INFO] ThirdParty:1030 - CMSIS Pack Vendor :STMicroelectronics X-CUBE-SFXS2LP1 4.0.0
2026-03-10 13:51:19,504 [INFO] ThirdParty:1030 - CMSIS Pack Vendor :STMicroelectronics X-CUBE-BLE2 3.3.0
2026-03-10 13:51:19,504 [INFO] ThirdParty:1030 - CMSIS Pack Vendor :Avnet-IOTCONNECT X-CUBE-iotc-st67-sdk 1.0.0
2026-03-10 13:51:19,504 [INFO] ThirdParty:1030 - CMSIS Pack Vendor :STMicroelectronics X-CUBE-TOF1 3.4.3
2026-03-10 13:51:19,504 [INFO] ThirdParty:1030 - CMSIS Pack Vendor :STMicroelectronics PDM2PCM 3.2.0
2026-03-10 13:51:19,504 [INFO] ThirdParty:1030 - CMSIS Pack Vendor :STMicroelectronics X-CUBE-ST67W61 1.2.0
2026-03-10 13:51:19,505 [INFO] ThirdParty:841 - exiting critical section [change project]
2026-03-10 13:51:19,930 [INFO] PinOutPanel:1589 - setPackage(No Configuration,No Configuration)
2026-03-10 13:51:19,931 [INFO] PinOutPanel:1589 - setPackage(STM32F446RETx,LQFP64)
2026-03-10 13:51:20,466 [INFO] UtilMem:75 - Before build in PCC Used Memory: 446959008 Bytes (1066401792)
2026-03-10 13:51:20,777 [INFO] UtilMem:75 - After build in PCC Used Memory: 505152928 Bytes (1066401792)
2026-03-10 13:51:20,790 [INFO] ApiDbMcu:532 - Load IP Config File for USB_DEVICE
2026-03-10 13:51:20,814 [INFO] IPUIPlugin:80 - create IPUIPlugin
2026-03-10 13:51:20,814 [INFO] IPUIPlugin:80 - create IPUIPlugin
2026-03-10 13:51:20,814 [INFO] IPUIPlugin:80 - create IPUIPlugin
2026-03-10 13:51:20,815 [INFO] IPUIPlugin:80 - create IPUIPlugin
2026-03-10 13:51:20,815 [INFO] IPUIPlugin:80 - create IPUIPlugin
2026-03-10 13:51:20,815 [INFO] IPUIPlugin:80 - create IPUIPlugin
2026-03-10 13:51:20,815 [INFO] IPUIPlugin:80 - create IPUIPlugin
2026-03-10 13:51:20,815 [INFO] IPUIPlugin:80 - create IPUIPlugin
2026-03-10 13:51:20,815 [INFO] IPUIPlugin:80 - create IPUIPlugin
2026-03-10 13:51:20,815 [INFO] IPUIPlugin:80 - create IPUIPlugin
2026-03-10 13:51:20,815 [INFO] IPUIPlugin:80 - create IPUIPlugin
2026-03-10 13:51:20,816 [INFO] IPUIPlugin:80 - create IPUIPlugin
2026-03-10 13:51:20,816 [INFO] IPUIPlugin:80 - create IPUIPlugin
2026-03-10 13:51:20,816 [INFO] IPUIPlugin:80 - create IPUIPlugin
2026-03-10 13:51:20,816 [INFO] IPUIPlugin:80 - create IPUIPlugin
2026-03-10 13:51:20,816 [INFO] IPUIPlugin:80 - create IPUIPlugin
2026-03-10 13:51:20,816 [INFO] IPUIPlugin:80 - create IPUIPlugin
2026-03-10 13:51:20,816 [INFO] IPUIPlugin:80 - create IPUIPlugin
2026-03-10 13:51:20,817 [INFO] IPUIPlugin:80 - create IPUIPlugin
2026-03-10 13:51:20,817 [INFO] IPUIPlugin:80 - create IPUIPlugin
2026-03-10 13:51:20,817 [INFO] IPUIPlugin:80 - create IPUIPlugin
2026-03-10 13:51:20,817 [INFO] IPUIPlugin:80 - create IPUIPlugin
2026-03-10 13:51:20,817 [INFO] IPUIPlugin:80 - create IPUIPlugin
2026-03-10 13:51:20,817 [INFO] IPUIPlugin:80 - create IPUIPlugin
2026-03-10 13:51:20,818 [INFO] IPUIPlugin:80 - create IPUIPlugin
2026-03-10 13:51:20,818 [INFO] IPUIPlugin:80 - create IPUIPlugin
2026-03-10 13:51:20,818 [INFO] IPUIPlugin:80 - create IPUIPlugin
2026-03-10 13:51:20,818 [INFO] IPUIPlugin:80 - create IPUIPlugin
2026-03-10 13:51:20,818 [INFO] IPUIPlugin:80 - create IPUIPlugin
2026-03-10 13:51:20,819 [INFO] IPUIPlugin:80 - create IPUIPlugin
2026-03-10 13:51:20,819 [INFO] IPUIPlugin:80 - create IPUIPlugin
2026-03-10 13:51:20,819 [INFO] IPUIPlugin:80 - create IPUIPlugin
2026-03-10 13:51:20,820 [INFO] IPUIPlugin:80 - create IPUIPlugin
2026-03-10 13:51:20,820 [INFO] IPUIPlugin:80 - create IPUIPlugin
2026-03-10 13:51:20,820 [INFO] IPUIPlugin:80 - create IPUIPlugin
2026-03-10 13:51:20,820 [INFO] IPUIPlugin:80 - create IPUIPlugin
2026-03-10 13:51:20,821 [INFO] IPUIPlugin:80 - create IPUIPlugin
2026-03-10 13:51:20,821 [INFO] IPUIPlugin:80 - create IPUIPlugin
2026-03-10 13:51:20,821 [INFO] IPUIPlugin:80 - create IPUIPlugin
2026-03-10 13:51:20,821 [INFO] IPUIPlugin:80 - create IPUIPlugin
2026-03-10 13:51:20,822 [INFO] IPUIPlugin:80 - create IPUIPlugin
2026-03-10 13:51:20,822 [INFO] IPUIPlugin:80 - create IPUIPlugin
2026-03-10 13:51:20,822 [INFO] IPUIPlugin:80 - create IPUIPlugin
2026-03-10 13:51:20,822 [INFO] IPUIPlugin:80 - create IPUIPlugin
2026-03-10 13:51:20,823 [INFO] IPUIPlugin:80 - create IPUIPlugin
2026-03-10 13:51:20,823 [INFO] IPUIPlugin:80 - create IPUIPlugin
2026-03-10 13:51:20,823 [INFO] IPUIPlugin:80 - create IPUIPlugin
2026-03-10 13:51:20,824 [INFO] IPUIPlugin:80 - create IPUIPlugin
2026-03-10 13:51:20,824 [INFO] IPUIPlugin:80 - create IPUIPlugin
2026-03-10 13:51:20,825 [INFO] IPUIPlugin:80 - create IPUIPlugin
2026-03-10 13:51:20,825 [INFO] IPUIPlugin:80 - create IPUIPlugin
2026-03-10 13:51:20,825 [INFO] IPUIPlugin:80 - create IPUIPlugin
2026-03-10 13:51:20,825 [INFO] IPUIPlugin:80 - create IPUIPlugin
2026-03-10 13:51:20,825 [INFO] IPUIPlugin:80 - create IPUIPlugin
2026-03-10 13:51:20,826 [INFO] IPUIPlugin:80 - create IPUIPlugin
2026-03-10 13:51:20,826 [INFO] IPUIPlugin:80 - create IPUIPlugin
2026-03-10 13:51:20,827 [INFO] IPUIPlugin:80 - create IPUIPlugin
2026-03-10 13:51:20,827 [INFO] IPUIPlugin:80 - create IPUIPlugin
2026-03-10 13:51:20,827 [INFO] IPUIPlugin:80 - create IPUIPlugin
2026-03-10 13:51:20,828 [INFO] IPUIPlugin:80 - create IPUIPlugin
2026-03-10 13:51:20,830 [INFO] ApiDbMcu:532 - Load IP Config File for PDM2PCM
2026-03-10 13:51:20,832 [INFO] Can:71 - Can Add PropertyChangeListener com.st.microxplorer.plugins.ip.can.Can@29943d35
2026-03-10 13:51:20,833 [WARN] IP:2250 - I2C_Coeff_DF not found: check if there is a RefParameter without a condition.
2026-03-10 13:51:20,833 [WARN] IP:2250 - Analog_Filter not found: check if there is a RefParameter without a condition.
2026-03-10 13:51:20,894 [INFO] CADModel:165 - CPN selected for project levelSTM32F446RET6
2026-03-10 13:51:20,895 [INFO] CADModel:114 - Register for checkConnection events
2026-03-10 13:51:20,934 [INFO] OpenFileManager:386 - Restore cursor
2026-03-10 13:51:21,080 [WARN] IP:2250 - DEVICE_SERIAL0_CDC_FS not found: check if there is a RefParameter without a condition.
2026-03-10 13:51:21,080 [WARN] IP:2250 - DEVICE_SERIAL1_CDC_FS not found: check if there is a RefParameter without a condition.
2026-03-10 13:51:21,080 [WARN] IP:2250 - DEVICE_SERIAL2_CDC_FS not found: check if there is a RefParameter without a condition.
2026-03-10 13:51:21,081 [WARN] IP:2250 - DEVICE_SERIAL0_CDC_FS not found: check if there is a RefParameter without a condition.
2026-03-10 13:51:21,081 [WARN] IP:2250 - DEVICE_SERIAL1_CDC_FS not found: check if there is a RefParameter without a condition.
2026-03-10 13:51:21,081 [WARN] IP:2250 - DEVICE_SERIAL2_CDC_FS not found: check if there is a RefParameter without a condition.
2026-03-10 13:51:21,115 [WARN] IP:2250 - I2C_Coeff_DF not found: check if there is a RefParameter without a condition.
2026-03-10 13:51:21,115 [WARN] IP:2250 - Analog_Filter not found: check if there is a RefParameter without a condition.
2026-03-10 13:51:21,115 [WARN] IP:2250 - I2C_Coeff_DF not found: check if there is a RefParameter without a condition.
2026-03-10 13:51:21,115 [WARN] IP:2250 - Analog_Filter not found: check if there is a RefParameter without a condition.
2026-03-10 13:52:25,257 [INFO] WebApp:194 - Connection lost
2026-03-10 13:52:25,368 [INFO] WebApp:191 - Connection restablished
2026-03-10 13:52:59,856 [INFO] WebApp:194 - Connection lost
2026-03-10 13:53:00,069 [INFO] WebApp:191 - Connection restablished
2026-03-10 13:53:39,290 [INFO] NvicIntPanel:101 - NVIC parent = com.st.microxplorer.plugins.ip.nvic.MultiNvicIntPanel[,0,0,450x221,layout=javax.swing.BoxLayout,alignmentX=0.0,alignmentY=0.0,border=,flags=9,maximumSize=,minimumSize=,preferredSize=]
2026-03-10 13:54:02,143 [INFO] NvicIntPanel:101 - NVIC parent = com.st.microxplorer.plugins.ip.nvic.MultiNvicIntPanel[,0,0,0x0,invalid,layout=javax.swing.BoxLayout,alignmentX=0.0,alignmentY=0.0,border=,flags=9,maximumSize=,minimumSize=,preferredSize=]
2026-03-10 13:55:00,667 [INFO] CtxDoc:743 - title: USB_OTG_FS; link: Reference manual 
2026-03-10 13:55:01,202 [INFO] ServerAccessManage:452 - Complete download http(s) 200
2026-03-10 13:55:01,202 [INFO] ServerAccessManage:509 - Download File RM0390.pdf
2026-03-10 13:55:01,955 [INFO] LoadUrlFilesThread:156 - End of LoadUrlFiles Thread
2026-03-10 13:55:01,955 [INFO] CtxDocViewerPdf:144 - Open pdf file: /home/kamil/STM32Cube/Repository//RM0390.pdf in chapter: USB on the go full speed/high speed (OTG_FS/OTG_HS)
2026-03-10 13:55:02,546 [INFO] CtxDocViewerPdf:209 - item USB on-the-go full-speed/high-speed (OTG_FS/OTG_HS) is on page 1062
2026-03-10 13:55:02,546 [INFO] CtxDocViewerPdf:239 - Opening file: /home/kamil/STM32Cube/Repository//RM0390.pdf at page: 1062
2026-03-10 13:57:35,570 [INFO] WebApp:194 - Connection lost
2026-03-10 13:57:35,724 [INFO] WebApp:191 - Connection restablished
2026-03-10 13:58:10,144 [INFO] WebApp:194 - Connection lost
2026-03-10 13:58:10,272 [INFO] WebApp:191 - Connection restablished
2026-03-10 14:00:34,111 [INFO] WebApp:194 - Connection lost
2026-03-10 14:00:34,231 [INFO] WebApp:191 - Connection restablished
2026-03-10 14:01:42,896 [INFO] WebApp:194 - Connection lost
2026-03-10 14:01:43,026 [INFO] WebApp:191 - Connection restablished
2026-03-10 14:05:28,539 [INFO] WebApp:194 - Connection lost
2026-03-10 14:05:28,661 [INFO] WebApp:191 - Connection restablished
2026-03-10 14:07:11,473 [INFO] WebApp:194 - Connection lost
2026-03-10 14:07:11,606 [INFO] WebApp:191 - Connection restablished
2026-03-10 14:09:06,028 [ERROR] LogOutputStream:75 - [STDERR_REDIRECT] SWT SessionManagerDBus: Failed to UnregisterClient: GDBus.Error:org.freedesktop.DBus.Error.NoReply: Message recipient disconnected from message bus without replying
2026-03-10 16:07:50,531 [INFO] Activator:176 - 


2026-03-10 16:07:50,532 [INFO] Activator:177 - !SESSION log4j initialized
2026-03-10 16:07:53,585 [INFO] LogOutputStream:77 - [STDOUT_REDIRECT] 
2026-03-10 16:07:54,479 [INFO] ApplicationProperties:184 - Using Application install path: /opt/st/stm32cubeide_1.19.0/plugins/com.st.stm32cube.common.mx_6.15.0.202507011659
2026-03-10 16:07:54,490 [INFO] DbMcusXml:78 - Set database path to: /opt/st/stm32cubeide_1.19.0/plugins/com.st.stm32cube.common.mx_6.15.0.202507011659//db//mcu/
2026-03-10 16:07:54,491 [INFO] ApiDb:274 - Set plugin database path to: /opt/st/stm32cubeide_1.19.0/plugins/com.st.stm32cube.common.mx_6.15.0.202507011659//db//plugins/boardmanager/
2026-03-10 16:07:54,491 [WARN] ApiDb:259 - Overriding images path with different value:  => /opt/st/stm32cubeide_1.19.0/plugins/com.st.stm32cube.common.mx_6.15.0.202507011659//db//plugins/mcufinder/images/
2026-03-10 16:07:54,495 [INFO] ApiDb:250 - Set database path to: /home/kamil/.stmcufinder/plugins/mcufinder//mcu/
2026-03-10 16:07:54,496 [INFO] DbMcusAds:125 - Set database path to: /home/kamil/.stmcufinder/plugins/mcufinder//mcu/
2026-03-10 16:07:54,498 [INFO] CrossReferenceDbSqlite:203 - Set database path to: /home/kamil/.stmcufinder/plugins/mcufinder//mcu/cs/
2026-03-10 16:07:54,579 [INFO] RulesReader:64 - Compatibility file has been processed (317 Rules)
2026-03-10 16:07:54,632 [INFO] DbMcusXml:78 - Set database path to: /opt/st/stm32cubeide_1.19.0/plugins/com.st.stm32cube.common.mx_6.15.0.202507011659//db//mcu/
2026-03-10 16:07:54,633 [INFO] ApiDb:274 - Set plugin database path to: /opt/st/stm32cubeide_1.19.0/plugins/com.st.stm32cube.common.mx_6.15.0.202507011659//db//plugins/boardmanager/
2026-03-10 16:07:54,633 [INFO] ApiDb:261 - Set plugin images path to: /opt/st/stm32cubeide_1.19.0/plugins/com.st.stm32cube.common.mx_6.15.0.202507011659//db//plugins/mcufinder/images/
2026-03-10 16:07:54,633 [WARN] DbFile:41 - Overriding database path with different value: /home/kamil/.stmcufinder/plugins/mcufinder/ => /home/kamil/.stmcufinder/plugins/mcufinder
2026-03-10 16:07:54,633 [INFO] ApiDb:250 - Set database path to: /home/kamil/.stmcufinder/plugins/mcufinder//mcu/
2026-03-10 16:07:54,633 [WARN] DbFile:41 - Overriding database path with different value: /home/kamil/.stmcufinder/plugins/mcufinder/ => /home/kamil/.stmcufinder/plugins/mcufinder
2026-03-10 16:07:54,633 [INFO] DbMcusAds:125 - Set database path to: /home/kamil/.stmcufinder/plugins/mcufinder//mcu/
2026-03-10 16:07:54,633 [WARN] DbFile:41 - Overriding database path with different value: /home/kamil/.stmcufinder/plugins/mcufinder/ => /home/kamil/.stmcufinder/plugins/mcufinder
2026-03-10 16:07:54,633 [WARN] DbFile:41 - Overriding database path with different value: /home/kamil/.stmcufinder/plugins/mcufinder/ => /home/kamil/.stmcufinder/plugins/mcufinder
2026-03-10 16:07:54,633 [INFO] CrossReferenceDbSqlite:203 - Set database path to: /home/kamil/.stmcufinder/plugins/mcufinder//mcu/cs/
2026-03-10 16:07:54,688 [INFO] MainPanel:274 - HeapMemory: 268435456
2026-03-10 16:07:54,786 [INFO] DbMcusXml:78 - Set database path to: /opt/st/stm32cubeide_1.19.0/plugins/com.st.stm32cube.common.mx_6.15.0.202507011659//db//mcu/
2026-03-10 16:07:54,787 [INFO] ApiDb:274 - Set plugin database path to: /opt/st/stm32cubeide_1.19.0/plugins/com.st.stm32cube.common.mx_6.15.0.202507011659//db//plugins/boardmanager/
2026-03-10 16:07:54,787 [INFO] ApiDb:261 - Set plugin images path to: /opt/st/stm32cubeide_1.19.0/plugins/com.st.stm32cube.common.mx_6.15.0.202507011659//db//plugins/mcufinder/images/
2026-03-10 16:07:54,787 [WARN] DbFile:41 - Overriding database path with different value: /home/kamil/.stmcufinder/plugins/mcufinder/ => /home/kamil/.stmcufinder/plugins/mcufinder
2026-03-10 16:07:54,787 [INFO] ApiDb:250 - Set database path to: /home/kamil/.stmcufinder/plugins/mcufinder//mcu/
2026-03-10 16:07:54,787 [WARN] DbFile:41 - Overriding database path with different value: /home/kamil/.stmcufinder/plugins/mcufinder/ => /home/kamil/.stmcufinder/plugins/mcufinder
2026-03-10 16:07:54,787 [INFO] DbMcusAds:125 - Set database path to: /home/kamil/.stmcufinder/plugins/mcufinder//mcu/
2026-03-10 16:07:54,787 [WARN] DbFile:41 - Overriding database path with different value: /home/kamil/.stmcufinder/plugins/mcufinder/ => /home/kamil/.stmcufinder/plugins/mcufinder
2026-03-10 16:07:54,787 [WARN] DbFile:41 - Overriding database path with different value: /home/kamil/.stmcufinder/plugins/mcufinder/ => /home/kamil/.stmcufinder/plugins/mcufinder
2026-03-10 16:07:54,787 [INFO] CrossReferenceDbSqlite:203 - Set database path to: /home/kamil/.stmcufinder/plugins/mcufinder//mcu/cs/
2026-03-10 16:07:54,801 [INFO] ApplicationProperties:184 - Using Application install path: /opt/st/stm32cubeide_1.19.0/plugins/com.st.stm32cube.common.mx_6.15.0.202507011659
2026-03-10 16:07:54,802 [INFO] PluginManage:196 - Search for loadable plugins [exclusion list=, ]
2026-03-10 16:07:54,803 [INFO] PluginManage:310 - Check plugin analytics
2026-03-10 16:07:54,913 [INFO] AnalyticsPlugin:253 - Accepted Software Licenses: 
2026-03-10 16:07:54,914 [INFO] AnalyticsPlugin:255 - Accepted CMSIS Pack Licenses: 
2026-03-10 16:07:54,914 [INFO] AnalyticsPlugin:257 - Accepted Firmware Licenses: FW.F4.1.28.0
2026-03-10 16:07:54,915 [INFO] PluginManage:359 - Loaded plugin analytics (category:tool,tabindex:-1)
2026-03-10 16:07:54,915 [INFO] PluginManage:310 - Check plugin cadmodel
2026-03-10 16:07:54,918 [INFO] CADModel:105 - Init CAD model plugin
2026-03-10 16:07:54,919 [INFO] PluginManage:359 - Loaded plugin cadmodel (category:power,tabindex:5)
2026-03-10 16:07:54,919 [INFO] PluginManage:310 - Check plugin clock
2026-03-10 16:07:54,925 [INFO] PluginManage:359 - Loaded plugin clock (category:base,tabindex:2)
2026-03-10 16:07:54,925 [INFO] PluginManage:310 - Check plugin ddr
2026-03-10 16:07:54,927 [INFO] PluginManage:359 - Loaded plugin ddr (category:tool,tabindex:6)
2026-03-10 16:07:54,927 [INFO] PluginManage:310 - Check plugin filemanager
2026-03-10 16:07:55,047 [INFO] PluginManage:359 - Loaded plugin filemanager (category:base,tabindex:10)
2026-03-10 16:07:55,047 [INFO] PluginManage:310 - Check plugin ipmanager
2026-03-10 16:07:55,052 [INFO] PluginManage:359 - Loaded plugin ipmanager (category:base,tabindex:5)
2026-03-10 16:07:55,052 [INFO] PluginManage:310 - Check plugin lpbam
2026-03-10 16:07:55,059 [INFO] PluginManage:359 - Loaded plugin lpbam (category:base,tabindex:0)
2026-03-10 16:07:55,059 [INFO] PluginManage:310 - Check plugin memorymap
2026-03-10 16:07:55,070 [INFO] PluginManage:359 - Loaded plugin memorymap (category:base,tabindex:4)
2026-03-10 16:07:55,070 [INFO] PluginManage:310 - Check plugin pinoutandconfiguration
2026-03-10 16:07:55,078 [INFO] PluginManage:359 - Loaded plugin pinoutandconfiguration (category:base,tabindex:1)
2026-03-10 16:07:55,078 [INFO] PluginManage:310 - Check plugin pinoutconfig
2026-03-10 16:07:55,145 [WARN] SupportedApi:132 - Cannot load RTOS API schema: s4s-elt-must-match.1: The content of 'definitions' must match (annotation?, (simpleType | complexType)?, (unique | key | keyref)*)). A problem was found starting at: attribute.
2026-03-10 16:07:55,253 [INFO] PluginManage:359 - Loaded plugin pinoutconfig (category:base,tabindex:0)
2026-03-10 16:07:55,253 [INFO] PluginManage:310 - Check plugin power
2026-03-10 16:07:55,262 [INFO] PluginManage:359 - Loaded plugin power (category:power,tabindex:4)
2026-03-10 16:07:55,262 [INFO] PluginManage:310 - Check plugin projectmanager
2026-03-10 16:07:55,273 [INFO] PluginManage:359 - Loaded plugin projectmanager (category:projectmanager,tabindex:4)
2026-03-10 16:07:55,273 [INFO] PluginManage:310 - Check plugin rif
2026-03-10 16:07:55,280 [INFO] PluginManage:359 - Loaded plugin rif (category:base,tabindex:3)
2026-03-10 16:07:55,280 [INFO] PluginManage:310 - Check plugin thirdparty
2026-03-10 16:07:55,372 [INFO] PluginManage:359 - Loaded plugin thirdparty (category:base,tabindex:-1)
2026-03-10 16:07:55,372 [INFO] PluginManage:310 - Check plugin tools
2026-03-10 16:07:55,372 [WARN] IntegrityCheckThread:84 - waiting for thirdparty lock release [integrity check]
2026-03-10 16:07:55,372 [INFO] IntegrityCheckThread:86 - entering critical section [integrity check]
2026-03-10 16:07:55,373 [INFO] ThirdPartyUpdaterWithRetryManager:70 - Updater plugin not ready yet. [1/15]
2026-03-10 16:07:55,374 [INFO] PluginManage:359 - Loaded plugin tools (category:base,tabindex:7)
2026-03-10 16:07:55,374 [INFO] PluginManage:310 - Check plugin tutovideos
2026-03-10 16:07:55,525 [INFO] PluginManage:359 - Loaded plugin tutovideos (category:base,tabindex:-1)
2026-03-10 16:07:55,525 [INFO] PluginManage:310 - Check plugin updater
2026-03-10 16:07:55,549 [INFO] PluginManage:359 - Loaded plugin updater (category:base,tabindex:12)
2026-03-10 16:07:55,549 [INFO] PluginManage:310 - Check plugin userauth
2026-03-10 16:07:55,554 [INFO] UserAuth:118 - Init User Auth plugin
2026-03-10 16:07:55,555 [INFO] PluginManage:359 - Loaded plugin userauth (category:base,tabindex:14)
2026-03-10 16:07:55,556 [INFO] PluginManage:283 - PluginManage : Loaded plugins [18]
2026-03-10 16:07:55,741 [INFO] PinOutPanel:1589 - setPackage(No Configuration,No Configuration)
2026-03-10 16:07:55,812 [INFO] CADModel:165 - CPN selected for project level
2026-03-10 16:07:55,813 [INFO] CADModel:114 - Register for checkConnection events
2026-03-10 16:07:55,821 [INFO] IPUIPlugin:80 - create IPUIPlugin
2026-03-10 16:07:55,821 [INFO] PluginManager:220 - loadIPPluginJar : add tracer_emb
2026-03-10 16:07:55,823 [INFO] IPUIPlugin:80 - create IPUIPlugin
2026-03-10 16:07:55,823 [INFO] PluginManager:220 - loadIPPluginJar : add radio
2026-03-10 16:07:55,828 [INFO] IPUIPlugin:80 - create IPUIPlugin
2026-03-10 16:07:55,828 [INFO] PluginManager:220 - loadIPPluginJar : add ddr_ctrl_phy
2026-03-10 16:07:55,834 [INFO] IPUIPlugin:80 - create IPUIPlugin
2026-03-10 16:07:55,834 [INFO] PluginManager:220 - loadIPPluginJar : add mdma
2026-03-10 16:07:55,837 [INFO] IPUIPlugin:80 - create IPUIPlugin
2026-03-10 16:07:55,837 [INFO] PluginManager:220 - loadIPPluginJar : add touchsensing
2026-03-10 16:07:55,839 [INFO] IPUIPlugin:80 - create IPUIPlugin
2026-03-10 16:07:55,839 [INFO] PluginManager:220 - loadIPPluginJar : add ucpd
2026-03-10 16:07:55,847 [INFO] IPUIPlugin:80 - create IPUIPlugin
2026-03-10 16:07:55,850 [INFO] PluginManager:220 - loadIPPluginJar : add plateformsettings
2026-03-10 16:07:55,853 [INFO] IPUIPlugin:80 - create IPUIPlugin
2026-03-10 16:07:55,853 [INFO] PluginManager:220 - loadIPPluginJar : add ipddr
2026-03-10 16:07:55,858 [INFO] IPUIPlugin:80 - create IPUIPlugin
2026-03-10 16:07:55,859 [INFO] PluginManager:220 - loadIPPluginJar : add resmgrutility
2026-03-10 16:07:55,861 [INFO] IPUIPlugin:80 - create IPUIPlugin
2026-03-10 16:07:55,861 [INFO] PluginManager:220 - loadIPPluginJar : add ts
2026-03-10 16:07:55,863 [INFO] IPUIPlugin:80 - create IPUIPlugin
2026-03-10 16:07:55,863 [INFO] PluginManager:220 - loadIPPluginJar : add dma3
2026-03-10 16:07:55,866 [INFO] IPUIPlugin:80 - create IPUIPlugin
2026-03-10 16:07:55,867 [INFO] PluginManager:220 - loadIPPluginJar : add openamp
2026-03-10 16:07:55,870 [INFO] IPUIPlugin:80 - create IPUIPlugin
2026-03-10 16:07:55,870 [INFO] PluginManager:220 - loadIPPluginJar : add opamp
2026-03-10 16:07:55,873 [INFO] IPUIPlugin:80 - create IPUIPlugin
2026-03-10 16:07:55,873 [INFO] PluginManager:220 - loadIPPluginJar : add pdm2pcm
2026-03-10 16:07:55,876 [INFO] IPUIPlugin:80 - create IPUIPlugin
2026-03-10 16:07:55,876 [INFO] PluginManager:220 - loadIPPluginJar : add gfxmmu
2026-03-10 16:07:55,878 [INFO] IPUIPlugin:80 - create IPUIPlugin
2026-03-10 16:07:55,879 [INFO] PluginManager:220 - loadIPPluginJar : add aes
2026-03-10 16:07:55,882 [INFO] IPUIPlugin:80 - create IPUIPlugin
2026-03-10 16:07:55,882 [INFO] PluginManager:220 - loadIPPluginJar : add gtzc
2026-03-10 16:07:55,884 [INFO] IPUIPlugin:80 - create IPUIPlugin
2026-03-10 16:07:55,884 [INFO] PluginManager:220 - loadIPPluginJar : add sai
2026-03-10 16:07:55,886 [INFO] IPUIPlugin:80 - create IPUIPlugin
2026-03-10 16:07:55,886 [INFO] PluginManager:220 - loadIPPluginJar : add tsc
2026-03-10 16:07:55,889 [INFO] IPUIPlugin:80 - create IPUIPlugin
2026-03-10 16:07:55,889 [INFO] PluginManager:220 - loadIPPluginJar : add usbx
2026-03-10 16:07:55,891 [INFO] IPUIPlugin:80 - create IPUIPlugin
2026-03-10 16:07:55,891 [INFO] PluginManager:220 - loadIPPluginJar : add can
2026-03-10 16:07:55,894 [INFO] IPUIPlugin:80 - create IPUIPlugin
2026-03-10 16:07:55,894 [INFO] PluginManager:220 - loadIPPluginJar : add i2c
2026-03-10 16:07:55,896 [INFO] IPUIPlugin:80 - create IPUIPlugin
2026-03-10 16:07:55,897 [INFO] PluginManager:220 - loadIPPluginJar : add lorawan
2026-03-10 16:07:55,898 [INFO] IPUIPlugin:80 - create IPUIPlugin
2026-03-10 16:07:55,898 [INFO] PluginManager:220 - loadIPPluginJar : add spi
2026-03-10 16:07:55,905 [INFO] IPUIPlugin:80 - create IPUIPlugin
2026-03-10 16:07:55,905 [INFO] PluginManager:220 - loadIPPluginJar : add linkedlist
2026-03-10 16:07:55,909 [INFO] IPUIPlugin:80 - create IPUIPlugin
2026-03-10 16:07:55,909 [INFO] PluginManager:220 - loadIPPluginJar : add fmc
2026-03-10 16:07:55,912 [INFO] IPUIPlugin:80 - create IPUIPlugin
2026-03-10 16:07:55,912 [INFO] PluginManager:220 - loadIPPluginJar : add i3c
2026-03-10 16:07:55,913 [INFO] IPUIPlugin:80 - create IPUIPlugin
2026-03-10 16:07:55,913 [INFO] PluginManager:220 - loadIPPluginJar : add ltdc
2026-03-10 16:07:55,918 [INFO] IPUIPlugin:80 - create IPUIPlugin
2026-03-10 16:07:55,918 [INFO] PluginManager:220 - loadIPPluginJar : add dma
2026-03-10 16:07:55,923 [INFO] IPUIPlugin:80 - create IPUIPlugin
2026-03-10 16:07:55,923 [INFO] PluginManager:220 - loadIPPluginJar : add freertos
2026-03-10 16:07:55,925 [INFO] IPUIPlugin:80 - create IPUIPlugin
2026-03-10 16:07:55,926 [INFO] PluginManager:220 - loadIPPluginJar : add hash
2026-03-10 16:07:55,932 [INFO] IPUIPlugin:80 - create IPUIPlugin
2026-03-10 16:07:55,932 [INFO] PluginManager:220 - loadIPPluginJar : add adc
2026-03-10 16:07:55,935 [INFO] IPUIPlugin:80 - create IPUIPlugin
2026-03-10 16:07:55,935 [INFO] PluginManager:220 - loadIPPluginJar : add usart
2026-03-10 16:07:55,943 [INFO] IPUIPlugin:80 - create IPUIPlugin
2026-03-10 16:07:55,943 [INFO] PluginManager:220 - loadIPPluginJar : add stm32_wpan
2026-03-10 16:07:55,945 [INFO] IPUIPlugin:80 - create IPUIPlugin
2026-03-10 16:07:55,945 [INFO] PluginManager:220 - loadIPPluginJar : add genericplugin
2026-03-10 16:07:55,950 [INFO] IPUIPlugin:80 - create IPUIPlugin
2026-03-10 16:07:55,950 [INFO] PluginManager:220 - loadIPPluginJar : add gpio
2026-03-10 16:07:55,954 [INFO] IPUIPlugin:80 - create IPUIPlugin
2026-03-10 16:07:55,954 [INFO] PluginManager:220 - loadIPPluginJar : add nvic
2026-03-10 16:07:55,957 [INFO] IPUIPlugin:80 - create IPUIPlugin
2026-03-10 16:07:55,957 [INFO] PluginManager:220 - loadIPPluginJar : add dfsdm
2026-03-10 16:07:55,958 [INFO] IPUIPlugin:80 - create IPUIPlugin
2026-03-10 16:07:55,958 [INFO] PluginManager:220 - loadIPPluginJar : add fatfs
2026-03-10 16:07:55,960 [INFO] IPUIPlugin:80 - create IPUIPlugin
2026-03-10 16:07:55,960 [INFO] PluginManager:220 - loadIPPluginJar : add comp
2026-03-10 16:07:55,962 [INFO] IPUIPlugin:80 - create IPUIPlugin
2026-03-10 16:07:55,962 [INFO] PluginManager:220 - loadIPPluginJar : add i2s
2026-03-10 16:07:55,964 [INFO] IPUIPlugin:80 - create IPUIPlugin
2026-03-10 16:07:55,965 [INFO] PluginManager:220 - loadIPPluginJar : add cryp
2026-03-10 16:07:55,966 [INFO] IPUIPlugin:80 - create IPUIPlugin
2026-03-10 16:07:55,966 [INFO] PluginManager:220 - loadIPPluginJar : add quadspi
2026-03-10 16:07:55,973 [INFO] IPUIPlugin:80 - create IPUIPlugin
2026-03-10 16:07:55,973 [INFO] PluginManager:220 - loadIPPluginJar : add gic
2026-03-10 16:07:55,975 [INFO] IPUIPlugin:80 - create IPUIPlugin
2026-03-10 16:07:55,975 [INFO] PluginManager:220 - loadIPPluginJar : add tim
2026-03-10 16:07:55,978 [INFO] IPUIPlugin:80 - create IPUIPlugin
2026-03-10 16:07:55,978 [INFO] PluginManager:220 - loadIPPluginJar : add extmemmanager
2026-03-10 16:07:56,078 [FATAL] Updater:351 - Updater called before beeing initialized
2026-03-10 16:07:56,099 [INFO] RulesReader:64 - Compatibility file has been processed (317 Rules)
2026-03-10 16:07:56,108 [INFO] RulesReader:64 - Compatibility file has been processed (317 Rules)
2026-03-10 16:07:56,113 [INFO] CADModel:165 - CPN selected for project level
2026-03-10 16:07:56,113 [INFO] CADModel:114 - Register for checkConnection events
2026-03-10 16:07:56,113 [FATAL] Updater:351 - Updater called before beeing initialized
2026-03-10 16:07:56,113 [ERROR] CADModel:125 - Updater not yet initialized, retry later 
2026-03-10 16:07:56,203 [FATAL] Updater:351 - Updater called before beeing initialized
2026-03-10 16:07:56,204 [INFO] CADModel:165 - CPN selected for project level
2026-03-10 16:07:56,204 [INFO] CADModel:114 - Register for checkConnection events
2026-03-10 16:07:56,204 [FATAL] Updater:351 - Updater called before beeing initialized
2026-03-10 16:07:56,204 [ERROR] CADModel:125 - Updater not yet initialized, retry later 
2026-03-10 16:07:56,207 [FATAL] Updater:351 - Updater called before beeing initialized
2026-03-10 16:07:56,266 [FATAL] Updater:351 - Updater called before beeing initialized
2026-03-10 16:07:56,269 [INFO] DbMcusAds:53 - JSON generation date=Wed Feb 18 15:32:49 CET 2026 (1771425169371)
2026-03-10 16:07:56,269 [FATAL] Updater:351 - Updater called before beeing initialized
2026-03-10 16:07:56,288 [WARN] DetailPanel:346 - Failed to get advertising image, set to default
2026-03-10 16:07:56,340 [FATAL] Updater:351 - Updater called before beeing initialized
2026-03-10 16:07:56,341 [FATAL] Updater:351 - Updater called before beeing initialized
2026-03-10 16:07:56,341 [FATAL] Updater:351 - Updater called before beeing initialized
2026-03-10 16:07:56,341 [WARN] DetailPanel:346 - Failed to get advertising image, set to default
2026-03-10 16:07:56,342 [FATAL] Updater:351 - Updater called before beeing initialized
2026-03-10 16:07:56,368 [ERROR] Updater:1198 - MainUpdater not yet initialized. External WinMGr cannot be set.
2026-03-10 16:07:56,369 [INFO] Updater:1134 - Updater Version found : 6.15.0
2026-03-10 16:07:56,382 [INFO] ApplicationProperties:184 - Using Application install path: /opt/st/stm32cubeide_1.19.0/plugins/com.st.stm32cube.common.mx_6.15.0.202507011659
2026-03-10 16:07:56,684 [INFO] MainUpdater:2872 - connection check result : 10
2026-03-10 16:07:56,685 [INFO] MainUpdater:289 - Updater Check For Update Now.
2026-03-10 16:07:56,685 [INFO] MicroXplorer:498 - Change Database Version : DB.6.0.150
2026-03-10 16:07:56,689 [INFO] McuFinderGlobals:63 - Set McuFinder mode to 2 (CubeIDE integrated)
2026-03-10 16:07:56,690 [INFO] UserAuth:487 - Internet connection configuration mode: 1
2026-03-10 16:07:56,707 [INFO] JxBrowserEngine:152 - Initiate JxBrowser Engine with user profile folder
2026-03-10 16:07:56,835 [INFO] CheckServerUpdateThread:120 - End of CheckServer Thread
2026-03-10 16:07:57,309 [INFO] WebApp:169 - Instantiating new browser for Auth
2026-03-10 16:07:57,812 [INFO] WebApp:463 - Apply proxy settings
2026-03-10 16:07:57,813 [INFO] WebApp:548 - Chromium requires no authentication
2026-03-10 16:07:57,819 [INFO] WebApp:491 - Direct internet connection detected
2026-03-10 16:07:57,834 [INFO] WebApp:900 - Register for checkConnection events
2026-03-10 16:07:57,835 [INFO] WebApp:463 - Apply proxy settings
2026-03-10 16:07:57,835 [INFO] WebApp:548 - Chromium requires no authentication
2026-03-10 16:07:57,835 [INFO] WebApp:491 - Direct internet connection detected
2026-03-10 16:07:57,936 [INFO] WebApp:225 - Starting web application
2026-03-10 16:07:57,936 [INFO] WebApp:593 - Web application path used /opt/st/stm32cubeide_1.19.0/plugins/com.st.stm32cube.common.mx_6.15.0.202507011659/db/plugins/mcufinder/reactClient1/index.html
2026-03-10 16:07:58,016 [INFO] WebApp:191 - Connection restablished
2026-03-10 16:07:58,022 [INFO] UserAuth:487 - Internet connection configuration mode: 1
2026-03-10 16:07:58,519 [WARN] PackLoader:240 - Cannot read IP mode file for STMicroelectronics.X-CUBE-AZRTOS-H7.3.5.0
2026-03-10 16:07:58,525 [WARN] PackLoader:240 - Cannot read IP mode file for STMicroelectronics.FP-SNS-MOTENVWB1.1.4.0
2026-03-10 16:07:58,529 [WARN] PackLoader:240 - Cannot read IP mode file for STMicroelectronics.FP-ATR-ASTRA1.2.0.2
2026-03-10 16:07:58,533 [WARN] PackLoader:240 - Cannot read IP mode file for STMicroelectronics.X-CUBE-SMBUS.2.1.0
2026-03-10 16:07:58,536 [WARN] PackLoader:240 - Cannot read IP mode file for STMicroelectronics.X-CUBE-ST60.1.0.0
2026-03-10 16:07:58,545 [WARN] PackLoader:240 - Cannot read IP mode file for STMicroelectronics.X-CUBE-AZRTOS-F7.1.1.0
2026-03-10 16:07:58,549 [WARN] PackLoader:240 - Cannot read IP mode file for Cesanta.I-CUBE-Mongoose.7.19.0
2026-03-10 16:07:58,551 [WARN] PackLoader:240 - Cannot read IP mode file for STMicroelectronics.FP-SNS-MOTENV1.5.1.0
2026-03-10 16:07:58,556 [WARN] PackLoader:240 - Cannot read IP mode file for WES.I-CUBE-Cesium.1.4.0
2026-03-10 16:07:58,568 [WARN] PackLoader:240 - Cannot read IP mode file for Infineon.AIROC-Wi-Fi-Bluetooth-STM32.1.7.1
2026-03-10 16:07:58,580 [WARN] PackLoader:240 - Cannot read IP mode file for STMicroelectronics.X-CUBE-AZRTOS-H7.3.4.0
2026-03-10 16:07:58,585 [WARN] PackLoader:240 - Cannot read IP mode file for STMicroelectronics.X-CUBE-DISPLAY.3.0.0
2026-03-10 16:07:58,590 [WARN] PackLoader:240 - Cannot read IP mode file for STMicroelectronics.FP-SNS-MOTENVWB1.1.5.0
2026-03-10 16:07:58,595 [WARN] PackLoader:240 - Cannot read IP mode file for STMicroelectronics.X-CUBE-NFC10.1.0.0
2026-03-10 16:07:58,599 [WARN] PackLoader:240 - Cannot read IP mode file for STMicroelectronics.X-CUBE-ST60.1.1.0
2026-03-10 16:07:58,603 [WARN] PackLoader:240 - Cannot read IP mode file for emotas.I-CUBE-CANOPEN.1.3.0
2026-03-10 16:07:58,607 [WARN] PackLoader:240 - Cannot read IP mode file for STMicroelectronics.X-CUBE-GNSS1.7.1.0
2026-03-10 16:07:58,610 [WARN] PackLoader:240 - Cannot read IP mode file for STMicroelectronics.FP-SNS-SMARTAG2.1.2.0
2026-03-10 16:07:58,613 [WARN] PackLoader:240 - Cannot read IP mode file for STMicroelectronics.FP-SNS-FLIGHT1.5.1.0
2026-03-10 16:07:58,618 [INFO] LogOutputStream:77 - [STDOUT_REDIRECT] 1 : Invalid condition id : UX_CORESTACK_Condition cause : null
2026-03-10 16:07:58,619 [INFO] LogOutputStream:77 - [STDOUT_REDIRECT] 1 : Invalid condition id : UX_CORESTACK_Condition cause : null
2026-03-10 16:07:58,619 [INFO] LogOutputStream:77 - [STDOUT_REDIRECT] 1 : Invalid condition id : UX_CORESTACK_Condition cause : null
2026-03-10 16:07:58,619 [INFO] LogOutputStream:77 - [STDOUT_REDIRECT] 1 : Invalid condition id : UX_CORESTACK_Condition cause : null
2026-03-10 16:07:58,619 [INFO] LogOutputStream:77 - [STDOUT_REDIRECT] 1 : Invalid condition id : UX_CORESTACK_Condition cause : null
2026-03-10 16:07:58,621 [WARN] PackLoader:240 - Cannot read IP mode file for STMicroelectronics.X-CUBE-AZRTOS-WL.2.0.0
2026-03-10 16:07:58,624 [WARN] PackLoader:240 - Cannot read IP mode file for STMicroelectronics.FP-SNS-MOTENV1.5.0.0
2026-03-10 16:07:58,642 [WARN] PackLoader:240 - Cannot read IP mode file for STMicroelectronics.X-CUBE-AZRTOS-H7RS.1.2.0
2026-03-10 16:07:58,647 [WARN] PackLoader:240 - Cannot read IP mode file for STMicroelectronics.X-CUBE-BLE2.3.3.0
2026-03-10 16:07:58,661 [WARN] PackLoader:240 - Cannot read IP mode file for STMicroelectronics.X-CUBE-NFC9.1.0.0
2026-03-10 16:07:58,665 [WARN] PackLoader:240 - Cannot read IP mode file for wolfSSL.I-CUBE-wolfSSL.5.8.2
2026-03-10 16:07:58,668 [WARN] PackLoader:240 - Cannot read IP mode file for STMicroelectronics.X-CUBE-BLE1.7.1.0
2026-03-10 16:07:58,670 [WARN] PackLoader:240 - Cannot read IP mode file for wolfSSL.I-CUBE-wolfMQTT.1.19.2
2026-03-10 16:07:58,674 [WARN] PackLoader:240 - Cannot read IP mode file for STMicroelectronics.X-CUBE-FREERTOS.1.4.0
2026-03-10 16:07:58,678 [WARN] PackLoader:240 - Cannot read IP mode file for STMicroelectronics.X-CUBE-EEPRMA1.5.2.0
2026-03-10 16:07:58,682 [WARN] PackLoader:240 - Cannot read IP mode file for STMicroelectronics.X-CUBE-ST67W61.1.1.0
2026-03-10 16:07:58,708 [WARN] PackLoader:240 - Cannot read IP mode file for STMicroelectronics.X-CUBE-MEMS1.12.0.0
2026-03-10 16:07:58,785 [WARN] PackLoader:240 - Cannot read IP mode file for STMicroelectronics.X-CUBE-AZRTOS-G0.1.1.0
2026-03-10 16:07:58,790 [WARN] PackLoader:240 - Cannot read IP mode file for STMicroelectronics.X-CUBE-SAFEA1.1.2.2
2026-03-10 16:07:58,794 [WARN] PackLoader:240 - Cannot read IP mode file for STMicroelectronics.X-CUBE-NFC4.3.0.0
2026-03-10 16:07:58,799 [WARN] PackLoader:240 - Cannot read IP mode file for EmbeddedOffice.I-CUBE-FS-RTOS.1.0.1
2026-03-10 16:07:58,802 [WARN] PackLoader:240 - Cannot read IP mode file for STMicroelectronics.X-CUBE-WB05N.2.0.0
2026-03-10 16:07:58,806 [WARN] PackLoader:240 - Cannot read IP mode file for wolfSSL.I-CUBE-wolfTPM.3.8.0
2026-03-10 16:07:58,810 [WARN] PackLoader:240 - Cannot read IP mode file for STMicroelectronics.X-CUBE-TCPP.4.2.0
2026-03-10 16:07:58,813 [WARN] PackLoader:240 - Cannot read IP mode file for RealThread.X-CUBE-RT-Thread_Nano.4.1.1
2026-03-10 16:07:58,815 [WARN] PackLoader:240 - Cannot read IP mode file for STMicroelectronics.FP-ATR-SIGFOX1.3.2.0
2026-03-10 16:07:58,817 [WARN] PackLoader:240 - Cannot read IP mode file for STMicroelectronics.X-CUBE-FREERTOS.1.5.0
2026-03-10 16:07:58,820 [WARN] PackLoader:240 - Cannot read IP mode file for ITTIA_DB.I-CUBE-ITTIADB.8.9.0
2026-03-10 16:07:58,823 [WARN] PackLoader:240 - Cannot read IP mode file for STMicroelectronics.X-CUBE-NFC6.3.2.0
2026-03-10 16:07:58,834 [WARN] PackLoader:240 - Cannot read IP mode file for SEGGER.I-CUBE-embOS.1.3.1
2026-03-10 16:07:58,853 [WARN] PackLoader:240 - Cannot read IP mode file for STMicroelectronics.X-CUBE-ALGOBUILD.1.4.0
2026-03-10 16:07:58,884 [WARN] PackLoader:240 - Cannot read IP mode file for STMicroelectronics.X-CUBE-MEMS1.11.3.0
2026-03-10 16:07:59,024 [WARN] PackLoader:240 - Cannot read IP mode file for STMicroelectronics.X-CUBE-PM33A1.1.0.0
2026-03-10 16:07:59,032 [WARN] PackLoader:240 - Cannot read IP mode file for STMicroelectronics.X-CUBE-AZRTOS-F4.1.1.0
2026-03-10 16:07:59,036 [WARN] PackLoader:240 - Cannot read IP mode file for STMicroelectronics.X-CUBE-ISPU.2.1.0
2026-03-10 16:07:59,041 [WARN] PackLoader:240 - Cannot read IP mode file for STMicroelectronics.X-CUBE-IPS.3.2.0
2026-03-10 16:07:59,045 [WARN] PackLoader:240 - Cannot read IP mode file for STMicroelectronics.X-CUBE-NFC12.1.0.0
2026-03-10 16:07:59,052 [WARN] PackLoader:240 - Cannot read IP mode file for STMicroelectronics.X-CUBE-AZRTOS-L5.2.0.0
2026-03-10 16:07:59,055 [WARN] PackLoader:240 - Cannot read IP mode file for STMicroelectronics.X-CUBE-NFC6.3.1.0
2026-03-10 16:07:59,058 [WARN] PackLoader:240 - Cannot read IP mode file for STMicroelectronics.X-CUBE-FREERTOS.1.3.1
2026-03-10 16:07:59,061 [WARN] PackLoader:240 - Cannot read IP mode file for STMicroelectronics.X-CUBE-TOUCHGFX.4.26.0
2026-03-10 16:07:59,062 [WARN] PackLoader:240 - Cannot read IP mode file for STMicroelectronics.X-CUBE-TOUCHGFX.4.26.1
2026-03-10 16:07:59,065 [WARN] PackLoader:240 - Cannot read IP mode file for STMicroelectronics.X-CUBE-DPower.1.3.0
2026-03-10 16:07:59,077 [WARN] ConditionMgr:438 - getConditionDescription Invalid condition id : LAN8742 Phy interface Condition cause : null
2026-03-10 16:07:59,077 [WARN] PackLoader:240 - Cannot read IP mode file for STMicroelectronics.X-CUBE-AZRTOS-L4.2.0.0
2026-03-10 16:07:59,078 [WARN] ConditionMgr:1044 - genDependencies : Invalid condition id : LAN8742 Phy interface Condition cause : null
2026-03-10 16:07:59,078 [WARN] ConditionMgr:1044 - genDependencies : Invalid condition id : LAN8742 Phy interface Condition cause : null
2026-03-10 16:07:59,079 [WARN] ConditionMgr:1044 - genDependencies : Invalid condition id : LAN8742 Phy interface Condition cause : null
2026-03-10 16:07:59,083 [WARN] PackLoader:240 - Cannot read IP mode file for STMicroelectronics.X-CUBE-SFXS2LP1.4.0.0
2026-03-10 16:07:59,088 [WARN] PackLoader:240 - Cannot read IP mode file for STMicroelectronics.X-CUBE-ST67W61.1.2.0
2026-03-10 16:07:59,094 [WARN] PackLoader:240 - Cannot read IP mode file for STMicroelectronics.X-CUBE-BLEMGR.4.1.0
2026-03-10 16:07:59,101 [WARN] ConditionMgr:438 - getConditionDescription Invalid condition id : UX DEVICE CLASS RTOS Condition cause : null
2026-03-10 16:07:59,101 [WARN] ConditionMgr:438 - getConditionDescription Invalid condition id : UX DEVICE CLASS RTOS Condition cause : null
2026-03-10 16:07:59,102 [WARN] PackLoader:240 - Cannot read IP mode file for STMicroelectronics.X-CUBE-AZRTOS-WB.2.0.0
2026-03-10 16:07:59,102 [WARN] ConditionMgr:1044 - genDependencies : Invalid condition id : UX DEVICE CLASS RTOS Condition cause : null
2026-03-10 16:07:59,102 [WARN] ConditionMgr:1044 - genDependencies : Invalid condition id : UX DEVICE CLASS RTOS Condition cause : null
2026-03-10 16:07:59,102 [WARN] ConditionMgr:1044 - genDependencies : Invalid condition id : UX DEVICE CLASS RTOS Condition cause : null
2026-03-10 16:07:59,102 [WARN] ConditionMgr:1044 - genDependencies : Invalid condition id : UX DEVICE CLASS RTOS Condition cause : null
2026-03-10 16:07:59,102 [WARN] ConditionMgr:1044 - genDependencies : Invalid condition id : UX DEVICE CLASS RTOS Condition cause : null
2026-03-10 16:07:59,106 [WARN] PackLoader:240 - Cannot read IP mode file for STMicroelectronics.X-CUBE-GNSS1.7.0.1
2026-03-10 16:07:59,108 [WARN] ConditionMgr:438 - getConditionDescription Invalid condition id : Cortex-A Device cause : null
2026-03-10 16:07:59,112 [WARN] ConditionMgr:1044 - genDependencies : Invalid condition id : Cortex-A Device cause : null
2026-03-10 16:07:59,113 [WARN] ConditionMgr:1044 - genDependencies : Invalid condition id : Cortex-A Device cause : null
2026-03-10 16:07:59,113 [WARN] ConditionMgr:1044 - genDependencies : Invalid condition id : Cortex-A Device cause : null
2026-03-10 16:07:59,116 [WARN] PackLoader:240 - Cannot read IP mode file for STMicroelectronics.X-CUBE-STSE01.2.0.0
2026-03-10 16:07:59,120 [WARN] PackLoader:240 - Cannot read IP mode file for STMicroelectronics.X-CUBE-SUBG2.5.0.0
2026-03-10 16:07:59,129 [WARN] PackLoader:240 - Cannot read IP mode file for STMicroelectronics.X-CUBE-AZRTOS-H7RS.1.1.0
2026-03-10 16:07:59,135 [WARN] PackLoader:240 - Cannot read IP mode file for STMicroelectronics.X-CUBE-AZRTOS-G4.2.0.0
2026-03-10 16:07:59,138 [WARN] PackLoader:240 - Cannot read IP mode file for wolfSSL.I-CUBE-wolfSSH.1.4.20
2026-03-10 16:07:59,141 [WARN] PackLoader:240 - Cannot read IP mode file for STMicroelectronics.X-CUBE-NFC7.2.0.0
2026-03-10 16:07:59,144 [WARN] PackLoader:240 - Cannot read IP mode file for STMicroelectronics.X-CUBE-ALS.1.0.2
2026-03-10 16:07:59,147 [WARN] PackLoader:240 - Cannot read IP mode file for STMicroelectronics.X-CUBE-STSE01.1.0.0
2026-03-10 16:07:59,153 [WARN] PackLoader:240 - Cannot read IP mode file for STMicroelectronics.X-CUBE-TOF1.3.4.3
2026-03-10 16:07:59,165 [INFO] ThirdParty:978 - Integrity check success = true
2026-03-10 16:07:59,166 [INFO] IntegrityCheckThread:100 - exiting critical section [integrity check]
2026-03-10 16:07:59,166 [INFO] IntegrityCheckThread:103 - End integrity checks thread
2026-03-10 16:26:50,974 [INFO] McuFinderGlobals:63 - Set McuFinder mode to 2 (CubeIDE integrated)
2026-03-10 16:26:50,977 [INFO] MainUpdater:2872 - connection check result : 10
2026-03-10 16:26:50,977 [INFO] MainUpdater:2872 - connection check result : 10
2026-03-10 16:26:50,997 [INFO] MicroXplorer:468 - Change Database Path : 
2026-03-10 16:26:50,998 [INFO] MicroXplorer:498 - Change Database Version : DB.6.0.150
2026-03-10 16:26:51,001 [WARN] ThirdParty:871 - waiting for thirdparty lock release [close project]
2026-03-10 16:26:51,002 [INFO] ThirdParty:873 - entering critical section [close project]
2026-03-10 16:26:51,002 [INFO] ThirdParty:883 - exiting critical section [close project]
2026-03-10 16:26:51,004 [INFO] PinOutPanel:1589 - setPackage(No Configuration,No Configuration)
2026-03-10 16:26:51,006 [INFO] UtilMem:75 - Begin LoadConfig() Used Memory: 521899936 Bytes (657457152)
2026-03-10 16:26:51,008 [INFO] MicroXplorer:468 - Change Database Path : 
2026-03-10 16:26:51,008 [INFO] MicroXplorer:498 - Change Database Version : DB.6.0.150
2026-03-10 16:26:51,008 [INFO] OpenFileManager:355 - Change cursor
2026-03-10 16:26:51,040 [INFO] Mcu:2029 - Initializing MCU STM32F446R(C-E)Tx STM32F446RETx STM32F446RET6
2026-03-10 16:26:51,906 [INFO] Context:786 - Trying to add GPIOservice into a context  which must be forbidden
2026-03-10 16:26:52,192 [INFO] ImportTextPane:234 - (OptionalMessage_ERROR) Pin14 (VP_RIF_VS_RIF1) cannot be retrieved for this MCU
2026-03-10 16:26:52,341 [INFO] RtosManager:558 - Registered RTOS mode: class=CMSIS, group=RTOS, mode=CMSIS_V1, owner=FREERTOS
2026-03-10 16:26:52,341 [INFO] RtosManager:558 - Registered RTOS mode: class=CMSIS, group=RTOS2, mode=CMSIS_V2, owner=FREERTOS
2026-03-10 16:26:52,341 [INFO] RtosManager:558 - Registered RTOS mode: class=RTOS, group=Core, mode=CMSIS_V1, owner=FREERTOS
2026-03-10 16:26:52,342 [INFO] RtosManager:558 - Registered RTOS mode: class=RTOS, group=Core, mode=CMSIS_V2, owner=FREERTOS
2026-03-10 16:26:52,342 [WARN] ModelIntegratedComponent:184 - Missing modes for component STMicroelectronics:FreeRTOS:0.0.1:STMicroelectronics:RTOS:FreeRTOS:Core:::10.2.0:
2026-03-10 16:26:52,356 [WARN] ModelIntegratedComponent:63 - No mode defined for component null
2026-03-10 16:26:52,356 [WARN] ModelIntegratedComponent:63 - No mode defined for component null
2026-03-10 16:26:52,356 [WARN] ModelIntegratedComponent:63 - No mode defined for component null
2026-03-10 16:26:52,356 [WARN] ModelIntegratedComponent:63 - No mode defined for component null
2026-03-10 16:26:52,356 [WARN] ModelIntegratedComponent:63 - No mode defined for component null
2026-03-10 16:26:52,356 [WARN] ModelIntegratedComponent:63 - No mode defined for component null
2026-03-10 16:26:52,356 [WARN] ModelIntegratedComponent:63 - No mode defined for component null
2026-03-10 16:26:52,356 [WARN] ModelIntegratedComponent:63 - No mode defined for component null
2026-03-10 16:26:52,356 [WARN] ModelIntegratedComponent:63 - No mode defined for component null
2026-03-10 16:26:52,356 [WARN] ModelIntegratedComponent:63 - No mode defined for component null
2026-03-10 16:26:52,356 [WARN] ModelIntegratedComponent:63 - No mode defined for component null
2026-03-10 16:26:52,356 [WARN] ModelIntegratedComponent:63 - No mode defined for component null
2026-03-10 16:26:52,356 [WARN] ModelIntegratedComponent:63 - No mode defined for component null
2026-03-10 16:26:52,356 [WARN] ModelIntegratedComponent:63 - No mode defined for component null
2026-03-10 16:26:52,356 [WARN] ModelIntegratedComponent:63 - No mode defined for component null
2026-03-10 16:26:52,356 [WARN] ModelIntegratedComponent:63 - No mode defined for component null
2026-03-10 16:26:52,356 [WARN] ModelIntegratedComponent:63 - No mode defined for component null
2026-03-10 16:26:52,356 [WARN] ModelIntegratedComponent:63 - No mode defined for component null
2026-03-10 16:26:52,356 [WARN] ModelIntegratedComponent:63 - No mode defined for component null
2026-03-10 16:26:52,356 [WARN] ModelIntegratedComponent:63 - No mode defined for component null
2026-03-10 16:26:52,357 [WARN] ModelIntegratedComponent:63 - No mode defined for component null
2026-03-10 16:26:52,357 [WARN] ModelIntegratedComponent:63 - No mode defined for component null
2026-03-10 16:26:52,357 [WARN] ModelIntegratedComponent:63 - No mode defined for component null
2026-03-10 16:26:52,357 [WARN] ModelIntegratedComponent:63 - No mode defined for component null
2026-03-10 16:26:52,357 [WARN] ModelIntegratedComponent:63 - No mode defined for component null
2026-03-10 16:26:52,357 [WARN] ModelIntegratedComponent:63 - No mode defined for component null
2026-03-10 16:26:52,357 [WARN] ModelIntegratedComponent:63 - No mode defined for component null
2026-03-10 16:26:52,357 [WARN] ModelIntegratedComponent:63 - No mode defined for component null
2026-03-10 16:26:52,357 [WARN] ModelIntegratedComponent:63 - No mode defined for component null
2026-03-10 16:26:52,357 [WARN] ModelIntegratedComponent:63 - No mode defined for component null
2026-03-10 16:26:52,357 [WARN] ModelIntegratedComponent:63 - No mode defined for component null
2026-03-10 16:26:52,357 [WARN] ModelIntegratedComponent:63 - No mode defined for component null
2026-03-10 16:26:52,357 [WARN] ModelIntegratedComponent:63 - No mode defined for component null
2026-03-10 16:26:52,357 [WARN] ModelIntegratedComponent:63 - No mode defined for component null
2026-03-10 16:26:52,357 [WARN] ModelIntegratedComponent:63 - No mode defined for component null
2026-03-10 16:26:52,357 [WARN] ModelPack:524 - Component already loaded: STMicroelectronics:HAL Drivers:0.0.0:STMicroelectronics:Device:STMicro_Driver:XSPI:HAL::0.0.1:HAL_XSPI
2026-03-10 16:26:52,436 [INFO] ThirdPartyModel:298 - Start build external matchings
2026-03-10 16:26:52,717 [INFO] ThirdPartyModel:316 - End build external matchings
2026-03-10 16:26:52,735 [INFO] ImportTextPane:234 - (OptionalMessage_ERROR) IP (DMA) : Parameter (Instance) has Id (I2C3_RX) currently not set
2026-03-10 16:26:52,735 [INFO] ImportTextPane:234 - (OptionalMessage_ERROR) IP (DMA) : Parameter (Channel) has Id (I2C3_RX) currently not set
2026-03-10 16:26:52,735 [INFO] ImportTextPane:234 - (OptionalMessage_ERROR) IP (DMA) : Parameter (Direction) has Id (I2C3_RX) currently not set
2026-03-10 16:26:52,735 [INFO] ImportTextPane:234 - (OptionalMessage_ERROR) IP (DMA) : Parameter (PeriphInc) has Id (I2C3_RX) currently not set
2026-03-10 16:26:52,735 [INFO] ImportTextPane:234 - (OptionalMessage_ERROR) IP (DMA) : Parameter (MemInc) has Id (I2C3_RX) currently not set
2026-03-10 16:26:52,735 [INFO] ImportTextPane:234 - (OptionalMessage_ERROR) IP (DMA) : Parameter (PeriphDataAlignment) has Id (I2C3_RX) currently not set
2026-03-10 16:26:52,735 [INFO] ImportTextPane:234 - (OptionalMessage_ERROR) IP (DMA) : Parameter (MemDataAlignment) has Id (I2C3_RX) currently not set
2026-03-10 16:26:52,735 [INFO] ImportTextPane:234 - (OptionalMessage_ERROR) IP (DMA) : Parameter (Mode) has Id (I2C3_RX) currently not set
2026-03-10 16:26:52,735 [INFO] ImportTextPane:234 - (OptionalMessage_ERROR) IP (DMA) : Parameter (Priority) has Id (I2C3_RX) currently not set
2026-03-10 16:26:52,735 [INFO] ImportTextPane:234 - (OptionalMessage_ERROR) IP (DMA) : Parameter (FIFOMode) has Id (I2C3_RX) currently not set
2026-03-10 16:26:52,736 [WARN] IP:2250 - I2C_Coeff_DF not found: check if there is a RefParameter without a condition.
2026-03-10 16:26:52,736 [WARN] IP:2250 - Analog_Filter not found: check if there is a RefParameter without a condition.
2026-03-10 16:26:52,737 [INFO] ImportTextPane:234 - (OptionalMessage_ERROR) IP (RCC) : Invalid parameter (FamilyName)
2026-03-10 16:26:52,743 [WARN] IP:2250 - DEVICE_SERIAL0_CDC_FS not found: check if there is a RefParameter without a condition.
2026-03-10 16:26:52,743 [WARN] IP:2250 - DEVICE_SERIAL1_CDC_FS not found: check if there is a RefParameter without a condition.
2026-03-10 16:26:52,743 [WARN] IP:2250 - DEVICE_SERIAL2_CDC_FS not found: check if there is a RefParameter without a condition.
2026-03-10 16:26:52,960 [INFO] ApiDb:581 - Connected to CubeFinder SQLite database (/home/kamil/.stmcufinder/plugins/mcufinder/mcu/cube-finder-db.db)
2026-03-10 16:26:52,999 [INFO] ApiDb:668 - CubeFinder database Data Model version=2.1
2026-03-10 16:26:52,999 [INFO] ApiDb:669 - CubeFinder database Configuration version=3.0.42
2026-03-10 16:26:53,000 [INFO] ApiDb:670 - CubeFinder database generation date=2026-02-13 (1770995876)
2026-03-10 16:26:53,001 [INFO] ApiDb:671 - CubeFinder database FW Pack versions=[FP-ATR-ASTRA1_V2.0.0, FP-SNS-FLIGHT1_V5.1.0, FP-SNS-MOTENV1_V5.1.0, FP-SNS-MOTENVWB1_V1.4.0, FP-SNS-SMARTAG2_V1.2.0, FP-SNS-STBOX1_V2.1.0, STM32Cube_FW_C0_V1.4.0, STM32Cube_FW_F4_V1.28.3, STM32Cube_FW_F7_V1.17.4, STM32Cube_FW_G0_V1.6.2, STM32Cube_FW_G4_V1.6.1, STM32Cube_FW_H5_V1.6.0, STM32Cube_FW_H7RS_V1.3.0, STM32Cube_FW_H7_V1.13.0, STM32Cube_FW_L0_V1.12.2, STM32Cube_FW_L4_V1.18.2, STM32Cube_FW_L5_V1.6.0, STM32Cube_FW_N6_V1.3.0, STM32Cube_FW_U0_V1.3.0, STM32Cube_FW_U3_V1.3.0, STM32Cube_FW_U5_V1.8.0, STM32Cube_FW_WB0_V1.4.0, STM32Cube_FW_WBA_V1.9.0, STM32Cube_FW_WB_V1.24.0, STM32Cube_FW_WL3_V1.4.0, STM32Cube_FW_WL_V1.5.0, X-CUBE-ALGOBUILD_V1.4.0, X-CUBE-ALS_V1.0.2, X-CUBE-AZRTOS-F4_V1.1.0, X-CUBE-AZRTOS-F7_V1.1.0, X-CUBE-AZRTOS-G0_V1.1.0, X-CUBE-AZRTOS-G4_V2.0.0, X-CUBE-AZRTOS-H7RS_V1.1.0, X-CUBE-AZRTOS-H7_V3.4.0, X-CUBE-AZRTOS-L4_V2.0.0, X-CUBE-AZRTOS-L5_V2.0.0, X-CUBE-AZRTOS-WB_V2.0.0, X-CUBE-AZRTOS-WL_V2.0.0, X-CUBE-BLE1_V7.1.0, X-CUBE-BLE2_V3.3.0, X-CUBE-BLEMGR_V4.1.0, X-CUBE-EEPRMA1_V5.2.0, X-CUBE-FREERTOS_V1.3.1, X-CUBE-GNSS1_V6.0.0, X-CUBE-MEMS1_V12.0.0, X-CUBE-NFC4_V3.0.0, X-CUBE-NFC7_V2.0.0, X-CUBE-SFXS2LP1_V4.0.0, X-CUBE-ST67W61_V1.1.0, X-CUBE-SUBG2_V5.0.0, X-CUBE-TOF1_V3.4.3]
2026-03-10 16:26:53,072 [INFO] DbBoardsSqlite:226 - include board P-NUCLEO-WB55-NUCLEO as a kit item of type 'Nucleo-64'
2026-03-10 16:26:53,072 [INFO] DbBoardsSqlite:226 - include board P-NUCLEO-WB55-USBDONGLE as a kit item of type 'Nucleo USB Dongle'
2026-03-10 16:26:53,073 [INFO] DbBoardsSqlite:226 - include board STEVAL-IDP005V1 as a kit item of type 'Evaluation Board'
2026-03-10 16:26:53,073 [INFO] DbBoardsSqlite:226 - include board STEVAL-IDP005V2 as a kit item of type 'Evaluation Board'
2026-03-10 16:26:53,155 [INFO] ApiDb:240 - Found 880 in-development CPN: [B-G473E-ZEST1S, B-WB1M-WPAN1, B-WBA5M-WPAN, B-WL5M-SUBG1, NUCLEO-C031C6, NUCLEO-C051C8, NUCLEO-C071RB, NUCLEO-C092RC, NUCLEO-H503RB, NUCLEO-H533RE, NUCLEO-H563ZI, NUCLEO-H7S3L8, NUCLEO-N657X0-Q, NUCLEO-U031R8, NUCLEO-U083RC, NUCLEO-U385RG-Q, NUCLEO-U545RE-Q, NUCLEO-U5A5ZJ-Q, NUCLEO-WB05KZ, NUCLEO-WB07CC, NUCLEO-WB09KE, NUCLEO-WBA52CG, NUCLEO-WBA55CG, NUCLEO-WL33CC1, NUCLEO-WL33CC2, STEVAL-PROTEUS1, STEVAL-SMARTAG2, STEVAL-STWINBX1, STM320518-EVAL, STM32C0116-DK, STM32C011D6Y3TR, STM32C011D6Y6TR, STM32C011F4P3, STM32C011F4P6, STM32C011F4U3, STM32C011F4U6TR, STM32C011F6P3, STM32C011F6P6, STM32C011F6U3, STM32C011F6U6TR, STM32C011J4M3, STM32C011J4M6, STM32C011J6M3, STM32C011J6M6, STM32C0316-DK, STM32C031C4T3, STM32C031C4T6, STM32C031C4U3, STM32C031C4U6, STM32C031C6T3, STM32C031C6T6, STM32C031C6U3, STM32C031C6U6, STM32C031F4P3, STM32C031F4P6, STM32C031F6P3, STM32C031F6P6, STM32C031G4U3, STM32C031G4U6, STM32C031G6U3, STM32C031G6U6, STM32C031K4T3, STM32C031K4T6, STM32C031K4U3, STM32C031K4U6, STM32C031K6T3, STM32C031K6T6, STM32C031K6U3, STM32C031K6U6, STM32C051C6T6, STM32C051C6U6, STM32C051C8T6, STM32C051C8U6, STM32C051D8Y6TR, STM32C051F6P6, STM32C051F8P6, STM32C051G6U6, STM32C051G8U6, STM32C051K6T6, STM32C051K6U6, STM32C051K8T6, STM32C071C8T6, STM32C071C8T6N, STM32C071C8U6, STM32C071C8U6N, STM32C071CBT6, STM32C071CBT6N, STM32C071CBU6, STM32C071CBU6N, STM32C071F8P6, STM32C071F8P6N, STM32C071FBP6, STM32C071FBP6N, STM32C071FBY6TR, STM32C071G8U6, STM32C071G8U6N, STM32C071GBU6, STM32C071GBU6N, STM32C071K8T6, STM32C071K8T6N, STM32C071K8U6, STM32C071K8U6N, STM32C071KBT6, STM32C071KBT6N, STM32C071KBU6, STM32C071KBU6N, STM32C071R8T6, STM32C071R8T6N, STM32C071RBI6N, STM32C071RBT6, STM32C071RBT6N, STM32C091CBT6, STM32C091CBU6, STM32C091CCT6, STM32C091CCU6, STM32C091ECY6TR, STM32C091FBP6, STM32C091FCP6, STM32C091GBU6, STM32C091GCU6, STM32C091KBT6, STM32C091KBU6, STM32C091KCT6, STM32C091KCU6, STM32C091RBT6, STM32C091RCI6, STM32C091RCT6, STM32C092CBT6, STM32C092CBU6, STM32C092CCT6, STM32C092CCU6, STM32C092ECY6TR, STM32C092FBP6, STM32C092FCP6, STM32C092GBU6, STM32C092GCU6, STM32C092KBT6, STM32C092KBU6, STM32C092KCT6, STM32C092KCU6, STM32C092RBT6, STM32C092RCI6, STM32C092RCT6, STM32G071K8TXN, STM32G071K8UXN, STM32G081GBU6N, STM32G081KBT6N, STM32G081KBUXN, STM32G0B1CCT6N, STM32G0B1KCT6, STM32G0B1NEY6TR, STM32G0B1RCT6N, STM32G0C1CCT6, STM32G0C1CCT6N, STM32G0C1CCU6N, STM32G0C1CET6N, STM32G0C1CEU6N, STM32G0C1KCT6, STM32G0C1NEY6TR, STM32G0C1RCI6N, STM32G0C1RCT6N, STM32G0C1REI6N, STM32G0C1RET6N, STM32G0C1VCI6, STM32G0C1VEI6, STM32G411C6T3, STM32G411C6T6, STM32G411C6U3, STM32G411C6U6, STM32G411C8T3, STM32G411C8T6, STM32G411C8U3, STM32G411C8U6, STM32G411CBT3, STM32G411CBT6, STM32G411CBU3, STM32G411CBU6, STM32G411K6T3, STM32G411K6T6, STM32G411K6U3, STM32G411K6U6, STM32G411K8T3, STM32G411K8T6, STM32G411K8U3, STM32G411K8U6, STM32G411KBT3, STM32G411KBT6, STM32G411KBU3, STM32G411KBU6, STM32G411M6T3, STM32G411M6T6, STM32G411M8T3, STM32G411M8T6, STM32G411MBT3, STM32G411MBT6, STM32G411R6T3, STM32G411R6T6, STM32G411R8T3, STM32G411R8T6, STM32G411RBT3, STM32G411RBT6, STM32G414CBT3, STM32G414CBT6, STM32G414CBU3, STM32G414CBU6, STM32G414CCT3, STM32G414CCT6, STM32G414CCU3, STM32G414CCU6, STM32G414MBT3, STM32G414MBT6, STM32G414MCT3, STM32G414MCT6, STM32G414RBT3, STM32G414RBT6, STM32G414RCT3, STM32G414RCT6, STM32G414VBT3, STM32G414VBT6, STM32G414VCT3, STM32G414VCT6, STM32G431CBT3Z, STM32G431RBT3Z, STM32G471CCT6, STM32G471CCU6, STM32G471CET3, STM32G471CET6, STM32G471CEU3, STM32G471CEU6, STM32G471MCT6, STM32G471MET3, STM32G471MET6, STM32G471MEY6TR, STM32G471QCT6, STM32G471QET3, STM32G471RCT6, STM32G471RET3, STM32G471RET6, STM32G471VCH6, STM32G471VCI6, STM32G471VCT6, STM32G471VEH3, STM32G471VEH6, STM32G471VEI3, STM32G471VEI6, STM32G471VET3, STM32G471VET6, STM32G473QET3Z, STM32G473RET3Z, STM32G474CCT6, STM32G491RET3Z, STM32H503CBT6, STM32H503CBU6, STM32H503EBY6TR, STM32H503KBU6, STM32H503RBT6, STM32H523CCT6, STM32H523CCU6, STM32H523CET6, STM32H523CEU6, STM32H523HEY6TR, STM32H523RCT6, STM32H523RET6, STM32H523VCI6, STM32H523VCT6, STM32H523VEI6, STM32H523VET6, STM32H523ZCJ6, STM32H523ZCT6, STM32H523ZEJ6, STM32H523ZET6, STM32H533CET6, STM32H533CEU6, STM32H533HEY6TR, STM32H533RET6, STM32H533VEI6, STM32H533VET6, STM32H533ZEJ6, STM32H533ZET6, STM32H562AGI6, STM32H562AII6, STM32H562IGK6, STM32H562IGT6, STM32H562IIK6, STM32H562IIT6, STM32H562RGT6, STM32H562RGV6, STM32H562RIT6, STM32H562RIV6, STM32H562VGT6, STM32H562VIT6, STM32H562ZGT6, STM32H562ZIT6, STM32H563AGI6, STM32H563AII3Q, STM32H563AII6, STM32H563IGK6, STM32H563IGT6, STM32H563IIK3Q, STM32H563IIK6, STM32H563IIT3Q, STM32H563IIT6, STM32H563MIY3QTR, STM32H563RGT6, STM32H563RGV6, STM32H563RIT6, STM32H563RIV6, STM32H563VGT6, STM32H563VIT3Q, STM32H563VIT6, STM32H563ZGT6, STM32H563ZIT3Q, STM32H563ZIT6, STM32H573AII3Q, STM32H573AII6, STM32H573I-DK, STM32H573IIK3Q, STM32H573IIK6, STM32H573IIT3Q, STM32H573IIT6, STM32H573MIY3QTR, STM32H573RIT6, STM32H573RIV6, STM32H573VIT3Q, STM32H573VIT6, STM32H573ZIT3Q, STM32H573ZIT6, STM32H7R3A8I6, STM32H7R3I8K6, STM32H7R3I8T6, STM32H7R3L8H6, STM32H7R3L8H6H, STM32H7R3R8V6, STM32H7R3V8H6, STM32H7R3V8T6, STM32H7R3V8Y6TR, STM32H7R3Z8J6, STM32H7R3Z8T6, STM32H7R7A8I6, STM32H7R7I8K6, STM32H7R7I8T6, STM32H7R7L8H6, STM32H7R7L8H6H, STM32H7R7Z8J6, STM32H7S3A8I6, STM32H7S3I8K6, STM32H7S3I8T6, STM32H7S3L8H6, STM32H7S3L8H6H, STM32H7S3R8V6, STM32H7S3V8H6, STM32H7S3V8T6, STM32H7S3V8Y6TR, STM32H7S3Z8J6, STM32H7S3Z8T6, STM32H7S78-DK, STM32H7S7A8I6, STM32H7S7I8K6, STM32H7S7I8T6, STM32H7S7L8H6, STM32H7S7L8H6H, STM32H7S7Z8J6, STM32L4R5QGI6STR, STM32MP131AAE3, STM32MP131AAF3, STM32MP131AAG3, STM32MP131CAE3, STM32MP131CAF3, STM32MP131CAG3, STM32MP131DAE7, STM32MP131DAF7, STM32MP131DAG7, STM32MP131FAE7, STM32MP131FAF7, STM32MP131FAG7, STM32MP133AAE3, STM32MP133AAF3, STM32MP133AAG3, STM32MP133CAE3, STM32MP133CAF3, STM32MP133CAG3, STM32MP133DAE7, STM32MP133DAF7, STM32MP133DAG7, STM32MP133FAE7, STM32MP133FAF7, STM32MP133FAG7, STM32MP135AAE3, STM32MP135AAF3, STM32MP135AAG3, STM32MP135CAE3, STM32MP135CAF3, STM32MP135CAG3, STM32MP135DAE7, STM32MP135DAF7, STM32MP135DAG7, STM32MP135F-DK, STM32MP135FAE7, STM32MP135FAF7, STM32MP135FAF7T, STM32MP135FAF7U, STM32MP135FAG7, STM32MP211AAL3, STM32MP211AAM3, STM32MP211AAN3, STM32MP211AAO3, STM32MP211CAL3, STM32MP211CAM3, STM32MP211CAN3, STM32MP211CAO3, STM32MP211DAL3, STM32MP211DAM3, STM32MP211DAN3, STM32MP211DAO3, STM32MP211FAL3, STM32MP211FAM3, STM32MP211FAN3, STM32MP211FAO3, STM32MP213AAL3, STM32MP213AAM3, STM32MP213AAN3, STM32MP213AAO3, STM32MP213CAL3, STM32MP213CAM3, STM32MP213CAN3, STM32MP213CAO3, STM32MP213DAL3, STM32MP213DAM3, STM32MP213DAN3, STM32MP213DAO3, STM32MP213FAL3, STM32MP213FAM3, STM32MP213FAN3, STM32MP213FAO3, STM32MP215AAL3, STM32MP215AAM3, STM32MP215AAN3, STM32MP215AAO3, STM32MP215CAL3, STM32MP215CAM3, STM32MP215CAN3, STM32MP215CAO3, STM32MP215DAL3, STM32MP215DAM3, STM32MP215DAN3, STM32MP215DAO3, STM32MP215F-DK, STM32MP215FAL3, STM32MP215FAM3, STM32MP215FAN3, STM32MP215FAO3, STM32MP231AAJ3, STM32MP231AAK3, STM32MP231AAL3, STM32MP231CAJ3, STM32MP231CAK3, STM32MP231CAL3, STM32MP231DAJ3, STM32MP231DAK3, STM32MP231DAL3, STM32MP231FAJ3, STM32MP231FAK3, STM32MP231FAL3, STM32MP233AAJ3, STM32MP233AAK3, STM32MP233AAL3, STM32MP233CAJ3, STM32MP233CAK3, STM32MP233CAL3, STM32MP233DAJ3, STM32MP233DAK3, STM32MP233DAL3, STM32MP233FAJ3, STM32MP233FAK3, STM32MP233FAL3, STM32MP235AAJ3, STM32MP235AAK3, STM32MP235AAL3, STM32MP235CAJ3, STM32MP235CAK3, STM32MP235CAL3, STM32MP235DAJ3, STM32MP235DAK3, STM32MP235DAL3, STM32MP235FAJ3, STM32MP235FAK3, STM32MP235FAL3, STM32MP251AAI3, STM32MP251AAK3, STM32MP251AAL3, STM32MP251CAI3, STM32MP251CAK3, STM32MP251CAL3, STM32MP251DAI3, STM32MP251DAK3, STM32MP251DAL3, STM32MP251FAI3, STM32MP251FAK3, STM32MP251FAL3, STM32MP253AAI3, STM32MP253AAK3, STM32MP253AAL3, STM32MP253CAI3, STM32MP253CAK3, STM32MP253CAL3, STM32MP253DAI3, STM32MP253DAK3, STM32MP253DAL3, STM32MP253FAI3, STM32MP253FAK3, STM32MP253FAL3, STM32MP255AAI3, STM32MP255AAK3, STM32MP255AAL3, STM32MP255CAI3, STM32MP255CAK3, STM32MP255CAL3, STM32MP255DAI3, STM32MP255DAK3, STM32MP255DAL3, STM32MP255FAI3, STM32MP255FAK3, STM32MP255FAL3, STM32MP257AAI3, STM32MP257AAK3, STM32MP257AAL3, STM32MP257CAI3, STM32MP257CAK3, STM32MP257CAL3, STM32MP257DAI3, STM32MP257DAK3, STM32MP257DAL3, STM32MP257F-DK, STM32MP257F-EV1, STM32MP257FAI3, STM32MP257FAK3, STM32MP257FAL3, STM32N645A0H3Q, STM32N645B0H3Q, STM32N645I0H3Q, STM32N645L0H3Q, STM32N645X0H3Q, STM32N645Z0H3Q, STM32N647A0H3Q, STM32N647B0H3Q, STM32N647I0H3Q, STM32N647L0H3Q, STM32N647X0H3Q, STM32N647Z0H3Q, STM32N655A0H3Q, STM32N655B0H3Q, STM32N655I0H3Q, STM32N655L0H3Q, STM32N655X0H3Q, STM32N655Z0H3Q, STM32N6570-DK, STM32N657A0H3Q, STM32N657B0H3Q, STM32N657I0H3Q, STM32N657L0H3Q, STM32N657X0H3Q, STM32N657Z0H3Q, STM32U031C6T6, STM32U031C6U6, STM32U031C8T6, STM32U031C8U6, STM32U031F4P6, STM32U031F6P6, STM32U031F8P6, STM32U031G6Y6TR, STM32U031G8Y6TR, STM32U031K4U6, STM32U031K6U6, STM32U031K8U6, STM32U031R6I6, STM32U031R6T6, STM32U031R8I6, STM32U031R8T6, STM32U073C8T6, STM32U073C8U6, STM32U073CBT6, STM32U073CBU6, STM32U073CCT6, STM32U073CCU6, STM32U073H8Y6TR, STM32U073HBY6TR, STM32U073HCY6TR, STM32U073K8U6, STM32U073KBU6, STM32U073KCU6, STM32U073M8I6, STM32U073M8T6, STM32U073MBI6, STM32U073MBT6, STM32U073MCI6, STM32U073MCT6, STM32U073R8I6, STM32U073R8T6, STM32U073RBI6, STM32U073RBT6, STM32U073RCI6, STM32U073RCT6, STM32U083C-DK, STM32U083CCT6, STM32U083CCU6, STM32U083HCY6TR, STM32U083KCU6, STM32U083MCI6, STM32U083MCT6, STM32U083RCI6, STM32U083RCT6, STM32U375CET6, STM32U375CET6Q, STM32U375CEU6, STM32U375CEU6Q, STM32U375CEY6QTR, STM32U375CGT6, STM32U375CGT6Q, STM32U375CGU6, STM32U375CGU6Q, STM32U375CGY6QTR, STM32U375KEU6, STM32U375KGU6, STM32U375REI6, STM32U375REI6Q, STM32U375RET6, STM32U375RET6Q, STM32U375REY6GTR, STM32U375REY6QTR, STM32U375RGI6, STM32U375RGI6Q, STM32U375RGT6, STM32U375RGT6Q, STM32U375RGY6GTR, STM32U375RGY6QTR, STM32U375VEI6, STM32U375VEI6Q, STM32U375VET6, STM32U375VET6Q, STM32U375VGI6, STM32U375VGI6Q, STM32U375VGT6, STM32U375VGT6Q, STM32U385CGT6, STM32U385CGT6Q, STM32U385CGU6, STM32U385CGU6Q, STM32U385CGY6QTR, STM32U385KGU6, STM32U385RGI6, STM32U385RGI6Q, STM32U385RGT6, STM32U385RGT6Q, STM32U385RGY6GTR, STM32U385RGY6QTR, STM32U385VGI6, STM32U385VGI6Q, STM32U385VGT6, STM32U385VGT6Q, STM32U535CBT6, STM32U535CBT6Q, STM32U535CBU6, STM32U535CBU6Q, STM32U535CCT6, STM32U535CCT6Q, STM32U535CCU6, STM32U535CCU6Q, STM32U535CET6, STM32U535CET6Q, STM32U535CEU6, STM32U535CEU6Q, STM32U535JEY6QTR, STM32U535NCY6QTR, STM32U535NEY6QTR, STM32U535RBI6, STM32U535RBI6Q, STM32U535RBT6, STM32U535RBT6Q, STM32U535RCI6, STM32U535RCI6Q, STM32U535RCT6, STM32U535RCT6Q, STM32U535REI6, STM32U535REI6Q, STM32U535RET6, STM32U535RET6Q, STM32U535VCI6, STM32U535VCI6Q, STM32U535VCT6, STM32U535VCT6Q, STM32U535VEI6, STM32U535VEI6Q, STM32U535VET6, STM32U535VET6Q, STM32U545CET6, STM32U545CET6Q, STM32U545CEU6, STM32U545CEU6Q, STM32U545JEY6QTR, STM32U545NEY6QTR, STM32U545REI6, STM32U545REI6Q, STM32U545RET6, STM32U545RET6Q, STM32U545VEI6, STM32U545VEI6Q, STM32U545VET6, STM32U545VET6Q, STM32U595AIH6, STM32U595AIH6Q, STM32U595AJH6, STM32U595AJH6Q, STM32U595QII6, STM32U595QII6Q, STM32U595QJI6, STM32U595QJI6Q, STM32U595RIT6, STM32U595RIT6Q, STM32U595RJT6, STM32U595RJT6Q, STM32U595VIT6, STM32U595VIT6Q, STM32U595VJT6, STM32U595VJT6Q, STM32U595ZIT6, STM32U595ZIT6Q, STM32U595ZIY6QTR, STM32U595ZJT6, STM32U595ZJT6Q, STM32U595ZJY6QTR, STM32U599BJY6QTR, STM32U599NIH6Q, STM32U599NJH6Q, STM32U599VIT6Q, STM32U599VJT6, STM32U599VJT6Q, STM32U599ZIT6Q, STM32U599ZIY6QTR, STM32U599ZJT6Q, STM32U599ZJY6QTR, STM32U5A5AJH6, STM32U5A5AJH6Q, STM32U5A5QII3Q , STM32U5A5QJI6, STM32U5A5QJI6Q, STM32U5A5RJT6, STM32U5A5RJT6Q, STM32U5A5VJT6, STM32U5A5VJT6Q, STM32U5A5ZJT6, STM32U5A5ZJT6Q, STM32U5A5ZJY6QTR, STM32U5A9BJY6QTR, STM32U5A9J-DK, STM32U5A9NJH6Q, STM32U5A9VJT6Q, STM32U5A9ZJT6Q, STM32U5A9ZJY6QTR, STM32U5F7VIT6, STM32U5F7VIT6Q, STM32U5F7VJT6, STM32U5F7VJT6Q, STM32U5F9BJY6QTR, STM32U5F9NJH6Q, STM32U5F9VIT6Q, STM32U5F9VJT6Q, STM32U5F9ZIJ6QTR, STM32U5F9ZIT6Q, STM32U5F9ZJJ6QTR, STM32U5F9ZJT6Q, STM32U5G7VJT6, STM32U5G7VJT6Q, STM32U5G9BJY6QTR, STM32U5G9J-DK1, STM32U5G9J-DK2, STM32U5G9NJH6Q, STM32U5G9VJT6Q, STM32U5G9ZJJ6QTR, STM32U5G9ZJT6Q, STM32WB05KZV6TR, STM32WB05KZV7TR, STM32WB05TZF6TR, STM32WB05TZF7TR, STM32WB06CCF6TR, STM32WB06CCF7TR, STM32WB06CCV6TR, STM32WB06CCV7TR, STM32WB06KCV6TR, STM32WB06KCV7TR, STM32WB07CCF6TR, STM32WB07CCF7TR, STM32WB07CCV6TR, STM32WB07CCV7TR, STM32WB07KCV6TR, STM32WB07KCV7TR, STM32WB09KEV6TR, STM32WB09KEV7TR, STM32WB09TEF6TR, STM32WB09TEF7TR, STM32WB1MMCH6, STM32WBA50KGU6, STM32WBA50KGU6TR, STM32WBA52CEU6, STM32WBA52CEU6TR, STM32WBA52CEU7, STM32WBA52CEU7TR, STM32WBA52CGU6, STM32WBA52CGU6TR, STM32WBA52CGU6U, STM32WBA52CGU7, STM32WBA52CGU7TR, STM32WBA52KEU6, STM32WBA52KEU6TR, STM32WBA52KGU6, STM32WBA52KGU6TR, STM32WBA54CEU6, STM32WBA54CEU6TR, STM32WBA54CEU7, STM32WBA54CEU7TR, STM32WBA54CGU6, STM32WBA54CGU6TR, STM32WBA54CGU7, STM32WBA54CGU7TR, STM32WBA54KEU6, STM32WBA54KEU6TR, STM32WBA54KEU7, STM32WBA54KEU7TR, STM32WBA54KGU6, STM32WBA54KGU6TR, STM32WBA54KGU7, STM32WBA54KGU7TR, STM32WBA55CEU6, STM32WBA55CEU6TR, STM32WBA55CEU7, STM32WBA55CEU7TR, STM32WBA55CGU6, STM32WBA55CGU6TR, STM32WBA55CGU6U, STM32WBA55CGU7, STM32WBA55CGU7TR, STM32WBA55G-DK1, STM32WBA55HEF6, STM32WBA55HEF7, STM32WBA55HGF6, STM32WBA55HGF7, STM32WBA55UEI6, STM32WBA55UEI6TR, STM32WBA55UEI7, STM32WBA55UEI7TR, STM32WBA55UGI6, STM32WBA55UGI6TR, STM32WBA55UGI7, STM32WBA55UGI7TR, STM32WBA5MMGH6TR, STM32WBA62MGF6, STM32WBA62MIF6, STM32WBA65MGF7, STM32WBA65MIF6, STM32WBA65MIF7, STM32WL30K8V6, STM32WL30KBV6, STM32WL31C8V6, STM32WL31CBV6, STM32WL31K8V6, STM32WL31KBV6, STM32WL33C8V6, STM32WL33C8V6X, STM32WL33CBV6, STM32WL33CBV6X, STM32WL33CCV6, STM32WL33CCV6A, STM32WL33CCV6X, STM32WL33K8V7, STM32WL33K8V7X, STM32WL33KBV7 , STM32WL33KBV7X, STM32WL33KCV7, STM32WL33KCV7X, STM32WL5MOCH6, STM32WL5MOCH6TR]
2026-03-10 16:26:53,159 [INFO] ApiDb:668 - CubeFinder database Data Model version=2.1
2026-03-10 16:26:53,159 [INFO] ApiDb:669 - CubeFinder database Configuration version=3.0.42
2026-03-10 16:26:53,159 [INFO] ApiDb:670 - CubeFinder database generation date=2026-02-13 (1770995876)
2026-03-10 16:26:53,159 [INFO] ApiDb:671 - CubeFinder database FW Pack versions=[FP-ATR-ASTRA1_V2.0.0, FP-SNS-FLIGHT1_V5.1.0, FP-SNS-MOTENV1_V5.1.0, FP-SNS-MOTENVWB1_V1.4.0, FP-SNS-SMARTAG2_V1.2.0, FP-SNS-STBOX1_V2.1.0, STM32Cube_FW_C0_V1.4.0, STM32Cube_FW_F4_V1.28.3, STM32Cube_FW_F7_V1.17.4, STM32Cube_FW_G0_V1.6.2, STM32Cube_FW_G4_V1.6.1, STM32Cube_FW_H5_V1.6.0, STM32Cube_FW_H7RS_V1.3.0, STM32Cube_FW_H7_V1.13.0, STM32Cube_FW_L0_V1.12.2, STM32Cube_FW_L4_V1.18.2, STM32Cube_FW_L5_V1.6.0, STM32Cube_FW_N6_V1.3.0, STM32Cube_FW_U0_V1.3.0, STM32Cube_FW_U3_V1.3.0, STM32Cube_FW_U5_V1.8.0, STM32Cube_FW_WB0_V1.4.0, STM32Cube_FW_WBA_V1.9.0, STM32Cube_FW_WB_V1.24.0, STM32Cube_FW_WL3_V1.4.0, STM32Cube_FW_WL_V1.5.0, X-CUBE-ALGOBUILD_V1.4.0, X-CUBE-ALS_V1.0.2, X-CUBE-AZRTOS-F4_V1.1.0, X-CUBE-AZRTOS-F7_V1.1.0, X-CUBE-AZRTOS-G0_V1.1.0, X-CUBE-AZRTOS-G4_V2.0.0, X-CUBE-AZRTOS-H7RS_V1.1.0, X-CUBE-AZRTOS-H7_V3.4.0, X-CUBE-AZRTOS-L4_V2.0.0, X-CUBE-AZRTOS-L5_V2.0.0, X-CUBE-AZRTOS-WB_V2.0.0, X-CUBE-AZRTOS-WL_V2.0.0, X-CUBE-BLE1_V7.1.0, X-CUBE-BLE2_V3.3.0, X-CUBE-BLEMGR_V4.1.0, X-CUBE-EEPRMA1_V5.2.0, X-CUBE-FREERTOS_V1.3.1, X-CUBE-GNSS1_V6.0.0, X-CUBE-MEMS1_V12.0.0, X-CUBE-NFC4_V3.0.0, X-CUBE-NFC7_V2.0.0, X-CUBE-SFXS2LP1_V4.0.0, X-CUBE-ST67W61_V1.1.0, X-CUBE-SUBG2_V5.0.0, X-CUBE-TOF1_V3.4.3]
2026-03-10 16:26:54,763 [INFO] ApiDb:240 - Found 880 in-development CPN: [B-G473E-ZEST1S, B-WB1M-WPAN1, B-WBA5M-WPAN, B-WL5M-SUBG1, NUCLEO-C031C6, NUCLEO-C051C8, NUCLEO-C071RB, NUCLEO-C092RC, NUCLEO-H503RB, NUCLEO-H533RE, NUCLEO-H563ZI, NUCLEO-H7S3L8, NUCLEO-N657X0-Q, NUCLEO-U031R8, NUCLEO-U083RC, NUCLEO-U385RG-Q, NUCLEO-U545RE-Q, NUCLEO-U5A5ZJ-Q, NUCLEO-WB05KZ, NUCLEO-WB07CC, NUCLEO-WB09KE, NUCLEO-WBA52CG, NUCLEO-WBA55CG, NUCLEO-WL33CC1, NUCLEO-WL33CC2, STEVAL-PROTEUS1, STEVAL-SMARTAG2, STEVAL-STWINBX1, STM320518-EVAL, STM32C0116-DK, STM32C011D6Y3TR, STM32C011D6Y6TR, STM32C011F4P3, STM32C011F4P6, STM32C011F4U3, STM32C011F4U6TR, STM32C011F6P3, STM32C011F6P6, STM32C011F6U3, STM32C011F6U6TR, STM32C011J4M3, STM32C011J4M6, STM32C011J6M3, STM32C011J6M6, STM32C0316-DK, STM32C031C4T3, STM32C031C4T6, STM32C031C4U3, STM32C031C4U6, STM32C031C6T3, STM32C031C6T6, STM32C031C6U3, STM32C031C6U6, STM32C031F4P3, STM32C031F4P6, STM32C031F6P3, STM32C031F6P6, STM32C031G4U3, STM32C031G4U6, STM32C031G6U3, STM32C031G6U6, STM32C031K4T3, STM32C031K4T6, STM32C031K4U3, STM32C031K4U6, STM32C031K6T3, STM32C031K6T6, STM32C031K6U3, STM32C031K6U6, STM32C051C6T6, STM32C051C6U6, STM32C051C8T6, STM32C051C8U6, STM32C051D8Y6TR, STM32C051F6P6, STM32C051F8P6, STM32C051G6U6, STM32C051G8U6, STM32C051K6T6, STM32C051K6U6, STM32C051K8T6, STM32C071C8T6, STM32C071C8T6N, STM32C071C8U6, STM32C071C8U6N, STM32C071CBT6, STM32C071CBT6N, STM32C071CBU6, STM32C071CBU6N, STM32C071F8P6, STM32C071F8P6N, STM32C071FBP6, STM32C071FBP6N, STM32C071FBY6TR, STM32C071G8U6, STM32C071G8U6N, STM32C071GBU6, STM32C071GBU6N, STM32C071K8T6, STM32C071K8T6N, STM32C071K8U6, STM32C071K8U6N, STM32C071KBT6, STM32C071KBT6N, STM32C071KBU6, STM32C071KBU6N, STM32C071R8T6, STM32C071R8T6N, STM32C071RBI6N, STM32C071RBT6, STM32C071RBT6N, STM32C091CBT6, STM32C091CBU6, STM32C091CCT6, STM32C091CCU6, STM32C091ECY6TR, STM32C091FBP6, STM32C091FCP6, STM32C091GBU6, STM32C091GCU6, STM32C091KBT6, STM32C091KBU6, STM32C091KCT6, STM32C091KCU6, STM32C091RBT6, STM32C091RCI6, STM32C091RCT6, STM32C092CBT6, STM32C092CBU6, STM32C092CCT6, STM32C092CCU6, STM32C092ECY6TR, STM32C092FBP6, STM32C092FCP6, STM32C092GBU6, STM32C092GCU6, STM32C092KBT6, STM32C092KBU6, STM32C092KCT6, STM32C092KCU6, STM32C092RBT6, STM32C092RCI6, STM32C092RCT6, STM32G071K8TXN, STM32G071K8UXN, STM32G081GBU6N, STM32G081KBT6N, STM32G081KBUXN, STM32G0B1CCT6N, STM32G0B1KCT6, STM32G0B1NEY6TR, STM32G0B1RCT6N, STM32G0C1CCT6, STM32G0C1CCT6N, STM32G0C1CCU6N, STM32G0C1CET6N, STM32G0C1CEU6N, STM32G0C1KCT6, STM32G0C1NEY6TR, STM32G0C1RCI6N, STM32G0C1RCT6N, STM32G0C1REI6N, STM32G0C1RET6N, STM32G0C1VCI6, STM32G0C1VEI6, STM32G411C6T3, STM32G411C6T6, STM32G411C6U3, STM32G411C6U6, STM32G411C8T3, STM32G411C8T6, STM32G411C8U3, STM32G411C8U6, STM32G411CBT3, STM32G411CBT6, STM32G411CBU3, STM32G411CBU6, STM32G411K6T3, STM32G411K6T6, STM32G411K6U3, STM32G411K6U6, STM32G411K8T3, STM32G411K8T6, STM32G411K8U3, STM32G411K8U6, STM32G411KBT3, STM32G411KBT6, STM32G411KBU3, STM32G411KBU6, STM32G411M6T3, STM32G411M6T6, STM32G411M8T3, STM32G411M8T6, STM32G411MBT3, STM32G411MBT6, STM32G411R6T3, STM32G411R6T6, STM32G411R8T3, STM32G411R8T6, STM32G411RBT3, STM32G411RBT6, STM32G414CBT3, STM32G414CBT6, STM32G414CBU3, STM32G414CBU6, STM32G414CCT3, STM32G414CCT6, STM32G414CCU3, STM32G414CCU6, STM32G414MBT3, STM32G414MBT6, STM32G414MCT3, STM32G414MCT6, STM32G414RBT3, STM32G414RBT6, STM32G414RCT3, STM32G414RCT6, STM32G414VBT3, STM32G414VBT6, STM32G414VCT3, STM32G414VCT6, STM32G431CBT3Z, STM32G431RBT3Z, STM32G471CCT6, STM32G471CCU6, STM32G471CET3, STM32G471CET6, STM32G471CEU3, STM32G471CEU6, STM32G471MCT6, STM32G471MET3, STM32G471MET6, STM32G471MEY6TR, STM32G471QCT6, STM32G471QET3, STM32G471RCT6, STM32G471RET3, STM32G471RET6, STM32G471VCH6, STM32G471VCI6, STM32G471VCT6, STM32G471VEH3, STM32G471VEH6, STM32G471VEI3, STM32G471VEI6, STM32G471VET3, STM32G471VET6, STM32G473QET3Z, STM32G473RET3Z, STM32G474CCT6, STM32G491RET3Z, STM32H503CBT6, STM32H503CBU6, STM32H503EBY6TR, STM32H503KBU6, STM32H503RBT6, STM32H523CCT6, STM32H523CCU6, STM32H523CET6, STM32H523CEU6, STM32H523HEY6TR, STM32H523RCT6, STM32H523RET6, STM32H523VCI6, STM32H523VCT6, STM32H523VEI6, STM32H523VET6, STM32H523ZCJ6, STM32H523ZCT6, STM32H523ZEJ6, STM32H523ZET6, STM32H533CET6, STM32H533CEU6, STM32H533HEY6TR, STM32H533RET6, STM32H533VEI6, STM32H533VET6, STM32H533ZEJ6, STM32H533ZET6, STM32H562AGI6, STM32H562AII6, STM32H562IGK6, STM32H562IGT6, STM32H562IIK6, STM32H562IIT6, STM32H562RGT6, STM32H562RGV6, STM32H562RIT6, STM32H562RIV6, STM32H562VGT6, STM32H562VIT6, STM32H562ZGT6, STM32H562ZIT6, STM32H563AGI6, STM32H563AII3Q, STM32H563AII6, STM32H563IGK6, STM32H563IGT6, STM32H563IIK3Q, STM32H563IIK6, STM32H563IIT3Q, STM32H563IIT6, STM32H563MIY3QTR, STM32H563RGT6, STM32H563RGV6, STM32H563RIT6, STM32H563RIV6, STM32H563VGT6, STM32H563VIT3Q, STM32H563VIT6, STM32H563ZGT6, STM32H563ZIT3Q, STM32H563ZIT6, STM32H573AII3Q, STM32H573AII6, STM32H573I-DK, STM32H573IIK3Q, STM32H573IIK6, STM32H573IIT3Q, STM32H573IIT6, STM32H573MIY3QTR, STM32H573RIT6, STM32H573RIV6, STM32H573VIT3Q, STM32H573VIT6, STM32H573ZIT3Q, STM32H573ZIT6, STM32H7R3A8I6, STM32H7R3I8K6, STM32H7R3I8T6, STM32H7R3L8H6, STM32H7R3L8H6H, STM32H7R3R8V6, STM32H7R3V8H6, STM32H7R3V8T6, STM32H7R3V8Y6TR, STM32H7R3Z8J6, STM32H7R3Z8T6, STM32H7R7A8I6, STM32H7R7I8K6, STM32H7R7I8T6, STM32H7R7L8H6, STM32H7R7L8H6H, STM32H7R7Z8J6, STM32H7S3A8I6, STM32H7S3I8K6, STM32H7S3I8T6, STM32H7S3L8H6, STM32H7S3L8H6H, STM32H7S3R8V6, STM32H7S3V8H6, STM32H7S3V8T6, STM32H7S3V8Y6TR, STM32H7S3Z8J6, STM32H7S3Z8T6, STM32H7S78-DK, STM32H7S7A8I6, STM32H7S7I8K6, STM32H7S7I8T6, STM32H7S7L8H6, STM32H7S7L8H6H, STM32H7S7Z8J6, STM32L4R5QGI6STR, STM32MP131AAE3, STM32MP131AAF3, STM32MP131AAG3, STM32MP131CAE3, STM32MP131CAF3, STM32MP131CAG3, STM32MP131DAE7, STM32MP131DAF7, STM32MP131DAG7, STM32MP131FAE7, STM32MP131FAF7, STM32MP131FAG7, STM32MP133AAE3, STM32MP133AAF3, STM32MP133AAG3, STM32MP133CAE3, STM32MP133CAF3, STM32MP133CAG3, STM32MP133DAE7, STM32MP133DAF7, STM32MP133DAG7, STM32MP133FAE7, STM32MP133FAF7, STM32MP133FAG7, STM32MP135AAE3, STM32MP135AAF3, STM32MP135AAG3, STM32MP135CAE3, STM32MP135CAF3, STM32MP135CAG3, STM32MP135DAE7, STM32MP135DAF7, STM32MP135DAG7, STM32MP135F-DK, STM32MP135FAE7, STM32MP135FAF7, STM32MP135FAF7T, STM32MP135FAF7U, STM32MP135FAG7, STM32MP211AAL3, STM32MP211AAM3, STM32MP211AAN3, STM32MP211AAO3, STM32MP211CAL3, STM32MP211CAM3, STM32MP211CAN3, STM32MP211CAO3, STM32MP211DAL3, STM32MP211DAM3, STM32MP211DAN3, STM32MP211DAO3, STM32MP211FAL3, STM32MP211FAM3, STM32MP211FAN3, STM32MP211FAO3, STM32MP213AAL3, STM32MP213AAM3, STM32MP213AAN3, STM32MP213AAO3, STM32MP213CAL3, STM32MP213CAM3, STM32MP213CAN3, STM32MP213CAO3, STM32MP213DAL3, STM32MP213DAM3, STM32MP213DAN3, STM32MP213DAO3, STM32MP213FAL3, STM32MP213FAM3, STM32MP213FAN3, STM32MP213FAO3, STM32MP215AAL3, STM32MP215AAM3, STM32MP215AAN3, STM32MP215AAO3, STM32MP215CAL3, STM32MP215CAM3, STM32MP215CAN3, STM32MP215CAO3, STM32MP215DAL3, STM32MP215DAM3, STM32MP215DAN3, STM32MP215DAO3, STM32MP215F-DK, STM32MP215FAL3, STM32MP215FAM3, STM32MP215FAN3, STM32MP215FAO3, STM32MP231AAJ3, STM32MP231AAK3, STM32MP231AAL3, STM32MP231CAJ3, STM32MP231CAK3, STM32MP231CAL3, STM32MP231DAJ3, STM32MP231DAK3, STM32MP231DAL3, STM32MP231FAJ3, STM32MP231FAK3, STM32MP231FAL3, STM32MP233AAJ3, STM32MP233AAK3, STM32MP233AAL3, STM32MP233CAJ3, STM32MP233CAK3, STM32MP233CAL3, STM32MP233DAJ3, STM32MP233DAK3, STM32MP233DAL3, STM32MP233FAJ3, STM32MP233FAK3, STM32MP233FAL3, STM32MP235AAJ3, STM32MP235AAK3, STM32MP235AAL3, STM32MP235CAJ3, STM32MP235CAK3, STM32MP235CAL3, STM32MP235DAJ3, STM32MP235DAK3, STM32MP235DAL3, STM32MP235FAJ3, STM32MP235FAK3, STM32MP235FAL3, STM32MP251AAI3, STM32MP251AAK3, STM32MP251AAL3, STM32MP251CAI3, STM32MP251CAK3, STM32MP251CAL3, STM32MP251DAI3, STM32MP251DAK3, STM32MP251DAL3, STM32MP251FAI3, STM32MP251FAK3, STM32MP251FAL3, STM32MP253AAI3, STM32MP253AAK3, STM32MP253AAL3, STM32MP253CAI3, STM32MP253CAK3, STM32MP253CAL3, STM32MP253DAI3, STM32MP253DAK3, STM32MP253DAL3, STM32MP253FAI3, STM32MP253FAK3, STM32MP253FAL3, STM32MP255AAI3, STM32MP255AAK3, STM32MP255AAL3, STM32MP255CAI3, STM32MP255CAK3, STM32MP255CAL3, STM32MP255DAI3, STM32MP255DAK3, STM32MP255DAL3, STM32MP255FAI3, STM32MP255FAK3, STM32MP255FAL3, STM32MP257AAI3, STM32MP257AAK3, STM32MP257AAL3, STM32MP257CAI3, STM32MP257CAK3, STM32MP257CAL3, STM32MP257DAI3, STM32MP257DAK3, STM32MP257DAL3, STM32MP257F-DK, STM32MP257F-EV1, STM32MP257FAI3, STM32MP257FAK3, STM32MP257FAL3, STM32N645A0H3Q, STM32N645B0H3Q, STM32N645I0H3Q, STM32N645L0H3Q, STM32N645X0H3Q, STM32N645Z0H3Q, STM32N647A0H3Q, STM32N647B0H3Q, STM32N647I0H3Q, STM32N647L0H3Q, STM32N647X0H3Q, STM32N647Z0H3Q, STM32N655A0H3Q, STM32N655B0H3Q, STM32N655I0H3Q, STM32N655L0H3Q, STM32N655X0H3Q, STM32N655Z0H3Q, STM32N6570-DK, STM32N657A0H3Q, STM32N657B0H3Q, STM32N657I0H3Q, STM32N657L0H3Q, STM32N657X0H3Q, STM32N657Z0H3Q, STM32U031C6T6, STM32U031C6U6, STM32U031C8T6, STM32U031C8U6, STM32U031F4P6, STM32U031F6P6, STM32U031F8P6, STM32U031G6Y6TR, STM32U031G8Y6TR, STM32U031K4U6, STM32U031K6U6, STM32U031K8U6, STM32U031R6I6, STM32U031R6T6, STM32U031R8I6, STM32U031R8T6, STM32U073C8T6, STM32U073C8U6, STM32U073CBT6, STM32U073CBU6, STM32U073CCT6, STM32U073CCU6, STM32U073H8Y6TR, STM32U073HBY6TR, STM32U073HCY6TR, STM32U073K8U6, STM32U073KBU6, STM32U073KCU6, STM32U073M8I6, STM32U073M8T6, STM32U073MBI6, STM32U073MBT6, STM32U073MCI6, STM32U073MCT6, STM32U073R8I6, STM32U073R8T6, STM32U073RBI6, STM32U073RBT6, STM32U073RCI6, STM32U073RCT6, STM32U083C-DK, STM32U083CCT6, STM32U083CCU6, STM32U083HCY6TR, STM32U083KCU6, STM32U083MCI6, STM32U083MCT6, STM32U083RCI6, STM32U083RCT6, STM32U375CET6, STM32U375CET6Q, STM32U375CEU6, STM32U375CEU6Q, STM32U375CEY6QTR, STM32U375CGT6, STM32U375CGT6Q, STM32U375CGU6, STM32U375CGU6Q, STM32U375CGY6QTR, STM32U375KEU6, STM32U375KGU6, STM32U375REI6, STM32U375REI6Q, STM32U375RET6, STM32U375RET6Q, STM32U375REY6GTR, STM32U375REY6QTR, STM32U375RGI6, STM32U375RGI6Q, STM32U375RGT6, STM32U375RGT6Q, STM32U375RGY6GTR, STM32U375RGY6QTR, STM32U375VEI6, STM32U375VEI6Q, STM32U375VET6, STM32U375VET6Q, STM32U375VGI6, STM32U375VGI6Q, STM32U375VGT6, STM32U375VGT6Q, STM32U385CGT6, STM32U385CGT6Q, STM32U385CGU6, STM32U385CGU6Q, STM32U385CGY6QTR, STM32U385KGU6, STM32U385RGI6, STM32U385RGI6Q, STM32U385RGT6, STM32U385RGT6Q, STM32U385RGY6GTR, STM32U385RGY6QTR, STM32U385VGI6, STM32U385VGI6Q, STM32U385VGT6, STM32U385VGT6Q, STM32U535CBT6, STM32U535CBT6Q, STM32U535CBU6, STM32U535CBU6Q, STM32U535CCT6, STM32U535CCT6Q, STM32U535CCU6, STM32U535CCU6Q, STM32U535CET6, STM32U535CET6Q, STM32U535CEU6, STM32U535CEU6Q, STM32U535JEY6QTR, STM32U535NCY6QTR, STM32U535NEY6QTR, STM32U535RBI6, STM32U535RBI6Q, STM32U535RBT6, STM32U535RBT6Q, STM32U535RCI6, STM32U535RCI6Q, STM32U535RCT6, STM32U535RCT6Q, STM32U535REI6, STM32U535REI6Q, STM32U535RET6, STM32U535RET6Q, STM32U535VCI6, STM32U535VCI6Q, STM32U535VCT6, STM32U535VCT6Q, STM32U535VEI6, STM32U535VEI6Q, STM32U535VET6, STM32U535VET6Q, STM32U545CET6, STM32U545CET6Q, STM32U545CEU6, STM32U545CEU6Q, STM32U545JEY6QTR, STM32U545NEY6QTR, STM32U545REI6, STM32U545REI6Q, STM32U545RET6, STM32U545RET6Q, STM32U545VEI6, STM32U545VEI6Q, STM32U545VET6, STM32U545VET6Q, STM32U595AIH6, STM32U595AIH6Q, STM32U595AJH6, STM32U595AJH6Q, STM32U595QII6, STM32U595QII6Q, STM32U595QJI6, STM32U595QJI6Q, STM32U595RIT6, STM32U595RIT6Q, STM32U595RJT6, STM32U595RJT6Q, STM32U595VIT6, STM32U595VIT6Q, STM32U595VJT6, STM32U595VJT6Q, STM32U595ZIT6, STM32U595ZIT6Q, STM32U595ZIY6QTR, STM32U595ZJT6, STM32U595ZJT6Q, STM32U595ZJY6QTR, STM32U599BJY6QTR, STM32U599NIH6Q, STM32U599NJH6Q, STM32U599VIT6Q, STM32U599VJT6, STM32U599VJT6Q, STM32U599ZIT6Q, STM32U599ZIY6QTR, STM32U599ZJT6Q, STM32U599ZJY6QTR, STM32U5A5AJH6, STM32U5A5AJH6Q, STM32U5A5QII3Q , STM32U5A5QJI6, STM32U5A5QJI6Q, STM32U5A5RJT6, STM32U5A5RJT6Q, STM32U5A5VJT6, STM32U5A5VJT6Q, STM32U5A5ZJT6, STM32U5A5ZJT6Q, STM32U5A5ZJY6QTR, STM32U5A9BJY6QTR, STM32U5A9J-DK, STM32U5A9NJH6Q, STM32U5A9VJT6Q, STM32U5A9ZJT6Q, STM32U5A9ZJY6QTR, STM32U5F7VIT6, STM32U5F7VIT6Q, STM32U5F7VJT6, STM32U5F7VJT6Q, STM32U5F9BJY6QTR, STM32U5F9NJH6Q, STM32U5F9VIT6Q, STM32U5F9VJT6Q, STM32U5F9ZIJ6QTR, STM32U5F9ZIT6Q, STM32U5F9ZJJ6QTR, STM32U5F9ZJT6Q, STM32U5G7VJT6, STM32U5G7VJT6Q, STM32U5G9BJY6QTR, STM32U5G9J-DK1, STM32U5G9J-DK2, STM32U5G9NJH6Q, STM32U5G9VJT6Q, STM32U5G9ZJJ6QTR, STM32U5G9ZJT6Q, STM32WB05KZV6TR, STM32WB05KZV7TR, STM32WB05TZF6TR, STM32WB05TZF7TR, STM32WB06CCF6TR, STM32WB06CCF7TR, STM32WB06CCV6TR, STM32WB06CCV7TR, STM32WB06KCV6TR, STM32WB06KCV7TR, STM32WB07CCF6TR, STM32WB07CCF7TR, STM32WB07CCV6TR, STM32WB07CCV7TR, STM32WB07KCV6TR, STM32WB07KCV7TR, STM32WB09KEV6TR, STM32WB09KEV7TR, STM32WB09TEF6TR, STM32WB09TEF7TR, STM32WB1MMCH6, STM32WBA50KGU6, STM32WBA50KGU6TR, STM32WBA52CEU6, STM32WBA52CEU6TR, STM32WBA52CEU7, STM32WBA52CEU7TR, STM32WBA52CGU6, STM32WBA52CGU6TR, STM32WBA52CGU6U, STM32WBA52CGU7, STM32WBA52CGU7TR, STM32WBA52KEU6, STM32WBA52KEU6TR, STM32WBA52KGU6, STM32WBA52KGU6TR, STM32WBA54CEU6, STM32WBA54CEU6TR, STM32WBA54CEU7, STM32WBA54CEU7TR, STM32WBA54CGU6, STM32WBA54CGU6TR, STM32WBA54CGU7, STM32WBA54CGU7TR, STM32WBA54KEU6, STM32WBA54KEU6TR, STM32WBA54KEU7, STM32WBA54KEU7TR, STM32WBA54KGU6, STM32WBA54KGU6TR, STM32WBA54KGU7, STM32WBA54KGU7TR, STM32WBA55CEU6, STM32WBA55CEU6TR, STM32WBA55CEU7, STM32WBA55CEU7TR, STM32WBA55CGU6, STM32WBA55CGU6TR, STM32WBA55CGU6U, STM32WBA55CGU7, STM32WBA55CGU7TR, STM32WBA55G-DK1, STM32WBA55HEF6, STM32WBA55HEF7, STM32WBA55HGF6, STM32WBA55HGF7, STM32WBA55UEI6, STM32WBA55UEI6TR, STM32WBA55UEI7, STM32WBA55UEI7TR, STM32WBA55UGI6, STM32WBA55UGI6TR, STM32WBA55UGI7, STM32WBA55UGI7TR, STM32WBA5MMGH6TR, STM32WBA62MGF6, STM32WBA62MIF6, STM32WBA65MGF7, STM32WBA65MIF6, STM32WBA65MIF7, STM32WL30K8V6, STM32WL30KBV6, STM32WL31C8V6, STM32WL31CBV6, STM32WL31K8V6, STM32WL31KBV6, STM32WL33C8V6, STM32WL33C8V6X, STM32WL33CBV6, STM32WL33CBV6X, STM32WL33CCV6, STM32WL33CCV6A, STM32WL33CCV6X, STM32WL33K8V7, STM32WL33K8V7X, STM32WL33KBV7 , STM32WL33KBV7X, STM32WL33KCV7, STM32WL33KCV7X, STM32WL5MOCH6, STM32WL5MOCH6TR]
2026-03-10 16:26:54,766 [INFO] DbMcus:218 - Found 4922 MCUs, 4922 are supported
2026-03-10 16:26:54,767 [INFO] ApiDb:423 - Load user favorites file /home/kamil/.stm32cubeide/favorites.mcus.txt: 0 item(s)
2026-03-10 16:26:54,767 [INFO] ApiDb:427 - User favorites MCUs=[]
2026-03-10 16:26:54,767 [INFO] DbMcus:224 - Set 0 / 0 favorites MCUs
2026-03-10 16:26:55,072 [INFO] BoardInfo:889 - No configuration file found for board P-NUCLEO-WB55
2026-03-10 16:26:55,072 [INFO] DbBoards:161 - Kit is not supported: P-NUCLEO-WB55
2026-03-10 16:26:55,074 [INFO] BoardInfo:889 - No configuration file found for board STEVAL-BFA001V1B
2026-03-10 16:26:55,074 [INFO] DbBoards:161 - Kit is not supported: STEVAL-BFA001V1B
2026-03-10 16:26:55,075 [INFO] BoardInfo:889 - No configuration file found for board STEVAL-BFA001V2B
2026-03-10 16:26:55,075 [INFO] DbBoards:161 - Kit is not supported: STEVAL-BFA001V2B
2026-03-10 16:26:55,126 [INFO] DbBoards:168 - Found 212 boards, 209 are supported
2026-03-10 16:26:55,126 [INFO] DbBoards:169 - Found 212 boards, 43 of them is supported for  Bsp
2026-03-10 16:26:55,128 [INFO] ApiDb:423 - Load user favorites file /home/kamil/.stm32cubeide/favorites.boards.txt: 0 item(s)
2026-03-10 16:26:55,128 [INFO] ApiDb:427 - User favorites Boards=[]
2026-03-10 16:26:55,129 [INFO] DbBoards:198 - Set 0 / 0 favorites Boards
2026-03-10 16:26:55,172 [INFO] UtilMem:75 - End LoadConfig() Used Memory: 542074856 Bytes (657457152)
2026-03-10 16:26:55,250 [WARN] ThirdParty:833 - waiting for thirdparty lock release [change project]
2026-03-10 16:26:55,251 [INFO] ThirdParty:835 - entering critical section [change project]
2026-03-10 16:26:55,251 [INFO] ThirdParty:1030 - CMSIS Pack Vendor :STMicroelectronics X-CUBE-AZRTOS-H7 3.5.0
2026-03-10 16:26:55,251 [INFO] ThirdParty:1030 - CMSIS Pack Vendor :STMicroelectronics X-CUBE-PM33A1 1.0.0
2026-03-10 16:26:55,251 [INFO] ThirdParty:1030 - CMSIS Pack Vendor :STMicroelectronics USBPD 4.1
2026-03-10 16:26:55,251 [INFO] ThirdParty:1030 - CMSIS Pack Vendor :STMicroelectronics X-CUBE-NFC9 1.0.0
2026-03-10 16:26:55,251 [INFO] ThirdParty:1030 - CMSIS Pack Vendor :STMicroelectronics USB_HOST 2.0.0
2026-03-10 16:26:55,251 [INFO] ThirdParty:1030 - CMSIS Pack Vendor :STMicroelectronics FP-SNS-MOTENVWB1 1.4.0
2026-03-10 16:26:55,251 [INFO] ThirdParty:1030 - CMSIS Pack Vendor :STMicroelectronics X-CUBE-AZRTOS-F4 1.1.0
2026-03-10 16:26:55,251 [INFO] ThirdParty:1030 - CMSIS Pack Vendor :STMicroelectronics LIBJPEG 8.0.0
2026-03-10 16:26:55,251 [INFO] ThirdParty:1030 - CMSIS Pack Vendor :STMicroelectronics FP-ATR-ASTRA1 2.0.2
2026-03-10 16:26:55,251 [INFO] ThirdParty:1030 - CMSIS Pack Vendor :wolfSSL I-CUBE-wolfSSL 5.8.2
2026-03-10 16:26:55,251 [INFO] ThirdParty:1030 - CMSIS Pack Vendor :STMicroelectronics X-CUBE-BLE1 7.1.0
2026-03-10 16:26:55,251 [INFO] ThirdParty:1030 - CMSIS Pack Vendor :STMicroelectronics X-CUBE-SMBUS 2.1.0
2026-03-10 16:26:55,251 [INFO] ThirdParty:1030 - CMSIS Pack Vendor :wolfSSL I-CUBE-wolfMQTT 1.19.2
2026-03-10 16:26:55,251 [INFO] ThirdParty:1030 - CMSIS Pack Vendor :STMicroelectronics USB_DEVICE 3.0.0
2026-03-10 16:26:55,251 [INFO] ThirdParty:1030 - CMSIS Pack Vendor :STMicroelectronics X-CUBE-ISPU 2.1.0
2026-03-10 16:26:55,251 [INFO] ThirdParty:1030 - CMSIS Pack Vendor :STMicroelectronics X-CUBE-FREERTOS 1.4.0
2026-03-10 16:26:55,251 [INFO] ThirdParty:1030 - CMSIS Pack Vendor :STMicroelectronics X-CUBE-EEPRMA1 5.2.0
2026-03-10 16:26:55,251 [INFO] ThirdParty:1030 - CMSIS Pack Vendor :STMicroelectronics X-CUBE-IPS 3.2.0
2026-03-10 16:26:55,251 [INFO] ThirdParty:1030 - CMSIS Pack Vendor :STMicroelectronics X-CUBE-BLEMGR 4.1.0
2026-03-10 16:26:55,251 [INFO] ThirdParty:1030 - CMSIS Pack Vendor :STMicroelectronics X-CUBE-AZRTOS-WB 2.0.0
2026-03-10 16:26:55,251 [INFO] ThirdParty:1030 - CMSIS Pack Vendor :STMicroelectronics X-CUBE-ST60 1.0.0
2026-03-10 16:26:55,251 [INFO] ThirdParty:1030 - CMSIS Pack Vendor :STMicroelectronics X-CUBE-GNSS1 7.0.1
2026-03-10 16:26:55,251 [INFO] ThirdParty:1030 - CMSIS Pack Vendor :STMicroelectronics X-CUBE-NFC12 1.0.0
2026-03-10 16:26:55,251 [INFO] ThirdParty:1030 - CMSIS Pack Vendor :STMicroelectronics X-CUBE-AZRTOS-F7 1.1.0
2026-03-10 16:26:55,251 [INFO] ThirdParty:1030 - CMSIS Pack Vendor :STMicroelectronics X-CUBE-AZRTOS-L5 2.0.0
2026-03-10 16:26:55,252 [INFO] ThirdParty:1030 - CMSIS Pack Vendor :STMicroelectronics USB_DEVICE 2.0.0
2026-03-10 16:26:55,252 [INFO] ThirdParty:1030 - CMSIS Pack Vendor :STMicroelectronics X-CUBE-NFC6 3.1.0
2026-03-10 16:26:55,252 [INFO] ThirdParty:1030 - CMSIS Pack Vendor :STMicroelectronics X-CUBE-ST67W61 1.1.0
2026-03-10 16:26:55,252 [INFO] ThirdParty:1030 - CMSIS Pack Vendor :Cesanta I-CUBE-Mongoose 7.19.0
2026-03-10 16:26:55,252 [INFO] ThirdParty:1030 - CMSIS Pack Vendor :quantropi X-CUBE-qispace-sdk-base 2.1.0
2026-03-10 16:26:55,252 [INFO] ThirdParty:1030 - CMSIS Pack Vendor :STMicroelectronics X-CUBE-MEMS1 12.0.0
2026-03-10 16:26:55,252 [INFO] ThirdParty:1030 - CMSIS Pack Vendor :STMicroelectronics X-CUBE-STSE01 2.0.0
2026-03-10 16:26:55,252 [INFO] ThirdParty:1030 - CMSIS Pack Vendor :STMicroelectronics FP-SNS-MOTENV1 5.1.0
2026-03-10 16:26:55,252 [INFO] ThirdParty:1030 - CMSIS Pack Vendor :STMicroelectronics FreeRTOS 0.0.1
2026-03-10 16:26:55,252 [INFO] ThirdParty:1030 - CMSIS Pack Vendor :STMicroelectronics X-CUBE-AZRTOS-G0 1.1.0
2026-03-10 16:26:55,252 [INFO] ThirdParty:1030 - CMSIS Pack Vendor :STMicroelectronics X-CUBE-SAFEA1 1.2.2
2026-03-10 16:26:55,252 [INFO] ThirdParty:1030 - CMSIS Pack Vendor :STMicroelectronics X-CUBE-NFC4 3.0.0
2026-03-10 16:26:55,252 [INFO] ThirdParty:1030 - CMSIS Pack Vendor :STMicroelectronics X-CUBE-SUBG2 5.0.0
2026-03-10 16:26:55,252 [INFO] ThirdParty:1030 - CMSIS Pack Vendor :STMicroelectronics X-CUBE-AZRTOS-H7RS 1.1.0
2026-03-10 16:26:55,252 [INFO] ThirdParty:1030 - CMSIS Pack Vendor :STMicroelectronics STM32_WPAN 1.0.0
2026-03-10 16:26:55,252 [INFO] ThirdParty:1030 - CMSIS Pack Vendor :EmbeddedOffice I-CUBE-FS-RTOS 1.0.1
2026-03-10 16:26:55,252 [INFO] ThirdParty:1030 - CMSIS Pack Vendor :STMicroelectronics lwIP 2.0.3
2026-03-10 16:26:55,252 [INFO] ThirdParty:1030 - CMSIS Pack Vendor :WES I-CUBE-Cesium 1.4.0
2026-03-10 16:26:55,252 [INFO] ThirdParty:1030 - CMSIS Pack Vendor :STMicroelectronics USB_HOST 1.0.0
2026-03-10 16:26:55,252 [INFO] ThirdParty:1030 - CMSIS Pack Vendor :Infineon AIROC-Wi-Fi-Bluetooth-STM32 1.7.1
2026-03-10 16:26:55,252 [INFO] ThirdParty:1030 - CMSIS Pack Vendor :STMicroelectronics X-CUBE-AZRTOS-G4 2.0.0
2026-03-10 16:26:55,252 [INFO] ThirdParty:1030 - CMSIS Pack Vendor :STMicroelectronics X-CUBE-WB05N 2.0.0
2026-03-10 16:26:55,252 [INFO] ThirdParty:1030 - CMSIS Pack Vendor :STMicroelectronics PDM2PCM 3.1.0
2026-03-10 16:26:55,252 [INFO] ThirdParty:1030 - CMSIS Pack Vendor :STMicroelectronics PDM2PCM 3.3.0
2026-03-10 16:26:55,252 [INFO] ThirdParty:1030 - CMSIS Pack Vendor :wolfSSL I-CUBE-wolfTPM 3.8.0
2026-03-10 16:26:55,252 [INFO] ThirdParty:1030 - CMSIS Pack Vendor :STMicroelectronics X-CUBE-AZRTOS-H7 3.4.0
2026-03-10 16:26:55,252 [INFO] ThirdParty:1030 - CMSIS Pack Vendor :STMicroelectronics X-CUBE-DISPLAY 3.0.0
2026-03-10 16:26:55,252 [INFO] ThirdParty:1030 - CMSIS Pack Vendor :wolfSSL I-CUBE-wolfSSH 1.4.20
2026-03-10 16:26:55,252 [INFO] ThirdParty:1030 - CMSIS Pack Vendor :STMicroelectronics X-CUBE-NFC7 2.0.0
2026-03-10 16:26:55,252 [INFO] ThirdParty:1030 - CMSIS Pack Vendor :STMicroelectronics FP-SNS-MOTENVWB1 1.5.0
2026-03-10 16:26:55,252 [INFO] ThirdParty:1030 - CMSIS Pack Vendor :STMicroelectronics X-CUBE-TCPP 4.2.0
2026-03-10 16:26:55,252 [INFO] ThirdParty:1030 - CMSIS Pack Vendor :RealThread X-CUBE-RT-Thread_Nano 4.1.1
2026-03-10 16:26:55,252 [INFO] ThirdParty:1030 - CMSIS Pack Vendor :STMicroelectronics FP-ATR-SIGFOX1 3.2.0
2026-03-10 16:26:55,252 [INFO] ThirdParty:1030 - CMSIS Pack Vendor :STMicroelectronics X-CUBE-NFC10 1.0.0
2026-03-10 16:26:55,252 [INFO] ThirdParty:1030 - CMSIS Pack Vendor :STMicroelectronics X-CUBE-FREERTOS 1.3.1
2026-03-10 16:26:55,252 [INFO] ThirdParty:1030 - CMSIS Pack Vendor :STMicroelectronics HAL Drivers 0.0.0
2026-03-10 16:26:55,252 [INFO] ThirdParty:1030 - CMSIS Pack Vendor :STMicroelectronics X-CUBE-FREERTOS 1.5.0
2026-03-10 16:26:55,252 [INFO] ThirdParty:1030 - CMSIS Pack Vendor :STMicroelectronics MBEDTLS 2.16.2
2026-03-10 16:26:55,252 [INFO] ThirdParty:1030 - CMSIS Pack Vendor :STMicroelectronics X-CUBE-ST60 1.1.0
2026-03-10 16:26:55,252 [INFO] ThirdParty:1030 - CMSIS Pack Vendor :STMicroelectronics X-CUBE-ALS 1.0.2
2026-03-10 16:26:55,252 [INFO] ThirdParty:1030 - CMSIS Pack Vendor :emotas I-CUBE-CANOPEN 1.3.0
2026-03-10 16:26:55,252 [INFO] ThirdParty:1030 - CMSIS Pack Vendor :STMicroelectronics MBEDTLS 2.14.1
2026-03-10 16:26:55,252 [INFO] ThirdParty:1030 - CMSIS Pack Vendor :STMicroelectronics X-CUBE-GNSS1 7.1.0
2026-03-10 16:26:55,253 [INFO] ThirdParty:1030 - CMSIS Pack Vendor :ITTIA_DB I-CUBE-ITTIADB 8.9.0
2026-03-10 16:26:55,253 [INFO] ThirdParty:1030 - CMSIS Pack Vendor :STMicroelectronics X-CUBE-TOUCHGFX 4.26.0
2026-03-10 16:26:55,253 [INFO] ThirdParty:1030 - CMSIS Pack Vendor :STMicroelectronics X-CUBE-STSE01 1.0.0
2026-03-10 16:26:55,253 [INFO] ThirdParty:1030 - CMSIS Pack Vendor :STMicroelectronics X-CUBE-TOUCHGFX 4.26.1
2026-03-10 16:26:55,253 [INFO] ThirdParty:1030 - CMSIS Pack Vendor :STMicroelectronics X-CUBE-NFC6 3.2.0
2026-03-10 16:26:55,253 [INFO] ThirdParty:1030 - CMSIS Pack Vendor :STMicroelectronics ThreadX 1.0.0
2026-03-10 16:26:55,253 [INFO] ThirdParty:1030 - CMSIS Pack Vendor :STMicroelectronics FP-SNS-SMARTAG2 1.2.0
2026-03-10 16:26:55,253 [INFO] ThirdParty:1030 - CMSIS Pack Vendor :STMicroelectronics FP-SNS-FLIGHT1 5.1.0
2026-03-10 16:26:55,253 [INFO] ThirdParty:1030 - CMSIS Pack Vendor :STMicroelectronics X-CUBE-AZRTOS-WL 2.0.0
2026-03-10 16:26:55,253 [INFO] ThirdParty:1030 - CMSIS Pack Vendor :SEGGER I-CUBE-embOS 1.3.1
2026-03-10 16:26:55,253 [INFO] ThirdParty:1030 - CMSIS Pack Vendor :STMicroelectronics X-CUBE-ALGOBUILD 1.4.0
2026-03-10 16:26:55,253 [INFO] ThirdParty:1030 - CMSIS Pack Vendor :STMicroelectronics X-CUBE-DPower 1.3.0
2026-03-10 16:26:55,253 [INFO] ThirdParty:1030 - CMSIS Pack Vendor :STMicroelectronics X-CUBE-MEMS1 11.3.0
2026-03-10 16:26:55,253 [INFO] ThirdParty:1030 - CMSIS Pack Vendor :STMicroelectronics FP-SNS-MOTENV1 5.0.0
2026-03-10 16:26:55,253 [INFO] ThirdParty:1030 - CMSIS Pack Vendor :STMicroelectronics USB_DEVICE 1.0.0
2026-03-10 16:26:55,253 [INFO] ThirdParty:1030 - CMSIS Pack Vendor :STMicroelectronics X-CUBE-AZRTOS-H7RS 1.2.0
2026-03-10 16:26:55,253 [INFO] ThirdParty:1030 - CMSIS Pack Vendor :STMicroelectronics X-CUBE-AZRTOS-L4 2.0.0
2026-03-10 16:26:55,253 [INFO] ThirdParty:1030 - CMSIS Pack Vendor :STMicroelectronics ThreadX 0.0.2
2026-03-10 16:26:55,253 [INFO] ThirdParty:1030 - CMSIS Pack Vendor :STMicroelectronics lwIP 2.1.2
2026-03-10 16:26:55,253 [INFO] ThirdParty:1030 - CMSIS Pack Vendor :STMicroelectronics X-CUBE-SFXS2LP1 4.0.0
2026-03-10 16:26:55,253 [INFO] ThirdParty:1030 - CMSIS Pack Vendor :STMicroelectronics X-CUBE-BLE2 3.3.0
2026-03-10 16:26:55,253 [INFO] ThirdParty:1030 - CMSIS Pack Vendor :Avnet-IOTCONNECT X-CUBE-iotc-st67-sdk 1.0.0
2026-03-10 16:26:55,253 [INFO] ThirdParty:1030 - CMSIS Pack Vendor :STMicroelectronics X-CUBE-TOF1 3.4.3
2026-03-10 16:26:55,253 [INFO] ThirdParty:1030 - CMSIS Pack Vendor :STMicroelectronics PDM2PCM 3.2.0
2026-03-10 16:26:55,253 [INFO] ThirdParty:1030 - CMSIS Pack Vendor :STMicroelectronics X-CUBE-ST67W61 1.2.0
2026-03-10 16:26:55,253 [INFO] ThirdParty:841 - exiting critical section [change project]
2026-03-10 16:26:55,555 [INFO] PinOutPanel:1589 - setPackage(No Configuration,No Configuration)
2026-03-10 16:26:55,556 [INFO] PinOutPanel:1589 - setPackage(STM32F446RETx,LQFP64)
2026-03-10 16:26:55,950 [INFO] UtilMem:75 - Before build in PCC Used Memory: 245368832 Bytes (657457152)
2026-03-10 16:26:56,390 [INFO] UtilMem:75 - After build in PCC Used Memory: 402128896 Bytes (657457152)
2026-03-10 16:26:56,436 [INFO] ApiDbMcu:532 - Load IP Config File for USB_DEVICE
2026-03-10 16:26:56,462 [INFO] IPUIPlugin:80 - create IPUIPlugin
2026-03-10 16:26:56,463 [INFO] IPUIPlugin:80 - create IPUIPlugin
2026-03-10 16:26:56,463 [INFO] IPUIPlugin:80 - create IPUIPlugin
2026-03-10 16:26:56,463 [INFO] IPUIPlugin:80 - create IPUIPlugin
2026-03-10 16:26:56,463 [INFO] IPUIPlugin:80 - create IPUIPlugin
2026-03-10 16:26:56,463 [INFO] IPUIPlugin:80 - create IPUIPlugin
2026-03-10 16:26:56,463 [INFO] IPUIPlugin:80 - create IPUIPlugin
2026-03-10 16:26:56,463 [INFO] IPUIPlugin:80 - create IPUIPlugin
2026-03-10 16:26:56,463 [INFO] IPUIPlugin:80 - create IPUIPlugin
2026-03-10 16:26:56,463 [INFO] IPUIPlugin:80 - create IPUIPlugin
2026-03-10 16:26:56,463 [INFO] IPUIPlugin:80 - create IPUIPlugin
2026-03-10 16:26:56,464 [INFO] IPUIPlugin:80 - create IPUIPlugin
2026-03-10 16:26:56,464 [INFO] IPUIPlugin:80 - create IPUIPlugin
2026-03-10 16:26:56,464 [INFO] IPUIPlugin:80 - create IPUIPlugin
2026-03-10 16:26:56,464 [INFO] IPUIPlugin:80 - create IPUIPlugin
2026-03-10 16:26:56,464 [INFO] IPUIPlugin:80 - create IPUIPlugin
2026-03-10 16:26:56,464 [INFO] IPUIPlugin:80 - create IPUIPlugin
2026-03-10 16:26:56,464 [INFO] IPUIPlugin:80 - create IPUIPlugin
2026-03-10 16:26:56,464 [INFO] IPUIPlugin:80 - create IPUIPlugin
2026-03-10 16:26:56,464 [INFO] IPUIPlugin:80 - create IPUIPlugin
2026-03-10 16:26:56,465 [INFO] IPUIPlugin:80 - create IPUIPlugin
2026-03-10 16:26:56,465 [INFO] IPUIPlugin:80 - create IPUIPlugin
2026-03-10 16:26:56,465 [INFO] IPUIPlugin:80 - create IPUIPlugin
2026-03-10 16:26:56,465 [INFO] IPUIPlugin:80 - create IPUIPlugin
2026-03-10 16:26:56,465 [INFO] IPUIPlugin:80 - create IPUIPlugin
2026-03-10 16:26:56,465 [INFO] IPUIPlugin:80 - create IPUIPlugin
2026-03-10 16:26:56,465 [INFO] IPUIPlugin:80 - create IPUIPlugin
2026-03-10 16:26:56,465 [INFO] IPUIPlugin:80 - create IPUIPlugin
2026-03-10 16:26:56,466 [INFO] IPUIPlugin:80 - create IPUIPlugin
2026-03-10 16:26:56,466 [INFO] IPUIPlugin:80 - create IPUIPlugin
2026-03-10 16:26:56,466 [INFO] IPUIPlugin:80 - create IPUIPlugin
2026-03-10 16:26:56,466 [INFO] IPUIPlugin:80 - create IPUIPlugin
2026-03-10 16:26:56,466 [INFO] IPUIPlugin:80 - create IPUIPlugin
2026-03-10 16:26:56,466 [INFO] IPUIPlugin:80 - create IPUIPlugin
2026-03-10 16:26:56,466 [INFO] IPUIPlugin:80 - create IPUIPlugin
2026-03-10 16:26:56,466 [INFO] IPUIPlugin:80 - create IPUIPlugin
2026-03-10 16:26:56,467 [INFO] IPUIPlugin:80 - create IPUIPlugin
2026-03-10 16:26:56,467 [INFO] IPUIPlugin:80 - create IPUIPlugin
2026-03-10 16:26:56,467 [INFO] IPUIPlugin:80 - create IPUIPlugin
2026-03-10 16:26:56,467 [INFO] IPUIPlugin:80 - create IPUIPlugin
2026-03-10 16:26:56,467 [INFO] IPUIPlugin:80 - create IPUIPlugin
2026-03-10 16:26:56,467 [INFO] IPUIPlugin:80 - create IPUIPlugin
2026-03-10 16:26:56,467 [INFO] IPUIPlugin:80 - create IPUIPlugin
2026-03-10 16:26:56,468 [INFO] IPUIPlugin:80 - create IPUIPlugin
2026-03-10 16:26:56,468 [INFO] IPUIPlugin:80 - create IPUIPlugin
2026-03-10 16:26:56,468 [INFO] IPUIPlugin:80 - create IPUIPlugin
2026-03-10 16:26:56,468 [INFO] IPUIPlugin:80 - create IPUIPlugin
2026-03-10 16:26:56,468 [INFO] IPUIPlugin:80 - create IPUIPlugin
2026-03-10 16:26:56,469 [INFO] IPUIPlugin:80 - create IPUIPlugin
2026-03-10 16:26:56,469 [INFO] IPUIPlugin:80 - create IPUIPlugin
2026-03-10 16:26:56,469 [INFO] IPUIPlugin:80 - create IPUIPlugin
2026-03-10 16:26:56,469 [INFO] IPUIPlugin:80 - create IPUIPlugin
2026-03-10 16:26:56,470 [INFO] IPUIPlugin:80 - create IPUIPlugin
2026-03-10 16:26:56,470 [INFO] IPUIPlugin:80 - create IPUIPlugin
2026-03-10 16:26:56,470 [INFO] IPUIPlugin:80 - create IPUIPlugin
2026-03-10 16:26:56,470 [INFO] IPUIPlugin:80 - create IPUIPlugin
2026-03-10 16:26:56,470 [INFO] IPUIPlugin:80 - create IPUIPlugin
2026-03-10 16:26:56,471 [INFO] IPUIPlugin:80 - create IPUIPlugin
2026-03-10 16:26:56,471 [INFO] IPUIPlugin:80 - create IPUIPlugin
2026-03-10 16:26:56,471 [INFO] IPUIPlugin:80 - create IPUIPlugin
2026-03-10 16:26:56,477 [INFO] ApiDbMcu:532 - Load IP Config File for PDM2PCM
2026-03-10 16:26:56,484 [INFO] Can:71 - Can Add PropertyChangeListener com.st.microxplorer.plugins.ip.can.Can@4a58d244
2026-03-10 16:26:56,485 [WARN] IP:2250 - I2C_Coeff_DF not found: check if there is a RefParameter without a condition.
2026-03-10 16:26:56,485 [WARN] IP:2250 - Analog_Filter not found: check if there is a RefParameter without a condition.
2026-03-10 16:26:56,602 [INFO] CADModel:165 - CPN selected for project levelSTM32F446RET6
2026-03-10 16:26:56,602 [INFO] CADModel:114 - Register for checkConnection events
2026-03-10 16:26:56,640 [INFO] OpenFileManager:386 - Restore cursor
2026-03-10 16:26:56,754 [WARN] IP:2250 - DEVICE_SERIAL0_CDC_FS not found: check if there is a RefParameter without a condition.
2026-03-10 16:26:56,754 [WARN] IP:2250 - DEVICE_SERIAL1_CDC_FS not found: check if there is a RefParameter without a condition.
2026-03-10 16:26:56,754 [WARN] IP:2250 - DEVICE_SERIAL2_CDC_FS not found: check if there is a RefParameter without a condition.
2026-03-10 16:26:56,765 [WARN] IP:2250 - DEVICE_SERIAL0_CDC_FS not found: check if there is a RefParameter without a condition.
2026-03-10 16:26:56,765 [WARN] IP:2250 - DEVICE_SERIAL1_CDC_FS not found: check if there is a RefParameter without a condition.
2026-03-10 16:26:56,765 [WARN] IP:2250 - DEVICE_SERIAL2_CDC_FS not found: check if there is a RefParameter without a condition.
2026-03-10 16:26:56,815 [WARN] IP:2250 - I2C_Coeff_DF not found: check if there is a RefParameter without a condition.
2026-03-10 16:26:56,815 [WARN] IP:2250 - Analog_Filter not found: check if there is a RefParameter without a condition.
2026-03-10 16:26:56,815 [WARN] IP:2250 - I2C_Coeff_DF not found: check if there is a RefParameter without a condition.
2026-03-10 16:26:56,815 [WARN] IP:2250 - Analog_Filter not found: check if there is a RefParameter without a condition.
2026-03-10 16:28:16,368 [INFO] NvicIntPanel:101 - NVIC parent = com.st.microxplorer.plugins.ip.nvic.MultiNvicIntPanel[,0,0,0x0,invalid,layout=javax.swing.BoxLayout,alignmentX=0.0,alignmentY=0.0,border=,flags=9,maximumSize=,minimumSize=,preferredSize=]
2026-03-10 16:29:04,624 [INFO] UtilMem:75 - End SaveConfig() Used Memory: 574407160 Bytes (657457152)
2026-03-10 16:29:13,821 [INFO] UtilMem:75 - End SaveConfig() Used Memory: 539691648 Bytes (657457152)
2026-03-10 16:29:14,130 [INFO] BlockDiagram:2775 - set Specific Code input for plugin: TIM6_7
2026-03-10 16:29:14,130 [INFO] BlockDiagram:2775 - set Specific Code input for plugin: CAN
2026-03-10 16:29:14,130 [INFO] BlockDiagram:2775 - set Specific Code input for plugin: USB_DEVICE
2026-03-10 16:29:14,130 [INFO] BlockDiagram:2775 - set Specific Code input for plugin: SYS
2026-03-10 16:29:14,130 [INFO] BlockDiagram:2775 - set Specific Code input for plugin: RCC
2026-03-10 16:29:14,130 [INFO] BlockDiagram:2775 - set Specific Code input for plugin: I2C
2026-03-10 16:29:14,131 [INFO] BlockDiagram:2775 - set Specific Code input for plugin: USB_OTG_FS
2026-03-10 16:29:14,131 [INFO] BlockDiagram:2775 - set Specific Code input for plugin: NVIC
2026-03-10 16:29:14,131 [INFO] BlockDiagram:2775 - set Specific Code input for plugin: TIM1_8
2026-03-10 16:29:14,131 [INFO] BlockDiagram:2775 - set Specific Code input for plugin: DMA
2026-03-10 16:29:14,131 [INFO] BlockDiagram:2775 - set Specific Code input for plugin: TIM1_8
2026-03-10 16:29:14,131 [INFO] BlockDiagram:2775 - set Specific Code input for plugin: GPIO
2026-03-10 16:29:14,132 [INFO] CodeGenerator:892 - code generatio: config db path: /opt/st/stm32cubeide_1.19.0/plugins/com.st.stm32cube.common.mx_6.15.0.202507011659//db/
2026-03-10 16:29:14,139 [WARN] IP:2250 - I2C_Coeff_DF not found: check if there is a RefParameter without a condition.
2026-03-10 16:29:14,139 [WARN] IP:2250 - Analog_Filter not found: check if there is a RefParameter without a condition.
2026-03-10 16:29:14,175 [WARN] IP:2250 - DEVICE_SERIAL0_CDC_FS not found: check if there is a RefParameter without a condition.
2026-03-10 16:29:14,175 [WARN] IP:2250 - DEVICE_SERIAL1_CDC_FS not found: check if there is a RefParameter without a condition.
2026-03-10 16:29:14,175 [WARN] IP:2250 - DEVICE_SERIAL2_CDC_FS not found: check if there is a RefParameter without a condition.
2026-03-10 16:29:14,294 [INFO] CodeEngine:265 - oldGeneratedFile, /home/kamil/STM32CubeIDE/workspace_1.19.0/PCB_STM/MXTmpFiles/license.tmp_save
2026-03-10 16:29:14,577 [INFO] CodeEngine:289 - Generated code: /home/kamil/STM32CubeIDE/workspace_1.19.0/PCB_STM/MXTmpFiles/license.tmp
2026-03-10 16:29:14,642 [INFO] CodeEngine:265 - oldGeneratedFile, /home/kamil/STM32CubeIDE/workspace_1.19.0/PCB_STM/MXTmpFiles/gpio.tmp_save
2026-03-10 16:29:14,755 [INFO] CodeEngine:289 - Generated code: /home/kamil/STM32CubeIDE/workspace_1.19.0/PCB_STM/MXTmpFiles/gpio.tmp
2026-03-10 16:29:14,816 [WARN] IPConfigManager:3238 - Warning: the RefConfig PWREx_EnableUSBVoltageDetector is not available in your config.xml file
2026-03-10 16:29:14,822 [INFO] CodeEngine:265 - oldGeneratedFile, /home/kamil/STM32CubeIDE/workspace_1.19.0/PCB_STM/MXTmpFiles/usb_otg_fs_vars.tmp_save
2026-03-10 16:29:14,915 [INFO] CodeEngine:289 - Generated code: /home/kamil/STM32CubeIDE/workspace_1.19.0/PCB_STM/MXTmpFiles/usb_otg_fs_vars.tmp
2026-03-10 16:29:14,918 [INFO] CodeEngine:265 - oldGeneratedFile, /home/kamil/STM32CubeIDE/workspace_1.19.0/PCB_STM/MXTmpFiles/usb_otg_fs_inc.tmp_save
2026-03-10 16:29:15,007 [INFO] CodeEngine:289 - Generated code: /home/kamil/STM32CubeIDE/workspace_1.19.0/PCB_STM/MXTmpFiles/usb_otg_fs_inc.tmp
2026-03-10 16:29:15,009 [INFO] CodeEngine:265 - oldGeneratedFile, /home/kamil/STM32CubeIDE/workspace_1.19.0/PCB_STM/MXTmpFiles/usb_otg_fs_HalInit.tmp_save
2026-03-10 16:29:15,113 [INFO] CodeEngine:289 - Generated code: /home/kamil/STM32CubeIDE/workspace_1.19.0/PCB_STM/MXTmpFiles/usb_otg_fs_HalInit.tmp
2026-03-10 16:29:15,116 [INFO] CodeEngine:265 - oldGeneratedFile, /home/kamil/STM32CubeIDE/workspace_1.19.0/PCB_STM/MXTmpFiles/usb_otg_fs_Msp.tmp_save
2026-03-10 16:29:15,185 [INFO] CodeEngine:289 - Generated code: /home/kamil/STM32CubeIDE/workspace_1.19.0/PCB_STM/MXTmpFiles/usb_otg_fs_Msp.tmp
2026-03-10 16:29:15,475 [INFO] Middleware:1452 - No code input for Bsp Dependency
2026-03-10 16:29:15,485 [INFO] CodeEngine:265 - oldGeneratedFile, /home/kamil/STM32CubeIDE/workspace_1.19.0/PCB_STM/MXTmpFiles/dma.tmp_save
2026-03-10 16:29:15,549 [INFO] CodeEngine:289 - Generated code: /home/kamil/STM32CubeIDE/workspace_1.19.0/PCB_STM/MXTmpFiles/dma.tmp
2026-03-10 16:29:15,551 [INFO] CodeEngine:265 - oldGeneratedFile, /home/kamil/STM32CubeIDE/workspace_1.19.0/PCB_STM/MXTmpFiles/dma_GV.tmp_save
2026-03-10 16:29:15,592 [INFO] CodeEngine:289 - Generated code: /home/kamil/STM32CubeIDE/workspace_1.19.0/PCB_STM/MXTmpFiles/dma_GV.tmp
2026-03-10 16:29:15,607 [INFO] Middleware:1452 - No code input for Bsp Dependency
2026-03-10 16:29:15,611 [INFO] CodeEngine:265 - oldGeneratedFile, /home/kamil/STM32CubeIDE/workspace_1.19.0/PCB_STM/USB_DEVICE/App/usb_device.c_save
2026-03-10 16:29:15,674 [INFO] CodeEngine:289 - Generated code: /home/kamil/STM32CubeIDE/workspace_1.19.0/PCB_STM/USB_DEVICE/App/usb_device.c
2026-03-10 16:29:15,675 [INFO] CodeEngine:265 - oldGeneratedFile, /home/kamil/STM32CubeIDE/workspace_1.19.0/PCB_STM/USB_DEVICE/App/usb_device.h_save
2026-03-10 16:29:15,738 [INFO] CodeEngine:289 - Generated code: /home/kamil/STM32CubeIDE/workspace_1.19.0/PCB_STM/USB_DEVICE/App/usb_device.h
2026-03-10 16:29:15,739 [INFO] CodeEngine:265 - oldGeneratedFile, /home/kamil/STM32CubeIDE/workspace_1.19.0/PCB_STM/USB_DEVICE/Target/usbd_conf.h_save
2026-03-10 16:29:15,790 [INFO] CodeEngine:289 - Generated code: /home/kamil/STM32CubeIDE/workspace_1.19.0/PCB_STM/USB_DEVICE/Target/usbd_conf.h
2026-03-10 16:29:15,792 [INFO] CodeEngine:265 - oldGeneratedFile, /home/kamil/STM32CubeIDE/workspace_1.19.0/PCB_STM/USB_DEVICE/Target/usbd_conf.c_save
2026-03-10 16:29:15,864 [INFO] CodeEngine:289 - Generated code: /home/kamil/STM32CubeIDE/workspace_1.19.0/PCB_STM/USB_DEVICE/Target/usbd_conf.c
2026-03-10 16:29:15,867 [INFO] CodeEngine:265 - oldGeneratedFile, /home/kamil/STM32CubeIDE/workspace_1.19.0/PCB_STM/USB_DEVICE/App/usbd_desc.h_save
2026-03-10 16:29:15,907 [INFO] CodeEngine:289 - Generated code: /home/kamil/STM32CubeIDE/workspace_1.19.0/PCB_STM/USB_DEVICE/App/usbd_desc.h
2026-03-10 16:29:15,908 [INFO] CodeEngine:265 - oldGeneratedFile, /home/kamil/STM32CubeIDE/workspace_1.19.0/PCB_STM/USB_DEVICE/App/usbd_desc.c_save
2026-03-10 16:29:15,950 [INFO] CodeEngine:289 - Generated code: /home/kamil/STM32CubeIDE/workspace_1.19.0/PCB_STM/USB_DEVICE/App/usbd_desc.c
2026-03-10 16:29:15,951 [INFO] CodeEngine:265 - oldGeneratedFile, /home/kamil/STM32CubeIDE/workspace_1.19.0/PCB_STM/USB_DEVICE/App/usbd_cdc_if.h_save
2026-03-10 16:29:15,989 [INFO] CodeEngine:289 - Generated code: /home/kamil/STM32CubeIDE/workspace_1.19.0/PCB_STM/USB_DEVICE/App/usbd_cdc_if.h
2026-03-10 16:29:15,990 [INFO] CodeEngine:265 - oldGeneratedFile, /home/kamil/STM32CubeIDE/workspace_1.19.0/PCB_STM/USB_DEVICE/App/usbd_cdc_if.c_save
2026-03-10 16:29:16,033 [INFO] CodeEngine:289 - Generated code: /home/kamil/STM32CubeIDE/workspace_1.19.0/PCB_STM/USB_DEVICE/App/usbd_cdc_if.c
2026-03-10 16:29:16,039 [INFO] CodeEngine:265 - oldGeneratedFile, /home/kamil/STM32CubeIDE/workspace_1.19.0/PCB_STM/Core/Src/stm32f4xx_it.c_save
2026-03-10 16:29:16,172 [INFO] CodeEngine:289 - Generated code: /home/kamil/STM32CubeIDE/workspace_1.19.0/PCB_STM/Core/Src/stm32f4xx_it.c
2026-03-10 16:29:16,176 [INFO] CodeEngine:265 - oldGeneratedFile, /home/kamil/STM32CubeIDE/workspace_1.19.0/PCB_STM/Core/Inc/stm32f4xx_it.h_save
2026-03-10 16:29:16,217 [INFO] CodeEngine:289 - Generated code: /home/kamil/STM32CubeIDE/workspace_1.19.0/PCB_STM/Core/Inc/stm32f4xx_it.h
2026-03-10 16:29:16,229 [INFO] CodeEngine:265 - oldGeneratedFile, /home/kamil/STM32CubeIDE/workspace_1.19.0/PCB_STM/Core/Src/stm32f4xx_hal_msp.c_save
2026-03-10 16:29:16,314 [INFO] CodeEngine:289 - Generated code: /home/kamil/STM32CubeIDE/workspace_1.19.0/PCB_STM/Core/Src/stm32f4xx_hal_msp.c
2026-03-10 16:29:16,315 [INFO] CodeEngine:265 - oldGeneratedFile, /home/kamil/STM32CubeIDE/workspace_1.19.0/PCB_STM/MXTmpFiles/system.tmp_save
2026-03-10 16:29:16,349 [INFO] CodeEngine:289 - Generated code: /home/kamil/STM32CubeIDE/workspace_1.19.0/PCB_STM/MXTmpFiles/system.tmp
2026-03-10 16:29:16,351 [INFO] CodeEngine:265 - oldGeneratedFile, /home/kamil/STM32CubeIDE/workspace_1.19.0/PCB_STM/Core/Inc/stm32_assert.h_save
2026-03-10 16:29:16,387 [INFO] CodeEngine:289 - Generated code: /home/kamil/STM32CubeIDE/workspace_1.19.0/PCB_STM/Core/Inc/stm32_assert.h
2026-03-10 16:29:16,389 [INFO] CodeEngine:321 - oldGeneratedFile, /home/kamil/STM32CubeIDE/workspace_1.19.0/PCB_STM/Core/Inc/stm32f4xx_hal_conf.h_save
2026-03-10 16:29:16,437 [INFO] CodeEngine:345 - Generated code: /home/kamil/STM32CubeIDE/workspace_1.19.0/PCB_STM/Core/Inc/stm32f4xx_hal_conf.h
2026-03-10 16:29:16,455 [WARN] IPConfigManager:3238 - Warning: the RefConfig PLL2P_FOR_MCO is not available in your config.xml file
2026-03-10 16:29:16,459 [INFO] ApiDbMcu:532 - Load IP Config File for CAN1
2026-03-10 16:29:16,461 [INFO] ApiDbMcu:532 - Load IP Config File for I2C3
2026-03-10 16:29:16,466 [INFO] ApiDbMcu:532 - Load IP Config File for TIM6
2026-03-10 16:29:16,472 [INFO] ApiDbMcu:532 - Load IP Config File for TIM9
2026-03-10 16:29:16,478 [INFO] ApiDbMcu:532 - Load IP Config File for TIM10
2026-03-10 16:29:16,480 [INFO] ApiDbMcu:532 - Load IP Config File for RCC
2026-03-10 16:29:16,483 [WARN] IPConfigManager:3811 - IP not found : TIM
2026-03-10 16:29:16,483 [WARN] CodeGenerator:4259 - IP not found : null
2026-03-10 16:29:16,487 [INFO] CodeEngine:265 - oldGeneratedFile, /home/kamil/STM32CubeIDE/workspace_1.19.0/PCB_STM/Core/Inc/main.h_save
2026-03-10 16:29:16,541 [INFO] CodeEngine:289 - Generated code: /home/kamil/STM32CubeIDE/workspace_1.19.0/PCB_STM/Core/Inc/main.h
2026-03-10 16:29:16,542 [INFO] CodeEngine:265 - oldGeneratedFile, /home/kamil/STM32CubeIDE/workspace_1.19.0/PCB_STM/Core/Src/main.c_save
2026-03-10 16:29:16,637 [INFO] CodeEngine:289 - Generated code: /home/kamil/STM32CubeIDE/workspace_1.19.0/PCB_STM/Core/Src/main.c
2026-03-10 16:29:16,833 [INFO] ProjectBuilder:3606 - Time for Copy HAL[1] : 56mS.
2026-03-10 16:29:16,838 [INFO] ProjectBuilder:5216 - Project Generator version: 4.7.0-B52
2026-03-10 16:29:16,910 [INFO] ConfigFileManager:1595 - The Die is : DIE421
2026-03-10 16:29:16,916 [INFO] ApiDbMcu:532 - Load IP Config File for FATFS
2026-03-10 16:29:16,918 [INFO] ApiDbMcu:532 - Load IP Config File for FREERTOS
2026-03-10 16:29:16,920 [INFO] ApiDbMcu:532 - Load IP Config File for LIBJPEG
2026-03-10 16:29:16,924 [INFO] ApiDbMcu:532 - Load IP Config File for MBEDTLS
2026-03-10 16:29:16,927 [INFO] ApiDbMcu:532 - Load IP Config File for USB_HOST
2026-03-10 16:29:17,193 [INFO] LogOutputStream:77 - [STDOUT_REDIRECT] 
2026-03-10 16:29:17,903 [INFO] ProjectBuilder:5496 - Time for Generating toolchain IDE Files: 1065mS.
2026-03-10 16:29:17,904 [INFO] ProjectBuilder:3463 - Time for Copy CMSIS : 1mS.
2026-03-10 16:29:17,905 [INFO] ProjectBuilder:3463 - Time for Copy CMSIS : 0mS.
2026-03-10 16:49:15,436 [INFO] UtilMem:75 - End SaveConfig() Used Memory: 318920840 Bytes (670040064)
2026-03-10 16:49:16,781 [INFO] UtilMem:75 - End SaveConfig() Used Memory: 357191816 Bytes (670040064)
2026-03-10 16:49:16,875 [INFO] BlockDiagram:2775 - set Specific Code input for plugin: TIM6_7
2026-03-10 16:49:16,875 [INFO] BlockDiagram:2775 - set Specific Code input for plugin: CAN
2026-03-10 16:49:16,875 [INFO] BlockDiagram:2775 - set Specific Code input for plugin: USB_DEVICE
2026-03-10 16:49:16,875 [INFO] BlockDiagram:2775 - set Specific Code input for plugin: SYS
2026-03-10 16:49:16,875 [INFO] BlockDiagram:2775 - set Specific Code input for plugin: RCC
2026-03-10 16:49:16,875 [INFO] BlockDiagram:2775 - set Specific Code input for plugin: I2C
2026-03-10 16:49:16,875 [INFO] BlockDiagram:2775 - set Specific Code input for plugin: USB_OTG_FS
2026-03-10 16:49:16,875 [INFO] BlockDiagram:2775 - set Specific Code input for plugin: NVIC
2026-03-10 16:49:16,875 [INFO] BlockDiagram:2775 - set Specific Code input for plugin: TIM1_8
2026-03-10 16:49:16,875 [INFO] BlockDiagram:2775 - set Specific Code input for plugin: DMA
2026-03-10 16:49:16,876 [INFO] BlockDiagram:2775 - set Specific Code input for plugin: TIM1_8
2026-03-10 16:49:16,876 [INFO] BlockDiagram:2775 - set Specific Code input for plugin: GPIO
2026-03-10 16:49:16,876 [INFO] CodeGenerator:892 - code generatio: config db path: /opt/st/stm32cubeide_1.19.0/plugins/com.st.stm32cube.common.mx_6.15.0.202507011659//db/
2026-03-10 16:49:16,879 [WARN] IP:2250 - I2C_Coeff_DF not found: check if there is a RefParameter without a condition.
2026-03-10 16:49:16,879 [WARN] IP:2250 - Analog_Filter not found: check if there is a RefParameter without a condition.
2026-03-10 16:49:16,880 [INFO] Argument:325 - Argument : hdmavalue: null
2026-03-10 16:49:16,880 [INFO] Argument:327 - 	 sub Args: 
2026-03-10 16:49:16,880 [INFO] Argument:325 - Argument : Instancevalue: DMA1_Stream2
2026-03-10 16:49:16,880 [INFO] Argument:335 - Argument : Instancevalue: DMA1_Stream2
2026-03-10 16:49:16,880 [INFO] Argument:325 - Argument : Initvalue: null
2026-03-10 16:49:16,880 [INFO] Argument:327 - 	 sub Args: 
2026-03-10 16:49:16,881 [INFO] Argument:325 - Argument : Channelvalue: DMA_CHANNEL_3
2026-03-10 16:49:16,881 [INFO] Argument:335 - Argument : Channelvalue: DMA_CHANNEL_3
2026-03-10 16:49:16,881 [INFO] Argument:325 - Argument : Directionvalue: DMA_PERIPH_TO_MEMORY
2026-03-10 16:49:16,881 [INFO] Argument:335 - Argument : Directionvalue: DMA_PERIPH_TO_MEMORY
2026-03-10 16:49:16,881 [INFO] Argument:325 - Argument : PeriphIncvalue: DMA_PINC_DISABLE
2026-03-10 16:49:16,881 [INFO] Argument:335 - Argument : PeriphIncvalue: DMA_PINC_DISABLE
2026-03-10 16:49:16,881 [INFO] Argument:325 - Argument : MemIncvalue: DMA_MINC_ENABLE
2026-03-10 16:49:16,881 [INFO] Argument:335 - Argument : MemIncvalue: DMA_MINC_ENABLE
2026-03-10 16:49:16,881 [INFO] Argument:325 - Argument : PeriphDataAlignmentvalue: DMA_PDATAALIGN_BYTE
2026-03-10 16:49:16,881 [INFO] Argument:335 - Argument : PeriphDataAlignmentvalue: DMA_PDATAALIGN_BYTE
2026-03-10 16:49:16,881 [INFO] Argument:325 - Argument : MemDataAlignmentvalue: DMA_MDATAALIGN_BYTE
2026-03-10 16:49:16,881 [INFO] Argument:335 - Argument : MemDataAlignmentvalue: DMA_MDATAALIGN_BYTE
2026-03-10 16:49:16,881 [INFO] Argument:325 - Argument : Modevalue: DMA_NORMAL
2026-03-10 16:49:16,881 [INFO] Argument:335 - Argument : Modevalue: DMA_NORMAL
2026-03-10 16:49:16,881 [INFO] Argument:325 - Argument : Priorityvalue: DMA_PRIORITY_HIGH
2026-03-10 16:49:16,881 [INFO] Argument:335 - Argument : Priorityvalue: DMA_PRIORITY_HIGH
2026-03-10 16:49:16,881 [INFO] Argument:325 - Argument : FIFOModevalue: DMA_FIFOMODE_DISABLE
2026-03-10 16:49:16,881 [INFO] Argument:335 - Argument : FIFOModevalue: DMA_FIFOMODE_DISABLE
2026-03-10 16:49:16,881 [INFO] Argument:325 - Argument : FIFOThresholdvalue: null
2026-03-10 16:49:16,881 [INFO] Argument:335 - Argument : FIFOThresholdvalue: null
2026-03-10 16:49:16,881 [INFO] Argument:325 - Argument : MemBurstvalue: null
2026-03-10 16:49:16,881 [INFO] Argument:335 - Argument : MemBurstvalue: null
2026-03-10 16:49:16,881 [INFO] Argument:325 - Argument : PeriphBurstvalue: null
2026-03-10 16:49:16,881 [INFO] Argument:335 - Argument : PeriphBurstvalue: null
2026-03-10 16:49:16,882 [INFO] Argument:325 - Argument : Lockvalue: null
2026-03-10 16:49:16,882 [INFO] Argument:335 - Argument : Lockvalue: null
2026-03-10 16:49:16,882 [INFO] Argument:325 - Argument : Statevalue: null
2026-03-10 16:49:16,882 [INFO] Argument:335 - Argument : Statevalue: null
2026-03-10 16:49:16,882 [INFO] Argument:325 - Argument : Parentvalue: null
2026-03-10 16:49:16,882 [INFO] Argument:335 - Argument : Parentvalue: null
2026-03-10 16:49:16,882 [INFO] Argument:325 - Argument : XferCpltCallbackvalue: null
2026-03-10 16:49:16,882 [INFO] Argument:335 - Argument : XferCpltCallbackvalue: null
2026-03-10 16:49:16,882 [INFO] Argument:325 - Argument : XferHalfCpltCallbackvalue: null
2026-03-10 16:49:16,882 [INFO] Argument:335 - Argument : XferHalfCpltCallbackvalue: null
2026-03-10 16:49:16,882 [INFO] Argument:325 - Argument : XferM1CpltCallbackvalue: null
2026-03-10 16:49:16,882 [INFO] Argument:335 - Argument : XferM1CpltCallbackvalue: null
2026-03-10 16:49:16,882 [INFO] Argument:325 - Argument : XferErrorCallbackvalue: null
2026-03-10 16:49:16,882 [INFO] Argument:335 - Argument : XferErrorCallbackvalue: null
2026-03-10 16:49:16,882 [INFO] Argument:325 - Argument : ErrorCodevalue: null
2026-03-10 16:49:16,882 [INFO] Argument:335 - Argument : ErrorCodevalue: null
2026-03-10 16:49:16,897 [WARN] IP:2250 - DEVICE_SERIAL0_CDC_FS not found: check if there is a RefParameter without a condition.
2026-03-10 16:49:16,898 [WARN] IP:2250 - DEVICE_SERIAL1_CDC_FS not found: check if there is a RefParameter without a condition.
2026-03-10 16:49:16,898 [WARN] IP:2250 - DEVICE_SERIAL2_CDC_FS not found: check if there is a RefParameter without a condition.
2026-03-10 16:49:16,945 [INFO] CodeEngine:265 - oldGeneratedFile, /home/kamil/STM32CubeIDE/workspace_1.19.0/PCB_STM/MXTmpFiles/license.tmp_save
2026-03-10 16:49:17,145 [INFO] CodeEngine:289 - Generated code: /home/kamil/STM32CubeIDE/workspace_1.19.0/PCB_STM/MXTmpFiles/license.tmp
2026-03-10 16:49:17,168 [INFO] CodeEngine:265 - oldGeneratedFile, /home/kamil/STM32CubeIDE/workspace_1.19.0/PCB_STM/MXTmpFiles/gpio.tmp_save
2026-03-10 16:49:17,313 [INFO] CodeEngine:289 - Generated code: /home/kamil/STM32CubeIDE/workspace_1.19.0/PCB_STM/MXTmpFiles/gpio.tmp
2026-03-10 16:49:17,379 [WARN] IPConfigManager:3238 - Warning: the RefConfig PWREx_EnableUSBVoltageDetector is not available in your config.xml file
2026-03-10 16:49:17,383 [INFO] CodeEngine:265 - oldGeneratedFile, /home/kamil/STM32CubeIDE/workspace_1.19.0/PCB_STM/MXTmpFiles/usb_otg_fs_vars.tmp_save
2026-03-10 16:49:17,496 [INFO] CodeEngine:289 - Generated code: /home/kamil/STM32CubeIDE/workspace_1.19.0/PCB_STM/MXTmpFiles/usb_otg_fs_vars.tmp
2026-03-10 16:49:17,497 [INFO] CodeEngine:265 - oldGeneratedFile, /home/kamil/STM32CubeIDE/workspace_1.19.0/PCB_STM/MXTmpFiles/usb_otg_fs_inc.tmp_save
2026-03-10 16:49:17,566 [INFO] CodeEngine:289 - Generated code: /home/kamil/STM32CubeIDE/workspace_1.19.0/PCB_STM/MXTmpFiles/usb_otg_fs_inc.tmp
2026-03-10 16:49:17,567 [INFO] CodeEngine:265 - oldGeneratedFile, /home/kamil/STM32CubeIDE/workspace_1.19.0/PCB_STM/MXTmpFiles/usb_otg_fs_HalInit.tmp_save
2026-03-10 16:49:17,642 [INFO] CodeEngine:289 - Generated code: /home/kamil/STM32CubeIDE/workspace_1.19.0/PCB_STM/MXTmpFiles/usb_otg_fs_HalInit.tmp
2026-03-10 16:49:17,644 [INFO] CodeEngine:265 - oldGeneratedFile, /home/kamil/STM32CubeIDE/workspace_1.19.0/PCB_STM/MXTmpFiles/usb_otg_fs_Msp.tmp_save
2026-03-10 16:49:17,723 [INFO] CodeEngine:289 - Generated code: /home/kamil/STM32CubeIDE/workspace_1.19.0/PCB_STM/MXTmpFiles/usb_otg_fs_Msp.tmp
2026-03-10 16:49:17,916 [INFO] Middleware:1452 - No code input for Bsp Dependency
2026-03-10 16:49:17,923 [INFO] CodeEngine:265 - oldGeneratedFile, /home/kamil/STM32CubeIDE/workspace_1.19.0/PCB_STM/MXTmpFiles/dma.tmp_save
2026-03-10 16:49:17,984 [INFO] CodeEngine:289 - Generated code: /home/kamil/STM32CubeIDE/workspace_1.19.0/PCB_STM/MXTmpFiles/dma.tmp
2026-03-10 16:49:17,986 [INFO] CodeEngine:265 - oldGeneratedFile, /home/kamil/STM32CubeIDE/workspace_1.19.0/PCB_STM/MXTmpFiles/dma_GV.tmp_save
2026-03-10 16:49:18,027 [INFO] CodeEngine:289 - Generated code: /home/kamil/STM32CubeIDE/workspace_1.19.0/PCB_STM/MXTmpFiles/dma_GV.tmp
2026-03-10 16:49:18,041 [INFO] Middleware:1452 - No code input for Bsp Dependency
2026-03-10 16:49:18,043 [INFO] CodeEngine:265 - oldGeneratedFile, /home/kamil/STM32CubeIDE/workspace_1.19.0/PCB_STM/USB_DEVICE/App/usb_device.c_save
2026-03-10 16:49:18,088 [INFO] CodeEngine:289 - Generated code: /home/kamil/STM32CubeIDE/workspace_1.19.0/PCB_STM/USB_DEVICE/App/usb_device.c
2026-03-10 16:49:18,089 [INFO] CodeEngine:265 - oldGeneratedFile, /home/kamil/STM32CubeIDE/workspace_1.19.0/PCB_STM/USB_DEVICE/App/usb_device.h_save
2026-03-10 16:49:18,129 [INFO] CodeEngine:289 - Generated code: /home/kamil/STM32CubeIDE/workspace_1.19.0/PCB_STM/USB_DEVICE/App/usb_device.h
2026-03-10 16:49:18,131 [INFO] CodeEngine:265 - oldGeneratedFile, /home/kamil/STM32CubeIDE/workspace_1.19.0/PCB_STM/USB_DEVICE/Target/usbd_conf.h_save
2026-03-10 16:49:18,189 [INFO] CodeEngine:289 - Generated code: /home/kamil/STM32CubeIDE/workspace_1.19.0/PCB_STM/USB_DEVICE/Target/usbd_conf.h
2026-03-10 16:49:18,191 [INFO] CodeEngine:265 - oldGeneratedFile, /home/kamil/STM32CubeIDE/workspace_1.19.0/PCB_STM/USB_DEVICE/Target/usbd_conf.c_save
2026-03-10 16:49:18,254 [INFO] CodeEngine:289 - Generated code: /home/kamil/STM32CubeIDE/workspace_1.19.0/PCB_STM/USB_DEVICE/Target/usbd_conf.c
2026-03-10 16:49:18,255 [INFO] CodeEngine:265 - oldGeneratedFile, /home/kamil/STM32CubeIDE/workspace_1.19.0/PCB_STM/USB_DEVICE/App/usbd_desc.h_save
2026-03-10 16:49:18,307 [INFO] CodeEngine:289 - Generated code: /home/kamil/STM32CubeIDE/workspace_1.19.0/PCB_STM/USB_DEVICE/App/usbd_desc.h
2026-03-10 16:49:18,308 [INFO] CodeEngine:265 - oldGeneratedFile, /home/kamil/STM32CubeIDE/workspace_1.19.0/PCB_STM/USB_DEVICE/App/usbd_desc.c_save
2026-03-10 16:49:18,349 [INFO] CodeEngine:289 - Generated code: /home/kamil/STM32CubeIDE/workspace_1.19.0/PCB_STM/USB_DEVICE/App/usbd_desc.c
2026-03-10 16:49:18,349 [INFO] CodeEngine:265 - oldGeneratedFile, /home/kamil/STM32CubeIDE/workspace_1.19.0/PCB_STM/USB_DEVICE/App/usbd_cdc_if.h_save
2026-03-10 16:49:18,387 [INFO] CodeEngine:289 - Generated code: /home/kamil/STM32CubeIDE/workspace_1.19.0/PCB_STM/USB_DEVICE/App/usbd_cdc_if.h
2026-03-10 16:49:18,389 [INFO] CodeEngine:265 - oldGeneratedFile, /home/kamil/STM32CubeIDE/workspace_1.19.0/PCB_STM/USB_DEVICE/App/usbd_cdc_if.c_save
2026-03-10 16:49:18,440 [INFO] CodeEngine:289 - Generated code: /home/kamil/STM32CubeIDE/workspace_1.19.0/PCB_STM/USB_DEVICE/App/usbd_cdc_if.c
2026-03-10 16:49:18,457 [INFO] CodeEngine:265 - oldGeneratedFile, /home/kamil/STM32CubeIDE/workspace_1.19.0/PCB_STM/Core/Src/stm32f4xx_it.c_save
2026-03-10 16:49:18,570 [INFO] CodeEngine:289 - Generated code: /home/kamil/STM32CubeIDE/workspace_1.19.0/PCB_STM/Core/Src/stm32f4xx_it.c
2026-03-10 16:49:18,571 [INFO] CodeEngine:265 - oldGeneratedFile, /home/kamil/STM32CubeIDE/workspace_1.19.0/PCB_STM/Core/Inc/stm32f4xx_it.h_save
2026-03-10 16:49:18,621 [INFO] CodeEngine:289 - Generated code: /home/kamil/STM32CubeIDE/workspace_1.19.0/PCB_STM/Core/Inc/stm32f4xx_it.h
2026-03-10 16:49:18,630 [INFO] CodeEngine:265 - oldGeneratedFile, /home/kamil/STM32CubeIDE/workspace_1.19.0/PCB_STM/Core/Src/stm32f4xx_hal_msp.c_save
2026-03-10 16:49:18,699 [INFO] CodeEngine:289 - Generated code: /home/kamil/STM32CubeIDE/workspace_1.19.0/PCB_STM/Core/Src/stm32f4xx_hal_msp.c
2026-03-10 16:49:18,700 [INFO] CodeEngine:265 - oldGeneratedFile, /home/kamil/STM32CubeIDE/workspace_1.19.0/PCB_STM/MXTmpFiles/system.tmp_save
2026-03-10 16:49:18,738 [INFO] CodeEngine:289 - Generated code: /home/kamil/STM32CubeIDE/workspace_1.19.0/PCB_STM/MXTmpFiles/system.tmp
2026-03-10 16:49:18,739 [INFO] CodeEngine:265 - oldGeneratedFile, /home/kamil/STM32CubeIDE/workspace_1.19.0/PCB_STM/Core/Inc/stm32_assert.h_save
2026-03-10 16:49:18,776 [INFO] CodeEngine:289 - Generated code: /home/kamil/STM32CubeIDE/workspace_1.19.0/PCB_STM/Core/Inc/stm32_assert.h
2026-03-10 16:49:18,778 [INFO] CodeEngine:321 - oldGeneratedFile, /home/kamil/STM32CubeIDE/workspace_1.19.0/PCB_STM/Core/Inc/stm32f4xx_hal_conf.h_save
2026-03-10 16:49:18,819 [INFO] CodeEngine:345 - Generated code: /home/kamil/STM32CubeIDE/workspace_1.19.0/PCB_STM/Core/Inc/stm32f4xx_hal_conf.h
2026-03-10 16:49:18,833 [WARN] IPConfigManager:3238 - Warning: the RefConfig PLL2P_FOR_MCO is not available in your config.xml file
2026-03-10 16:49:18,836 [WARN] IPConfigManager:3811 - IP not found : TIM
2026-03-10 16:49:18,836 [WARN] CodeGenerator:4259 - IP not found : null
2026-03-10 16:49:18,838 [INFO] CodeEngine:265 - oldGeneratedFile, /home/kamil/STM32CubeIDE/workspace_1.19.0/PCB_STM/Core/Inc/main.h_save
2026-03-10 16:49:18,892 [INFO] CodeEngine:289 - Generated code: /home/kamil/STM32CubeIDE/workspace_1.19.0/PCB_STM/Core/Inc/main.h
2026-03-10 16:49:18,893 [INFO] CodeEngine:265 - oldGeneratedFile, /home/kamil/STM32CubeIDE/workspace_1.19.0/PCB_STM/Core/Src/main.c_save
2026-03-10 16:49:18,961 [INFO] CodeEngine:289 - Generated code: /home/kamil/STM32CubeIDE/workspace_1.19.0/PCB_STM/Core/Src/main.c
2026-03-10 16:49:19,145 [INFO] ProjectBuilder:3606 - Time for Copy HAL[1] : 32mS.
2026-03-10 16:49:19,148 [INFO] ProjectBuilder:5216 - Project Generator version: 4.7.0-B52
2026-03-10 16:49:19,205 [INFO] ConfigFileManager:1595 - The Die is : DIE421
2026-03-10 16:49:19,747 [INFO] ProjectBuilder:5496 - Time for Generating toolchain IDE Files: 599mS.
2026-03-10 16:49:19,748 [INFO] ProjectBuilder:3463 - Time for Copy CMSIS : 0mS.
2026-03-10 16:49:19,749 [INFO] ProjectBuilder:3463 - Time for Copy CMSIS : 0mS.
2026-03-10 16:49:22,554 [INFO] UtilMem:75 - End SaveConfig() Used Memory: 582588144 Bytes (670040064)
2026-03-10 16:49:22,661 [INFO] BlockDiagram:2775 - set Specific Code input for plugin: TIM6_7
2026-03-10 16:49:22,661 [INFO] BlockDiagram:2775 - set Specific Code input for plugin: CAN
2026-03-10 16:49:22,661 [INFO] BlockDiagram:2775 - set Specific Code input for plugin: USB_DEVICE
2026-03-10 16:49:22,661 [INFO] BlockDiagram:2775 - set Specific Code input for plugin: SYS
2026-03-10 16:49:22,661 [INFO] BlockDiagram:2775 - set Specific Code input for plugin: RCC
2026-03-10 16:49:22,661 [INFO] BlockDiagram:2775 - set Specific Code input for plugin: I2C
2026-03-10 16:49:22,662 [INFO] BlockDiagram:2775 - set Specific Code input for plugin: USB_OTG_FS
2026-03-10 16:49:22,662 [INFO] BlockDiagram:2775 - set Specific Code input for plugin: NVIC
2026-03-10 16:49:22,662 [INFO] BlockDiagram:2775 - set Specific Code input for plugin: TIM1_8
2026-03-10 16:49:22,662 [INFO] BlockDiagram:2775 - set Specific Code input for plugin: DMA
2026-03-10 16:49:22,662 [INFO] BlockDiagram:2775 - set Specific Code input for plugin: TIM1_8
2026-03-10 16:49:22,662 [INFO] BlockDiagram:2775 - set Specific Code input for plugin: GPIO
2026-03-10 16:49:22,662 [INFO] CodeGenerator:892 - code generatio: config db path: /opt/st/stm32cubeide_1.19.0/plugins/com.st.stm32cube.common.mx_6.15.0.202507011659//db/
2026-03-10 16:49:22,667 [WARN] IP:2250 - I2C_Coeff_DF not found: check if there is a RefParameter without a condition.
2026-03-10 16:49:22,667 [WARN] IP:2250 - Analog_Filter not found: check if there is a RefParameter without a condition.
2026-03-10 16:49:22,668 [INFO] Argument:325 - Argument : hdmavalue: null
2026-03-10 16:49:22,668 [INFO] Argument:327 - 	 sub Args: 
2026-03-10 16:49:22,668 [INFO] Argument:325 - Argument : Instancevalue: DMA1_Stream2
2026-03-10 16:49:22,668 [INFO] Argument:335 - Argument : Instancevalue: DMA1_Stream2
2026-03-10 16:49:22,668 [INFO] Argument:325 - Argument : Initvalue: null
2026-03-10 16:49:22,668 [INFO] Argument:327 - 	 sub Args: 
2026-03-10 16:49:22,668 [INFO] Argument:325 - Argument : Channelvalue: DMA_CHANNEL_3
2026-03-10 16:49:22,668 [INFO] Argument:335 - Argument : Channelvalue: DMA_CHANNEL_3
2026-03-10 16:49:22,668 [INFO] Argument:325 - Argument : Directionvalue: DMA_PERIPH_TO_MEMORY
2026-03-10 16:49:22,668 [INFO] Argument:335 - Argument : Directionvalue: DMA_PERIPH_TO_MEMORY
2026-03-10 16:49:22,668 [INFO] Argument:325 - Argument : PeriphIncvalue: DMA_PINC_DISABLE
2026-03-10 16:49:22,668 [INFO] Argument:335 - Argument : PeriphIncvalue: DMA_PINC_DISABLE
2026-03-10 16:49:22,668 [INFO] Argument:325 - Argument : MemIncvalue: DMA_MINC_ENABLE
2026-03-10 16:49:22,668 [INFO] Argument:335 - Argument : MemIncvalue: DMA_MINC_ENABLE
2026-03-10 16:49:22,668 [INFO] Argument:325 - Argument : PeriphDataAlignmentvalue: DMA_PDATAALIGN_BYTE
2026-03-10 16:49:22,668 [INFO] Argument:335 - Argument : PeriphDataAlignmentvalue: DMA_PDATAALIGN_BYTE
2026-03-10 16:49:22,668 [INFO] Argument:325 - Argument : MemDataAlignmentvalue: DMA_MDATAALIGN_BYTE
2026-03-10 16:49:22,668 [INFO] Argument:335 - Argument : MemDataAlignmentvalue: DMA_MDATAALIGN_BYTE
2026-03-10 16:49:22,669 [INFO] Argument:325 - Argument : Modevalue: DMA_NORMAL
2026-03-10 16:49:22,669 [INFO] Argument:335 - Argument : Modevalue: DMA_NORMAL
2026-03-10 16:49:22,669 [INFO] Argument:325 - Argument : Priorityvalue: DMA_PRIORITY_HIGH
2026-03-10 16:49:22,669 [INFO] Argument:335 - Argument : Priorityvalue: DMA_PRIORITY_HIGH
2026-03-10 16:49:22,669 [INFO] Argument:325 - Argument : FIFOModevalue: DMA_FIFOMODE_DISABLE
2026-03-10 16:49:22,669 [INFO] Argument:335 - Argument : FIFOModevalue: DMA_FIFOMODE_DISABLE
2026-03-10 16:49:22,669 [INFO] Argument:325 - Argument : FIFOThresholdvalue: null
2026-03-10 16:49:22,669 [INFO] Argument:335 - Argument : FIFOThresholdvalue: null
2026-03-10 16:49:22,669 [INFO] Argument:325 - Argument : MemBurstvalue: null
2026-03-10 16:49:22,669 [INFO] Argument:335 - Argument : MemBurstvalue: null
2026-03-10 16:49:22,669 [INFO] Argument:325 - Argument : PeriphBurstvalue: null
2026-03-10 16:49:22,669 [INFO] Argument:335 - Argument : PeriphBurstvalue: null
2026-03-10 16:49:22,669 [INFO] Argument:325 - Argument : Lockvalue: null
2026-03-10 16:49:22,669 [INFO] Argument:335 - Argument : Lockvalue: null
2026-03-10 16:49:22,669 [INFO] Argument:325 - Argument : Statevalue: null
2026-03-10 16:49:22,669 [INFO] Argument:335 - Argument : Statevalue: null
2026-03-10 16:49:22,669 [INFO] Argument:325 - Argument : Parentvalue: null
2026-03-10 16:49:22,669 [INFO] Argument:335 - Argument : Parentvalue: null
2026-03-10 16:49:22,669 [INFO] Argument:325 - Argument : XferCpltCallbackvalue: null
2026-03-10 16:49:22,669 [INFO] Argument:335 - Argument : XferCpltCallbackvalue: null
2026-03-10 16:49:22,669 [INFO] Argument:325 - Argument : XferHalfCpltCallbackvalue: null
2026-03-10 16:49:22,669 [INFO] Argument:335 - Argument : XferHalfCpltCallbackvalue: null
2026-03-10 16:49:22,669 [INFO] Argument:325 - Argument : XferM1CpltCallbackvalue: null
2026-03-10 16:49:22,669 [INFO] Argument:335 - Argument : XferM1CpltCallbackvalue: null
2026-03-10 16:49:22,669 [INFO] Argument:325 - Argument : XferErrorCallbackvalue: null
2026-03-10 16:49:22,669 [INFO] Argument:335 - Argument : XferErrorCallbackvalue: null
2026-03-10 16:49:22,669 [INFO] Argument:325 - Argument : ErrorCodevalue: null
2026-03-10 16:49:22,669 [INFO] Argument:335 - Argument : ErrorCodevalue: null
2026-03-10 16:49:22,714 [WARN] IP:2250 - DEVICE_SERIAL0_CDC_FS not found: check if there is a RefParameter without a condition.
2026-03-10 16:49:22,714 [WARN] IP:2250 - DEVICE_SERIAL1_CDC_FS not found: check if there is a RefParameter without a condition.
2026-03-10 16:49:22,714 [WARN] IP:2250 - DEVICE_SERIAL2_CDC_FS not found: check if there is a RefParameter without a condition.
2026-03-10 16:49:22,781 [INFO] CodeEngine:265 - oldGeneratedFile, /home/kamil/STM32CubeIDE/workspace_1.19.0/PCB_STM/MXTmpFiles/license.tmp_save
2026-03-10 16:49:22,824 [INFO] CodeEngine:289 - Generated code: /home/kamil/STM32CubeIDE/workspace_1.19.0/PCB_STM/MXTmpFiles/license.tmp
2026-03-10 16:49:22,833 [INFO] CodeEngine:265 - oldGeneratedFile, /home/kamil/STM32CubeIDE/workspace_1.19.0/PCB_STM/MXTmpFiles/gpio.tmp_save
2026-03-10 16:49:22,874 [INFO] CodeEngine:289 - Generated code: /home/kamil/STM32CubeIDE/workspace_1.19.0/PCB_STM/MXTmpFiles/gpio.tmp
2026-03-10 16:49:22,892 [WARN] IPConfigManager:3238 - Warning: the RefConfig PWREx_EnableUSBVoltageDetector is not available in your config.xml file
2026-03-10 16:49:22,895 [INFO] CodeEngine:265 - oldGeneratedFile, /home/kamil/STM32CubeIDE/workspace_1.19.0/PCB_STM/MXTmpFiles/usb_otg_fs_vars.tmp_save
2026-03-10 16:49:22,945 [INFO] CodeEngine:289 - Generated code: /home/kamil/STM32CubeIDE/workspace_1.19.0/PCB_STM/MXTmpFiles/usb_otg_fs_vars.tmp
2026-03-10 16:49:22,946 [INFO] CodeEngine:265 - oldGeneratedFile, /home/kamil/STM32CubeIDE/workspace_1.19.0/PCB_STM/MXTmpFiles/usb_otg_fs_inc.tmp_save
2026-03-10 16:49:22,990 [INFO] CodeEngine:289 - Generated code: /home/kamil/STM32CubeIDE/workspace_1.19.0/PCB_STM/MXTmpFiles/usb_otg_fs_inc.tmp
2026-03-10 16:49:22,991 [INFO] CodeEngine:265 - oldGeneratedFile, /home/kamil/STM32CubeIDE/workspace_1.19.0/PCB_STM/MXTmpFiles/usb_otg_fs_HalInit.tmp_save
2026-03-10 16:49:23,044 [INFO] CodeEngine:289 - Generated code: /home/kamil/STM32CubeIDE/workspace_1.19.0/PCB_STM/MXTmpFiles/usb_otg_fs_HalInit.tmp
2026-03-10 16:49:23,046 [INFO] CodeEngine:265 - oldGeneratedFile, /home/kamil/STM32CubeIDE/workspace_1.19.0/PCB_STM/MXTmpFiles/usb_otg_fs_Msp.tmp_save
2026-03-10 16:49:23,108 [INFO] CodeEngine:289 - Generated code: /home/kamil/STM32CubeIDE/workspace_1.19.0/PCB_STM/MXTmpFiles/usb_otg_fs_Msp.tmp
2026-03-10 16:49:23,253 [INFO] Middleware:1452 - No code input for Bsp Dependency
2026-03-10 16:49:23,259 [INFO] CodeEngine:265 - oldGeneratedFile, /home/kamil/STM32CubeIDE/workspace_1.19.0/PCB_STM/MXTmpFiles/dma.tmp_save
2026-03-10 16:49:23,309 [INFO] CodeEngine:289 - Generated code: /home/kamil/STM32CubeIDE/workspace_1.19.0/PCB_STM/MXTmpFiles/dma.tmp
2026-03-10 16:49:23,310 [INFO] CodeEngine:265 - oldGeneratedFile, /home/kamil/STM32CubeIDE/workspace_1.19.0/PCB_STM/MXTmpFiles/dma_GV.tmp_save
2026-03-10 16:49:23,355 [INFO] CodeEngine:289 - Generated code: /home/kamil/STM32CubeIDE/workspace_1.19.0/PCB_STM/MXTmpFiles/dma_GV.tmp
2026-03-10 16:49:23,377 [INFO] Middleware:1452 - No code input for Bsp Dependency
2026-03-10 16:49:23,381 [INFO] CodeEngine:265 - oldGeneratedFile, /home/kamil/STM32CubeIDE/workspace_1.19.0/PCB_STM/USB_DEVICE/App/usb_device.c_save
2026-03-10 16:49:23,433 [INFO] CodeEngine:289 - Generated code: /home/kamil/STM32CubeIDE/workspace_1.19.0/PCB_STM/USB_DEVICE/App/usb_device.c
2026-03-10 16:49:23,435 [INFO] CodeEngine:265 - oldGeneratedFile, /home/kamil/STM32CubeIDE/workspace_1.19.0/PCB_STM/USB_DEVICE/App/usb_device.h_save
2026-03-10 16:49:23,480 [INFO] CodeEngine:289 - Generated code: /home/kamil/STM32CubeIDE/workspace_1.19.0/PCB_STM/USB_DEVICE/App/usb_device.h
2026-03-10 16:49:23,481 [INFO] CodeEngine:265 - oldGeneratedFile, /home/kamil/STM32CubeIDE/workspace_1.19.0/PCB_STM/USB_DEVICE/Target/usbd_conf.h_save
2026-03-10 16:49:23,523 [INFO] CodeEngine:289 - Generated code: /home/kamil/STM32CubeIDE/workspace_1.19.0/PCB_STM/USB_DEVICE/Target/usbd_conf.h
2026-03-10 16:49:23,525 [INFO] CodeEngine:265 - oldGeneratedFile, /home/kamil/STM32CubeIDE/workspace_1.19.0/PCB_STM/USB_DEVICE/Target/usbd_conf.c_save
2026-03-10 16:49:23,571 [INFO] CodeEngine:289 - Generated code: /home/kamil/STM32CubeIDE/workspace_1.19.0/PCB_STM/USB_DEVICE/Target/usbd_conf.c
2026-03-10 16:49:23,572 [INFO] CodeEngine:265 - oldGeneratedFile, /home/kamil/STM32CubeIDE/workspace_1.19.0/PCB_STM/USB_DEVICE/App/usbd_desc.h_save
2026-03-10 16:49:23,610 [INFO] CodeEngine:289 - Generated code: /home/kamil/STM32CubeIDE/workspace_1.19.0/PCB_STM/USB_DEVICE/App/usbd_desc.h
2026-03-10 16:49:23,611 [INFO] CodeEngine:265 - oldGeneratedFile, /home/kamil/STM32CubeIDE/workspace_1.19.0/PCB_STM/USB_DEVICE/App/usbd_desc.c_save
2026-03-10 16:49:23,657 [INFO] CodeEngine:289 - Generated code: /home/kamil/STM32CubeIDE/workspace_1.19.0/PCB_STM/USB_DEVICE/App/usbd_desc.c
2026-03-10 16:49:23,658 [INFO] CodeEngine:265 - oldGeneratedFile, /home/kamil/STM32CubeIDE/workspace_1.19.0/PCB_STM/USB_DEVICE/App/usbd_cdc_if.h_save
2026-03-10 16:49:23,698 [INFO] CodeEngine:289 - Generated code: /home/kamil/STM32CubeIDE/workspace_1.19.0/PCB_STM/USB_DEVICE/App/usbd_cdc_if.h
2026-03-10 16:49:23,699 [INFO] CodeEngine:265 - oldGeneratedFile, /home/kamil/STM32CubeIDE/workspace_1.19.0/PCB_STM/USB_DEVICE/App/usbd_cdc_if.c_save
2026-03-10 16:49:23,743 [INFO] CodeEngine:289 - Generated code: /home/kamil/STM32CubeIDE/workspace_1.19.0/PCB_STM/USB_DEVICE/App/usbd_cdc_if.c
2026-03-10 16:49:23,749 [INFO] CodeEngine:265 - oldGeneratedFile, /home/kamil/STM32CubeIDE/workspace_1.19.0/PCB_STM/Core/Src/stm32f4xx_it.c_save
2026-03-10 16:49:23,802 [INFO] CodeEngine:289 - Generated code: /home/kamil/STM32CubeIDE/workspace_1.19.0/PCB_STM/Core/Src/stm32f4xx_it.c
2026-03-10 16:49:23,803 [INFO] CodeEngine:265 - oldGeneratedFile, /home/kamil/STM32CubeIDE/workspace_1.19.0/PCB_STM/Core/Inc/stm32f4xx_it.h_save
2026-03-10 16:49:23,842 [INFO] CodeEngine:289 - Generated code: /home/kamil/STM32CubeIDE/workspace_1.19.0/PCB_STM/Core/Inc/stm32f4xx_it.h
2026-03-10 16:49:23,849 [INFO] CodeEngine:265 - oldGeneratedFile, /home/kamil/STM32CubeIDE/workspace_1.19.0/PCB_STM/Core/Src/stm32f4xx_hal_msp.c_save
2026-03-10 16:49:23,927 [INFO] CodeEngine:289 - Generated code: /home/kamil/STM32CubeIDE/workspace_1.19.0/PCB_STM/Core/Src/stm32f4xx_hal_msp.c
2026-03-10 16:49:23,929 [INFO] CodeEngine:265 - oldGeneratedFile, /home/kamil/STM32CubeIDE/workspace_1.19.0/PCB_STM/MXTmpFiles/system.tmp_save
2026-03-10 16:49:23,970 [INFO] CodeEngine:289 - Generated code: /home/kamil/STM32CubeIDE/workspace_1.19.0/PCB_STM/MXTmpFiles/system.tmp
2026-03-10 16:49:23,971 [INFO] CodeEngine:265 - oldGeneratedFile, /home/kamil/STM32CubeIDE/workspace_1.19.0/PCB_STM/Core/Inc/stm32_assert.h_save
2026-03-10 16:49:24,013 [INFO] CodeEngine:289 - Generated code: /home/kamil/STM32CubeIDE/workspace_1.19.0/PCB_STM/Core/Inc/stm32_assert.h
2026-03-10 16:49:24,016 [INFO] CodeEngine:321 - oldGeneratedFile, /home/kamil/STM32CubeIDE/workspace_1.19.0/PCB_STM/Core/Inc/stm32f4xx_hal_conf.h_save
2026-03-10 16:49:24,058 [INFO] CodeEngine:345 - Generated code: /home/kamil/STM32CubeIDE/workspace_1.19.0/PCB_STM/Core/Inc/stm32f4xx_hal_conf.h
2026-03-10 16:49:24,071 [WARN] IPConfigManager:3238 - Warning: the RefConfig PLL2P_FOR_MCO is not available in your config.xml file
2026-03-10 16:49:24,074 [WARN] IPConfigManager:3811 - IP not found : TIM
2026-03-10 16:49:24,074 [WARN] CodeGenerator:4259 - IP not found : null
2026-03-10 16:49:24,076 [INFO] CodeEngine:265 - oldGeneratedFile, /home/kamil/STM32CubeIDE/workspace_1.19.0/PCB_STM/Core/Inc/main.h_save
2026-03-10 16:49:24,119 [INFO] CodeEngine:289 - Generated code: /home/kamil/STM32CubeIDE/workspace_1.19.0/PCB_STM/Core/Inc/main.h
2026-03-10 16:49:24,120 [INFO] CodeEngine:265 - oldGeneratedFile, /home/kamil/STM32CubeIDE/workspace_1.19.0/PCB_STM/Core/Src/main.c_save
2026-03-10 16:49:24,197 [INFO] CodeEngine:289 - Generated code: /home/kamil/STM32CubeIDE/workspace_1.19.0/PCB_STM/Core/Src/main.c
2026-03-10 16:49:24,398 [INFO] ProjectBuilder:3606 - Time for Copy HAL[1] : 40mS.
2026-03-10 16:49:24,402 [INFO] ProjectBuilder:5216 - Project Generator version: 4.7.0-B52
2026-03-10 16:49:24,467 [INFO] ConfigFileManager:1595 - The Die is : DIE421
2026-03-10 16:49:24,988 [INFO] ProjectBuilder:5496 - Time for Generating toolchain IDE Files: 586mS.
2026-03-10 16:49:24,988 [INFO] ProjectBuilder:3463 - Time for Copy CMSIS : 0mS.
2026-03-10 16:49:24,989 [INFO] ProjectBuilder:3463 - Time for Copy CMSIS : 0mS.
2026-03-10 17:11:24,840 [INFO] Activator:176 - 


2026-03-10 17:11:24,842 [INFO] Activator:177 - !SESSION log4j initialized
2026-03-10 17:11:26,564 [INFO] LogOutputStream:77 - [STDOUT_REDIRECT] 
2026-03-10 17:11:27,424 [INFO] ApplicationProperties:184 - Using Application install path: /opt/st/stm32cubeide_1.19.0/plugins/com.st.stm32cube.common.mx_6.15.0.202507011659
2026-03-10 17:11:27,434 [INFO] DbMcusXml:78 - Set database path to: /opt/st/stm32cubeide_1.19.0/plugins/com.st.stm32cube.common.mx_6.15.0.202507011659//db//mcu/
2026-03-10 17:11:27,434 [INFO] ApiDb:274 - Set plugin database path to: /opt/st/stm32cubeide_1.19.0/plugins/com.st.stm32cube.common.mx_6.15.0.202507011659//db//plugins/boardmanager/
2026-03-10 17:11:27,434 [WARN] ApiDb:259 - Overriding images path with different value:  => /opt/st/stm32cubeide_1.19.0/plugins/com.st.stm32cube.common.mx_6.15.0.202507011659//db//plugins/mcufinder/images/
2026-03-10 17:11:27,438 [INFO] ApiDb:250 - Set database path to: /home/kamil/.stmcufinder/plugins/mcufinder//mcu/
2026-03-10 17:11:27,439 [INFO] DbMcusAds:125 - Set database path to: /home/kamil/.stmcufinder/plugins/mcufinder//mcu/
2026-03-10 17:11:27,441 [INFO] CrossReferenceDbSqlite:203 - Set database path to: /home/kamil/.stmcufinder/plugins/mcufinder//mcu/cs/
2026-03-10 17:11:27,519 [INFO] RulesReader:64 - Compatibility file has been processed (317 Rules)
2026-03-10 17:11:27,568 [INFO] DbMcusXml:78 - Set database path to: /opt/st/stm32cubeide_1.19.0/plugins/com.st.stm32cube.common.mx_6.15.0.202507011659//db//mcu/
2026-03-10 17:11:27,569 [INFO] ApiDb:274 - Set plugin database path to: /opt/st/stm32cubeide_1.19.0/plugins/com.st.stm32cube.common.mx_6.15.0.202507011659//db//plugins/boardmanager/
2026-03-10 17:11:27,569 [INFO] ApiDb:261 - Set plugin images path to: /opt/st/stm32cubeide_1.19.0/plugins/com.st.stm32cube.common.mx_6.15.0.202507011659//db//plugins/mcufinder/images/
2026-03-10 17:11:27,569 [WARN] DbFile:41 - Overriding database path with different value: /home/kamil/.stmcufinder/plugins/mcufinder/ => /home/kamil/.stmcufinder/plugins/mcufinder
2026-03-10 17:11:27,569 [INFO] ApiDb:250 - Set database path to: /home/kamil/.stmcufinder/plugins/mcufinder//mcu/
2026-03-10 17:11:27,569 [WARN] DbFile:41 - Overriding database path with different value: /home/kamil/.stmcufinder/plugins/mcufinder/ => /home/kamil/.stmcufinder/plugins/mcufinder
2026-03-10 17:11:27,569 [INFO] DbMcusAds:125 - Set database path to: /home/kamil/.stmcufinder/plugins/mcufinder//mcu/
2026-03-10 17:11:27,569 [WARN] DbFile:41 - Overriding database path with different value: /home/kamil/.stmcufinder/plugins/mcufinder/ => /home/kamil/.stmcufinder/plugins/mcufinder
2026-03-10 17:11:27,569 [WARN] DbFile:41 - Overriding database path with different value: /home/kamil/.stmcufinder/plugins/mcufinder/ => /home/kamil/.stmcufinder/plugins/mcufinder
2026-03-10 17:11:27,569 [INFO] CrossReferenceDbSqlite:203 - Set database path to: /home/kamil/.stmcufinder/plugins/mcufinder//mcu/cs/
2026-03-10 17:11:27,626 [INFO] MainPanel:274 - HeapMemory: 268435456
2026-03-10 17:11:27,761 [INFO] DbMcusXml:78 - Set database path to: /opt/st/stm32cubeide_1.19.0/plugins/com.st.stm32cube.common.mx_6.15.0.202507011659//db//mcu/
2026-03-10 17:11:27,761 [INFO] ApiDb:274 - Set plugin database path to: /opt/st/stm32cubeide_1.19.0/plugins/com.st.stm32cube.common.mx_6.15.0.202507011659//db//plugins/boardmanager/
2026-03-10 17:11:27,761 [INFO] ApiDb:261 - Set plugin images path to: /opt/st/stm32cubeide_1.19.0/plugins/com.st.stm32cube.common.mx_6.15.0.202507011659//db//plugins/mcufinder/images/
2026-03-10 17:11:27,761 [WARN] DbFile:41 - Overriding database path with different value: /home/kamil/.stmcufinder/plugins/mcufinder/ => /home/kamil/.stmcufinder/plugins/mcufinder
2026-03-10 17:11:27,761 [INFO] ApiDb:250 - Set database path to: /home/kamil/.stmcufinder/plugins/mcufinder//mcu/
2026-03-10 17:11:27,761 [WARN] DbFile:41 - Overriding database path with different value: /home/kamil/.stmcufinder/plugins/mcufinder/ => /home/kamil/.stmcufinder/plugins/mcufinder
2026-03-10 17:11:27,762 [INFO] DbMcusAds:125 - Set database path to: /home/kamil/.stmcufinder/plugins/mcufinder//mcu/
2026-03-10 17:11:27,762 [WARN] DbFile:41 - Overriding database path with different value: /home/kamil/.stmcufinder/plugins/mcufinder/ => /home/kamil/.stmcufinder/plugins/mcufinder
2026-03-10 17:11:27,762 [WARN] DbFile:41 - Overriding database path with different value: /home/kamil/.stmcufinder/plugins/mcufinder/ => /home/kamil/.stmcufinder/plugins/mcufinder
2026-03-10 17:11:27,762 [INFO] CrossReferenceDbSqlite:203 - Set database path to: /home/kamil/.stmcufinder/plugins/mcufinder//mcu/cs/
2026-03-10 17:11:27,777 [INFO] ApplicationProperties:184 - Using Application install path: /opt/st/stm32cubeide_1.19.0/plugins/com.st.stm32cube.common.mx_6.15.0.202507011659
2026-03-10 17:11:27,779 [INFO] PluginManage:196 - Search for loadable plugins [exclusion list=, ]
2026-03-10 17:11:27,782 [INFO] PluginManage:310 - Check plugin analytics
2026-03-10 17:11:27,914 [INFO] AnalyticsPlugin:253 - Accepted Software Licenses: 
2026-03-10 17:11:27,914 [INFO] AnalyticsPlugin:255 - Accepted CMSIS Pack Licenses: 
2026-03-10 17:11:27,914 [INFO] AnalyticsPlugin:257 - Accepted Firmware Licenses: FW.F4.1.28.0
2026-03-10 17:11:27,915 [INFO] PluginManage:359 - Loaded plugin analytics (category:tool,tabindex:-1)
2026-03-10 17:11:27,915 [INFO] PluginManage:310 - Check plugin cadmodel
2026-03-10 17:11:27,919 [INFO] CADModel:105 - Init CAD model plugin
2026-03-10 17:11:27,919 [INFO] PluginManage:359 - Loaded plugin cadmodel (category:power,tabindex:5)
2026-03-10 17:11:27,919 [INFO] PluginManage:310 - Check plugin clock
2026-03-10 17:11:27,927 [INFO] PluginManage:359 - Loaded plugin clock (category:base,tabindex:2)
2026-03-10 17:11:27,927 [INFO] PluginManage:310 - Check plugin ddr
2026-03-10 17:11:27,929 [INFO] PluginManage:359 - Loaded plugin ddr (category:tool,tabindex:6)
2026-03-10 17:11:27,929 [INFO] PluginManage:310 - Check plugin filemanager
2026-03-10 17:11:28,023 [INFO] PluginManage:359 - Loaded plugin filemanager (category:base,tabindex:10)
2026-03-10 17:11:28,023 [INFO] PluginManage:310 - Check plugin ipmanager
2026-03-10 17:11:28,027 [INFO] PluginManage:359 - Loaded plugin ipmanager (category:base,tabindex:5)
2026-03-10 17:11:28,027 [INFO] PluginManage:310 - Check plugin lpbam
2026-03-10 17:11:28,033 [INFO] PluginManage:359 - Loaded plugin lpbam (category:base,tabindex:0)
2026-03-10 17:11:28,033 [INFO] PluginManage:310 - Check plugin memorymap
2026-03-10 17:11:28,040 [INFO] PluginManage:359 - Loaded plugin memorymap (category:base,tabindex:4)
2026-03-10 17:11:28,040 [INFO] PluginManage:310 - Check plugin pinoutandconfiguration
2026-03-10 17:11:28,046 [INFO] PluginManage:359 - Loaded plugin pinoutandconfiguration (category:base,tabindex:1)
2026-03-10 17:11:28,046 [INFO] PluginManage:310 - Check plugin pinoutconfig
2026-03-10 17:11:28,107 [WARN] SupportedApi:132 - Cannot load RTOS API schema: s4s-elt-must-match.1: The content of 'definitions' must match (annotation?, (simpleType | complexType)?, (unique | key | keyref)*)). A problem was found starting at: attribute.
2026-03-10 17:11:28,192 [INFO] PluginManage:359 - Loaded plugin pinoutconfig (category:base,tabindex:0)
2026-03-10 17:11:28,193 [INFO] PluginManage:310 - Check plugin power
2026-03-10 17:11:28,199 [INFO] PluginManage:359 - Loaded plugin power (category:power,tabindex:4)
2026-03-10 17:11:28,200 [INFO] PluginManage:310 - Check plugin projectmanager
2026-03-10 17:11:28,211 [INFO] PluginManage:359 - Loaded plugin projectmanager (category:projectmanager,tabindex:4)
2026-03-10 17:11:28,211 [INFO] PluginManage:310 - Check plugin rif
2026-03-10 17:11:28,218 [INFO] PluginManage:359 - Loaded plugin rif (category:base,tabindex:3)
2026-03-10 17:11:28,218 [INFO] PluginManage:310 - Check plugin thirdparty
2026-03-10 17:11:28,313 [INFO] PluginManage:359 - Loaded plugin thirdparty (category:base,tabindex:-1)
2026-03-10 17:11:28,314 [INFO] PluginManage:310 - Check plugin tools
2026-03-10 17:11:28,313 [WARN] IntegrityCheckThread:84 - waiting for thirdparty lock release [integrity check]
2026-03-10 17:11:28,314 [INFO] IntegrityCheckThread:86 - entering critical section [integrity check]
2026-03-10 17:11:28,314 [INFO] ThirdPartyUpdaterWithRetryManager:70 - Updater plugin not ready yet. [1/15]
2026-03-10 17:11:28,316 [INFO] PluginManage:359 - Loaded plugin tools (category:base,tabindex:7)
2026-03-10 17:11:28,316 [INFO] PluginManage:310 - Check plugin tutovideos
2026-03-10 17:11:28,440 [INFO] PluginManage:359 - Loaded plugin tutovideos (category:base,tabindex:-1)
2026-03-10 17:11:28,440 [INFO] PluginManage:310 - Check plugin updater
2026-03-10 17:11:28,460 [INFO] PluginManage:359 - Loaded plugin updater (category:base,tabindex:12)
2026-03-10 17:11:28,461 [INFO] PluginManage:310 - Check plugin userauth
2026-03-10 17:11:28,463 [INFO] UserAuth:118 - Init User Auth plugin
2026-03-10 17:11:28,464 [INFO] PluginManage:359 - Loaded plugin userauth (category:base,tabindex:14)
2026-03-10 17:11:28,464 [INFO] PluginManage:283 - PluginManage : Loaded plugins [18]
2026-03-10 17:11:28,577 [INFO] PinOutPanel:1589 - setPackage(No Configuration,No Configuration)
2026-03-10 17:11:28,620 [INFO] CADModel:165 - CPN selected for project level
2026-03-10 17:11:28,620 [INFO] CADModel:114 - Register for checkConnection events
2026-03-10 17:11:28,627 [INFO] IPUIPlugin:80 - create IPUIPlugin
2026-03-10 17:11:28,627 [INFO] PluginManager:220 - loadIPPluginJar : add tracer_emb
2026-03-10 17:11:28,628 [INFO] IPUIPlugin:80 - create IPUIPlugin
2026-03-10 17:11:28,628 [INFO] PluginManager:220 - loadIPPluginJar : add radio
2026-03-10 17:11:28,632 [INFO] IPUIPlugin:80 - create IPUIPlugin
2026-03-10 17:11:28,632 [INFO] PluginManager:220 - loadIPPluginJar : add ddr_ctrl_phy
2026-03-10 17:11:28,636 [INFO] IPUIPlugin:80 - create IPUIPlugin
2026-03-10 17:11:28,636 [INFO] PluginManager:220 - loadIPPluginJar : add mdma
2026-03-10 17:11:28,638 [INFO] IPUIPlugin:80 - create IPUIPlugin
2026-03-10 17:11:28,638 [INFO] PluginManager:220 - loadIPPluginJar : add touchsensing
2026-03-10 17:11:28,639 [INFO] IPUIPlugin:80 - create IPUIPlugin
2026-03-10 17:11:28,639 [INFO] PluginManager:220 - loadIPPluginJar : add ucpd
2026-03-10 17:11:28,644 [INFO] IPUIPlugin:80 - create IPUIPlugin
2026-03-10 17:11:28,645 [INFO] PluginManager:220 - loadIPPluginJar : add plateformsettings
2026-03-10 17:11:28,648 [INFO] IPUIPlugin:80 - create IPUIPlugin
2026-03-10 17:11:28,648 [INFO] PluginManager:220 - loadIPPluginJar : add ipddr
2026-03-10 17:11:28,651 [INFO] IPUIPlugin:80 - create IPUIPlugin
2026-03-10 17:11:28,651 [INFO] PluginManager:220 - loadIPPluginJar : add resmgrutility
2026-03-10 17:11:28,652 [INFO] IPUIPlugin:80 - create IPUIPlugin
2026-03-10 17:11:28,652 [INFO] PluginManager:220 - loadIPPluginJar : add ts
2026-03-10 17:11:28,653 [INFO] IPUIPlugin:80 - create IPUIPlugin
2026-03-10 17:11:28,653 [INFO] PluginManager:220 - loadIPPluginJar : add dma3
2026-03-10 17:11:28,655 [INFO] IPUIPlugin:80 - create IPUIPlugin
2026-03-10 17:11:28,655 [INFO] PluginManager:220 - loadIPPluginJar : add openamp
2026-03-10 17:11:28,657 [INFO] IPUIPlugin:80 - create IPUIPlugin
2026-03-10 17:11:28,657 [INFO] PluginManager:220 - loadIPPluginJar : add opamp
2026-03-10 17:11:28,658 [INFO] IPUIPlugin:80 - create IPUIPlugin
2026-03-10 17:11:28,658 [INFO] PluginManager:220 - loadIPPluginJar : add pdm2pcm
2026-03-10 17:11:28,659 [INFO] IPUIPlugin:80 - create IPUIPlugin
2026-03-10 17:11:28,659 [INFO] PluginManager:220 - loadIPPluginJar : add gfxmmu
2026-03-10 17:11:28,660 [INFO] IPUIPlugin:80 - create IPUIPlugin
2026-03-10 17:11:28,660 [INFO] PluginManager:220 - loadIPPluginJar : add aes
2026-03-10 17:11:28,662 [INFO] IPUIPlugin:80 - create IPUIPlugin
2026-03-10 17:11:28,662 [INFO] PluginManager:220 - loadIPPluginJar : add gtzc
2026-03-10 17:11:28,663 [INFO] IPUIPlugin:80 - create IPUIPlugin
2026-03-10 17:11:28,663 [INFO] PluginManager:220 - loadIPPluginJar : add sai
2026-03-10 17:11:28,664 [INFO] IPUIPlugin:80 - create IPUIPlugin
2026-03-10 17:11:28,664 [INFO] PluginManager:220 - loadIPPluginJar : add tsc
2026-03-10 17:11:28,666 [INFO] IPUIPlugin:80 - create IPUIPlugin
2026-03-10 17:11:28,666 [INFO] PluginManager:220 - loadIPPluginJar : add usbx
2026-03-10 17:11:28,667 [INFO] IPUIPlugin:80 - create IPUIPlugin
2026-03-10 17:11:28,667 [INFO] PluginManager:220 - loadIPPluginJar : add can
2026-03-10 17:11:28,668 [INFO] IPUIPlugin:80 - create IPUIPlugin
2026-03-10 17:11:28,668 [INFO] PluginManager:220 - loadIPPluginJar : add i2c
2026-03-10 17:11:28,669 [INFO] IPUIPlugin:80 - create IPUIPlugin
2026-03-10 17:11:28,669 [INFO] PluginManager:220 - loadIPPluginJar : add lorawan
2026-03-10 17:11:28,670 [INFO] IPUIPlugin:80 - create IPUIPlugin
2026-03-10 17:11:28,670 [INFO] PluginManager:220 - loadIPPluginJar : add spi
2026-03-10 17:11:28,674 [INFO] IPUIPlugin:80 - create IPUIPlugin
2026-03-10 17:11:28,674 [INFO] PluginManager:220 - loadIPPluginJar : add linkedlist
2026-03-10 17:11:28,676 [INFO] IPUIPlugin:80 - create IPUIPlugin
2026-03-10 17:11:28,676 [INFO] PluginManager:220 - loadIPPluginJar : add fmc
2026-03-10 17:11:28,678 [INFO] IPUIPlugin:80 - create IPUIPlugin
2026-03-10 17:11:28,678 [INFO] PluginManager:220 - loadIPPluginJar : add i3c
2026-03-10 17:11:28,678 [INFO] IPUIPlugin:80 - create IPUIPlugin
2026-03-10 17:11:28,678 [INFO] PluginManager:220 - loadIPPluginJar : add ltdc
2026-03-10 17:11:28,681 [INFO] IPUIPlugin:80 - create IPUIPlugin
2026-03-10 17:11:28,681 [INFO] PluginManager:220 - loadIPPluginJar : add dma
2026-03-10 17:11:28,685 [INFO] IPUIPlugin:80 - create IPUIPlugin
2026-03-10 17:11:28,685 [INFO] PluginManager:220 - loadIPPluginJar : add freertos
2026-03-10 17:11:28,686 [INFO] IPUIPlugin:80 - create IPUIPlugin
2026-03-10 17:11:28,686 [INFO] PluginManager:220 - loadIPPluginJar : add hash
2026-03-10 17:11:28,689 [INFO] IPUIPlugin:80 - create IPUIPlugin
2026-03-10 17:11:28,689 [INFO] PluginManager:220 - loadIPPluginJar : add adc
2026-03-10 17:11:28,691 [INFO] IPUIPlugin:80 - create IPUIPlugin
2026-03-10 17:11:28,691 [INFO] PluginManager:220 - loadIPPluginJar : add usart
2026-03-10 17:11:28,694 [INFO] IPUIPlugin:80 - create IPUIPlugin
2026-03-10 17:11:28,695 [INFO] PluginManager:220 - loadIPPluginJar : add stm32_wpan
2026-03-10 17:11:28,695 [INFO] IPUIPlugin:80 - create IPUIPlugin
2026-03-10 17:11:28,695 [INFO] PluginManager:220 - loadIPPluginJar : add genericplugin
2026-03-10 17:11:28,698 [INFO] IPUIPlugin:80 - create IPUIPlugin
2026-03-10 17:11:28,698 [INFO] PluginManager:220 - loadIPPluginJar : add gpio
2026-03-10 17:11:28,701 [INFO] IPUIPlugin:80 - create IPUIPlugin
2026-03-10 17:11:28,701 [INFO] PluginManager:220 - loadIPPluginJar : add nvic
2026-03-10 17:11:28,702 [INFO] IPUIPlugin:80 - create IPUIPlugin
2026-03-10 17:11:28,702 [INFO] PluginManager:220 - loadIPPluginJar : add dfsdm
2026-03-10 17:11:28,703 [INFO] IPUIPlugin:80 - create IPUIPlugin
2026-03-10 17:11:28,703 [INFO] PluginManager:220 - loadIPPluginJar : add fatfs
2026-03-10 17:11:28,704 [INFO] IPUIPlugin:80 - create IPUIPlugin
2026-03-10 17:11:28,704 [INFO] PluginManager:220 - loadIPPluginJar : add comp
2026-03-10 17:11:28,705 [INFO] IPUIPlugin:80 - create IPUIPlugin
2026-03-10 17:11:28,706 [INFO] PluginManager:220 - loadIPPluginJar : add i2s
2026-03-10 17:11:28,707 [INFO] IPUIPlugin:80 - create IPUIPlugin
2026-03-10 17:11:28,707 [INFO] PluginManager:220 - loadIPPluginJar : add cryp
2026-03-10 17:11:28,708 [INFO] IPUIPlugin:80 - create IPUIPlugin
2026-03-10 17:11:28,708 [INFO] PluginManager:220 - loadIPPluginJar : add quadspi
2026-03-10 17:11:28,711 [INFO] IPUIPlugin:80 - create IPUIPlugin
2026-03-10 17:11:28,711 [INFO] PluginManager:220 - loadIPPluginJar : add gic
2026-03-10 17:11:28,712 [INFO] IPUIPlugin:80 - create IPUIPlugin
2026-03-10 17:11:28,712 [INFO] PluginManager:220 - loadIPPluginJar : add tim
2026-03-10 17:11:28,714 [INFO] IPUIPlugin:80 - create IPUIPlugin
2026-03-10 17:11:28,714 [INFO] PluginManager:220 - loadIPPluginJar : add extmemmanager
2026-03-10 17:11:28,808 [FATAL] Updater:351 - Updater called before beeing initialized
2026-03-10 17:11:28,828 [INFO] RulesReader:64 - Compatibility file has been processed (317 Rules)
2026-03-10 17:11:28,836 [INFO] RulesReader:64 - Compatibility file has been processed (317 Rules)
2026-03-10 17:11:28,841 [INFO] CADModel:165 - CPN selected for project level
2026-03-10 17:11:28,842 [INFO] CADModel:114 - Register for checkConnection events
2026-03-10 17:11:28,842 [FATAL] Updater:351 - Updater called before beeing initialized
2026-03-10 17:11:28,842 [ERROR] CADModel:125 - Updater not yet initialized, retry later 
2026-03-10 17:11:28,915 [FATAL] Updater:351 - Updater called before beeing initialized
2026-03-10 17:11:28,916 [INFO] CADModel:165 - CPN selected for project level
2026-03-10 17:11:28,916 [INFO] CADModel:114 - Register for checkConnection events
2026-03-10 17:11:28,916 [FATAL] Updater:351 - Updater called before beeing initialized
2026-03-10 17:11:28,916 [ERROR] CADModel:125 - Updater not yet initialized, retry later 
2026-03-10 17:11:28,918 [FATAL] Updater:351 - Updater called before beeing initialized
2026-03-10 17:11:28,961 [FATAL] Updater:351 - Updater called before beeing initialized
2026-03-10 17:11:28,963 [INFO] DbMcusAds:53 - JSON generation date=Wed Feb 18 15:32:49 CET 2026 (1771425169371)
2026-03-10 17:11:28,963 [FATAL] Updater:351 - Updater called before beeing initialized
2026-03-10 17:11:28,982 [WARN] DetailPanel:346 - Failed to get advertising image, set to default
2026-03-10 17:11:29,028 [FATAL] Updater:351 - Updater called before beeing initialized
2026-03-10 17:11:29,029 [FATAL] Updater:351 - Updater called before beeing initialized
2026-03-10 17:11:29,029 [FATAL] Updater:351 - Updater called before beeing initialized
2026-03-10 17:11:29,029 [WARN] DetailPanel:346 - Failed to get advertising image, set to default
2026-03-10 17:11:29,030 [FATAL] Updater:351 - Updater called before beeing initialized
2026-03-10 17:11:29,047 [ERROR] Updater:1198 - MainUpdater not yet initialized. External WinMGr cannot be set.
2026-03-10 17:11:29,048 [INFO] Updater:1134 - Updater Version found : 6.15.0
2026-03-10 17:11:29,058 [INFO] ApplicationProperties:184 - Using Application install path: /opt/st/stm32cubeide_1.19.0/plugins/com.st.stm32cube.common.mx_6.15.0.202507011659
2026-03-10 17:11:29,270 [INFO] MainUpdater:2872 - connection check result : 10
2026-03-10 17:11:29,271 [INFO] MainUpdater:289 - Updater Check For Update Now.
2026-03-10 17:11:29,271 [INFO] MicroXplorer:498 - Change Database Version : DB.6.0.150
2026-03-10 17:11:29,275 [INFO] McuFinderGlobals:63 - Set McuFinder mode to 2 (CubeIDE integrated)
2026-03-10 17:11:29,276 [INFO] UserAuth:487 - Internet connection configuration mode: 1
2026-03-10 17:11:29,288 [INFO] JxBrowserEngine:152 - Initiate JxBrowser Engine with user profile folder
2026-03-10 17:11:29,427 [INFO] CheckServerUpdateThread:120 - End of CheckServer Thread
2026-03-10 17:11:29,813 [INFO] WebApp:169 - Instantiating new browser for Auth
2026-03-10 17:11:30,227 [INFO] WebApp:463 - Apply proxy settings
2026-03-10 17:11:30,227 [INFO] WebApp:548 - Chromium requires no authentication
2026-03-10 17:11:30,232 [INFO] WebApp:491 - Direct internet connection detected
2026-03-10 17:11:30,244 [INFO] WebApp:900 - Register for checkConnection events
2026-03-10 17:11:30,244 [INFO] WebApp:463 - Apply proxy settings
2026-03-10 17:11:30,244 [INFO] WebApp:548 - Chromium requires no authentication
2026-03-10 17:11:30,244 [INFO] WebApp:491 - Direct internet connection detected
2026-03-10 17:11:30,314 [INFO] WebApp:225 - Starting web application
2026-03-10 17:11:30,314 [INFO] WebApp:593 - Web application path used /opt/st/stm32cubeide_1.19.0/plugins/com.st.stm32cube.common.mx_6.15.0.202507011659/db/plugins/mcufinder/reactClient1/index.html
2026-03-10 17:11:30,381 [INFO] UserAuth:487 - Internet connection configuration mode: 1
2026-03-10 17:11:30,621 [INFO] WebApp:191 - Connection restablished
2026-03-10 17:11:31,445 [WARN] PackLoader:240 - Cannot read IP mode file for STMicroelectronics.X-CUBE-AZRTOS-H7.3.5.0
2026-03-10 17:11:31,452 [WARN] PackLoader:240 - Cannot read IP mode file for STMicroelectronics.FP-SNS-MOTENVWB1.1.4.0
2026-03-10 17:11:31,457 [WARN] PackLoader:240 - Cannot read IP mode file for STMicroelectronics.FP-ATR-ASTRA1.2.0.2
2026-03-10 17:11:31,461 [WARN] PackLoader:240 - Cannot read IP mode file for STMicroelectronics.X-CUBE-SMBUS.2.1.0
2026-03-10 17:11:31,465 [WARN] PackLoader:240 - Cannot read IP mode file for STMicroelectronics.X-CUBE-ST60.1.0.0
2026-03-10 17:11:31,479 [WARN] PackLoader:240 - Cannot read IP mode file for STMicroelectronics.X-CUBE-AZRTOS-F7.1.1.0
2026-03-10 17:11:31,484 [WARN] PackLoader:240 - Cannot read IP mode file for Cesanta.I-CUBE-Mongoose.7.19.0
2026-03-10 17:11:31,487 [WARN] PackLoader:240 - Cannot read IP mode file for STMicroelectronics.FP-SNS-MOTENV1.5.1.0
2026-03-10 17:11:31,494 [WARN] PackLoader:240 - Cannot read IP mode file for WES.I-CUBE-Cesium.1.4.0
2026-03-10 17:11:31,509 [WARN] PackLoader:240 - Cannot read IP mode file for Infineon.AIROC-Wi-Fi-Bluetooth-STM32.1.7.1
2026-03-10 17:11:31,530 [WARN] PackLoader:240 - Cannot read IP mode file for STMicroelectronics.X-CUBE-AZRTOS-H7.3.4.0
2026-03-10 17:11:31,537 [WARN] PackLoader:240 - Cannot read IP mode file for STMicroelectronics.X-CUBE-DISPLAY.3.0.0
2026-03-10 17:11:31,541 [WARN] PackLoader:240 - Cannot read IP mode file for STMicroelectronics.FP-SNS-MOTENVWB1.1.5.0
2026-03-10 17:11:31,546 [WARN] PackLoader:240 - Cannot read IP mode file for STMicroelectronics.X-CUBE-NFC10.1.0.0
2026-03-10 17:11:31,550 [WARN] PackLoader:240 - Cannot read IP mode file for STMicroelectronics.X-CUBE-ST60.1.1.0
2026-03-10 17:11:31,554 [WARN] PackLoader:240 - Cannot read IP mode file for emotas.I-CUBE-CANOPEN.1.3.0
2026-03-10 17:11:31,557 [WARN] PackLoader:240 - Cannot read IP mode file for STMicroelectronics.X-CUBE-GNSS1.7.1.0
2026-03-10 17:11:31,561 [WARN] PackLoader:240 - Cannot read IP mode file for STMicroelectronics.FP-SNS-SMARTAG2.1.2.0
2026-03-10 17:11:31,564 [WARN] PackLoader:240 - Cannot read IP mode file for STMicroelectronics.FP-SNS-FLIGHT1.5.1.0
2026-03-10 17:11:31,569 [INFO] LogOutputStream:77 - [STDOUT_REDIRECT] 1 : Invalid condition id : UX_CORESTACK_Condition cause : null
2026-03-10 17:11:31,569 [INFO] LogOutputStream:77 - [STDOUT_REDIRECT] 1 : Invalid condition id : UX_CORESTACK_Condition cause : null
2026-03-10 17:11:31,569 [INFO] LogOutputStream:77 - [STDOUT_REDIRECT] 1 : Invalid condition id : UX_CORESTACK_Condition cause : null
2026-03-10 17:11:31,570 [INFO] LogOutputStream:77 - [STDOUT_REDIRECT] 1 : Invalid condition id : UX_CORESTACK_Condition cause : null
2026-03-10 17:11:31,570 [INFO] LogOutputStream:77 - [STDOUT_REDIRECT] 1 : Invalid condition id : UX_CORESTACK_Condition cause : null
2026-03-10 17:11:31,571 [WARN] PackLoader:240 - Cannot read IP mode file for STMicroelectronics.X-CUBE-AZRTOS-WL.2.0.0
2026-03-10 17:11:31,575 [WARN] PackLoader:240 - Cannot read IP mode file for STMicroelectronics.FP-SNS-MOTENV1.5.0.0
2026-03-10 17:11:31,585 [WARN] PackLoader:240 - Cannot read IP mode file for STMicroelectronics.X-CUBE-AZRTOS-H7RS.1.2.0
2026-03-10 17:11:31,590 [WARN] PackLoader:240 - Cannot read IP mode file for STMicroelectronics.X-CUBE-BLE2.3.3.0
2026-03-10 17:11:31,603 [WARN] PackLoader:240 - Cannot read IP mode file for STMicroelectronics.X-CUBE-NFC9.1.0.0
2026-03-10 17:11:31,606 [WARN] PackLoader:240 - Cannot read IP mode file for wolfSSL.I-CUBE-wolfSSL.5.8.2
2026-03-10 17:11:31,609 [WARN] PackLoader:240 - Cannot read IP mode file for STMicroelectronics.X-CUBE-BLE1.7.1.0
2026-03-10 17:11:31,611 [WARN] PackLoader:240 - Cannot read IP mode file for wolfSSL.I-CUBE-wolfMQTT.1.19.2
2026-03-10 17:11:31,619 [WARN] PackLoader:240 - Cannot read IP mode file for STMicroelectronics.X-CUBE-FREERTOS.1.4.0
2026-03-10 17:11:31,625 [WARN] PackLoader:240 - Cannot read IP mode file for STMicroelectronics.X-CUBE-EEPRMA1.5.2.0
2026-03-10 17:11:31,631 [WARN] PackLoader:240 - Cannot read IP mode file for STMicroelectronics.X-CUBE-ST67W61.1.1.0
2026-03-10 17:11:31,683 [WARN] PackLoader:240 - Cannot read IP mode file for STMicroelectronics.X-CUBE-MEMS1.12.0.0
2026-03-10 17:11:31,732 [WARN] PackLoader:240 - Cannot read IP mode file for STMicroelectronics.X-CUBE-AZRTOS-G0.1.1.0
2026-03-10 17:11:31,735 [WARN] PackLoader:240 - Cannot read IP mode file for STMicroelectronics.X-CUBE-SAFEA1.1.2.2
2026-03-10 17:11:31,738 [WARN] PackLoader:240 - Cannot read IP mode file for STMicroelectronics.X-CUBE-NFC4.3.0.0
2026-03-10 17:11:31,741 [WARN] PackLoader:240 - Cannot read IP mode file for EmbeddedOffice.I-CUBE-FS-RTOS.1.0.1
2026-03-10 17:11:31,744 [WARN] PackLoader:240 - Cannot read IP mode file for STMicroelectronics.X-CUBE-WB05N.2.0.0
2026-03-10 17:11:31,746 [WARN] PackLoader:240 - Cannot read IP mode file for wolfSSL.I-CUBE-wolfTPM.3.8.0
2026-03-10 17:11:31,749 [WARN] PackLoader:240 - Cannot read IP mode file for STMicroelectronics.X-CUBE-TCPP.4.2.0
2026-03-10 17:11:31,752 [WARN] PackLoader:240 - Cannot read IP mode file for RealThread.X-CUBE-RT-Thread_Nano.4.1.1
2026-03-10 17:11:31,754 [WARN] PackLoader:240 - Cannot read IP mode file for STMicroelectronics.FP-ATR-SIGFOX1.3.2.0
2026-03-10 17:11:31,757 [WARN] PackLoader:240 - Cannot read IP mode file for STMicroelectronics.X-CUBE-FREERTOS.1.5.0
2026-03-10 17:11:31,760 [WARN] PackLoader:240 - Cannot read IP mode file for ITTIA_DB.I-CUBE-ITTIADB.8.9.0
2026-03-10 17:11:31,763 [WARN] PackLoader:240 - Cannot read IP mode file for STMicroelectronics.X-CUBE-NFC6.3.2.0
2026-03-10 17:11:31,776 [WARN] PackLoader:240 - Cannot read IP mode file for SEGGER.I-CUBE-embOS.1.3.1
2026-03-10 17:11:31,794 [WARN] PackLoader:240 - Cannot read IP mode file for STMicroelectronics.X-CUBE-ALGOBUILD.1.4.0
2026-03-10 17:11:31,811 [WARN] PackLoader:240 - Cannot read IP mode file for STMicroelectronics.X-CUBE-MEMS1.11.3.0
2026-03-10 17:11:31,870 [WARN] PackLoader:240 - Cannot read IP mode file for STMicroelectronics.X-CUBE-PM33A1.1.0.0
2026-03-10 17:11:31,875 [WARN] PackLoader:240 - Cannot read IP mode file for STMicroelectronics.X-CUBE-AZRTOS-F4.1.1.0
2026-03-10 17:11:31,879 [WARN] PackLoader:240 - Cannot read IP mode file for STMicroelectronics.X-CUBE-ISPU.2.1.0
2026-03-10 17:11:31,884 [WARN] PackLoader:240 - Cannot read IP mode file for STMicroelectronics.X-CUBE-IPS.3.2.0
2026-03-10 17:11:31,889 [WARN] PackLoader:240 - Cannot read IP mode file for STMicroelectronics.X-CUBE-NFC12.1.0.0
2026-03-10 17:11:31,897 [WARN] PackLoader:240 - Cannot read IP mode file for STMicroelectronics.X-CUBE-AZRTOS-L5.2.0.0
2026-03-10 17:11:31,902 [WARN] PackLoader:240 - Cannot read IP mode file for STMicroelectronics.X-CUBE-NFC6.3.1.0
2026-03-10 17:11:31,906 [WARN] PackLoader:240 - Cannot read IP mode file for STMicroelectronics.X-CUBE-FREERTOS.1.3.1
2026-03-10 17:11:31,909 [WARN] PackLoader:240 - Cannot read IP mode file for STMicroelectronics.X-CUBE-TOUCHGFX.4.26.0
2026-03-10 17:11:31,911 [WARN] PackLoader:240 - Cannot read IP mode file for STMicroelectronics.X-CUBE-TOUCHGFX.4.26.1
2026-03-10 17:11:31,914 [WARN] PackLoader:240 - Cannot read IP mode file for STMicroelectronics.X-CUBE-DPower.1.3.0
2026-03-10 17:11:31,922 [WARN] ConditionMgr:438 - getConditionDescription Invalid condition id : LAN8742 Phy interface Condition cause : null
2026-03-10 17:11:31,923 [WARN] PackLoader:240 - Cannot read IP mode file for STMicroelectronics.X-CUBE-AZRTOS-L4.2.0.0
2026-03-10 17:11:31,923 [WARN] ConditionMgr:1044 - genDependencies : Invalid condition id : LAN8742 Phy interface Condition cause : null
2026-03-10 17:11:31,924 [WARN] ConditionMgr:1044 - genDependencies : Invalid condition id : LAN8742 Phy interface Condition cause : null
2026-03-10 17:11:31,924 [WARN] ConditionMgr:1044 - genDependencies : Invalid condition id : LAN8742 Phy interface Condition cause : null
2026-03-10 17:11:31,928 [WARN] PackLoader:240 - Cannot read IP mode file for STMicroelectronics.X-CUBE-SFXS2LP1.4.0.0
2026-03-10 17:11:31,931 [WARN] PackLoader:240 - Cannot read IP mode file for STMicroelectronics.X-CUBE-ST67W61.1.2.0
2026-03-10 17:11:31,942 [WARN] PackLoader:240 - Cannot read IP mode file for STMicroelectronics.X-CUBE-BLEMGR.4.1.0
2026-03-10 17:11:31,952 [WARN] ConditionMgr:438 - getConditionDescription Invalid condition id : UX DEVICE CLASS RTOS Condition cause : null
2026-03-10 17:11:31,953 [WARN] ConditionMgr:438 - getConditionDescription Invalid condition id : UX DEVICE CLASS RTOS Condition cause : null
2026-03-10 17:11:31,954 [WARN] PackLoader:240 - Cannot read IP mode file for STMicroelectronics.X-CUBE-AZRTOS-WB.2.0.0
2026-03-10 17:11:31,954 [WARN] ConditionMgr:1044 - genDependencies : Invalid condition id : UX DEVICE CLASS RTOS Condition cause : null
2026-03-10 17:11:31,955 [WARN] ConditionMgr:1044 - genDependencies : Invalid condition id : UX DEVICE CLASS RTOS Condition cause : null
2026-03-10 17:11:31,955 [WARN] ConditionMgr:1044 - genDependencies : Invalid condition id : UX DEVICE CLASS RTOS Condition cause : null
2026-03-10 17:11:31,955 [WARN] ConditionMgr:1044 - genDependencies : Invalid condition id : UX DEVICE CLASS RTOS Condition cause : null
2026-03-10 17:11:31,955 [WARN] ConditionMgr:1044 - genDependencies : Invalid condition id : UX DEVICE CLASS RTOS Condition cause : null
2026-03-10 17:11:31,958 [WARN] PackLoader:240 - Cannot read IP mode file for STMicroelectronics.X-CUBE-GNSS1.7.0.1
2026-03-10 17:11:31,961 [WARN] ConditionMgr:438 - getConditionDescription Invalid condition id : Cortex-A Device cause : null
2026-03-10 17:11:31,965 [WARN] ConditionMgr:1044 - genDependencies : Invalid condition id : Cortex-A Device cause : null
2026-03-10 17:11:31,966 [WARN] ConditionMgr:1044 - genDependencies : Invalid condition id : Cortex-A Device cause : null
2026-03-10 17:11:31,966 [WARN] ConditionMgr:1044 - genDependencies : Invalid condition id : Cortex-A Device cause : null
2026-03-10 17:11:31,970 [WARN] PackLoader:240 - Cannot read IP mode file for STMicroelectronics.X-CUBE-STSE01.2.0.0
2026-03-10 17:11:31,982 [WARN] PackLoader:240 - Cannot read IP mode file for STMicroelectronics.X-CUBE-SUBG2.5.0.0
2026-03-10 17:11:31,997 [WARN] PackLoader:240 - Cannot read IP mode file for STMicroelectronics.X-CUBE-AZRTOS-H7RS.1.1.0
2026-03-10 17:11:32,007 [WARN] PackLoader:240 - Cannot read IP mode file for STMicroelectronics.X-CUBE-AZRTOS-G4.2.0.0
2026-03-10 17:11:32,010 [WARN] PackLoader:240 - Cannot read IP mode file for wolfSSL.I-CUBE-wolfSSH.1.4.20
2026-03-10 17:11:32,011 [WARN] PackLoader:240 - Cannot read IP mode file for STMicroelectronics.X-CUBE-NFC7.2.0.0
2026-03-10 17:11:32,014 [WARN] PackLoader:240 - Cannot read IP mode file for STMicroelectronics.X-CUBE-ALS.1.0.2
2026-03-10 17:11:32,017 [WARN] PackLoader:240 - Cannot read IP mode file for STMicroelectronics.X-CUBE-STSE01.1.0.0
2026-03-10 17:11:32,023 [WARN] PackLoader:240 - Cannot read IP mode file for STMicroelectronics.X-CUBE-TOF1.3.4.3
2026-03-10 17:11:32,029 [INFO] ThirdParty:978 - Integrity check success = true
2026-03-10 17:11:32,029 [INFO] IntegrityCheckThread:100 - exiting critical section [integrity check]
2026-03-10 17:11:32,029 [INFO] IntegrityCheckThread:103 - End integrity checks thread
2026-03-10 17:11:43,381 [INFO] McuFinderGlobals:63 - Set McuFinder mode to 2 (CubeIDE integrated)
2026-03-10 17:11:43,383 [INFO] MainUpdater:2872 - connection check result : 10
2026-03-10 17:11:43,384 [INFO] MainUpdater:2872 - connection check result : 10
2026-03-10 17:11:43,399 [INFO] MicroXplorer:468 - Change Database Path : 
2026-03-10 17:11:43,399 [INFO] MicroXplorer:498 - Change Database Version : DB.6.0.150
2026-03-10 17:11:43,404 [WARN] ThirdParty:871 - waiting for thirdparty lock release [close project]
2026-03-10 17:11:43,405 [INFO] ThirdParty:873 - entering critical section [close project]
2026-03-10 17:11:43,405 [INFO] ThirdParty:883 - exiting critical section [close project]
2026-03-10 17:11:43,406 [INFO] PinOutPanel:1589 - setPackage(No Configuration,No Configuration)
2026-03-10 17:11:43,407 [INFO] UtilMem:75 - Begin LoadConfig() Used Memory: 223215232 Bytes (268435456)
2026-03-10 17:11:43,408 [INFO] MicroXplorer:468 - Change Database Path : 
2026-03-10 17:11:43,408 [INFO] MicroXplorer:498 - Change Database Version : DB.6.0.150
2026-03-10 17:11:43,408 [INFO] OpenFileManager:355 - Change cursor
2026-03-10 17:11:43,420 [INFO] Mcu:2029 - Initializing MCU STM32F446R(C-E)Tx STM32F446RETx STM32F446RET6
2026-03-10 17:11:44,342 [INFO] Context:786 - Trying to add GPIOservice into a context  which must be forbidden
2026-03-10 17:11:44,688 [INFO] ImportTextPane:234 - (OptionalMessage_ERROR) Pin16 (VP_RIF_VS_RIF1) cannot be retrieved for this MCU
2026-03-10 17:11:44,808 [INFO] RtosManager:558 - Registered RTOS mode: class=CMSIS, group=RTOS, mode=CMSIS_V1, owner=FREERTOS
2026-03-10 17:11:44,808 [INFO] RtosManager:558 - Registered RTOS mode: class=CMSIS, group=RTOS2, mode=CMSIS_V2, owner=FREERTOS
2026-03-10 17:11:44,808 [INFO] RtosManager:558 - Registered RTOS mode: class=RTOS, group=Core, mode=CMSIS_V1, owner=FREERTOS
2026-03-10 17:11:44,809 [INFO] RtosManager:558 - Registered RTOS mode: class=RTOS, group=Core, mode=CMSIS_V2, owner=FREERTOS
2026-03-10 17:11:44,809 [WARN] ModelIntegratedComponent:184 - Missing modes for component STMicroelectronics:FreeRTOS:0.0.1:STMicroelectronics:RTOS:FreeRTOS:Core:::10.2.0:
2026-03-10 17:11:44,827 [WARN] ModelIntegratedComponent:63 - No mode defined for component null
2026-03-10 17:11:44,827 [WARN] ModelIntegratedComponent:63 - No mode defined for component null
2026-03-10 17:11:44,827 [WARN] ModelIntegratedComponent:63 - No mode defined for component null
2026-03-10 17:11:44,827 [WARN] ModelIntegratedComponent:63 - No mode defined for component null
2026-03-10 17:11:44,827 [WARN] ModelIntegratedComponent:63 - No mode defined for component null
2026-03-10 17:11:44,827 [WARN] ModelIntegratedComponent:63 - No mode defined for component null
2026-03-10 17:11:44,827 [WARN] ModelIntegratedComponent:63 - No mode defined for component null
2026-03-10 17:11:44,827 [WARN] ModelIntegratedComponent:63 - No mode defined for component null
2026-03-10 17:11:44,828 [WARN] ModelIntegratedComponent:63 - No mode defined for component null
2026-03-10 17:11:44,828 [WARN] ModelIntegratedComponent:63 - No mode defined for component null
2026-03-10 17:11:44,828 [WARN] ModelIntegratedComponent:63 - No mode defined for component null
2026-03-10 17:11:44,828 [WARN] ModelIntegratedComponent:63 - No mode defined for component null
2026-03-10 17:11:44,828 [WARN] ModelIntegratedComponent:63 - No mode defined for component null
2026-03-10 17:11:44,828 [WARN] ModelIntegratedComponent:63 - No mode defined for component null
2026-03-10 17:11:44,828 [WARN] ModelIntegratedComponent:63 - No mode defined for component null
2026-03-10 17:11:44,828 [WARN] ModelIntegratedComponent:63 - No mode defined for component null
2026-03-10 17:11:44,828 [WARN] ModelIntegratedComponent:63 - No mode defined for component null
2026-03-10 17:11:44,828 [WARN] ModelIntegratedComponent:63 - No mode defined for component null
2026-03-10 17:11:44,828 [WARN] ModelIntegratedComponent:63 - No mode defined for component null
2026-03-10 17:11:44,828 [WARN] ModelIntegratedComponent:63 - No mode defined for component null
2026-03-10 17:11:44,828 [WARN] ModelIntegratedComponent:63 - No mode defined for component null
2026-03-10 17:11:44,828 [WARN] ModelIntegratedComponent:63 - No mode defined for component null
2026-03-10 17:11:44,828 [WARN] ModelIntegratedComponent:63 - No mode defined for component null
2026-03-10 17:11:44,828 [WARN] ModelIntegratedComponent:63 - No mode defined for component null
2026-03-10 17:11:44,828 [WARN] ModelIntegratedComponent:63 - No mode defined for component null
2026-03-10 17:11:44,828 [WARN] ModelIntegratedComponent:63 - No mode defined for component null
2026-03-10 17:11:44,828 [WARN] ModelIntegratedComponent:63 - No mode defined for component null
2026-03-10 17:11:44,828 [WARN] ModelIntegratedComponent:63 - No mode defined for component null
2026-03-10 17:11:44,828 [WARN] ModelIntegratedComponent:63 - No mode defined for component null
2026-03-10 17:11:44,828 [WARN] ModelIntegratedComponent:63 - No mode defined for component null
2026-03-10 17:11:44,829 [WARN] ModelIntegratedComponent:63 - No mode defined for component null
2026-03-10 17:11:44,829 [WARN] ModelIntegratedComponent:63 - No mode defined for component null
2026-03-10 17:11:44,829 [WARN] ModelIntegratedComponent:63 - No mode defined for component null
2026-03-10 17:11:44,829 [WARN] ModelIntegratedComponent:63 - No mode defined for component null
2026-03-10 17:11:44,829 [WARN] ModelIntegratedComponent:63 - No mode defined for component null
2026-03-10 17:11:44,829 [WARN] ModelPack:524 - Component already loaded: STMicroelectronics:HAL Drivers:0.0.0:STMicroelectronics:Device:STMicro_Driver:XSPI:HAL::0.0.1:HAL_XSPI
2026-03-10 17:11:44,902 [INFO] ThirdPartyModel:298 - Start build external matchings
2026-03-10 17:11:45,207 [INFO] ThirdPartyModel:316 - End build external matchings
2026-03-10 17:11:45,228 [INFO] ImportTextPane:234 - (OptionalMessage_ERROR) IP (DMA) : Parameter (Instance) has Id (I2C3_RX) currently not set
2026-03-10 17:11:45,229 [INFO] ImportTextPane:234 - (OptionalMessage_ERROR) IP (DMA) : Parameter (Channel) has Id (I2C3_RX) currently not set
2026-03-10 17:11:45,229 [INFO] ImportTextPane:234 - (OptionalMessage_ERROR) IP (DMA) : Parameter (Direction) has Id (I2C3_RX) currently not set
2026-03-10 17:11:45,229 [INFO] ImportTextPane:234 - (OptionalMessage_ERROR) IP (DMA) : Parameter (PeriphInc) has Id (I2C3_RX) currently not set
2026-03-10 17:11:45,229 [INFO] ImportTextPane:234 - (OptionalMessage_ERROR) IP (DMA) : Parameter (MemInc) has Id (I2C3_RX) currently not set
2026-03-10 17:11:45,229 [INFO] ImportTextPane:234 - (OptionalMessage_ERROR) IP (DMA) : Parameter (PeriphDataAlignment) has Id (I2C3_RX) currently not set
2026-03-10 17:11:45,229 [INFO] ImportTextPane:234 - (OptionalMessage_ERROR) IP (DMA) : Parameter (MemDataAlignment) has Id (I2C3_RX) currently not set
2026-03-10 17:11:45,229 [INFO] ImportTextPane:234 - (OptionalMessage_ERROR) IP (DMA) : Parameter (Mode) has Id (I2C3_RX) currently not set
2026-03-10 17:11:45,229 [INFO] ImportTextPane:234 - (OptionalMessage_ERROR) IP (DMA) : Parameter (Priority) has Id (I2C3_RX) currently not set
2026-03-10 17:11:45,229 [INFO] ImportTextPane:234 - (OptionalMessage_ERROR) IP (DMA) : Parameter (FIFOMode) has Id (I2C3_RX) currently not set
2026-03-10 17:11:45,230 [WARN] IP:2250 - I2C_Coeff_DF not found: check if there is a RefParameter without a condition.
2026-03-10 17:11:45,230 [WARN] IP:2250 - Analog_Filter not found: check if there is a RefParameter without a condition.
2026-03-10 17:11:45,230 [INFO] ImportTextPane:234 - (OptionalMessage_ERROR) IP (RCC) : Invalid parameter (FamilyName)
2026-03-10 17:11:45,235 [WARN] IP:2250 - DEVICE_SERIAL0_CDC_FS not found: check if there is a RefParameter without a condition.
2026-03-10 17:11:45,235 [WARN] IP:2250 - DEVICE_SERIAL1_CDC_FS not found: check if there is a RefParameter without a condition.
2026-03-10 17:11:45,235 [WARN] IP:2250 - DEVICE_SERIAL2_CDC_FS not found: check if there is a RefParameter without a condition.
2026-03-10 17:11:45,429 [INFO] ApiDb:581 - Connected to CubeFinder SQLite database (/home/kamil/.stmcufinder/plugins/mcufinder/mcu/cube-finder-db.db)
2026-03-10 17:11:45,477 [INFO] ApiDb:668 - CubeFinder database Data Model version=2.1
2026-03-10 17:11:45,477 [INFO] ApiDb:669 - CubeFinder database Configuration version=3.0.42
2026-03-10 17:11:45,478 [INFO] ApiDb:670 - CubeFinder database generation date=2026-02-13 (1770995876)
2026-03-10 17:11:45,478 [INFO] ApiDb:671 - CubeFinder database FW Pack versions=[FP-ATR-ASTRA1_V2.0.0, FP-SNS-FLIGHT1_V5.1.0, FP-SNS-MOTENV1_V5.1.0, FP-SNS-MOTENVWB1_V1.4.0, FP-SNS-SMARTAG2_V1.2.0, FP-SNS-STBOX1_V2.1.0, STM32Cube_FW_C0_V1.4.0, STM32Cube_FW_F4_V1.28.3, STM32Cube_FW_F7_V1.17.4, STM32Cube_FW_G0_V1.6.2, STM32Cube_FW_G4_V1.6.1, STM32Cube_FW_H5_V1.6.0, STM32Cube_FW_H7RS_V1.3.0, STM32Cube_FW_H7_V1.13.0, STM32Cube_FW_L0_V1.12.2, STM32Cube_FW_L4_V1.18.2, STM32Cube_FW_L5_V1.6.0, STM32Cube_FW_N6_V1.3.0, STM32Cube_FW_U0_V1.3.0, STM32Cube_FW_U3_V1.3.0, STM32Cube_FW_U5_V1.8.0, STM32Cube_FW_WB0_V1.4.0, STM32Cube_FW_WBA_V1.9.0, STM32Cube_FW_WB_V1.24.0, STM32Cube_FW_WL3_V1.4.0, STM32Cube_FW_WL_V1.5.0, X-CUBE-ALGOBUILD_V1.4.0, X-CUBE-ALS_V1.0.2, X-CUBE-AZRTOS-F4_V1.1.0, X-CUBE-AZRTOS-F7_V1.1.0, X-CUBE-AZRTOS-G0_V1.1.0, X-CUBE-AZRTOS-G4_V2.0.0, X-CUBE-AZRTOS-H7RS_V1.1.0, X-CUBE-AZRTOS-H7_V3.4.0, X-CUBE-AZRTOS-L4_V2.0.0, X-CUBE-AZRTOS-L5_V2.0.0, X-CUBE-AZRTOS-WB_V2.0.0, X-CUBE-AZRTOS-WL_V2.0.0, X-CUBE-BLE1_V7.1.0, X-CUBE-BLE2_V3.3.0, X-CUBE-BLEMGR_V4.1.0, X-CUBE-EEPRMA1_V5.2.0, X-CUBE-FREERTOS_V1.3.1, X-CUBE-GNSS1_V6.0.0, X-CUBE-MEMS1_V12.0.0, X-CUBE-NFC4_V3.0.0, X-CUBE-NFC7_V2.0.0, X-CUBE-SFXS2LP1_V4.0.0, X-CUBE-ST67W61_V1.1.0, X-CUBE-SUBG2_V5.0.0, X-CUBE-TOF1_V3.4.3]
2026-03-10 17:11:45,544 [INFO] DbBoardsSqlite:226 - include board P-NUCLEO-WB55-NUCLEO as a kit item of type 'Nucleo-64'
2026-03-10 17:11:45,545 [INFO] DbBoardsSqlite:226 - include board P-NUCLEO-WB55-USBDONGLE as a kit item of type 'Nucleo USB Dongle'
2026-03-10 17:11:45,545 [INFO] DbBoardsSqlite:226 - include board STEVAL-IDP005V1 as a kit item of type 'Evaluation Board'
2026-03-10 17:11:45,545 [INFO] DbBoardsSqlite:226 - include board STEVAL-IDP005V2 as a kit item of type 'Evaluation Board'
2026-03-10 17:11:45,626 [INFO] ApiDb:240 - Found 880 in-development CPN: [B-G473E-ZEST1S, B-WB1M-WPAN1, B-WBA5M-WPAN, B-WL5M-SUBG1, NUCLEO-C031C6, NUCLEO-C051C8, NUCLEO-C071RB, NUCLEO-C092RC, NUCLEO-H503RB, NUCLEO-H533RE, NUCLEO-H563ZI, NUCLEO-H7S3L8, NUCLEO-N657X0-Q, NUCLEO-U031R8, NUCLEO-U083RC, NUCLEO-U385RG-Q, NUCLEO-U545RE-Q, NUCLEO-U5A5ZJ-Q, NUCLEO-WB05KZ, NUCLEO-WB07CC, NUCLEO-WB09KE, NUCLEO-WBA52CG, NUCLEO-WBA55CG, NUCLEO-WL33CC1, NUCLEO-WL33CC2, STEVAL-PROTEUS1, STEVAL-SMARTAG2, STEVAL-STWINBX1, STM320518-EVAL, STM32C0116-DK, STM32C011D6Y3TR, STM32C011D6Y6TR, STM32C011F4P3, STM32C011F4P6, STM32C011F4U3, STM32C011F4U6TR, STM32C011F6P3, STM32C011F6P6, STM32C011F6U3, STM32C011F6U6TR, STM32C011J4M3, STM32C011J4M6, STM32C011J6M3, STM32C011J6M6, STM32C0316-DK, STM32C031C4T3, STM32C031C4T6, STM32C031C4U3, STM32C031C4U6, STM32C031C6T3, STM32C031C6T6, STM32C031C6U3, STM32C031C6U6, STM32C031F4P3, STM32C031F4P6, STM32C031F6P3, STM32C031F6P6, STM32C031G4U3, STM32C031G4U6, STM32C031G6U3, STM32C031G6U6, STM32C031K4T3, STM32C031K4T6, STM32C031K4U3, STM32C031K4U6, STM32C031K6T3, STM32C031K6T6, STM32C031K6U3, STM32C031K6U6, STM32C051C6T6, STM32C051C6U6, STM32C051C8T6, STM32C051C8U6, STM32C051D8Y6TR, STM32C051F6P6, STM32C051F8P6, STM32C051G6U6, STM32C051G8U6, STM32C051K6T6, STM32C051K6U6, STM32C051K8T6, STM32C071C8T6, STM32C071C8T6N, STM32C071C8U6, STM32C071C8U6N, STM32C071CBT6, STM32C071CBT6N, STM32C071CBU6, STM32C071CBU6N, STM32C071F8P6, STM32C071F8P6N, STM32C071FBP6, STM32C071FBP6N, STM32C071FBY6TR, STM32C071G8U6, STM32C071G8U6N, STM32C071GBU6, STM32C071GBU6N, STM32C071K8T6, STM32C071K8T6N, STM32C071K8U6, STM32C071K8U6N, STM32C071KBT6, STM32C071KBT6N, STM32C071KBU6, STM32C071KBU6N, STM32C071R8T6, STM32C071R8T6N, STM32C071RBI6N, STM32C071RBT6, STM32C071RBT6N, STM32C091CBT6, STM32C091CBU6, STM32C091CCT6, STM32C091CCU6, STM32C091ECY6TR, STM32C091FBP6, STM32C091FCP6, STM32C091GBU6, STM32C091GCU6, STM32C091KBT6, STM32C091KBU6, STM32C091KCT6, STM32C091KCU6, STM32C091RBT6, STM32C091RCI6, STM32C091RCT6, STM32C092CBT6, STM32C092CBU6, STM32C092CCT6, STM32C092CCU6, STM32C092ECY6TR, STM32C092FBP6, STM32C092FCP6, STM32C092GBU6, STM32C092GCU6, STM32C092KBT6, STM32C092KBU6, STM32C092KCT6, STM32C092KCU6, STM32C092RBT6, STM32C092RCI6, STM32C092RCT6, STM32G071K8TXN, STM32G071K8UXN, STM32G081GBU6N, STM32G081KBT6N, STM32G081KBUXN, STM32G0B1CCT6N, STM32G0B1KCT6, STM32G0B1NEY6TR, STM32G0B1RCT6N, STM32G0C1CCT6, STM32G0C1CCT6N, STM32G0C1CCU6N, STM32G0C1CET6N, STM32G0C1CEU6N, STM32G0C1KCT6, STM32G0C1NEY6TR, STM32G0C1RCI6N, STM32G0C1RCT6N, STM32G0C1REI6N, STM32G0C1RET6N, STM32G0C1VCI6, STM32G0C1VEI6, STM32G411C6T3, STM32G411C6T6, STM32G411C6U3, STM32G411C6U6, STM32G411C8T3, STM32G411C8T6, STM32G411C8U3, STM32G411C8U6, STM32G411CBT3, STM32G411CBT6, STM32G411CBU3, STM32G411CBU6, STM32G411K6T3, STM32G411K6T6, STM32G411K6U3, STM32G411K6U6, STM32G411K8T3, STM32G411K8T6, STM32G411K8U3, STM32G411K8U6, STM32G411KBT3, STM32G411KBT6, STM32G411KBU3, STM32G411KBU6, STM32G411M6T3, STM32G411M6T6, STM32G411M8T3, STM32G411M8T6, STM32G411MBT3, STM32G411MBT6, STM32G411R6T3, STM32G411R6T6, STM32G411R8T3, STM32G411R8T6, STM32G411RBT3, STM32G411RBT6, STM32G414CBT3, STM32G414CBT6, STM32G414CBU3, STM32G414CBU6, STM32G414CCT3, STM32G414CCT6, STM32G414CCU3, STM32G414CCU6, STM32G414MBT3, STM32G414MBT6, STM32G414MCT3, STM32G414MCT6, STM32G414RBT3, STM32G414RBT6, STM32G414RCT3, STM32G414RCT6, STM32G414VBT3, STM32G414VBT6, STM32G414VCT3, STM32G414VCT6, STM32G431CBT3Z, STM32G431RBT3Z, STM32G471CCT6, STM32G471CCU6, STM32G471CET3, STM32G471CET6, STM32G471CEU3, STM32G471CEU6, STM32G471MCT6, STM32G471MET3, STM32G471MET6, STM32G471MEY6TR, STM32G471QCT6, STM32G471QET3, STM32G471RCT6, STM32G471RET3, STM32G471RET6, STM32G471VCH6, STM32G471VCI6, STM32G471VCT6, STM32G471VEH3, STM32G471VEH6, STM32G471VEI3, STM32G471VEI6, STM32G471VET3, STM32G471VET6, STM32G473QET3Z, STM32G473RET3Z, STM32G474CCT6, STM32G491RET3Z, STM32H503CBT6, STM32H503CBU6, STM32H503EBY6TR, STM32H503KBU6, STM32H503RBT6, STM32H523CCT6, STM32H523CCU6, STM32H523CET6, STM32H523CEU6, STM32H523HEY6TR, STM32H523RCT6, STM32H523RET6, STM32H523VCI6, STM32H523VCT6, STM32H523VEI6, STM32H523VET6, STM32H523ZCJ6, STM32H523ZCT6, STM32H523ZEJ6, STM32H523ZET6, STM32H533CET6, STM32H533CEU6, STM32H533HEY6TR, STM32H533RET6, STM32H533VEI6, STM32H533VET6, STM32H533ZEJ6, STM32H533ZET6, STM32H562AGI6, STM32H562AII6, STM32H562IGK6, STM32H562IGT6, STM32H562IIK6, STM32H562IIT6, STM32H562RGT6, STM32H562RGV6, STM32H562RIT6, STM32H562RIV6, STM32H562VGT6, STM32H562VIT6, STM32H562ZGT6, STM32H562ZIT6, STM32H563AGI6, STM32H563AII3Q, STM32H563AII6, STM32H563IGK6, STM32H563IGT6, STM32H563IIK3Q, STM32H563IIK6, STM32H563IIT3Q, STM32H563IIT6, STM32H563MIY3QTR, STM32H563RGT6, STM32H563RGV6, STM32H563RIT6, STM32H563RIV6, STM32H563VGT6, STM32H563VIT3Q, STM32H563VIT6, STM32H563ZGT6, STM32H563ZIT3Q, STM32H563ZIT6, STM32H573AII3Q, STM32H573AII6, STM32H573I-DK, STM32H573IIK3Q, STM32H573IIK6, STM32H573IIT3Q, STM32H573IIT6, STM32H573MIY3QTR, STM32H573RIT6, STM32H573RIV6, STM32H573VIT3Q, STM32H573VIT6, STM32H573ZIT3Q, STM32H573ZIT6, STM32H7R3A8I6, STM32H7R3I8K6, STM32H7R3I8T6, STM32H7R3L8H6, STM32H7R3L8H6H, STM32H7R3R8V6, STM32H7R3V8H6, STM32H7R3V8T6, STM32H7R3V8Y6TR, STM32H7R3Z8J6, STM32H7R3Z8T6, STM32H7R7A8I6, STM32H7R7I8K6, STM32H7R7I8T6, STM32H7R7L8H6, STM32H7R7L8H6H, STM32H7R7Z8J6, STM32H7S3A8I6, STM32H7S3I8K6, STM32H7S3I8T6, STM32H7S3L8H6, STM32H7S3L8H6H, STM32H7S3R8V6, STM32H7S3V8H6, STM32H7S3V8T6, STM32H7S3V8Y6TR, STM32H7S3Z8J6, STM32H7S3Z8T6, STM32H7S78-DK, STM32H7S7A8I6, STM32H7S7I8K6, STM32H7S7I8T6, STM32H7S7L8H6, STM32H7S7L8H6H, STM32H7S7Z8J6, STM32L4R5QGI6STR, STM32MP131AAE3, STM32MP131AAF3, STM32MP131AAG3, STM32MP131CAE3, STM32MP131CAF3, STM32MP131CAG3, STM32MP131DAE7, STM32MP131DAF7, STM32MP131DAG7, STM32MP131FAE7, STM32MP131FAF7, STM32MP131FAG7, STM32MP133AAE3, STM32MP133AAF3, STM32MP133AAG3, STM32MP133CAE3, STM32MP133CAF3, STM32MP133CAG3, STM32MP133DAE7, STM32MP133DAF7, STM32MP133DAG7, STM32MP133FAE7, STM32MP133FAF7, STM32MP133FAG7, STM32MP135AAE3, STM32MP135AAF3, STM32MP135AAG3, STM32MP135CAE3, STM32MP135CAF3, STM32MP135CAG3, STM32MP135DAE7, STM32MP135DAF7, STM32MP135DAG7, STM32MP135F-DK, STM32MP135FAE7, STM32MP135FAF7, STM32MP135FAF7T, STM32MP135FAF7U, STM32MP135FAG7, STM32MP211AAL3, STM32MP211AAM3, STM32MP211AAN3, STM32MP211AAO3, STM32MP211CAL3, STM32MP211CAM3, STM32MP211CAN3, STM32MP211CAO3, STM32MP211DAL3, STM32MP211DAM3, STM32MP211DAN3, STM32MP211DAO3, STM32MP211FAL3, STM32MP211FAM3, STM32MP211FAN3, STM32MP211FAO3, STM32MP213AAL3, STM32MP213AAM3, STM32MP213AAN3, STM32MP213AAO3, STM32MP213CAL3, STM32MP213CAM3, STM32MP213CAN3, STM32MP213CAO3, STM32MP213DAL3, STM32MP213DAM3, STM32MP213DAN3, STM32MP213DAO3, STM32MP213FAL3, STM32MP213FAM3, STM32MP213FAN3, STM32MP213FAO3, STM32MP215AAL3, STM32MP215AAM3, STM32MP215AAN3, STM32MP215AAO3, STM32MP215CAL3, STM32MP215CAM3, STM32MP215CAN3, STM32MP215CAO3, STM32MP215DAL3, STM32MP215DAM3, STM32MP215DAN3, STM32MP215DAO3, STM32MP215F-DK, STM32MP215FAL3, STM32MP215FAM3, STM32MP215FAN3, STM32MP215FAO3, STM32MP231AAJ3, STM32MP231AAK3, STM32MP231AAL3, STM32MP231CAJ3, STM32MP231CAK3, STM32MP231CAL3, STM32MP231DAJ3, STM32MP231DAK3, STM32MP231DAL3, STM32MP231FAJ3, STM32MP231FAK3, STM32MP231FAL3, STM32MP233AAJ3, STM32MP233AAK3, STM32MP233AAL3, STM32MP233CAJ3, STM32MP233CAK3, STM32MP233CAL3, STM32MP233DAJ3, STM32MP233DAK3, STM32MP233DAL3, STM32MP233FAJ3, STM32MP233FAK3, STM32MP233FAL3, STM32MP235AAJ3, STM32MP235AAK3, STM32MP235AAL3, STM32MP235CAJ3, STM32MP235CAK3, STM32MP235CAL3, STM32MP235DAJ3, STM32MP235DAK3, STM32MP235DAL3, STM32MP235FAJ3, STM32MP235FAK3, STM32MP235FAL3, STM32MP251AAI3, STM32MP251AAK3, STM32MP251AAL3, STM32MP251CAI3, STM32MP251CAK3, STM32MP251CAL3, STM32MP251DAI3, STM32MP251DAK3, STM32MP251DAL3, STM32MP251FAI3, STM32MP251FAK3, STM32MP251FAL3, STM32MP253AAI3, STM32MP253AAK3, STM32MP253AAL3, STM32MP253CAI3, STM32MP253CAK3, STM32MP253CAL3, STM32MP253DAI3, STM32MP253DAK3, STM32MP253DAL3, STM32MP253FAI3, STM32MP253FAK3, STM32MP253FAL3, STM32MP255AAI3, STM32MP255AAK3, STM32MP255AAL3, STM32MP255CAI3, STM32MP255CAK3, STM32MP255CAL3, STM32MP255DAI3, STM32MP255DAK3, STM32MP255DAL3, STM32MP255FAI3, STM32MP255FAK3, STM32MP255FAL3, STM32MP257AAI3, STM32MP257AAK3, STM32MP257AAL3, STM32MP257CAI3, STM32MP257CAK3, STM32MP257CAL3, STM32MP257DAI3, STM32MP257DAK3, STM32MP257DAL3, STM32MP257F-DK, STM32MP257F-EV1, STM32MP257FAI3, STM32MP257FAK3, STM32MP257FAL3, STM32N645A0H3Q, STM32N645B0H3Q, STM32N645I0H3Q, STM32N645L0H3Q, STM32N645X0H3Q, STM32N645Z0H3Q, STM32N647A0H3Q, STM32N647B0H3Q, STM32N647I0H3Q, STM32N647L0H3Q, STM32N647X0H3Q, STM32N647Z0H3Q, STM32N655A0H3Q, STM32N655B0H3Q, STM32N655I0H3Q, STM32N655L0H3Q, STM32N655X0H3Q, STM32N655Z0H3Q, STM32N6570-DK, STM32N657A0H3Q, STM32N657B0H3Q, STM32N657I0H3Q, STM32N657L0H3Q, STM32N657X0H3Q, STM32N657Z0H3Q, STM32U031C6T6, STM32U031C6U6, STM32U031C8T6, STM32U031C8U6, STM32U031F4P6, STM32U031F6P6, STM32U031F8P6, STM32U031G6Y6TR, STM32U031G8Y6TR, STM32U031K4U6, STM32U031K6U6, STM32U031K8U6, STM32U031R6I6, STM32U031R6T6, STM32U031R8I6, STM32U031R8T6, STM32U073C8T6, STM32U073C8U6, STM32U073CBT6, STM32U073CBU6, STM32U073CCT6, STM32U073CCU6, STM32U073H8Y6TR, STM32U073HBY6TR, STM32U073HCY6TR, STM32U073K8U6, STM32U073KBU6, STM32U073KCU6, STM32U073M8I6, STM32U073M8T6, STM32U073MBI6, STM32U073MBT6, STM32U073MCI6, STM32U073MCT6, STM32U073R8I6, STM32U073R8T6, STM32U073RBI6, STM32U073RBT6, STM32U073RCI6, STM32U073RCT6, STM32U083C-DK, STM32U083CCT6, STM32U083CCU6, STM32U083HCY6TR, STM32U083KCU6, STM32U083MCI6, STM32U083MCT6, STM32U083RCI6, STM32U083RCT6, STM32U375CET6, STM32U375CET6Q, STM32U375CEU6, STM32U375CEU6Q, STM32U375CEY6QTR, STM32U375CGT6, STM32U375CGT6Q, STM32U375CGU6, STM32U375CGU6Q, STM32U375CGY6QTR, STM32U375KEU6, STM32U375KGU6, STM32U375REI6, STM32U375REI6Q, STM32U375RET6, STM32U375RET6Q, STM32U375REY6GTR, STM32U375REY6QTR, STM32U375RGI6, STM32U375RGI6Q, STM32U375RGT6, STM32U375RGT6Q, STM32U375RGY6GTR, STM32U375RGY6QTR, STM32U375VEI6, STM32U375VEI6Q, STM32U375VET6, STM32U375VET6Q, STM32U375VGI6, STM32U375VGI6Q, STM32U375VGT6, STM32U375VGT6Q, STM32U385CGT6, STM32U385CGT6Q, STM32U385CGU6, STM32U385CGU6Q, STM32U385CGY6QTR, STM32U385KGU6, STM32U385RGI6, STM32U385RGI6Q, STM32U385RGT6, STM32U385RGT6Q, STM32U385RGY6GTR, STM32U385RGY6QTR, STM32U385VGI6, STM32U385VGI6Q, STM32U385VGT6, STM32U385VGT6Q, STM32U535CBT6, STM32U535CBT6Q, STM32U535CBU6, STM32U535CBU6Q, STM32U535CCT6, STM32U535CCT6Q, STM32U535CCU6, STM32U535CCU6Q, STM32U535CET6, STM32U535CET6Q, STM32U535CEU6, STM32U535CEU6Q, STM32U535JEY6QTR, STM32U535NCY6QTR, STM32U535NEY6QTR, STM32U535RBI6, STM32U535RBI6Q, STM32U535RBT6, STM32U535RBT6Q, STM32U535RCI6, STM32U535RCI6Q, STM32U535RCT6, STM32U535RCT6Q, STM32U535REI6, STM32U535REI6Q, STM32U535RET6, STM32U535RET6Q, STM32U535VCI6, STM32U535VCI6Q, STM32U535VCT6, STM32U535VCT6Q, STM32U535VEI6, STM32U535VEI6Q, STM32U535VET6, STM32U535VET6Q, STM32U545CET6, STM32U545CET6Q, STM32U545CEU6, STM32U545CEU6Q, STM32U545JEY6QTR, STM32U545NEY6QTR, STM32U545REI6, STM32U545REI6Q, STM32U545RET6, STM32U545RET6Q, STM32U545VEI6, STM32U545VEI6Q, STM32U545VET6, STM32U545VET6Q, STM32U595AIH6, STM32U595AIH6Q, STM32U595AJH6, STM32U595AJH6Q, STM32U595QII6, STM32U595QII6Q, STM32U595QJI6, STM32U595QJI6Q, STM32U595RIT6, STM32U595RIT6Q, STM32U595RJT6, STM32U595RJT6Q, STM32U595VIT6, STM32U595VIT6Q, STM32U595VJT6, STM32U595VJT6Q, STM32U595ZIT6, STM32U595ZIT6Q, STM32U595ZIY6QTR, STM32U595ZJT6, STM32U595ZJT6Q, STM32U595ZJY6QTR, STM32U599BJY6QTR, STM32U599NIH6Q, STM32U599NJH6Q, STM32U599VIT6Q, STM32U599VJT6, STM32U599VJT6Q, STM32U599ZIT6Q, STM32U599ZIY6QTR, STM32U599ZJT6Q, STM32U599ZJY6QTR, STM32U5A5AJH6, STM32U5A5AJH6Q, STM32U5A5QII3Q , STM32U5A5QJI6, STM32U5A5QJI6Q, STM32U5A5RJT6, STM32U5A5RJT6Q, STM32U5A5VJT6, STM32U5A5VJT6Q, STM32U5A5ZJT6, STM32U5A5ZJT6Q, STM32U5A5ZJY6QTR, STM32U5A9BJY6QTR, STM32U5A9J-DK, STM32U5A9NJH6Q, STM32U5A9VJT6Q, STM32U5A9ZJT6Q, STM32U5A9ZJY6QTR, STM32U5F7VIT6, STM32U5F7VIT6Q, STM32U5F7VJT6, STM32U5F7VJT6Q, STM32U5F9BJY6QTR, STM32U5F9NJH6Q, STM32U5F9VIT6Q, STM32U5F9VJT6Q, STM32U5F9ZIJ6QTR, STM32U5F9ZIT6Q, STM32U5F9ZJJ6QTR, STM32U5F9ZJT6Q, STM32U5G7VJT6, STM32U5G7VJT6Q, STM32U5G9BJY6QTR, STM32U5G9J-DK1, STM32U5G9J-DK2, STM32U5G9NJH6Q, STM32U5G9VJT6Q, STM32U5G9ZJJ6QTR, STM32U5G9ZJT6Q, STM32WB05KZV6TR, STM32WB05KZV7TR, STM32WB05TZF6TR, STM32WB05TZF7TR, STM32WB06CCF6TR, STM32WB06CCF7TR, STM32WB06CCV6TR, STM32WB06CCV7TR, STM32WB06KCV6TR, STM32WB06KCV7TR, STM32WB07CCF6TR, STM32WB07CCF7TR, STM32WB07CCV6TR, STM32WB07CCV7TR, STM32WB07KCV6TR, STM32WB07KCV7TR, STM32WB09KEV6TR, STM32WB09KEV7TR, STM32WB09TEF6TR, STM32WB09TEF7TR, STM32WB1MMCH6, STM32WBA50KGU6, STM32WBA50KGU6TR, STM32WBA52CEU6, STM32WBA52CEU6TR, STM32WBA52CEU7, STM32WBA52CEU7TR, STM32WBA52CGU6, STM32WBA52CGU6TR, STM32WBA52CGU6U, STM32WBA52CGU7, STM32WBA52CGU7TR, STM32WBA52KEU6, STM32WBA52KEU6TR, STM32WBA52KGU6, STM32WBA52KGU6TR, STM32WBA54CEU6, STM32WBA54CEU6TR, STM32WBA54CEU7, STM32WBA54CEU7TR, STM32WBA54CGU6, STM32WBA54CGU6TR, STM32WBA54CGU7, STM32WBA54CGU7TR, STM32WBA54KEU6, STM32WBA54KEU6TR, STM32WBA54KEU7, STM32WBA54KEU7TR, STM32WBA54KGU6, STM32WBA54KGU6TR, STM32WBA54KGU7, STM32WBA54KGU7TR, STM32WBA55CEU6, STM32WBA55CEU6TR, STM32WBA55CEU7, STM32WBA55CEU7TR, STM32WBA55CGU6, STM32WBA55CGU6TR, STM32WBA55CGU6U, STM32WBA55CGU7, STM32WBA55CGU7TR, STM32WBA55G-DK1, STM32WBA55HEF6, STM32WBA55HEF7, STM32WBA55HGF6, STM32WBA55HGF7, STM32WBA55UEI6, STM32WBA55UEI6TR, STM32WBA55UEI7, STM32WBA55UEI7TR, STM32WBA55UGI6, STM32WBA55UGI6TR, STM32WBA55UGI7, STM32WBA55UGI7TR, STM32WBA5MMGH6TR, STM32WBA62MGF6, STM32WBA62MIF6, STM32WBA65MGF7, STM32WBA65MIF6, STM32WBA65MIF7, STM32WL30K8V6, STM32WL30KBV6, STM32WL31C8V6, STM32WL31CBV6, STM32WL31K8V6, STM32WL31KBV6, STM32WL33C8V6, STM32WL33C8V6X, STM32WL33CBV6, STM32WL33CBV6X, STM32WL33CCV6, STM32WL33CCV6A, STM32WL33CCV6X, STM32WL33K8V7, STM32WL33K8V7X, STM32WL33KBV7 , STM32WL33KBV7X, STM32WL33KCV7, STM32WL33KCV7X, STM32WL5MOCH6, STM32WL5MOCH6TR]
2026-03-10 17:11:45,629 [INFO] ApiDb:668 - CubeFinder database Data Model version=2.1
2026-03-10 17:11:45,629 [INFO] ApiDb:669 - CubeFinder database Configuration version=3.0.42
2026-03-10 17:11:45,629 [INFO] ApiDb:670 - CubeFinder database generation date=2026-02-13 (1770995876)
2026-03-10 17:11:45,629 [INFO] ApiDb:671 - CubeFinder database FW Pack versions=[FP-ATR-ASTRA1_V2.0.0, FP-SNS-FLIGHT1_V5.1.0, FP-SNS-MOTENV1_V5.1.0, FP-SNS-MOTENVWB1_V1.4.0, FP-SNS-SMARTAG2_V1.2.0, FP-SNS-STBOX1_V2.1.0, STM32Cube_FW_C0_V1.4.0, STM32Cube_FW_F4_V1.28.3, STM32Cube_FW_F7_V1.17.4, STM32Cube_FW_G0_V1.6.2, STM32Cube_FW_G4_V1.6.1, STM32Cube_FW_H5_V1.6.0, STM32Cube_FW_H7RS_V1.3.0, STM32Cube_FW_H7_V1.13.0, STM32Cube_FW_L0_V1.12.2, STM32Cube_FW_L4_V1.18.2, STM32Cube_FW_L5_V1.6.0, STM32Cube_FW_N6_V1.3.0, STM32Cube_FW_U0_V1.3.0, STM32Cube_FW_U3_V1.3.0, STM32Cube_FW_U5_V1.8.0, STM32Cube_FW_WB0_V1.4.0, STM32Cube_FW_WBA_V1.9.0, STM32Cube_FW_WB_V1.24.0, STM32Cube_FW_WL3_V1.4.0, STM32Cube_FW_WL_V1.5.0, X-CUBE-ALGOBUILD_V1.4.0, X-CUBE-ALS_V1.0.2, X-CUBE-AZRTOS-F4_V1.1.0, X-CUBE-AZRTOS-F7_V1.1.0, X-CUBE-AZRTOS-G0_V1.1.0, X-CUBE-AZRTOS-G4_V2.0.0, X-CUBE-AZRTOS-H7RS_V1.1.0, X-CUBE-AZRTOS-H7_V3.4.0, X-CUBE-AZRTOS-L4_V2.0.0, X-CUBE-AZRTOS-L5_V2.0.0, X-CUBE-AZRTOS-WB_V2.0.0, X-CUBE-AZRTOS-WL_V2.0.0, X-CUBE-BLE1_V7.1.0, X-CUBE-BLE2_V3.3.0, X-CUBE-BLEMGR_V4.1.0, X-CUBE-EEPRMA1_V5.2.0, X-CUBE-FREERTOS_V1.3.1, X-CUBE-GNSS1_V6.0.0, X-CUBE-MEMS1_V12.0.0, X-CUBE-NFC4_V3.0.0, X-CUBE-NFC7_V2.0.0, X-CUBE-SFXS2LP1_V4.0.0, X-CUBE-ST67W61_V1.1.0, X-CUBE-SUBG2_V5.0.0, X-CUBE-TOF1_V3.4.3]
2026-03-10 17:11:47,308 [INFO] ApiDb:240 - Found 880 in-development CPN: [B-G473E-ZEST1S, B-WB1M-WPAN1, B-WBA5M-WPAN, B-WL5M-SUBG1, NUCLEO-C031C6, NUCLEO-C051C8, NUCLEO-C071RB, NUCLEO-C092RC, NUCLEO-H503RB, NUCLEO-H533RE, NUCLEO-H563ZI, NUCLEO-H7S3L8, NUCLEO-N657X0-Q, NUCLEO-U031R8, NUCLEO-U083RC, NUCLEO-U385RG-Q, NUCLEO-U545RE-Q, NUCLEO-U5A5ZJ-Q, NUCLEO-WB05KZ, NUCLEO-WB07CC, NUCLEO-WB09KE, NUCLEO-WBA52CG, NUCLEO-WBA55CG, NUCLEO-WL33CC1, NUCLEO-WL33CC2, STEVAL-PROTEUS1, STEVAL-SMARTAG2, STEVAL-STWINBX1, STM320518-EVAL, STM32C0116-DK, STM32C011D6Y3TR, STM32C011D6Y6TR, STM32C011F4P3, STM32C011F4P6, STM32C011F4U3, STM32C011F4U6TR, STM32C011F6P3, STM32C011F6P6, STM32C011F6U3, STM32C011F6U6TR, STM32C011J4M3, STM32C011J4M6, STM32C011J6M3, STM32C011J6M6, STM32C0316-DK, STM32C031C4T3, STM32C031C4T6, STM32C031C4U3, STM32C031C4U6, STM32C031C6T3, STM32C031C6T6, STM32C031C6U3, STM32C031C6U6, STM32C031F4P3, STM32C031F4P6, STM32C031F6P3, STM32C031F6P6, STM32C031G4U3, STM32C031G4U6, STM32C031G6U3, STM32C031G6U6, STM32C031K4T3, STM32C031K4T6, STM32C031K4U3, STM32C031K4U6, STM32C031K6T3, STM32C031K6T6, STM32C031K6U3, STM32C031K6U6, STM32C051C6T6, STM32C051C6U6, STM32C051C8T6, STM32C051C8U6, STM32C051D8Y6TR, STM32C051F6P6, STM32C051F8P6, STM32C051G6U6, STM32C051G8U6, STM32C051K6T6, STM32C051K6U6, STM32C051K8T6, STM32C071C8T6, STM32C071C8T6N, STM32C071C8U6, STM32C071C8U6N, STM32C071CBT6, STM32C071CBT6N, STM32C071CBU6, STM32C071CBU6N, STM32C071F8P6, STM32C071F8P6N, STM32C071FBP6, STM32C071FBP6N, STM32C071FBY6TR, STM32C071G8U6, STM32C071G8U6N, STM32C071GBU6, STM32C071GBU6N, STM32C071K8T6, STM32C071K8T6N, STM32C071K8U6, STM32C071K8U6N, STM32C071KBT6, STM32C071KBT6N, STM32C071KBU6, STM32C071KBU6N, STM32C071R8T6, STM32C071R8T6N, STM32C071RBI6N, STM32C071RBT6, STM32C071RBT6N, STM32C091CBT6, STM32C091CBU6, STM32C091CCT6, STM32C091CCU6, STM32C091ECY6TR, STM32C091FBP6, STM32C091FCP6, STM32C091GBU6, STM32C091GCU6, STM32C091KBT6, STM32C091KBU6, STM32C091KCT6, STM32C091KCU6, STM32C091RBT6, STM32C091RCI6, STM32C091RCT6, STM32C092CBT6, STM32C092CBU6, STM32C092CCT6, STM32C092CCU6, STM32C092ECY6TR, STM32C092FBP6, STM32C092FCP6, STM32C092GBU6, STM32C092GCU6, STM32C092KBT6, STM32C092KBU6, STM32C092KCT6, STM32C092KCU6, STM32C092RBT6, STM32C092RCI6, STM32C092RCT6, STM32G071K8TXN, STM32G071K8UXN, STM32G081GBU6N, STM32G081KBT6N, STM32G081KBUXN, STM32G0B1CCT6N, STM32G0B1KCT6, STM32G0B1NEY6TR, STM32G0B1RCT6N, STM32G0C1CCT6, STM32G0C1CCT6N, STM32G0C1CCU6N, STM32G0C1CET6N, STM32G0C1CEU6N, STM32G0C1KCT6, STM32G0C1NEY6TR, STM32G0C1RCI6N, STM32G0C1RCT6N, STM32G0C1REI6N, STM32G0C1RET6N, STM32G0C1VCI6, STM32G0C1VEI6, STM32G411C6T3, STM32G411C6T6, STM32G411C6U3, STM32G411C6U6, STM32G411C8T3, STM32G411C8T6, STM32G411C8U3, STM32G411C8U6, STM32G411CBT3, STM32G411CBT6, STM32G411CBU3, STM32G411CBU6, STM32G411K6T3, STM32G411K6T6, STM32G411K6U3, STM32G411K6U6, STM32G411K8T3, STM32G411K8T6, STM32G411K8U3, STM32G411K8U6, STM32G411KBT3, STM32G411KBT6, STM32G411KBU3, STM32G411KBU6, STM32G411M6T3, STM32G411M6T6, STM32G411M8T3, STM32G411M8T6, STM32G411MBT3, STM32G411MBT6, STM32G411R6T3, STM32G411R6T6, STM32G411R8T3, STM32G411R8T6, STM32G411RBT3, STM32G411RBT6, STM32G414CBT3, STM32G414CBT6, STM32G414CBU3, STM32G414CBU6, STM32G414CCT3, STM32G414CCT6, STM32G414CCU3, STM32G414CCU6, STM32G414MBT3, STM32G414MBT6, STM32G414MCT3, STM32G414MCT6, STM32G414RBT3, STM32G414RBT6, STM32G414RCT3, STM32G414RCT6, STM32G414VBT3, STM32G414VBT6, STM32G414VCT3, STM32G414VCT6, STM32G431CBT3Z, STM32G431RBT3Z, STM32G471CCT6, STM32G471CCU6, STM32G471CET3, STM32G471CET6, STM32G471CEU3, STM32G471CEU6, STM32G471MCT6, STM32G471MET3, STM32G471MET6, STM32G471MEY6TR, STM32G471QCT6, STM32G471QET3, STM32G471RCT6, STM32G471RET3, STM32G471RET6, STM32G471VCH6, STM32G471VCI6, STM32G471VCT6, STM32G471VEH3, STM32G471VEH6, STM32G471VEI3, STM32G471VEI6, STM32G471VET3, STM32G471VET6, STM32G473QET3Z, STM32G473RET3Z, STM32G474CCT6, STM32G491RET3Z, STM32H503CBT6, STM32H503CBU6, STM32H503EBY6TR, STM32H503KBU6, STM32H503RBT6, STM32H523CCT6, STM32H523CCU6, STM32H523CET6, STM32H523CEU6, STM32H523HEY6TR, STM32H523RCT6, STM32H523RET6, STM32H523VCI6, STM32H523VCT6, STM32H523VEI6, STM32H523VET6, STM32H523ZCJ6, STM32H523ZCT6, STM32H523ZEJ6, STM32H523ZET6, STM32H533CET6, STM32H533CEU6, STM32H533HEY6TR, STM32H533RET6, STM32H533VEI6, STM32H533VET6, STM32H533ZEJ6, STM32H533ZET6, STM32H562AGI6, STM32H562AII6, STM32H562IGK6, STM32H562IGT6, STM32H562IIK6, STM32H562IIT6, STM32H562RGT6, STM32H562RGV6, STM32H562RIT6, STM32H562RIV6, STM32H562VGT6, STM32H562VIT6, STM32H562ZGT6, STM32H562ZIT6, STM32H563AGI6, STM32H563AII3Q, STM32H563AII6, STM32H563IGK6, STM32H563IGT6, STM32H563IIK3Q, STM32H563IIK6, STM32H563IIT3Q, STM32H563IIT6, STM32H563MIY3QTR, STM32H563RGT6, STM32H563RGV6, STM32H563RIT6, STM32H563RIV6, STM32H563VGT6, STM32H563VIT3Q, STM32H563VIT6, STM32H563ZGT6, STM32H563ZIT3Q, STM32H563ZIT6, STM32H573AII3Q, STM32H573AII6, STM32H573I-DK, STM32H573IIK3Q, STM32H573IIK6, STM32H573IIT3Q, STM32H573IIT6, STM32H573MIY3QTR, STM32H573RIT6, STM32H573RIV6, STM32H573VIT3Q, STM32H573VIT6, STM32H573ZIT3Q, STM32H573ZIT6, STM32H7R3A8I6, STM32H7R3I8K6, STM32H7R3I8T6, STM32H7R3L8H6, STM32H7R3L8H6H, STM32H7R3R8V6, STM32H7R3V8H6, STM32H7R3V8T6, STM32H7R3V8Y6TR, STM32H7R3Z8J6, STM32H7R3Z8T6, STM32H7R7A8I6, STM32H7R7I8K6, STM32H7R7I8T6, STM32H7R7L8H6, STM32H7R7L8H6H, STM32H7R7Z8J6, STM32H7S3A8I6, STM32H7S3I8K6, STM32H7S3I8T6, STM32H7S3L8H6, STM32H7S3L8H6H, STM32H7S3R8V6, STM32H7S3V8H6, STM32H7S3V8T6, STM32H7S3V8Y6TR, STM32H7S3Z8J6, STM32H7S3Z8T6, STM32H7S78-DK, STM32H7S7A8I6, STM32H7S7I8K6, STM32H7S7I8T6, STM32H7S7L8H6, STM32H7S7L8H6H, STM32H7S7Z8J6, STM32L4R5QGI6STR, STM32MP131AAE3, STM32MP131AAF3, STM32MP131AAG3, STM32MP131CAE3, STM32MP131CAF3, STM32MP131CAG3, STM32MP131DAE7, STM32MP131DAF7, STM32MP131DAG7, STM32MP131FAE7, STM32MP131FAF7, STM32MP131FAG7, STM32MP133AAE3, STM32MP133AAF3, STM32MP133AAG3, STM32MP133CAE3, STM32MP133CAF3, STM32MP133CAG3, STM32MP133DAE7, STM32MP133DAF7, STM32MP133DAG7, STM32MP133FAE7, STM32MP133FAF7, STM32MP133FAG7, STM32MP135AAE3, STM32MP135AAF3, STM32MP135AAG3, STM32MP135CAE3, STM32MP135CAF3, STM32MP135CAG3, STM32MP135DAE7, STM32MP135DAF7, STM32MP135DAG7, STM32MP135F-DK, STM32MP135FAE7, STM32MP135FAF7, STM32MP135FAF7T, STM32MP135FAF7U, STM32MP135FAG7, STM32MP211AAL3, STM32MP211AAM3, STM32MP211AAN3, STM32MP211AAO3, STM32MP211CAL3, STM32MP211CAM3, STM32MP211CAN3, STM32MP211CAO3, STM32MP211DAL3, STM32MP211DAM3, STM32MP211DAN3, STM32MP211DAO3, STM32MP211FAL3, STM32MP211FAM3, STM32MP211FAN3, STM32MP211FAO3, STM32MP213AAL3, STM32MP213AAM3, STM32MP213AAN3, STM32MP213AAO3, STM32MP213CAL3, STM32MP213CAM3, STM32MP213CAN3, STM32MP213CAO3, STM32MP213DAL3, STM32MP213DAM3, STM32MP213DAN3, STM32MP213DAO3, STM32MP213FAL3, STM32MP213FAM3, STM32MP213FAN3, STM32MP213FAO3, STM32MP215AAL3, STM32MP215AAM3, STM32MP215AAN3, STM32MP215AAO3, STM32MP215CAL3, STM32MP215CAM3, STM32MP215CAN3, STM32MP215CAO3, STM32MP215DAL3, STM32MP215DAM3, STM32MP215DAN3, STM32MP215DAO3, STM32MP215F-DK, STM32MP215FAL3, STM32MP215FAM3, STM32MP215FAN3, STM32MP215FAO3, STM32MP231AAJ3, STM32MP231AAK3, STM32MP231AAL3, STM32MP231CAJ3, STM32MP231CAK3, STM32MP231CAL3, STM32MP231DAJ3, STM32MP231DAK3, STM32MP231DAL3, STM32MP231FAJ3, STM32MP231FAK3, STM32MP231FAL3, STM32MP233AAJ3, STM32MP233AAK3, STM32MP233AAL3, STM32MP233CAJ3, STM32MP233CAK3, STM32MP233CAL3, STM32MP233DAJ3, STM32MP233DAK3, STM32MP233DAL3, STM32MP233FAJ3, STM32MP233FAK3, STM32MP233FAL3, STM32MP235AAJ3, STM32MP235AAK3, STM32MP235AAL3, STM32MP235CAJ3, STM32MP235CAK3, STM32MP235CAL3, STM32MP235DAJ3, STM32MP235DAK3, STM32MP235DAL3, STM32MP235FAJ3, STM32MP235FAK3, STM32MP235FAL3, STM32MP251AAI3, STM32MP251AAK3, STM32MP251AAL3, STM32MP251CAI3, STM32MP251CAK3, STM32MP251CAL3, STM32MP251DAI3, STM32MP251DAK3, STM32MP251DAL3, STM32MP251FAI3, STM32MP251FAK3, STM32MP251FAL3, STM32MP253AAI3, STM32MP253AAK3, STM32MP253AAL3, STM32MP253CAI3, STM32MP253CAK3, STM32MP253CAL3, STM32MP253DAI3, STM32MP253DAK3, STM32MP253DAL3, STM32MP253FAI3, STM32MP253FAK3, STM32MP253FAL3, STM32MP255AAI3, STM32MP255AAK3, STM32MP255AAL3, STM32MP255CAI3, STM32MP255CAK3, STM32MP255CAL3, STM32MP255DAI3, STM32MP255DAK3, STM32MP255DAL3, STM32MP255FAI3, STM32MP255FAK3, STM32MP255FAL3, STM32MP257AAI3, STM32MP257AAK3, STM32MP257AAL3, STM32MP257CAI3, STM32MP257CAK3, STM32MP257CAL3, STM32MP257DAI3, STM32MP257DAK3, STM32MP257DAL3, STM32MP257F-DK, STM32MP257F-EV1, STM32MP257FAI3, STM32MP257FAK3, STM32MP257FAL3, STM32N645A0H3Q, STM32N645B0H3Q, STM32N645I0H3Q, STM32N645L0H3Q, STM32N645X0H3Q, STM32N645Z0H3Q, STM32N647A0H3Q, STM32N647B0H3Q, STM32N647I0H3Q, STM32N647L0H3Q, STM32N647X0H3Q, STM32N647Z0H3Q, STM32N655A0H3Q, STM32N655B0H3Q, STM32N655I0H3Q, STM32N655L0H3Q, STM32N655X0H3Q, STM32N655Z0H3Q, STM32N6570-DK, STM32N657A0H3Q, STM32N657B0H3Q, STM32N657I0H3Q, STM32N657L0H3Q, STM32N657X0H3Q, STM32N657Z0H3Q, STM32U031C6T6, STM32U031C6U6, STM32U031C8T6, STM32U031C8U6, STM32U031F4P6, STM32U031F6P6, STM32U031F8P6, STM32U031G6Y6TR, STM32U031G8Y6TR, STM32U031K4U6, STM32U031K6U6, STM32U031K8U6, STM32U031R6I6, STM32U031R6T6, STM32U031R8I6, STM32U031R8T6, STM32U073C8T6, STM32U073C8U6, STM32U073CBT6, STM32U073CBU6, STM32U073CCT6, STM32U073CCU6, STM32U073H8Y6TR, STM32U073HBY6TR, STM32U073HCY6TR, STM32U073K8U6, STM32U073KBU6, STM32U073KCU6, STM32U073M8I6, STM32U073M8T6, STM32U073MBI6, STM32U073MBT6, STM32U073MCI6, STM32U073MCT6, STM32U073R8I6, STM32U073R8T6, STM32U073RBI6, STM32U073RBT6, STM32U073RCI6, STM32U073RCT6, STM32U083C-DK, STM32U083CCT6, STM32U083CCU6, STM32U083HCY6TR, STM32U083KCU6, STM32U083MCI6, STM32U083MCT6, STM32U083RCI6, STM32U083RCT6, STM32U375CET6, STM32U375CET6Q, STM32U375CEU6, STM32U375CEU6Q, STM32U375CEY6QTR, STM32U375CGT6, STM32U375CGT6Q, STM32U375CGU6, STM32U375CGU6Q, STM32U375CGY6QTR, STM32U375KEU6, STM32U375KGU6, STM32U375REI6, STM32U375REI6Q, STM32U375RET6, STM32U375RET6Q, STM32U375REY6GTR, STM32U375REY6QTR, STM32U375RGI6, STM32U375RGI6Q, STM32U375RGT6, STM32U375RGT6Q, STM32U375RGY6GTR, STM32U375RGY6QTR, STM32U375VEI6, STM32U375VEI6Q, STM32U375VET6, STM32U375VET6Q, STM32U375VGI6, STM32U375VGI6Q, STM32U375VGT6, STM32U375VGT6Q, STM32U385CGT6, STM32U385CGT6Q, STM32U385CGU6, STM32U385CGU6Q, STM32U385CGY6QTR, STM32U385KGU6, STM32U385RGI6, STM32U385RGI6Q, STM32U385RGT6, STM32U385RGT6Q, STM32U385RGY6GTR, STM32U385RGY6QTR, STM32U385VGI6, STM32U385VGI6Q, STM32U385VGT6, STM32U385VGT6Q, STM32U535CBT6, STM32U535CBT6Q, STM32U535CBU6, STM32U535CBU6Q, STM32U535CCT6, STM32U535CCT6Q, STM32U535CCU6, STM32U535CCU6Q, STM32U535CET6, STM32U535CET6Q, STM32U535CEU6, STM32U535CEU6Q, STM32U535JEY6QTR, STM32U535NCY6QTR, STM32U535NEY6QTR, STM32U535RBI6, STM32U535RBI6Q, STM32U535RBT6, STM32U535RBT6Q, STM32U535RCI6, STM32U535RCI6Q, STM32U535RCT6, STM32U535RCT6Q, STM32U535REI6, STM32U535REI6Q, STM32U535RET6, STM32U535RET6Q, STM32U535VCI6, STM32U535VCI6Q, STM32U535VCT6, STM32U535VCT6Q, STM32U535VEI6, STM32U535VEI6Q, STM32U535VET6, STM32U535VET6Q, STM32U545CET6, STM32U545CET6Q, STM32U545CEU6, STM32U545CEU6Q, STM32U545JEY6QTR, STM32U545NEY6QTR, STM32U545REI6, STM32U545REI6Q, STM32U545RET6, STM32U545RET6Q, STM32U545VEI6, STM32U545VEI6Q, STM32U545VET6, STM32U545VET6Q, STM32U595AIH6, STM32U595AIH6Q, STM32U595AJH6, STM32U595AJH6Q, STM32U595QII6, STM32U595QII6Q, STM32U595QJI6, STM32U595QJI6Q, STM32U595RIT6, STM32U595RIT6Q, STM32U595RJT6, STM32U595RJT6Q, STM32U595VIT6, STM32U595VIT6Q, STM32U595VJT6, STM32U595VJT6Q, STM32U595ZIT6, STM32U595ZIT6Q, STM32U595ZIY6QTR, STM32U595ZJT6, STM32U595ZJT6Q, STM32U595ZJY6QTR, STM32U599BJY6QTR, STM32U599NIH6Q, STM32U599NJH6Q, STM32U599VIT6Q, STM32U599VJT6, STM32U599VJT6Q, STM32U599ZIT6Q, STM32U599ZIY6QTR, STM32U599ZJT6Q, STM32U599ZJY6QTR, STM32U5A5AJH6, STM32U5A5AJH6Q, STM32U5A5QII3Q , STM32U5A5QJI6, STM32U5A5QJI6Q, STM32U5A5RJT6, STM32U5A5RJT6Q, STM32U5A5VJT6, STM32U5A5VJT6Q, STM32U5A5ZJT6, STM32U5A5ZJT6Q, STM32U5A5ZJY6QTR, STM32U5A9BJY6QTR, STM32U5A9J-DK, STM32U5A9NJH6Q, STM32U5A9VJT6Q, STM32U5A9ZJT6Q, STM32U5A9ZJY6QTR, STM32U5F7VIT6, STM32U5F7VIT6Q, STM32U5F7VJT6, STM32U5F7VJT6Q, STM32U5F9BJY6QTR, STM32U5F9NJH6Q, STM32U5F9VIT6Q, STM32U5F9VJT6Q, STM32U5F9ZIJ6QTR, STM32U5F9ZIT6Q, STM32U5F9ZJJ6QTR, STM32U5F9ZJT6Q, STM32U5G7VJT6, STM32U5G7VJT6Q, STM32U5G9BJY6QTR, STM32U5G9J-DK1, STM32U5G9J-DK2, STM32U5G9NJH6Q, STM32U5G9VJT6Q, STM32U5G9ZJJ6QTR, STM32U5G9ZJT6Q, STM32WB05KZV6TR, STM32WB05KZV7TR, STM32WB05TZF6TR, STM32WB05TZF7TR, STM32WB06CCF6TR, STM32WB06CCF7TR, STM32WB06CCV6TR, STM32WB06CCV7TR, STM32WB06KCV6TR, STM32WB06KCV7TR, STM32WB07CCF6TR, STM32WB07CCF7TR, STM32WB07CCV6TR, STM32WB07CCV7TR, STM32WB07KCV6TR, STM32WB07KCV7TR, STM32WB09KEV6TR, STM32WB09KEV7TR, STM32WB09TEF6TR, STM32WB09TEF7TR, STM32WB1MMCH6, STM32WBA50KGU6, STM32WBA50KGU6TR, STM32WBA52CEU6, STM32WBA52CEU6TR, STM32WBA52CEU7, STM32WBA52CEU7TR, STM32WBA52CGU6, STM32WBA52CGU6TR, STM32WBA52CGU6U, STM32WBA52CGU7, STM32WBA52CGU7TR, STM32WBA52KEU6, STM32WBA52KEU6TR, STM32WBA52KGU6, STM32WBA52KGU6TR, STM32WBA54CEU6, STM32WBA54CEU6TR, STM32WBA54CEU7, STM32WBA54CEU7TR, STM32WBA54CGU6, STM32WBA54CGU6TR, STM32WBA54CGU7, STM32WBA54CGU7TR, STM32WBA54KEU6, STM32WBA54KEU6TR, STM32WBA54KEU7, STM32WBA54KEU7TR, STM32WBA54KGU6, STM32WBA54KGU6TR, STM32WBA54KGU7, STM32WBA54KGU7TR, STM32WBA55CEU6, STM32WBA55CEU6TR, STM32WBA55CEU7, STM32WBA55CEU7TR, STM32WBA55CGU6, STM32WBA55CGU6TR, STM32WBA55CGU6U, STM32WBA55CGU7, STM32WBA55CGU7TR, STM32WBA55G-DK1, STM32WBA55HEF6, STM32WBA55HEF7, STM32WBA55HGF6, STM32WBA55HGF7, STM32WBA55UEI6, STM32WBA55UEI6TR, STM32WBA55UEI7, STM32WBA55UEI7TR, STM32WBA55UGI6, STM32WBA55UGI6TR, STM32WBA55UGI7, STM32WBA55UGI7TR, STM32WBA5MMGH6TR, STM32WBA62MGF6, STM32WBA62MIF6, STM32WBA65MGF7, STM32WBA65MIF6, STM32WBA65MIF7, STM32WL30K8V6, STM32WL30KBV6, STM32WL31C8V6, STM32WL31CBV6, STM32WL31K8V6, STM32WL31KBV6, STM32WL33C8V6, STM32WL33C8V6X, STM32WL33CBV6, STM32WL33CBV6X, STM32WL33CCV6, STM32WL33CCV6A, STM32WL33CCV6X, STM32WL33K8V7, STM32WL33K8V7X, STM32WL33KBV7 , STM32WL33KBV7X, STM32WL33KCV7, STM32WL33KCV7X, STM32WL5MOCH6, STM32WL5MOCH6TR]
2026-03-10 17:11:47,313 [INFO] DbMcus:218 - Found 4922 MCUs, 4922 are supported
2026-03-10 17:11:47,313 [INFO] ApiDb:423 - Load user favorites file /home/kamil/.stm32cubeide/favorites.mcus.txt: 0 item(s)
2026-03-10 17:11:47,313 [INFO] ApiDb:427 - User favorites MCUs=[]
2026-03-10 17:11:47,313 [INFO] DbMcus:224 - Set 0 / 0 favorites MCUs
2026-03-10 17:11:47,675 [INFO] BoardInfo:889 - No configuration file found for board P-NUCLEO-WB55
2026-03-10 17:11:47,675 [INFO] DbBoards:161 - Kit is not supported: P-NUCLEO-WB55
2026-03-10 17:11:47,677 [INFO] BoardInfo:889 - No configuration file found for board STEVAL-BFA001V1B
2026-03-10 17:11:47,677 [INFO] DbBoards:161 - Kit is not supported: STEVAL-BFA001V1B
2026-03-10 17:11:47,678 [INFO] BoardInfo:889 - No configuration file found for board STEVAL-BFA001V2B
2026-03-10 17:11:47,678 [INFO] DbBoards:161 - Kit is not supported: STEVAL-BFA001V2B
2026-03-10 17:11:47,739 [INFO] DbBoards:168 - Found 212 boards, 209 are supported
2026-03-10 17:11:47,739 [INFO] DbBoards:169 - Found 212 boards, 43 of them is supported for  Bsp
2026-03-10 17:11:47,741 [INFO] ApiDb:423 - Load user favorites file /home/kamil/.stm32cubeide/favorites.boards.txt: 0 item(s)
2026-03-10 17:11:47,741 [INFO] ApiDb:427 - User favorites Boards=[]
2026-03-10 17:11:47,741 [INFO] DbBoards:198 - Set 0 / 0 favorites Boards
2026-03-10 17:11:47,784 [INFO] UtilMem:75 - End LoadConfig() Used Memory: 200427632 Bytes (329252864)
2026-03-10 17:11:47,866 [WARN] ThirdParty:833 - waiting for thirdparty lock release [change project]
2026-03-10 17:11:47,867 [INFO] ThirdParty:835 - entering critical section [change project]
2026-03-10 17:11:47,867 [INFO] ThirdParty:1030 - CMSIS Pack Vendor :STMicroelectronics X-CUBE-AZRTOS-H7 3.5.0
2026-03-10 17:11:47,867 [INFO] ThirdParty:1030 - CMSIS Pack Vendor :STMicroelectronics X-CUBE-PM33A1 1.0.0
2026-03-10 17:11:47,867 [INFO] ThirdParty:1030 - CMSIS Pack Vendor :STMicroelectronics USBPD 4.1
2026-03-10 17:11:47,867 [INFO] ThirdParty:1030 - CMSIS Pack Vendor :STMicroelectronics X-CUBE-NFC9 1.0.0
2026-03-10 17:11:47,867 [INFO] ThirdParty:1030 - CMSIS Pack Vendor :STMicroelectronics USB_HOST 2.0.0
2026-03-10 17:11:47,867 [INFO] ThirdParty:1030 - CMSIS Pack Vendor :STMicroelectronics FP-SNS-MOTENVWB1 1.4.0
2026-03-10 17:11:47,867 [INFO] ThirdParty:1030 - CMSIS Pack Vendor :STMicroelectronics X-CUBE-AZRTOS-F4 1.1.0
2026-03-10 17:11:47,867 [INFO] ThirdParty:1030 - CMSIS Pack Vendor :STMicroelectronics LIBJPEG 8.0.0
2026-03-10 17:11:47,867 [INFO] ThirdParty:1030 - CMSIS Pack Vendor :STMicroelectronics FP-ATR-ASTRA1 2.0.2
2026-03-10 17:11:47,867 [INFO] ThirdParty:1030 - CMSIS Pack Vendor :wolfSSL I-CUBE-wolfSSL 5.8.2
2026-03-10 17:11:47,867 [INFO] ThirdParty:1030 - CMSIS Pack Vendor :STMicroelectronics X-CUBE-BLE1 7.1.0
2026-03-10 17:11:47,867 [INFO] ThirdParty:1030 - CMSIS Pack Vendor :STMicroelectronics X-CUBE-SMBUS 2.1.0
2026-03-10 17:11:47,867 [INFO] ThirdParty:1030 - CMSIS Pack Vendor :wolfSSL I-CUBE-wolfMQTT 1.19.2
2026-03-10 17:11:47,867 [INFO] ThirdParty:1030 - CMSIS Pack Vendor :STMicroelectronics USB_DEVICE 3.0.0
2026-03-10 17:11:47,867 [INFO] ThirdParty:1030 - CMSIS Pack Vendor :STMicroelectronics X-CUBE-ISPU 2.1.0
2026-03-10 17:11:47,867 [INFO] ThirdParty:1030 - CMSIS Pack Vendor :STMicroelectronics X-CUBE-FREERTOS 1.4.0
2026-03-10 17:11:47,867 [INFO] ThirdParty:1030 - CMSIS Pack Vendor :STMicroelectronics X-CUBE-EEPRMA1 5.2.0
2026-03-10 17:11:47,867 [INFO] ThirdParty:1030 - CMSIS Pack Vendor :STMicroelectronics X-CUBE-IPS 3.2.0
2026-03-10 17:11:47,867 [INFO] ThirdParty:1030 - CMSIS Pack Vendor :STMicroelectronics X-CUBE-BLEMGR 4.1.0
2026-03-10 17:11:47,867 [INFO] ThirdParty:1030 - CMSIS Pack Vendor :STMicroelectronics X-CUBE-AZRTOS-WB 2.0.0
2026-03-10 17:11:47,867 [INFO] ThirdParty:1030 - CMSIS Pack Vendor :STMicroelectronics X-CUBE-ST60 1.0.0
2026-03-10 17:11:47,867 [INFO] ThirdParty:1030 - CMSIS Pack Vendor :STMicroelectronics X-CUBE-GNSS1 7.0.1
2026-03-10 17:11:47,867 [INFO] ThirdParty:1030 - CMSIS Pack Vendor :STMicroelectronics X-CUBE-NFC12 1.0.0
2026-03-10 17:11:47,867 [INFO] ThirdParty:1030 - CMSIS Pack Vendor :STMicroelectronics X-CUBE-AZRTOS-F7 1.1.0
2026-03-10 17:11:47,867 [INFO] ThirdParty:1030 - CMSIS Pack Vendor :STMicroelectronics X-CUBE-AZRTOS-L5 2.0.0
2026-03-10 17:11:47,867 [INFO] ThirdParty:1030 - CMSIS Pack Vendor :STMicroelectronics USB_DEVICE 2.0.0
2026-03-10 17:11:47,867 [INFO] ThirdParty:1030 - CMSIS Pack Vendor :STMicroelectronics X-CUBE-NFC6 3.1.0
2026-03-10 17:11:47,867 [INFO] ThirdParty:1030 - CMSIS Pack Vendor :STMicroelectronics X-CUBE-ST67W61 1.1.0
2026-03-10 17:11:47,867 [INFO] ThirdParty:1030 - CMSIS Pack Vendor :Cesanta I-CUBE-Mongoose 7.19.0
2026-03-10 17:11:47,867 [INFO] ThirdParty:1030 - CMSIS Pack Vendor :quantropi X-CUBE-qispace-sdk-base 2.1.0
2026-03-10 17:11:47,867 [INFO] ThirdParty:1030 - CMSIS Pack Vendor :STMicroelectronics X-CUBE-MEMS1 12.0.0
2026-03-10 17:11:47,867 [INFO] ThirdParty:1030 - CMSIS Pack Vendor :STMicroelectronics X-CUBE-STSE01 2.0.0
2026-03-10 17:11:47,867 [INFO] ThirdParty:1030 - CMSIS Pack Vendor :STMicroelectronics FP-SNS-MOTENV1 5.1.0
2026-03-10 17:11:47,867 [INFO] ThirdParty:1030 - CMSIS Pack Vendor :STMicroelectronics FreeRTOS 0.0.1
2026-03-10 17:11:47,868 [INFO] ThirdParty:1030 - CMSIS Pack Vendor :STMicroelectronics X-CUBE-AZRTOS-G0 1.1.0
2026-03-10 17:11:47,868 [INFO] ThirdParty:1030 - CMSIS Pack Vendor :STMicroelectronics X-CUBE-SAFEA1 1.2.2
2026-03-10 17:11:47,868 [INFO] ThirdParty:1030 - CMSIS Pack Vendor :STMicroelectronics X-CUBE-NFC4 3.0.0
2026-03-10 17:11:47,868 [INFO] ThirdParty:1030 - CMSIS Pack Vendor :STMicroelectronics X-CUBE-SUBG2 5.0.0
2026-03-10 17:11:47,868 [INFO] ThirdParty:1030 - CMSIS Pack Vendor :STMicroelectronics X-CUBE-AZRTOS-H7RS 1.1.0
2026-03-10 17:11:47,868 [INFO] ThirdParty:1030 - CMSIS Pack Vendor :STMicroelectronics STM32_WPAN 1.0.0
2026-03-10 17:11:47,868 [INFO] ThirdParty:1030 - CMSIS Pack Vendor :EmbeddedOffice I-CUBE-FS-RTOS 1.0.1
2026-03-10 17:11:47,868 [INFO] ThirdParty:1030 - CMSIS Pack Vendor :STMicroelectronics lwIP 2.0.3
2026-03-10 17:11:47,868 [INFO] ThirdParty:1030 - CMSIS Pack Vendor :WES I-CUBE-Cesium 1.4.0
2026-03-10 17:11:47,868 [INFO] ThirdParty:1030 - CMSIS Pack Vendor :STMicroelectronics USB_HOST 1.0.0
2026-03-10 17:11:47,868 [INFO] ThirdParty:1030 - CMSIS Pack Vendor :Infineon AIROC-Wi-Fi-Bluetooth-STM32 1.7.1
2026-03-10 17:11:47,868 [INFO] ThirdParty:1030 - CMSIS Pack Vendor :STMicroelectronics X-CUBE-AZRTOS-G4 2.0.0
2026-03-10 17:11:47,868 [INFO] ThirdParty:1030 - CMSIS Pack Vendor :STMicroelectronics X-CUBE-WB05N 2.0.0
2026-03-10 17:11:47,868 [INFO] ThirdParty:1030 - CMSIS Pack Vendor :STMicroelectronics PDM2PCM 3.1.0
2026-03-10 17:11:47,868 [INFO] ThirdParty:1030 - CMSIS Pack Vendor :STMicroelectronics PDM2PCM 3.3.0
2026-03-10 17:11:47,868 [INFO] ThirdParty:1030 - CMSIS Pack Vendor :wolfSSL I-CUBE-wolfTPM 3.8.0
2026-03-10 17:11:47,868 [INFO] ThirdParty:1030 - CMSIS Pack Vendor :STMicroelectronics X-CUBE-AZRTOS-H7 3.4.0
2026-03-10 17:11:47,868 [INFO] ThirdParty:1030 - CMSIS Pack Vendor :STMicroelectronics X-CUBE-DISPLAY 3.0.0
2026-03-10 17:11:47,868 [INFO] ThirdParty:1030 - CMSIS Pack Vendor :wolfSSL I-CUBE-wolfSSH 1.4.20
2026-03-10 17:11:47,868 [INFO] ThirdParty:1030 - CMSIS Pack Vendor :STMicroelectronics X-CUBE-NFC7 2.0.0
2026-03-10 17:11:47,868 [INFO] ThirdParty:1030 - CMSIS Pack Vendor :STMicroelectronics FP-SNS-MOTENVWB1 1.5.0
2026-03-10 17:11:47,868 [INFO] ThirdParty:1030 - CMSIS Pack Vendor :STMicroelectronics X-CUBE-TCPP 4.2.0
2026-03-10 17:11:47,868 [INFO] ThirdParty:1030 - CMSIS Pack Vendor :RealThread X-CUBE-RT-Thread_Nano 4.1.1
2026-03-10 17:11:47,868 [INFO] ThirdParty:1030 - CMSIS Pack Vendor :STMicroelectronics FP-ATR-SIGFOX1 3.2.0
2026-03-10 17:11:47,868 [INFO] ThirdParty:1030 - CMSIS Pack Vendor :STMicroelectronics X-CUBE-NFC10 1.0.0
2026-03-10 17:11:47,868 [INFO] ThirdParty:1030 - CMSIS Pack Vendor :STMicroelectronics X-CUBE-FREERTOS 1.3.1
2026-03-10 17:11:47,868 [INFO] ThirdParty:1030 - CMSIS Pack Vendor :STMicroelectronics HAL Drivers 0.0.0
2026-03-10 17:11:47,868 [INFO] ThirdParty:1030 - CMSIS Pack Vendor :STMicroelectronics X-CUBE-FREERTOS 1.5.0
2026-03-10 17:11:47,868 [INFO] ThirdParty:1030 - CMSIS Pack Vendor :STMicroelectronics MBEDTLS 2.16.2
2026-03-10 17:11:47,868 [INFO] ThirdParty:1030 - CMSIS Pack Vendor :STMicroelectronics X-CUBE-ST60 1.1.0
2026-03-10 17:11:47,868 [INFO] ThirdParty:1030 - CMSIS Pack Vendor :STMicroelectronics X-CUBE-ALS 1.0.2
2026-03-10 17:11:47,868 [INFO] ThirdParty:1030 - CMSIS Pack Vendor :emotas I-CUBE-CANOPEN 1.3.0
2026-03-10 17:11:47,868 [INFO] ThirdParty:1030 - CMSIS Pack Vendor :STMicroelectronics MBEDTLS 2.14.1
2026-03-10 17:11:47,868 [INFO] ThirdParty:1030 - CMSIS Pack Vendor :STMicroelectronics X-CUBE-GNSS1 7.1.0
2026-03-10 17:11:47,868 [INFO] ThirdParty:1030 - CMSIS Pack Vendor :ITTIA_DB I-CUBE-ITTIADB 8.9.0
2026-03-10 17:11:47,868 [INFO] ThirdParty:1030 - CMSIS Pack Vendor :STMicroelectronics X-CUBE-TOUCHGFX 4.26.0
2026-03-10 17:11:47,868 [INFO] ThirdParty:1030 - CMSIS Pack Vendor :STMicroelectronics X-CUBE-STSE01 1.0.0
2026-03-10 17:11:47,868 [INFO] ThirdParty:1030 - CMSIS Pack Vendor :STMicroelectronics X-CUBE-TOUCHGFX 4.26.1
2026-03-10 17:11:47,868 [INFO] ThirdParty:1030 - CMSIS Pack Vendor :STMicroelectronics X-CUBE-NFC6 3.2.0
2026-03-10 17:11:47,868 [INFO] ThirdParty:1030 - CMSIS Pack Vendor :STMicroelectronics ThreadX 1.0.0
2026-03-10 17:11:47,868 [INFO] ThirdParty:1030 - CMSIS Pack Vendor :STMicroelectronics FP-SNS-SMARTAG2 1.2.0
2026-03-10 17:11:47,868 [INFO] ThirdParty:1030 - CMSIS Pack Vendor :STMicroelectronics FP-SNS-FLIGHT1 5.1.0
2026-03-10 17:11:47,868 [INFO] ThirdParty:1030 - CMSIS Pack Vendor :STMicroelectronics X-CUBE-AZRTOS-WL 2.0.0
2026-03-10 17:11:47,868 [INFO] ThirdParty:1030 - CMSIS Pack Vendor :SEGGER I-CUBE-embOS 1.3.1
2026-03-10 17:11:47,868 [INFO] ThirdParty:1030 - CMSIS Pack Vendor :STMicroelectronics X-CUBE-ALGOBUILD 1.4.0
2026-03-10 17:11:47,869 [INFO] ThirdParty:1030 - CMSIS Pack Vendor :STMicroelectronics X-CUBE-DPower 1.3.0
2026-03-10 17:11:47,869 [INFO] ThirdParty:1030 - CMSIS Pack Vendor :STMicroelectronics X-CUBE-MEMS1 11.3.0
2026-03-10 17:11:47,869 [INFO] ThirdParty:1030 - CMSIS Pack Vendor :STMicroelectronics FP-SNS-MOTENV1 5.0.0
2026-03-10 17:11:47,869 [INFO] ThirdParty:1030 - CMSIS Pack Vendor :STMicroelectronics USB_DEVICE 1.0.0
2026-03-10 17:11:47,869 [INFO] ThirdParty:1030 - CMSIS Pack Vendor :STMicroelectronics X-CUBE-AZRTOS-H7RS 1.2.0
2026-03-10 17:11:47,869 [INFO] ThirdParty:1030 - CMSIS Pack Vendor :STMicroelectronics X-CUBE-AZRTOS-L4 2.0.0
2026-03-10 17:11:47,869 [INFO] ThirdParty:1030 - CMSIS Pack Vendor :STMicroelectronics ThreadX 0.0.2
2026-03-10 17:11:47,869 [INFO] ThirdParty:1030 - CMSIS Pack Vendor :STMicroelectronics lwIP 2.1.2
2026-03-10 17:11:47,869 [INFO] ThirdParty:1030 - CMSIS Pack Vendor :STMicroelectronics X-CUBE-SFXS2LP1 4.0.0
2026-03-10 17:11:47,869 [INFO] ThirdParty:1030 - CMSIS Pack Vendor :STMicroelectronics X-CUBE-BLE2 3.3.0
2026-03-10 17:11:47,869 [INFO] ThirdParty:1030 - CMSIS Pack Vendor :Avnet-IOTCONNECT X-CUBE-iotc-st67-sdk 1.0.0
2026-03-10 17:11:47,869 [INFO] ThirdParty:1030 - CMSIS Pack Vendor :STMicroelectronics X-CUBE-TOF1 3.4.3
2026-03-10 17:11:47,869 [INFO] ThirdParty:1030 - CMSIS Pack Vendor :STMicroelectronics PDM2PCM 3.2.0
2026-03-10 17:11:47,869 [INFO] ThirdParty:1030 - CMSIS Pack Vendor :STMicroelectronics X-CUBE-ST67W61 1.2.0
2026-03-10 17:11:47,869 [INFO] ThirdParty:841 - exiting critical section [change project]
2026-03-10 17:11:48,175 [INFO] PinOutPanel:1589 - setPackage(No Configuration,No Configuration)
2026-03-10 17:11:48,176 [INFO] PinOutPanel:1589 - setPackage(STM32F446RETx,LQFP64)
2026-03-10 17:11:48,599 [INFO] UtilMem:75 - Before build in PCC Used Memory: 197914176 Bytes (329252864)
2026-03-10 17:11:48,999 [INFO] UtilMem:75 - After build in PCC Used Memory: 226647560 Bytes (339738624)
2026-03-10 17:11:49,038 [INFO] ApiDbMcu:532 - Load IP Config File for USB_DEVICE
2026-03-10 17:11:49,059 [INFO] IPUIPlugin:80 - create IPUIPlugin
2026-03-10 17:11:49,059 [INFO] IPUIPlugin:80 - create IPUIPlugin
2026-03-10 17:11:49,059 [INFO] IPUIPlugin:80 - create IPUIPlugin
2026-03-10 17:11:49,059 [INFO] IPUIPlugin:80 - create IPUIPlugin
2026-03-10 17:11:49,059 [INFO] IPUIPlugin:80 - create IPUIPlugin
2026-03-10 17:11:49,059 [INFO] IPUIPlugin:80 - create IPUIPlugin
2026-03-10 17:11:49,059 [INFO] IPUIPlugin:80 - create IPUIPlugin
2026-03-10 17:11:49,059 [INFO] IPUIPlugin:80 - create IPUIPlugin
2026-03-10 17:11:49,060 [INFO] IPUIPlugin:80 - create IPUIPlugin
2026-03-10 17:11:49,060 [INFO] IPUIPlugin:80 - create IPUIPlugin
2026-03-10 17:11:49,060 [INFO] IPUIPlugin:80 - create IPUIPlugin
2026-03-10 17:11:49,060 [INFO] IPUIPlugin:80 - create IPUIPlugin
2026-03-10 17:11:49,060 [INFO] IPUIPlugin:80 - create IPUIPlugin
2026-03-10 17:11:49,060 [INFO] IPUIPlugin:80 - create IPUIPlugin
2026-03-10 17:11:49,060 [INFO] IPUIPlugin:80 - create IPUIPlugin
2026-03-10 17:11:49,060 [INFO] IPUIPlugin:80 - create IPUIPlugin
2026-03-10 17:11:49,060 [INFO] IPUIPlugin:80 - create IPUIPlugin
2026-03-10 17:11:49,060 [INFO] IPUIPlugin:80 - create IPUIPlugin
2026-03-10 17:11:49,060 [INFO] IPUIPlugin:80 - create IPUIPlugin
2026-03-10 17:11:49,060 [INFO] IPUIPlugin:80 - create IPUIPlugin
2026-03-10 17:11:49,060 [INFO] IPUIPlugin:80 - create IPUIPlugin
2026-03-10 17:11:49,060 [INFO] IPUIPlugin:80 - create IPUIPlugin
2026-03-10 17:11:49,061 [INFO] IPUIPlugin:80 - create IPUIPlugin
2026-03-10 17:11:49,061 [INFO] IPUIPlugin:80 - create IPUIPlugin
2026-03-10 17:11:49,061 [INFO] IPUIPlugin:80 - create IPUIPlugin
2026-03-10 17:11:49,061 [INFO] IPUIPlugin:80 - create IPUIPlugin
2026-03-10 17:11:49,061 [INFO] IPUIPlugin:80 - create IPUIPlugin
2026-03-10 17:11:49,061 [INFO] IPUIPlugin:80 - create IPUIPlugin
2026-03-10 17:11:49,061 [INFO] IPUIPlugin:80 - create IPUIPlugin
2026-03-10 17:11:49,061 [INFO] IPUIPlugin:80 - create IPUIPlugin
2026-03-10 17:11:49,061 [INFO] IPUIPlugin:80 - create IPUIPlugin
2026-03-10 17:11:49,061 [INFO] IPUIPlugin:80 - create IPUIPlugin
2026-03-10 17:11:49,061 [INFO] IPUIPlugin:80 - create IPUIPlugin
2026-03-10 17:11:49,061 [INFO] IPUIPlugin:80 - create IPUIPlugin
2026-03-10 17:11:49,061 [INFO] IPUIPlugin:80 - create IPUIPlugin
2026-03-10 17:11:49,062 [INFO] IPUIPlugin:80 - create IPUIPlugin
2026-03-10 17:11:49,062 [INFO] IPUIPlugin:80 - create IPUIPlugin
2026-03-10 17:11:49,062 [INFO] IPUIPlugin:80 - create IPUIPlugin
2026-03-10 17:11:49,062 [INFO] IPUIPlugin:80 - create IPUIPlugin
2026-03-10 17:11:49,062 [INFO] IPUIPlugin:80 - create IPUIPlugin
2026-03-10 17:11:49,062 [INFO] IPUIPlugin:80 - create IPUIPlugin
2026-03-10 17:11:49,062 [INFO] IPUIPlugin:80 - create IPUIPlugin
2026-03-10 17:11:49,062 [INFO] IPUIPlugin:80 - create IPUIPlugin
2026-03-10 17:11:49,063 [INFO] IPUIPlugin:80 - create IPUIPlugin
2026-03-10 17:11:49,063 [INFO] IPUIPlugin:80 - create IPUIPlugin
2026-03-10 17:11:49,063 [INFO] IPUIPlugin:80 - create IPUIPlugin
2026-03-10 17:11:49,063 [INFO] IPUIPlugin:80 - create IPUIPlugin
2026-03-10 17:11:49,063 [INFO] IPUIPlugin:80 - create IPUIPlugin
2026-03-10 17:11:49,063 [INFO] IPUIPlugin:80 - create IPUIPlugin
2026-03-10 17:11:49,063 [INFO] IPUIPlugin:80 - create IPUIPlugin
2026-03-10 17:11:49,063 [INFO] IPUIPlugin:80 - create IPUIPlugin
2026-03-10 17:11:49,063 [INFO] IPUIPlugin:80 - create IPUIPlugin
2026-03-10 17:11:49,064 [INFO] IPUIPlugin:80 - create IPUIPlugin
2026-03-10 17:11:49,064 [INFO] IPUIPlugin:80 - create IPUIPlugin
2026-03-10 17:11:49,064 [INFO] IPUIPlugin:80 - create IPUIPlugin
2026-03-10 17:11:49,064 [INFO] IPUIPlugin:80 - create IPUIPlugin
2026-03-10 17:11:49,064 [INFO] IPUIPlugin:80 - create IPUIPlugin
2026-03-10 17:11:49,064 [INFO] IPUIPlugin:80 - create IPUIPlugin
2026-03-10 17:11:49,065 [INFO] IPUIPlugin:80 - create IPUIPlugin
2026-03-10 17:11:49,065 [INFO] IPUIPlugin:80 - create IPUIPlugin
2026-03-10 17:11:49,069 [INFO] ApiDbMcu:532 - Load IP Config File for PDM2PCM
2026-03-10 17:11:49,076 [INFO] Can:71 - Can Add PropertyChangeListener com.st.microxplorer.plugins.ip.can.Can@1d44a0ad
2026-03-10 17:11:49,077 [WARN] IP:2250 - I2C_Coeff_DF not found: check if there is a RefParameter without a condition.
2026-03-10 17:11:49,077 [WARN] IP:2250 - Analog_Filter not found: check if there is a RefParameter without a condition.
2026-03-10 17:11:49,202 [INFO] CADModel:165 - CPN selected for project levelSTM32F446RET6
2026-03-10 17:11:49,202 [INFO] CADModel:114 - Register for checkConnection events
2026-03-10 17:11:49,240 [INFO] OpenFileManager:386 - Restore cursor
2026-03-10 17:11:49,381 [WARN] IP:2250 - DEVICE_SERIAL0_CDC_FS not found: check if there is a RefParameter without a condition.
2026-03-10 17:11:49,381 [WARN] IP:2250 - DEVICE_SERIAL1_CDC_FS not found: check if there is a RefParameter without a condition.
2026-03-10 17:11:49,381 [WARN] IP:2250 - DEVICE_SERIAL2_CDC_FS not found: check if there is a RefParameter without a condition.
2026-03-10 17:11:49,382 [WARN] IP:2250 - DEVICE_SERIAL0_CDC_FS not found: check if there is a RefParameter without a condition.
2026-03-10 17:11:49,382 [WARN] IP:2250 - DEVICE_SERIAL1_CDC_FS not found: check if there is a RefParameter without a condition.
2026-03-10 17:11:49,382 [WARN] IP:2250 - DEVICE_SERIAL2_CDC_FS not found: check if there is a RefParameter without a condition.
2026-03-10 17:11:49,429 [WARN] IP:2250 - I2C_Coeff_DF not found: check if there is a RefParameter without a condition.
2026-03-10 17:11:49,429 [WARN] IP:2250 - Analog_Filter not found: check if there is a RefParameter without a condition.
2026-03-10 17:11:49,429 [WARN] IP:2250 - I2C_Coeff_DF not found: check if there is a RefParameter without a condition.
2026-03-10 17:11:49,429 [WARN] IP:2250 - Analog_Filter not found: check if there is a RefParameter without a condition.
2026-03-10 17:11:52,356 [INFO] NvicIntPanel:101 - NVIC parent = com.st.microxplorer.plugins.ip.nvic.MultiNvicIntPanel[,0,0,0x0,invalid,layout=javax.swing.BoxLayout,alignmentX=0.0,alignmentY=0.0,border=,flags=9,maximumSize=,minimumSize=,preferredSize=]
2026-03-10 17:12:37,528 [WARN] IP:2250 - I2C_Coeff_DF not found: check if there is a RefParameter without a condition.
2026-03-10 17:12:37,528 [WARN] IP:2250 - Analog_Filter not found: check if there is a RefParameter without a condition.
2026-03-10 17:12:40,348 [INFO] NvicIntPanel:101 - NVIC parent = com.st.microxplorer.plugins.ip.nvic.MultiNvicIntPanel[,0,0,450x221,layout=javax.swing.BoxLayout,alignmentX=0.0,alignmentY=0.0,border=,flags=9,maximumSize=,minimumSize=,preferredSize=]
2026-03-10 17:20:28,390 [INFO] NvicIntPanel:101 - NVIC parent = com.st.microxplorer.plugins.ip.nvic.MultiNvicIntPanel[,0,0,767x248,layout=javax.swing.BoxLayout,alignmentX=0.0,alignmentY=0.0,border=,flags=9,maximumSize=,minimumSize=,preferredSize=]
2026-03-10 18:08:55,298 [INFO] NvicIntPanel:101 - NVIC parent = com.st.microxplorer.plugins.ip.nvic.MultiNvicIntPanel[,0,0,767x248,layout=javax.swing.BoxLayout,alignmentX=0.0,alignmentY=0.0,border=,flags=9,maximumSize=,minimumSize=,preferredSize=]
2026-03-10 18:15:07,707 [INFO] MainUpdater:2872 - connection check result : 10
2026-03-10 18:15:07,708 [INFO] MainUpdater:2872 - connection check result : 10
2026-03-10 18:15:07,793 [INFO] MicroXplorer:468 - Change Database Path : 
2026-03-10 18:15:07,793 [INFO] MicroXplorer:498 - Change Database Version : DB.6.0.150
2026-03-10 18:15:07,801 [ERROR] ProjectManagerView:395 - 
java.lang.NullPointerException: Cannot invoke "javax.swing.JTextField.getText()" because the return value of "java.util.List.get(int)" is null
	at com.st.microxplorer.plugins.projectmanager.gui.ProjectChoiceTab$9.caretUpdate(ProjectChoiceTab.java:2706) ~[filemanager.jar:?]
	at javax.swing.text.JTextComponent.fireCaretUpdate(JTextComponent.java:408) ~[?:?]
	at javax.swing.text.JTextComponent$MutableCaretEvent.fire(JTextComponent.java:4484) ~[?:?]
	at javax.swing.text.JTextComponent$MutableCaretEvent.stateChanged(JTextComponent.java:4506) ~[?:?]
	at javax.swing.text.DefaultCaret.fireStateChanged(DefaultCaret.java:857) ~[?:?]
	at javax.swing.text.DefaultCaret.changeCaretPosition(DefaultCaret.java:1343) ~[?:?]
	at javax.swing.text.DefaultCaret.handleSetDot(DefaultCaret.java:1242) ~[?:?]
	at javax.swing.text.DefaultCaret.setDot(DefaultCaret.java:1223) ~[?:?]
	at javax.swing.text.DefaultCaret$Handler.insertUpdate(DefaultCaret.java:1819) ~[?:?]
	at javax.swing.text.AbstractDocument.fireInsertUpdate(AbstractDocument.java:227) ~[?:?]
	at javax.swing.text.AbstractDocument.handleInsertString(AbstractDocument.java:781) ~[?:?]
	at javax.swing.text.AbstractDocument.insertString(AbstractDocument.java:740) ~[?:?]
	at javax.swing.text.PlainDocument.insertString(PlainDocument.java:131) ~[?:?]
	at javax.swing.text.AbstractDocument.replace(AbstractDocument.java:699) ~[?:?]
	at javax.swing.text.JTextComponent.setText(JTextComponent.java:1725) ~[?:?]
	at com.st.microxplorer.plugins.projectmanager.gui.ProjectChoiceTab.createHeapStackFields(ProjectChoiceTab.java:993) ~[filemanager.jar:?]
	at com.st.microxplorer.plugins.projectmanager.gui.ProjectChoiceTab.buildLinkSettingsPanel(ProjectChoiceTab.java:3813) ~[filemanager.jar:?]
	at com.st.microxplorer.plugins.projectmanager.gui.ProjectChoiceTab.defineWindowsFields(ProjectChoiceTab.java:1987) ~[filemanager.jar:?]
	at com.st.microxplorer.plugins.projectmanager.gui.ProjectChoiceTab.updateSettings(ProjectChoiceTab.java:558) ~[filemanager.jar:?]
	at com.st.microxplorer.plugins.projectmanager.gui.ProjectSettingsPanel.UpdateDialog(ProjectSettingsPanel.java:247) ~[filemanager.jar:?]
	at com.st.microxplorer.plugins.projectmanager.ProjectManagerView.propertyChange(ProjectManagerView.java:392) ~[filemanager.jar:?]
	at java.beans.PropertyChangeSupport.fire(PropertyChangeSupport.java:343) ~[?:?]
	at java.beans.PropertyChangeSupport.firePropertyChange(PropertyChangeSupport.java:335) ~[?:?]
	at java.beans.PropertyChangeSupport.firePropertyChange(PropertyChangeSupport.java:268) ~[?:?]
	at com.st.microxplorer.util.MXPropertyChangeSupport.firePropertyChange(MXPropertyChangeSupport.java:54) ~[STM32CubeMX.jar:?]
	at com.st.microxplorer.mxsystem.MxSystem.closeConfig(MxSystem.java:899) ~[STM32CubeMX.jar:?]
	at com.st.microxplorer.maingui.MainPanel.closeConfig(MainPanel.java:792) ~[STM32CubeMX.jar:?]
	at com.st.microxplorer.plugins.filemanager.engine.OpenFileManager.loadConfigurationFile(OpenFileManager.java:288) ~[filemanager.jar:?]
	at com.st.microxplorer.plugins.filemanager.engine.MainFileManager.userLoadConfig(MainFileManager.java:364) ~[filemanager.jar:?]
	at com.st.microxplorer.plugins.filemanager.engine.MainFileManager.userLoadConfig(MainFileManager.java:342) ~[filemanager.jar:?]
	at com.st.microxplorer.plugins.filemanager.FileManagerView.getSpecificTask(FileManagerView.java:264) ~[filemanager.jar:?]
	at com.st.stm32cube.common.mx.editor.CubeMxEditor.getMxTabbedPaneInstance(CubeMxEditor.java:1198) ~[com.st.stm32cube.common.mx_6.15.0.202507011659/:?]
	at com.st.stm32cube.common.mx.editor.CubeMxEditor$12$1.createSwingComponent(CubeMxEditor.java:1068) ~[com.st.stm32cube.common.mx_6.15.0.202507011659/:?]
	at com.st.stm32cube.common.mx.oss.core.awtswtbridge.EmbeddedSwingComposite.doComponentCreation(EmbeddedSwingComposite.java:492) ~[com.st.stm32cube.common.mx.oss_6.15.0.202507011659/:?]
	at com.st.stm32cube.common.mx.oss.core.awtswtbridge.EmbeddedSwingComposite$4.run(EmbeddedSwingComposite.java:291) ~[com.st.stm32cube.common.mx.oss_6.15.0.202507011659/:?]
	at com.st.stm32cube.common.mx.oss.core.awtswtbridge.AwtEnvironment$2.run(AwtEnvironment.java:166) ~[com.st.stm32cube.common.mx.oss_6.15.0.202507011659/:?]
	at java.awt.event.InvocationEvent.dispatch(InvocationEvent.java:318) ~[?:?]
	at java.awt.EventQueue.dispatchEventImpl(EventQueue.java:773) ~[?:?]
	at java.awt.EventQueue$4.run(EventQueue.java:720) ~[?:?]
	at java.awt.EventQueue$4.run(EventQueue.java:714) ~[?:?]
	at java.security.AccessController.doPrivileged(AccessController.java:400) ~[?:?]
	at java.security.ProtectionDomain$JavaSecurityAccessImpl.doIntersectionPrivilege(ProtectionDomain.java:87) ~[?:?]
	at java.awt.EventQueue.dispatchEvent(EventQueue.java:742) ~[?:?]
	at java.awt.EventDispatchThread.pumpOneEventForFilters(EventDispatchThread.java:203) ~[?:?]
	at java.awt.EventDispatchThread.pumpEventsForFilter(EventDispatchThread.java:124) ~[?:?]
	at java.awt.EventDispatchThread.pumpEventsForHierarchy(EventDispatchThread.java:113) ~[?:?]
	at java.awt.EventDispatchThread.pumpEvents(EventDispatchThread.java:109) ~[?:?]
	at java.awt.EventDispatchThread.pumpEvents(EventDispatchThread.java:101) ~[?:?]
	at java.awt.EventDispatchThread.run(EventDispatchThread.java:90) ~[?:?]
2026-03-10 18:15:07,804 [WARN] ThirdParty:871 - waiting for thirdparty lock release [close project]
2026-03-10 18:15:07,804 [INFO] ThirdParty:873 - entering critical section [close project]
2026-03-10 18:15:07,804 [INFO] ThirdParty:883 - exiting critical section [close project]
2026-03-10 18:15:07,805 [INFO] PinOutPanel:1589 - setPackage(No Configuration,No Configuration)
2026-03-10 18:15:07,809 [WARN] IpParametersView:155 - Warning: This peripheral hasn't parameters
2026-03-10 18:15:07,813 [WARN] MainPanel:289 - <html><b><center>Warning: This peripheral has no parameters to be configured<br></b></html>
2026-03-10 18:15:07,817 [INFO] UtilMem:75 - Begin LoadConfig() Used Memory: 227209568 Bytes (570425344)
2026-03-10 18:15:07,818 [INFO] MicroXplorer:468 - Change Database Path : 
2026-03-10 18:15:07,818 [INFO] MicroXplorer:498 - Change Database Version : DB.6.0.150
2026-03-10 18:15:07,818 [INFO] OpenFileManager:355 - Change cursor
2026-03-10 18:15:07,828 [INFO] Mcu:2029 - Initializing MCU STM32F446R(C-E)Tx STM32F446RETx STM32F446RET6
2026-03-10 18:15:08,488 [INFO] Context:786 - Trying to add GPIOservice into a context  which must be forbidden
2026-03-10 18:15:08,921 [INFO] ImportTextPane:234 - (OptionalMessage_ERROR) Pin16 (VP_RIF_VS_RIF1) cannot be retrieved for this MCU
2026-03-10 18:15:08,987 [INFO] RtosManager:558 - Registered RTOS mode: class=CMSIS, group=RTOS, mode=CMSIS_V1, owner=FREERTOS
2026-03-10 18:15:08,987 [INFO] RtosManager:558 - Registered RTOS mode: class=CMSIS, group=RTOS2, mode=CMSIS_V2, owner=FREERTOS
2026-03-10 18:15:08,987 [INFO] RtosManager:558 - Registered RTOS mode: class=RTOS, group=Core, mode=CMSIS_V1, owner=FREERTOS
2026-03-10 18:15:08,987 [INFO] RtosManager:558 - Registered RTOS mode: class=RTOS, group=Core, mode=CMSIS_V2, owner=FREERTOS
2026-03-10 18:15:08,987 [WARN] ModelIntegratedComponent:184 - Missing modes for component STMicroelectronics:FreeRTOS:0.0.1:STMicroelectronics:RTOS:FreeRTOS:Core:::10.2.0:
2026-03-10 18:15:08,993 [WARN] ModelIntegratedComponent:63 - No mode defined for component null
2026-03-10 18:15:08,993 [WARN] ModelIntegratedComponent:63 - No mode defined for component null
2026-03-10 18:15:08,993 [WARN] ModelIntegratedComponent:63 - No mode defined for component null
2026-03-10 18:15:08,993 [WARN] ModelIntegratedComponent:63 - No mode defined for component null
2026-03-10 18:15:08,993 [WARN] ModelIntegratedComponent:63 - No mode defined for component null
2026-03-10 18:15:08,993 [WARN] ModelIntegratedComponent:63 - No mode defined for component null
2026-03-10 18:15:08,993 [WARN] ModelIntegratedComponent:63 - No mode defined for component null
2026-03-10 18:15:08,993 [WARN] ModelIntegratedComponent:63 - No mode defined for component null
2026-03-10 18:15:08,993 [WARN] ModelIntegratedComponent:63 - No mode defined for component null
2026-03-10 18:15:08,993 [WARN] ModelIntegratedComponent:63 - No mode defined for component null
2026-03-10 18:15:08,993 [WARN] ModelIntegratedComponent:63 - No mode defined for component null
2026-03-10 18:15:08,993 [WARN] ModelIntegratedComponent:63 - No mode defined for component null
2026-03-10 18:15:08,993 [WARN] ModelIntegratedComponent:63 - No mode defined for component null
2026-03-10 18:15:08,993 [WARN] ModelIntegratedComponent:63 - No mode defined for component null
2026-03-10 18:15:08,994 [WARN] ModelIntegratedComponent:63 - No mode defined for component null
2026-03-10 18:15:08,994 [WARN] ModelIntegratedComponent:63 - No mode defined for component null
2026-03-10 18:15:08,994 [WARN] ModelIntegratedComponent:63 - No mode defined for component null
2026-03-10 18:15:08,994 [WARN] ModelIntegratedComponent:63 - No mode defined for component null
2026-03-10 18:15:08,994 [WARN] ModelIntegratedComponent:63 - No mode defined for component null
2026-03-10 18:15:08,994 [WARN] ModelIntegratedComponent:63 - No mode defined for component null
2026-03-10 18:15:08,994 [WARN] ModelIntegratedComponent:63 - No mode defined for component null
2026-03-10 18:15:08,994 [WARN] ModelIntegratedComponent:63 - No mode defined for component null
2026-03-10 18:15:08,994 [WARN] ModelIntegratedComponent:63 - No mode defined for component null
2026-03-10 18:15:08,994 [WARN] ModelIntegratedComponent:63 - No mode defined for component null
2026-03-10 18:15:08,994 [WARN] ModelIntegratedComponent:63 - No mode defined for component null
2026-03-10 18:15:08,994 [WARN] ModelIntegratedComponent:63 - No mode defined for component null
2026-03-10 18:15:08,994 [WARN] ModelIntegratedComponent:63 - No mode defined for component null
2026-03-10 18:15:08,994 [WARN] ModelIntegratedComponent:63 - No mode defined for component null
2026-03-10 18:15:08,994 [WARN] ModelIntegratedComponent:63 - No mode defined for component null
2026-03-10 18:15:08,994 [WARN] ModelIntegratedComponent:63 - No mode defined for component null
2026-03-10 18:15:08,994 [WARN] ModelIntegratedComponent:63 - No mode defined for component null
2026-03-10 18:15:08,994 [WARN] ModelIntegratedComponent:63 - No mode defined for component null
2026-03-10 18:15:08,994 [WARN] ModelIntegratedComponent:63 - No mode defined for component null
2026-03-10 18:15:08,994 [WARN] ModelIntegratedComponent:63 - No mode defined for component null
2026-03-10 18:15:08,994 [WARN] ModelIntegratedComponent:63 - No mode defined for component null
2026-03-10 18:15:08,994 [WARN] ModelPack:524 - Component already loaded: STMicroelectronics:HAL Drivers:0.0.0:STMicroelectronics:Device:STMicro_Driver:XSPI:HAL::0.0.1:HAL_XSPI
2026-03-10 18:15:09,050 [INFO] ThirdPartyModel:298 - Start build external matchings
2026-03-10 18:15:09,359 [INFO] ThirdPartyModel:316 - End build external matchings
2026-03-10 18:15:09,371 [INFO] ImportTextPane:234 - (OptionalMessage_ERROR) IP (DMA) : Parameter (Instance) has Id (I2C3_RX) currently not set
2026-03-10 18:15:09,371 [INFO] ImportTextPane:234 - (OptionalMessage_ERROR) IP (DMA) : Parameter (Channel) has Id (I2C3_RX) currently not set
2026-03-10 18:15:09,371 [INFO] ImportTextPane:234 - (OptionalMessage_ERROR) IP (DMA) : Parameter (Direction) has Id (I2C3_RX) currently not set
2026-03-10 18:15:09,371 [INFO] ImportTextPane:234 - (OptionalMessage_ERROR) IP (DMA) : Parameter (PeriphInc) has Id (I2C3_RX) currently not set
2026-03-10 18:15:09,371 [INFO] ImportTextPane:234 - (OptionalMessage_ERROR) IP (DMA) : Parameter (MemInc) has Id (I2C3_RX) currently not set
2026-03-10 18:15:09,371 [INFO] ImportTextPane:234 - (OptionalMessage_ERROR) IP (DMA) : Parameter (PeriphDataAlignment) has Id (I2C3_RX) currently not set
2026-03-10 18:15:09,371 [INFO] ImportTextPane:234 - (OptionalMessage_ERROR) IP (DMA) : Parameter (MemDataAlignment) has Id (I2C3_RX) currently not set
2026-03-10 18:15:09,371 [INFO] ImportTextPane:234 - (OptionalMessage_ERROR) IP (DMA) : Parameter (Mode) has Id (I2C3_RX) currently not set
2026-03-10 18:15:09,371 [INFO] ImportTextPane:234 - (OptionalMessage_ERROR) IP (DMA) : Parameter (Priority) has Id (I2C3_RX) currently not set
2026-03-10 18:15:09,371 [INFO] ImportTextPane:234 - (OptionalMessage_ERROR) IP (DMA) : Parameter (FIFOMode) has Id (I2C3_RX) currently not set
2026-03-10 18:15:09,372 [WARN] IP:2250 - I2C_Coeff_DF not found: check if there is a RefParameter without a condition.
2026-03-10 18:15:09,372 [WARN] IP:2250 - Analog_Filter not found: check if there is a RefParameter without a condition.
2026-03-10 18:15:09,372 [INFO] ImportTextPane:234 - (OptionalMessage_ERROR) IP (RCC) : Invalid parameter (FamilyName)
2026-03-10 18:15:09,374 [WARN] IP:2250 - DEVICE_SERIAL0_CDC_FS not found: check if there is a RefParameter without a condition.
2026-03-10 18:15:09,375 [WARN] IP:2250 - DEVICE_SERIAL1_CDC_FS not found: check if there is a RefParameter without a condition.
2026-03-10 18:15:09,375 [WARN] IP:2250 - DEVICE_SERIAL2_CDC_FS not found: check if there is a RefParameter without a condition.
2026-03-10 18:15:09,512 [INFO] UtilMem:75 - End LoadConfig() Used Memory: 380944456 Bytes (570425344)
2026-03-10 18:15:09,521 [WARN] ThirdParty:833 - waiting for thirdparty lock release [change project]
2026-03-10 18:15:09,522 [INFO] ThirdParty:835 - entering critical section [change project]
2026-03-10 18:15:09,522 [INFO] ThirdParty:1030 - CMSIS Pack Vendor :STMicroelectronics X-CUBE-AZRTOS-H7 3.5.0
2026-03-10 18:15:09,522 [INFO] ThirdParty:1030 - CMSIS Pack Vendor :STMicroelectronics X-CUBE-PM33A1 1.0.0
2026-03-10 18:15:09,522 [INFO] ThirdParty:1030 - CMSIS Pack Vendor :STMicroelectronics USBPD 4.1
2026-03-10 18:15:09,522 [INFO] ThirdParty:1030 - CMSIS Pack Vendor :STMicroelectronics X-CUBE-NFC9 1.0.0
2026-03-10 18:15:09,522 [INFO] ThirdParty:1030 - CMSIS Pack Vendor :STMicroelectronics USB_HOST 2.0.0
2026-03-10 18:15:09,522 [INFO] ThirdParty:1030 - CMSIS Pack Vendor :STMicroelectronics FP-SNS-MOTENVWB1 1.4.0
2026-03-10 18:15:09,522 [INFO] ThirdParty:1030 - CMSIS Pack Vendor :STMicroelectronics X-CUBE-AZRTOS-F4 1.1.0
2026-03-10 18:15:09,522 [INFO] ThirdParty:1030 - CMSIS Pack Vendor :STMicroelectronics LIBJPEG 8.0.0
2026-03-10 18:15:09,522 [INFO] ThirdParty:1030 - CMSIS Pack Vendor :STMicroelectronics FP-ATR-ASTRA1 2.0.2
2026-03-10 18:15:09,522 [INFO] ThirdParty:1030 - CMSIS Pack Vendor :wolfSSL I-CUBE-wolfSSL 5.8.2
2026-03-10 18:15:09,522 [INFO] ThirdParty:1030 - CMSIS Pack Vendor :STMicroelectronics X-CUBE-BLE1 7.1.0
2026-03-10 18:15:09,522 [INFO] ThirdParty:1030 - CMSIS Pack Vendor :STMicroelectronics X-CUBE-SMBUS 2.1.0
2026-03-10 18:15:09,522 [INFO] ThirdParty:1030 - CMSIS Pack Vendor :wolfSSL I-CUBE-wolfMQTT 1.19.2
2026-03-10 18:15:09,522 [INFO] ThirdParty:1030 - CMSIS Pack Vendor :STMicroelectronics USB_DEVICE 3.0.0
2026-03-10 18:15:09,522 [INFO] ThirdParty:1030 - CMSIS Pack Vendor :STMicroelectronics X-CUBE-ISPU 2.1.0
2026-03-10 18:15:09,522 [INFO] ThirdParty:1030 - CMSIS Pack Vendor :STMicroelectronics X-CUBE-FREERTOS 1.4.0
2026-03-10 18:15:09,522 [INFO] ThirdParty:1030 - CMSIS Pack Vendor :STMicroelectronics X-CUBE-EEPRMA1 5.2.0
2026-03-10 18:15:09,522 [INFO] ThirdParty:1030 - CMSIS Pack Vendor :STMicroelectronics X-CUBE-IPS 3.2.0
2026-03-10 18:15:09,522 [INFO] ThirdParty:1030 - CMSIS Pack Vendor :STMicroelectronics X-CUBE-BLEMGR 4.1.0
2026-03-10 18:15:09,522 [INFO] ThirdParty:1030 - CMSIS Pack Vendor :STMicroelectronics X-CUBE-AZRTOS-WB 2.0.0
2026-03-10 18:15:09,522 [INFO] ThirdParty:1030 - CMSIS Pack Vendor :STMicroelectronics X-CUBE-ST60 1.0.0
2026-03-10 18:15:09,522 [INFO] ThirdParty:1030 - CMSIS Pack Vendor :STMicroelectronics X-CUBE-GNSS1 7.0.1
2026-03-10 18:15:09,522 [INFO] ThirdParty:1030 - CMSIS Pack Vendor :STMicroelectronics X-CUBE-NFC12 1.0.0
2026-03-10 18:15:09,522 [INFO] ThirdParty:1030 - CMSIS Pack Vendor :STMicroelectronics X-CUBE-AZRTOS-F7 1.1.0
2026-03-10 18:15:09,522 [INFO] ThirdParty:1030 - CMSIS Pack Vendor :STMicroelectronics X-CUBE-AZRTOS-L5 2.0.0
2026-03-10 18:15:09,522 [INFO] ThirdParty:1030 - CMSIS Pack Vendor :STMicroelectronics USB_DEVICE 2.0.0
2026-03-10 18:15:09,522 [INFO] ThirdParty:1030 - CMSIS Pack Vendor :STMicroelectronics X-CUBE-NFC6 3.1.0
2026-03-10 18:15:09,522 [INFO] ThirdParty:1030 - CMSIS Pack Vendor :STMicroelectronics X-CUBE-ST67W61 1.1.0
2026-03-10 18:15:09,522 [INFO] ThirdParty:1030 - CMSIS Pack Vendor :Cesanta I-CUBE-Mongoose 7.19.0
2026-03-10 18:15:09,522 [INFO] ThirdParty:1030 - CMSIS Pack Vendor :quantropi X-CUBE-qispace-sdk-base 2.1.0
2026-03-10 18:15:09,522 [INFO] ThirdParty:1030 - CMSIS Pack Vendor :STMicroelectronics X-CUBE-MEMS1 12.0.0
2026-03-10 18:15:09,522 [INFO] ThirdParty:1030 - CMSIS Pack Vendor :STMicroelectronics X-CUBE-STSE01 2.0.0
2026-03-10 18:15:09,522 [INFO] ThirdParty:1030 - CMSIS Pack Vendor :STMicroelectronics FP-SNS-MOTENV1 5.1.0
2026-03-10 18:15:09,522 [INFO] ThirdParty:1030 - CMSIS Pack Vendor :STMicroelectronics FreeRTOS 0.0.1
2026-03-10 18:15:09,522 [INFO] ThirdParty:1030 - CMSIS Pack Vendor :STMicroelectronics X-CUBE-AZRTOS-G0 1.1.0
2026-03-10 18:15:09,522 [INFO] ThirdParty:1030 - CMSIS Pack Vendor :STMicroelectronics X-CUBE-SAFEA1 1.2.2
2026-03-10 18:15:09,522 [INFO] ThirdParty:1030 - CMSIS Pack Vendor :STMicroelectronics X-CUBE-NFC4 3.0.0
2026-03-10 18:15:09,522 [INFO] ThirdParty:1030 - CMSIS Pack Vendor :STMicroelectronics X-CUBE-SUBG2 5.0.0
2026-03-10 18:15:09,522 [INFO] ThirdParty:1030 - CMSIS Pack Vendor :STMicroelectronics X-CUBE-AZRTOS-H7RS 1.1.0
2026-03-10 18:15:09,522 [INFO] ThirdParty:1030 - CMSIS Pack Vendor :STMicroelectronics STM32_WPAN 1.0.0
2026-03-10 18:15:09,522 [INFO] ThirdParty:1030 - CMSIS Pack Vendor :EmbeddedOffice I-CUBE-FS-RTOS 1.0.1
2026-03-10 18:15:09,522 [INFO] ThirdParty:1030 - CMSIS Pack Vendor :STMicroelectronics lwIP 2.0.3
2026-03-10 18:15:09,522 [INFO] ThirdParty:1030 - CMSIS Pack Vendor :WES I-CUBE-Cesium 1.4.0
2026-03-10 18:15:09,522 [INFO] ThirdParty:1030 - CMSIS Pack Vendor :STMicroelectronics USB_HOST 1.0.0
2026-03-10 18:15:09,522 [INFO] ThirdParty:1030 - CMSIS Pack Vendor :Infineon AIROC-Wi-Fi-Bluetooth-STM32 1.7.1
2026-03-10 18:15:09,522 [INFO] ThirdParty:1030 - CMSIS Pack Vendor :STMicroelectronics X-CUBE-AZRTOS-G4 2.0.0
2026-03-10 18:15:09,523 [INFO] ThirdParty:1030 - CMSIS Pack Vendor :STMicroelectronics X-CUBE-WB05N 2.0.0
2026-03-10 18:15:09,523 [INFO] ThirdParty:1030 - CMSIS Pack Vendor :STMicroelectronics PDM2PCM 3.1.0
2026-03-10 18:15:09,523 [INFO] ThirdParty:1030 - CMSIS Pack Vendor :STMicroelectronics PDM2PCM 3.3.0
2026-03-10 18:15:09,523 [INFO] ThirdParty:1030 - CMSIS Pack Vendor :wolfSSL I-CUBE-wolfTPM 3.8.0
2026-03-10 18:15:09,523 [INFO] ThirdParty:1030 - CMSIS Pack Vendor :STMicroelectronics X-CUBE-AZRTOS-H7 3.4.0
2026-03-10 18:15:09,523 [INFO] ThirdParty:1030 - CMSIS Pack Vendor :STMicroelectronics X-CUBE-DISPLAY 3.0.0
2026-03-10 18:15:09,523 [INFO] ThirdParty:1030 - CMSIS Pack Vendor :wolfSSL I-CUBE-wolfSSH 1.4.20
2026-03-10 18:15:09,523 [INFO] ThirdParty:1030 - CMSIS Pack Vendor :STMicroelectronics X-CUBE-NFC7 2.0.0
2026-03-10 18:15:09,523 [INFO] ThirdParty:1030 - CMSIS Pack Vendor :STMicroelectronics FP-SNS-MOTENVWB1 1.5.0
2026-03-10 18:15:09,523 [INFO] ThirdParty:1030 - CMSIS Pack Vendor :STMicroelectronics X-CUBE-TCPP 4.2.0
2026-03-10 18:15:09,523 [INFO] ThirdParty:1030 - CMSIS Pack Vendor :RealThread X-CUBE-RT-Thread_Nano 4.1.1
2026-03-10 18:15:09,523 [INFO] ThirdParty:1030 - CMSIS Pack Vendor :STMicroelectronics FP-ATR-SIGFOX1 3.2.0
2026-03-10 18:15:09,523 [INFO] ThirdParty:1030 - CMSIS Pack Vendor :STMicroelectronics X-CUBE-NFC10 1.0.0
2026-03-10 18:15:09,523 [INFO] ThirdParty:1030 - CMSIS Pack Vendor :STMicroelectronics X-CUBE-FREERTOS 1.3.1
2026-03-10 18:15:09,523 [INFO] ThirdParty:1030 - CMSIS Pack Vendor :STMicroelectronics HAL Drivers 0.0.0
2026-03-10 18:15:09,523 [INFO] ThirdParty:1030 - CMSIS Pack Vendor :STMicroelectronics X-CUBE-FREERTOS 1.5.0
2026-03-10 18:15:09,523 [INFO] ThirdParty:1030 - CMSIS Pack Vendor :STMicroelectronics MBEDTLS 2.16.2
2026-03-10 18:15:09,523 [INFO] ThirdParty:1030 - CMSIS Pack Vendor :STMicroelectronics X-CUBE-ST60 1.1.0
2026-03-10 18:15:09,523 [INFO] ThirdParty:1030 - CMSIS Pack Vendor :STMicroelectronics X-CUBE-ALS 1.0.2
2026-03-10 18:15:09,523 [INFO] ThirdParty:1030 - CMSIS Pack Vendor :emotas I-CUBE-CANOPEN 1.3.0
2026-03-10 18:15:09,523 [INFO] ThirdParty:1030 - CMSIS Pack Vendor :STMicroelectronics MBEDTLS 2.14.1
2026-03-10 18:15:09,523 [INFO] ThirdParty:1030 - CMSIS Pack Vendor :STMicroelectronics X-CUBE-GNSS1 7.1.0
2026-03-10 18:15:09,523 [INFO] ThirdParty:1030 - CMSIS Pack Vendor :ITTIA_DB I-CUBE-ITTIADB 8.9.0
2026-03-10 18:15:09,523 [INFO] ThirdParty:1030 - CMSIS Pack Vendor :STMicroelectronics X-CUBE-TOUCHGFX 4.26.0
2026-03-10 18:15:09,523 [INFO] ThirdParty:1030 - CMSIS Pack Vendor :STMicroelectronics X-CUBE-STSE01 1.0.0
2026-03-10 18:15:09,523 [INFO] ThirdParty:1030 - CMSIS Pack Vendor :STMicroelectronics X-CUBE-TOUCHGFX 4.26.1
2026-03-10 18:15:09,523 [INFO] ThirdParty:1030 - CMSIS Pack Vendor :STMicroelectronics X-CUBE-NFC6 3.2.0
2026-03-10 18:15:09,523 [INFO] ThirdParty:1030 - CMSIS Pack Vendor :STMicroelectronics ThreadX 1.0.0
2026-03-10 18:15:09,523 [INFO] ThirdParty:1030 - CMSIS Pack Vendor :STMicroelectronics FP-SNS-SMARTAG2 1.2.0
2026-03-10 18:15:09,523 [INFO] ThirdParty:1030 - CMSIS Pack Vendor :STMicroelectronics FP-SNS-FLIGHT1 5.1.0
2026-03-10 18:15:09,523 [INFO] ThirdParty:1030 - CMSIS Pack Vendor :STMicroelectronics X-CUBE-AZRTOS-WL 2.0.0
2026-03-10 18:15:09,523 [INFO] ThirdParty:1030 - CMSIS Pack Vendor :SEGGER I-CUBE-embOS 1.3.1
2026-03-10 18:15:09,523 [INFO] ThirdParty:1030 - CMSIS Pack Vendor :STMicroelectronics X-CUBE-ALGOBUILD 1.4.0
2026-03-10 18:15:09,523 [INFO] ThirdParty:1030 - CMSIS Pack Vendor :STMicroelectronics X-CUBE-DPower 1.3.0
2026-03-10 18:15:09,523 [INFO] ThirdParty:1030 - CMSIS Pack Vendor :STMicroelectronics X-CUBE-MEMS1 11.3.0
2026-03-10 18:15:09,523 [INFO] ThirdParty:1030 - CMSIS Pack Vendor :STMicroelectronics FP-SNS-MOTENV1 5.0.0
2026-03-10 18:15:09,523 [INFO] ThirdParty:1030 - CMSIS Pack Vendor :STMicroelectronics USB_DEVICE 1.0.0
2026-03-10 18:15:09,523 [INFO] ThirdParty:1030 - CMSIS Pack Vendor :STMicroelectronics X-CUBE-AZRTOS-H7RS 1.2.0
2026-03-10 18:15:09,523 [INFO] ThirdParty:1030 - CMSIS Pack Vendor :STMicroelectronics X-CUBE-AZRTOS-L4 2.0.0
2026-03-10 18:15:09,523 [INFO] ThirdParty:1030 - CMSIS Pack Vendor :STMicroelectronics ThreadX 0.0.2
2026-03-10 18:15:09,523 [INFO] ThirdParty:1030 - CMSIS Pack Vendor :STMicroelectronics lwIP 2.1.2
2026-03-10 18:15:09,523 [INFO] ThirdParty:1030 - CMSIS Pack Vendor :STMicroelectronics X-CUBE-SFXS2LP1 4.0.0
2026-03-10 18:15:09,523 [INFO] ThirdParty:1030 - CMSIS Pack Vendor :STMicroelectronics X-CUBE-BLE2 3.3.0
2026-03-10 18:15:09,523 [INFO] ThirdParty:1030 - CMSIS Pack Vendor :Avnet-IOTCONNECT X-CUBE-iotc-st67-sdk 1.0.0
2026-03-10 18:15:09,523 [INFO] ThirdParty:1030 - CMSIS Pack Vendor :STMicroelectronics X-CUBE-TOF1 3.4.3
2026-03-10 18:15:09,523 [INFO] ThirdParty:1030 - CMSIS Pack Vendor :STMicroelectronics PDM2PCM 3.2.0
2026-03-10 18:15:09,523 [INFO] ThirdParty:1030 - CMSIS Pack Vendor :STMicroelectronics X-CUBE-ST67W61 1.2.0
2026-03-10 18:15:09,523 [INFO] ThirdParty:841 - exiting critical section [change project]
2026-03-10 18:15:09,711 [INFO] PinOutPanel:1589 - setPackage(No Configuration,No Configuration)
2026-03-10 18:15:09,711 [INFO] PinOutPanel:1589 - setPackage(STM32F446RETx,LQFP64)
2026-03-10 18:15:09,944 [INFO] UtilMem:75 - Before build in PCC Used Memory: 393189688 Bytes (570425344)
2026-03-10 18:15:10,135 [INFO] UtilMem:75 - After build in PCC Used Memory: 449286456 Bytes (570425344)
2026-03-10 18:15:10,143 [INFO] ApiDbMcu:532 - Load IP Config File for USB_DEVICE
2026-03-10 18:15:10,156 [INFO] IPUIPlugin:80 - create IPUIPlugin
2026-03-10 18:15:10,156 [INFO] IPUIPlugin:80 - create IPUIPlugin
2026-03-10 18:15:10,156 [INFO] IPUIPlugin:80 - create IPUIPlugin
2026-03-10 18:15:10,156 [INFO] IPUIPlugin:80 - create IPUIPlugin
2026-03-10 18:15:10,156 [INFO] IPUIPlugin:80 - create IPUIPlugin
2026-03-10 18:15:10,156 [INFO] IPUIPlugin:80 - create IPUIPlugin
2026-03-10 18:15:10,156 [INFO] IPUIPlugin:80 - create IPUIPlugin
2026-03-10 18:15:10,156 [INFO] IPUIPlugin:80 - create IPUIPlugin
2026-03-10 18:15:10,157 [INFO] IPUIPlugin:80 - create IPUIPlugin
2026-03-10 18:15:10,157 [INFO] IPUIPlugin:80 - create IPUIPlugin
2026-03-10 18:15:10,157 [INFO] IPUIPlugin:80 - create IPUIPlugin
2026-03-10 18:15:10,157 [INFO] IPUIPlugin:80 - create IPUIPlugin
2026-03-10 18:15:10,157 [INFO] IPUIPlugin:80 - create IPUIPlugin
2026-03-10 18:15:10,157 [INFO] IPUIPlugin:80 - create IPUIPlugin
2026-03-10 18:15:10,157 [INFO] IPUIPlugin:80 - create IPUIPlugin
2026-03-10 18:15:10,157 [INFO] IPUIPlugin:80 - create IPUIPlugin
2026-03-10 18:15:10,157 [INFO] IPUIPlugin:80 - create IPUIPlugin
2026-03-10 18:15:10,157 [INFO] IPUIPlugin:80 - create IPUIPlugin
2026-03-10 18:15:10,158 [INFO] IPUIPlugin:80 - create IPUIPlugin
2026-03-10 18:15:10,158 [INFO] IPUIPlugin:80 - create IPUIPlugin
2026-03-10 18:15:10,158 [INFO] IPUIPlugin:80 - create IPUIPlugin
2026-03-10 18:15:10,158 [INFO] IPUIPlugin:80 - create IPUIPlugin
2026-03-10 18:15:10,158 [INFO] IPUIPlugin:80 - create IPUIPlugin
2026-03-10 18:15:10,158 [INFO] IPUIPlugin:80 - create IPUIPlugin
2026-03-10 18:15:10,158 [INFO] IPUIPlugin:80 - create IPUIPlugin
2026-03-10 18:15:10,158 [INFO] IPUIPlugin:80 - create IPUIPlugin
2026-03-10 18:15:10,159 [INFO] IPUIPlugin:80 - create IPUIPlugin
2026-03-10 18:15:10,159 [INFO] IPUIPlugin:80 - create IPUIPlugin
2026-03-10 18:15:10,159 [INFO] IPUIPlugin:80 - create IPUIPlugin
2026-03-10 18:15:10,159 [INFO] IPUIPlugin:80 - create IPUIPlugin
2026-03-10 18:15:10,159 [INFO] IPUIPlugin:80 - create IPUIPlugin
2026-03-10 18:15:10,159 [INFO] IPUIPlugin:80 - create IPUIPlugin
2026-03-10 18:15:10,159 [INFO] IPUIPlugin:80 - create IPUIPlugin
2026-03-10 18:15:10,159 [INFO] IPUIPlugin:80 - create IPUIPlugin
2026-03-10 18:15:10,159 [INFO] IPUIPlugin:80 - create IPUIPlugin
2026-03-10 18:15:10,159 [INFO] IPUIPlugin:80 - create IPUIPlugin
2026-03-10 18:15:10,160 [INFO] IPUIPlugin:80 - create IPUIPlugin
2026-03-10 18:15:10,160 [INFO] IPUIPlugin:80 - create IPUIPlugin
2026-03-10 18:15:10,160 [INFO] IPUIPlugin:80 - create IPUIPlugin
2026-03-10 18:15:10,160 [INFO] IPUIPlugin:80 - create IPUIPlugin
2026-03-10 18:15:10,160 [INFO] IPUIPlugin:80 - create IPUIPlugin
2026-03-10 18:15:10,160 [INFO] IPUIPlugin:80 - create IPUIPlugin
2026-03-10 18:15:10,160 [INFO] IPUIPlugin:80 - create IPUIPlugin
2026-03-10 18:15:10,160 [INFO] IPUIPlugin:80 - create IPUIPlugin
2026-03-10 18:15:10,161 [INFO] IPUIPlugin:80 - create IPUIPlugin
2026-03-10 18:15:10,161 [INFO] IPUIPlugin:80 - create IPUIPlugin
2026-03-10 18:15:10,161 [INFO] IPUIPlugin:80 - create IPUIPlugin
2026-03-10 18:15:10,161 [INFO] IPUIPlugin:80 - create IPUIPlugin
2026-03-10 18:15:10,161 [INFO] IPUIPlugin:80 - create IPUIPlugin
2026-03-10 18:15:10,161 [INFO] IPUIPlugin:80 - create IPUIPlugin
2026-03-10 18:15:10,161 [INFO] IPUIPlugin:80 - create IPUIPlugin
2026-03-10 18:15:10,162 [INFO] IPUIPlugin:80 - create IPUIPlugin
2026-03-10 18:15:10,162 [INFO] IPUIPlugin:80 - create IPUIPlugin
2026-03-10 18:15:10,162 [INFO] IPUIPlugin:80 - create IPUIPlugin
2026-03-10 18:15:10,162 [INFO] IPUIPlugin:80 - create IPUIPlugin
2026-03-10 18:15:10,162 [INFO] IPUIPlugin:80 - create IPUIPlugin
2026-03-10 18:15:10,162 [INFO] IPUIPlugin:80 - create IPUIPlugin
2026-03-10 18:15:10,163 [INFO] IPUIPlugin:80 - create IPUIPlugin
2026-03-10 18:15:10,163 [INFO] IPUIPlugin:80 - create IPUIPlugin
2026-03-10 18:15:10,163 [INFO] IPUIPlugin:80 - create IPUIPlugin
2026-03-10 18:15:10,165 [INFO] ApiDbMcu:532 - Load IP Config File for PDM2PCM
2026-03-10 18:15:10,166 [INFO] Can:71 - Can Add PropertyChangeListener com.st.microxplorer.plugins.ip.can.Can@3dbd11d
2026-03-10 18:15:10,166 [WARN] IP:2250 - I2C_Coeff_DF not found: check if there is a RefParameter without a condition.
2026-03-10 18:15:10,167 [WARN] IP:2250 - Analog_Filter not found: check if there is a RefParameter without a condition.
2026-03-10 18:15:10,213 [INFO] CADModel:165 - CPN selected for project levelSTM32F446RET6
2026-03-10 18:15:10,213 [INFO] CADModel:114 - Register for checkConnection events
2026-03-10 18:15:10,250 [INFO] OpenFileManager:386 - Restore cursor
2026-03-10 18:15:10,382 [WARN] IP:2250 - DEVICE_SERIAL0_CDC_FS not found: check if there is a RefParameter without a condition.
2026-03-10 18:15:10,383 [WARN] IP:2250 - DEVICE_SERIAL1_CDC_FS not found: check if there is a RefParameter without a condition.
2026-03-10 18:15:10,383 [WARN] IP:2250 - DEVICE_SERIAL2_CDC_FS not found: check if there is a RefParameter without a condition.
2026-03-10 18:15:10,383 [WARN] IP:2250 - DEVICE_SERIAL0_CDC_FS not found: check if there is a RefParameter without a condition.
2026-03-10 18:15:10,383 [WARN] IP:2250 - DEVICE_SERIAL1_CDC_FS not found: check if there is a RefParameter without a condition.
2026-03-10 18:15:10,383 [WARN] IP:2250 - DEVICE_SERIAL2_CDC_FS not found: check if there is a RefParameter without a condition.
2026-03-10 18:15:10,413 [WARN] IP:2250 - I2C_Coeff_DF not found: check if there is a RefParameter without a condition.
2026-03-10 18:15:10,413 [WARN] IP:2250 - Analog_Filter not found: check if there is a RefParameter without a condition.
2026-03-10 18:15:10,414 [WARN] IP:2250 - I2C_Coeff_DF not found: check if there is a RefParameter without a condition.
2026-03-10 18:15:10,414 [WARN] IP:2250 - Analog_Filter not found: check if there is a RefParameter without a condition.
2026-03-10 18:15:13,176 [WARN] IP:2250 - DEVICE_SERIAL0_CDC_FS not found: check if there is a RefParameter without a condition.
2026-03-10 18:15:13,177 [WARN] IP:2250 - DEVICE_SERIAL1_CDC_FS not found: check if there is a RefParameter without a condition.
2026-03-10 18:15:13,177 [WARN] IP:2250 - DEVICE_SERIAL2_CDC_FS not found: check if there is a RefParameter without a condition.
2026-03-10 18:15:25,529 [INFO] UtilMem:75 - End SaveConfig() Used Memory: 479380608 Bytes (570425344)
2026-03-10 18:15:25,791 [INFO] BlockDiagram:2775 - set Specific Code input for plugin: TIM6_7
2026-03-10 18:15:25,791 [INFO] BlockDiagram:2775 - set Specific Code input for plugin: CAN
2026-03-10 18:15:25,791 [INFO] BlockDiagram:2775 - set Specific Code input for plugin: USB_DEVICE
2026-03-10 18:15:25,791 [INFO] BlockDiagram:2775 - set Specific Code input for plugin: SYS
2026-03-10 18:15:25,791 [INFO] BlockDiagram:2775 - set Specific Code input for plugin: RCC
2026-03-10 18:15:25,791 [INFO] BlockDiagram:2775 - set Specific Code input for plugin: I2C
2026-03-10 18:15:25,791 [INFO] BlockDiagram:2775 - set Specific Code input for plugin: USB_OTG_FS
2026-03-10 18:15:25,791 [INFO] BlockDiagram:2775 - set Specific Code input for plugin: NVIC
2026-03-10 18:15:25,791 [INFO] BlockDiagram:2775 - set Specific Code input for plugin: TIM1_8
2026-03-10 18:15:25,791 [INFO] BlockDiagram:2775 - set Specific Code input for plugin: DMA
2026-03-10 18:15:25,791 [INFO] BlockDiagram:2775 - set Specific Code input for plugin: TIM1_8
2026-03-10 18:15:25,792 [INFO] BlockDiagram:2775 - set Specific Code input for plugin: GPIO
2026-03-10 18:15:25,792 [INFO] CodeGenerator:892 - code generatio: config db path: /opt/st/stm32cubeide_1.19.0/plugins/com.st.stm32cube.common.mx_6.15.0.202507011659//db/
2026-03-10 18:15:25,799 [WARN] IP:2250 - I2C_Coeff_DF not found: check if there is a RefParameter without a condition.
2026-03-10 18:15:25,799 [WARN] IP:2250 - Analog_Filter not found: check if there is a RefParameter without a condition.
2026-03-10 18:15:25,815 [WARN] IP:2250 - DEVICE_SERIAL0_CDC_FS not found: check if there is a RefParameter without a condition.
2026-03-10 18:15:25,815 [WARN] IP:2250 - DEVICE_SERIAL1_CDC_FS not found: check if there is a RefParameter without a condition.
2026-03-10 18:15:25,815 [WARN] IP:2250 - DEVICE_SERIAL2_CDC_FS not found: check if there is a RefParameter without a condition.
2026-03-10 18:15:25,892 [INFO] CodeEngine:265 - oldGeneratedFile, /home/kamil/STM32CubeIDE/workspace_1.19.0/PCB_STM/MXTmpFiles/license.tmp_save
2026-03-10 18:15:26,122 [INFO] CodeEngine:289 - Generated code: /home/kamil/STM32CubeIDE/workspace_1.19.0/PCB_STM/MXTmpFiles/license.tmp
2026-03-10 18:15:26,162 [INFO] CodeEngine:265 - oldGeneratedFile, /home/kamil/STM32CubeIDE/workspace_1.19.0/PCB_STM/MXTmpFiles/gpio.tmp_save
2026-03-10 18:15:26,242 [INFO] CodeEngine:289 - Generated code: /home/kamil/STM32CubeIDE/workspace_1.19.0/PCB_STM/MXTmpFiles/gpio.tmp
2026-03-10 18:15:26,302 [WARN] IPConfigManager:3238 - Warning: the RefConfig PWREx_EnableUSBVoltageDetector is not available in your config.xml file
2026-03-10 18:15:26,307 [INFO] CodeEngine:265 - oldGeneratedFile, /home/kamil/STM32CubeIDE/workspace_1.19.0/PCB_STM/MXTmpFiles/usb_otg_fs_vars.tmp_save
2026-03-10 18:15:26,381 [INFO] CodeEngine:289 - Generated code: /home/kamil/STM32CubeIDE/workspace_1.19.0/PCB_STM/MXTmpFiles/usb_otg_fs_vars.tmp
2026-03-10 18:15:26,384 [INFO] CodeEngine:265 - oldGeneratedFile, /home/kamil/STM32CubeIDE/workspace_1.19.0/PCB_STM/MXTmpFiles/usb_otg_fs_inc.tmp_save
2026-03-10 18:15:26,443 [INFO] CodeEngine:289 - Generated code: /home/kamil/STM32CubeIDE/workspace_1.19.0/PCB_STM/MXTmpFiles/usb_otg_fs_inc.tmp
2026-03-10 18:15:26,445 [INFO] CodeEngine:265 - oldGeneratedFile, /home/kamil/STM32CubeIDE/workspace_1.19.0/PCB_STM/MXTmpFiles/usb_otg_fs_HalInit.tmp_save
2026-03-10 18:15:26,523 [INFO] CodeEngine:289 - Generated code: /home/kamil/STM32CubeIDE/workspace_1.19.0/PCB_STM/MXTmpFiles/usb_otg_fs_HalInit.tmp
2026-03-10 18:15:26,525 [INFO] CodeEngine:265 - oldGeneratedFile, /home/kamil/STM32CubeIDE/workspace_1.19.0/PCB_STM/MXTmpFiles/usb_otg_fs_Msp.tmp_save
2026-03-10 18:15:26,609 [INFO] CodeEngine:289 - Generated code: /home/kamil/STM32CubeIDE/workspace_1.19.0/PCB_STM/MXTmpFiles/usb_otg_fs_Msp.tmp
2026-03-10 18:15:26,863 [INFO] Middleware:1452 - No code input for Bsp Dependency
2026-03-10 18:15:26,871 [INFO] CodeEngine:265 - oldGeneratedFile, /home/kamil/STM32CubeIDE/workspace_1.19.0/PCB_STM/MXTmpFiles/dma.tmp_save
2026-03-10 18:15:26,923 [INFO] CodeEngine:289 - Generated code: /home/kamil/STM32CubeIDE/workspace_1.19.0/PCB_STM/MXTmpFiles/dma.tmp
2026-03-10 18:15:26,925 [INFO] CodeEngine:265 - oldGeneratedFile, /home/kamil/STM32CubeIDE/workspace_1.19.0/PCB_STM/MXTmpFiles/dma_GV.tmp_save
2026-03-10 18:15:26,979 [INFO] CodeEngine:289 - Generated code: /home/kamil/STM32CubeIDE/workspace_1.19.0/PCB_STM/MXTmpFiles/dma_GV.tmp
2026-03-10 18:15:27,003 [INFO] Middleware:1452 - No code input for Bsp Dependency
2026-03-10 18:15:27,007 [INFO] CodeEngine:265 - oldGeneratedFile, /home/kamil/STM32CubeIDE/workspace_1.19.0/PCB_STM/USB_DEVICE/App/usb_device.c_save
2026-03-10 18:15:27,060 [INFO] CodeEngine:289 - Generated code: /home/kamil/STM32CubeIDE/workspace_1.19.0/PCB_STM/USB_DEVICE/App/usb_device.c
2026-03-10 18:15:27,062 [INFO] CodeEngine:265 - oldGeneratedFile, /home/kamil/STM32CubeIDE/workspace_1.19.0/PCB_STM/USB_DEVICE/App/usb_device.h_save
2026-03-10 18:15:27,112 [INFO] CodeEngine:289 - Generated code: /home/kamil/STM32CubeIDE/workspace_1.19.0/PCB_STM/USB_DEVICE/App/usb_device.h
2026-03-10 18:15:27,113 [INFO] CodeEngine:265 - oldGeneratedFile, /home/kamil/STM32CubeIDE/workspace_1.19.0/PCB_STM/USB_DEVICE/Target/usbd_conf.h_save
2026-03-10 18:15:27,155 [INFO] CodeEngine:289 - Generated code: /home/kamil/STM32CubeIDE/workspace_1.19.0/PCB_STM/USB_DEVICE/Target/usbd_conf.h
2026-03-10 18:15:27,156 [INFO] CodeEngine:265 - oldGeneratedFile, /home/kamil/STM32CubeIDE/workspace_1.19.0/PCB_STM/USB_DEVICE/Target/usbd_conf.c_save
2026-03-10 18:15:27,204 [INFO] CodeEngine:289 - Generated code: /home/kamil/STM32CubeIDE/workspace_1.19.0/PCB_STM/USB_DEVICE/Target/usbd_conf.c
2026-03-10 18:15:27,205 [INFO] CodeEngine:265 - oldGeneratedFile, /home/kamil/STM32CubeIDE/workspace_1.19.0/PCB_STM/USB_DEVICE/App/usbd_desc.h_save
2026-03-10 18:15:27,243 [INFO] CodeEngine:289 - Generated code: /home/kamil/STM32CubeIDE/workspace_1.19.0/PCB_STM/USB_DEVICE/App/usbd_desc.h
2026-03-10 18:15:27,244 [INFO] CodeEngine:265 - oldGeneratedFile, /home/kamil/STM32CubeIDE/workspace_1.19.0/PCB_STM/USB_DEVICE/App/usbd_desc.c_save
2026-03-10 18:15:27,284 [INFO] CodeEngine:289 - Generated code: /home/kamil/STM32CubeIDE/workspace_1.19.0/PCB_STM/USB_DEVICE/App/usbd_desc.c
2026-03-10 18:15:27,285 [INFO] CodeEngine:265 - oldGeneratedFile, /home/kamil/STM32CubeIDE/workspace_1.19.0/PCB_STM/USB_DEVICE/App/usbd_cdc_if.h_save
2026-03-10 18:15:27,321 [INFO] CodeEngine:289 - Generated code: /home/kamil/STM32CubeIDE/workspace_1.19.0/PCB_STM/USB_DEVICE/App/usbd_cdc_if.h
2026-03-10 18:15:27,322 [INFO] CodeEngine:265 - oldGeneratedFile, /home/kamil/STM32CubeIDE/workspace_1.19.0/PCB_STM/USB_DEVICE/App/usbd_cdc_if.c_save
2026-03-10 18:15:27,366 [INFO] CodeEngine:289 - Generated code: /home/kamil/STM32CubeIDE/workspace_1.19.0/PCB_STM/USB_DEVICE/App/usbd_cdc_if.c
2026-03-10 18:15:27,371 [INFO] CodeEngine:265 - oldGeneratedFile, /home/kamil/STM32CubeIDE/workspace_1.19.0/PCB_STM/Core/Src/stm32f4xx_it.c_save
2026-03-10 18:15:27,429 [INFO] CodeEngine:289 - Generated code: /home/kamil/STM32CubeIDE/workspace_1.19.0/PCB_STM/Core/Src/stm32f4xx_it.c
2026-03-10 18:15:27,430 [INFO] CodeEngine:265 - oldGeneratedFile, /home/kamil/STM32CubeIDE/workspace_1.19.0/PCB_STM/Core/Inc/stm32f4xx_it.h_save
2026-03-10 18:15:27,467 [INFO] CodeEngine:289 - Generated code: /home/kamil/STM32CubeIDE/workspace_1.19.0/PCB_STM/Core/Inc/stm32f4xx_it.h
2026-03-10 18:15:27,475 [INFO] CodeEngine:265 - oldGeneratedFile, /home/kamil/STM32CubeIDE/workspace_1.19.0/PCB_STM/Core/Src/stm32f4xx_hal_msp.c_save
2026-03-10 18:15:27,544 [INFO] CodeEngine:289 - Generated code: /home/kamil/STM32CubeIDE/workspace_1.19.0/PCB_STM/Core/Src/stm32f4xx_hal_msp.c
2026-03-10 18:15:27,545 [INFO] CodeEngine:265 - oldGeneratedFile, /home/kamil/STM32CubeIDE/workspace_1.19.0/PCB_STM/MXTmpFiles/system.tmp_save
2026-03-10 18:15:27,581 [INFO] CodeEngine:289 - Generated code: /home/kamil/STM32CubeIDE/workspace_1.19.0/PCB_STM/MXTmpFiles/system.tmp
2026-03-10 18:15:27,583 [INFO] CodeEngine:265 - oldGeneratedFile, /home/kamil/STM32CubeIDE/workspace_1.19.0/PCB_STM/Core/Inc/stm32_assert.h_save
2026-03-10 18:15:27,617 [INFO] CodeEngine:289 - Generated code: /home/kamil/STM32CubeIDE/workspace_1.19.0/PCB_STM/Core/Inc/stm32_assert.h
2026-03-10 18:15:27,620 [INFO] CodeEngine:321 - oldGeneratedFile, /home/kamil/STM32CubeIDE/workspace_1.19.0/PCB_STM/Core/Inc/stm32f4xx_hal_conf.h_save
2026-03-10 18:15:27,661 [INFO] CodeEngine:345 - Generated code: /home/kamil/STM32CubeIDE/workspace_1.19.0/PCB_STM/Core/Inc/stm32f4xx_hal_conf.h
2026-03-10 18:15:27,687 [WARN] IPConfigManager:3238 - Warning: the RefConfig PLL2P_FOR_MCO is not available in your config.xml file
2026-03-10 18:15:27,691 [INFO] ApiDbMcu:532 - Load IP Config File for CAN1
2026-03-10 18:15:27,692 [INFO] ApiDbMcu:532 - Load IP Config File for I2C3
2026-03-10 18:15:27,698 [INFO] ApiDbMcu:532 - Load IP Config File for TIM6
2026-03-10 18:15:27,704 [INFO] ApiDbMcu:532 - Load IP Config File for TIM9
2026-03-10 18:15:27,709 [INFO] ApiDbMcu:532 - Load IP Config File for TIM10
2026-03-10 18:15:27,712 [INFO] ApiDbMcu:532 - Load IP Config File for RCC
2026-03-10 18:15:27,714 [WARN] IPConfigManager:3811 - IP not found : TIM
2026-03-10 18:15:27,715 [WARN] CodeGenerator:4259 - IP not found : null
2026-03-10 18:15:27,719 [INFO] CodeEngine:265 - oldGeneratedFile, /home/kamil/STM32CubeIDE/workspace_1.19.0/PCB_STM/Core/Inc/main.h_save
2026-03-10 18:15:27,794 [INFO] CodeEngine:289 - Generated code: /home/kamil/STM32CubeIDE/workspace_1.19.0/PCB_STM/Core/Inc/main.h
2026-03-10 18:15:27,795 [INFO] CodeEngine:265 - oldGeneratedFile, /home/kamil/STM32CubeIDE/workspace_1.19.0/PCB_STM/Core/Src/main.c_save
2026-03-10 18:15:27,906 [INFO] CodeEngine:289 - Generated code: /home/kamil/STM32CubeIDE/workspace_1.19.0/PCB_STM/Core/Src/main.c
2026-03-10 18:15:28,085 [INFO] ProjectBuilder:3606 - Time for Copy HAL[1] : 50mS.
2026-03-10 18:15:28,088 [INFO] ProjectBuilder:5216 - Project Generator version: 4.7.0-B52
2026-03-10 18:15:28,140 [INFO] ConfigFileManager:1595 - The Die is : DIE421
2026-03-10 18:15:28,145 [INFO] ApiDbMcu:532 - Load IP Config File for FATFS
2026-03-10 18:15:28,147 [INFO] ApiDbMcu:532 - Load IP Config File for FREERTOS
2026-03-10 18:15:28,148 [INFO] ApiDbMcu:532 - Load IP Config File for LIBJPEG
2026-03-10 18:15:28,151 [INFO] ApiDbMcu:532 - Load IP Config File for MBEDTLS
2026-03-10 18:15:28,153 [INFO] ApiDbMcu:532 - Load IP Config File for USB_HOST
2026-03-10 18:15:28,394 [INFO] LogOutputStream:77 - [STDOUT_REDIRECT] 
2026-03-10 18:15:28,978 [INFO] ProjectBuilder:5496 - Time for Generating toolchain IDE Files: 889mS.
2026-03-10 18:15:28,978 [INFO] ProjectBuilder:3463 - Time for Copy CMSIS : 0mS.
2026-03-10 18:15:28,979 [INFO] ProjectBuilder:3463 - Time for Copy CMSIS : 0mS.
2026-03-10 18:17:17,737 [INFO] MainUpdater:2872 - connection check result : 10
2026-03-10 18:17:17,738 [INFO] MainUpdater:2872 - connection check result : 10
2026-03-10 18:17:17,765 [INFO] MicroXplorer:468 - Change Database Path : 
2026-03-10 18:17:17,766 [INFO] MicroXplorer:498 - Change Database Version : DB.6.0.150
2026-03-10 18:17:17,771 [ERROR] ProjectManagerView:395 - 
java.lang.NullPointerException: Cannot invoke "javax.swing.JTextField.getText()" because the return value of "java.util.List.get(int)" is null
	at com.st.microxplorer.plugins.projectmanager.gui.ProjectChoiceTab$9.caretUpdate(ProjectChoiceTab.java:2706) ~[filemanager.jar:?]
	at javax.swing.text.JTextComponent.fireCaretUpdate(JTextComponent.java:408) ~[?:?]
	at javax.swing.text.JTextComponent$MutableCaretEvent.fire(JTextComponent.java:4484) ~[?:?]
	at javax.swing.text.JTextComponent$MutableCaretEvent.stateChanged(JTextComponent.java:4506) ~[?:?]
	at javax.swing.text.DefaultCaret.fireStateChanged(DefaultCaret.java:857) ~[?:?]
	at javax.swing.text.DefaultCaret.changeCaretPosition(DefaultCaret.java:1343) ~[?:?]
	at javax.swing.text.DefaultCaret.handleSetDot(DefaultCaret.java:1242) ~[?:?]
	at javax.swing.text.DefaultCaret.setDot(DefaultCaret.java:1223) ~[?:?]
	at javax.swing.text.DefaultCaret$Handler.insertUpdate(DefaultCaret.java:1819) ~[?:?]
	at javax.swing.text.AbstractDocument.fireInsertUpdate(AbstractDocument.java:227) ~[?:?]
	at javax.swing.text.AbstractDocument.handleInsertString(AbstractDocument.java:781) ~[?:?]
	at javax.swing.text.AbstractDocument.insertString(AbstractDocument.java:740) ~[?:?]
	at javax.swing.text.PlainDocument.insertString(PlainDocument.java:131) ~[?:?]
	at javax.swing.text.AbstractDocument.replace(AbstractDocument.java:699) ~[?:?]
	at javax.swing.text.JTextComponent.setText(JTextComponent.java:1725) ~[?:?]
	at com.st.microxplorer.plugins.projectmanager.gui.ProjectChoiceTab.createHeapStackFields(ProjectChoiceTab.java:993) ~[filemanager.jar:?]
	at com.st.microxplorer.plugins.projectmanager.gui.ProjectChoiceTab.buildLinkSettingsPanel(ProjectChoiceTab.java:3813) ~[filemanager.jar:?]
	at com.st.microxplorer.plugins.projectmanager.gui.ProjectChoiceTab.defineWindowsFields(ProjectChoiceTab.java:1987) ~[filemanager.jar:?]
	at com.st.microxplorer.plugins.projectmanager.gui.ProjectChoiceTab.updateSettings(ProjectChoiceTab.java:558) ~[filemanager.jar:?]
	at com.st.microxplorer.plugins.projectmanager.gui.ProjectSettingsPanel.UpdateDialog(ProjectSettingsPanel.java:247) ~[filemanager.jar:?]
	at com.st.microxplorer.plugins.projectmanager.ProjectManagerView.propertyChange(ProjectManagerView.java:392) ~[filemanager.jar:?]
	at java.beans.PropertyChangeSupport.fire(PropertyChangeSupport.java:343) ~[?:?]
	at java.beans.PropertyChangeSupport.firePropertyChange(PropertyChangeSupport.java:335) ~[?:?]
	at java.beans.PropertyChangeSupport.firePropertyChange(PropertyChangeSupport.java:268) ~[?:?]
	at com.st.microxplorer.util.MXPropertyChangeSupport.firePropertyChange(MXPropertyChangeSupport.java:54) ~[STM32CubeMX.jar:?]
	at com.st.microxplorer.mxsystem.MxSystem.closeConfig(MxSystem.java:899) ~[STM32CubeMX.jar:?]
	at com.st.microxplorer.maingui.MainPanel.closeConfig(MainPanel.java:792) ~[STM32CubeMX.jar:?]
	at com.st.microxplorer.plugins.filemanager.engine.OpenFileManager.loadConfigurationFile(OpenFileManager.java:288) ~[filemanager.jar:?]
	at com.st.microxplorer.plugins.filemanager.engine.MainFileManager.userLoadConfig(MainFileManager.java:364) ~[filemanager.jar:?]
	at com.st.microxplorer.plugins.filemanager.engine.MainFileManager.userLoadConfig(MainFileManager.java:342) ~[filemanager.jar:?]
	at com.st.microxplorer.plugins.filemanager.FileManagerView.getSpecificTask(FileManagerView.java:264) ~[filemanager.jar:?]
	at com.st.stm32cube.common.mx.editor.CubeMxEditor.getMxTabbedPaneInstance(CubeMxEditor.java:1198) ~[com.st.stm32cube.common.mx_6.15.0.202507011659/:?]
	at com.st.stm32cube.common.mx.editor.CubeMxEditor$12$1.createSwingComponent(CubeMxEditor.java:1068) ~[com.st.stm32cube.common.mx_6.15.0.202507011659/:?]
	at com.st.stm32cube.common.mx.oss.core.awtswtbridge.EmbeddedSwingComposite.doComponentCreation(EmbeddedSwingComposite.java:492) ~[com.st.stm32cube.common.mx.oss_6.15.0.202507011659/:?]
	at com.st.stm32cube.common.mx.oss.core.awtswtbridge.EmbeddedSwingComposite$4.run(EmbeddedSwingComposite.java:291) ~[com.st.stm32cube.common.mx.oss_6.15.0.202507011659/:?]
	at com.st.stm32cube.common.mx.oss.core.awtswtbridge.AwtEnvironment$2.run(AwtEnvironment.java:166) ~[com.st.stm32cube.common.mx.oss_6.15.0.202507011659/:?]
	at java.awt.event.InvocationEvent.dispatch(InvocationEvent.java:318) ~[?:?]
	at java.awt.EventQueue.dispatchEventImpl(EventQueue.java:773) ~[?:?]
	at java.awt.EventQueue$4.run(EventQueue.java:720) ~[?:?]
	at java.awt.EventQueue$4.run(EventQueue.java:714) ~[?:?]
	at java.security.AccessController.doPrivileged(AccessController.java:400) ~[?:?]
	at java.security.ProtectionDomain$JavaSecurityAccessImpl.doIntersectionPrivilege(ProtectionDomain.java:87) ~[?:?]
	at java.awt.EventQueue.dispatchEvent(EventQueue.java:742) ~[?:?]
	at java.awt.EventDispatchThread.pumpOneEventForFilters(EventDispatchThread.java:203) ~[?:?]
	at java.awt.EventDispatchThread.pumpEventsForFilter(EventDispatchThread.java:124) ~[?:?]
	at java.awt.EventDispatchThread.pumpEventsForHierarchy(EventDispatchThread.java:113) ~[?:?]
	at java.awt.EventDispatchThread.pumpEvents(EventDispatchThread.java:109) ~[?:?]
	at java.awt.EventDispatchThread.pumpEvents(EventDispatchThread.java:101) ~[?:?]
	at java.awt.EventDispatchThread.run(EventDispatchThread.java:90) ~[?:?]
2026-03-10 18:17:17,772 [WARN] ThirdParty:871 - waiting for thirdparty lock release [close project]
2026-03-10 18:17:17,772 [INFO] ThirdParty:873 - entering critical section [close project]
2026-03-10 18:17:17,772 [INFO] ThirdParty:883 - exiting critical section [close project]
2026-03-10 18:17:17,773 [INFO] PinOutPanel:1589 - setPackage(No Configuration,No Configuration)
2026-03-10 18:17:17,777 [WARN] IpParametersView:155 - Warning: This peripheral hasn't parameters
2026-03-10 18:17:17,779 [WARN] MainPanel:289 - <html><b><center>Warning: This peripheral has no parameters to be configured<br></b></html>
2026-03-10 18:17:17,781 [INFO] UtilMem:75 - Begin LoadConfig() Used Memory: 591346400 Bytes (676331520)
2026-03-10 18:17:17,781 [INFO] MicroXplorer:468 - Change Database Path : 
2026-03-10 18:17:17,781 [INFO] MicroXplorer:498 - Change Database Version : DB.6.0.150
2026-03-10 18:17:17,781 [INFO] OpenFileManager:355 - Change cursor
2026-03-10 18:17:17,787 [INFO] RulesReader:64 - Compatibility file has been processed (317 Rules)
2026-03-10 18:17:17,789 [INFO] Mcu:2029 - Initializing MCU STM32F446R(C-E)Tx STM32F446RETx STM32F446RET6
2026-03-10 18:17:18,448 [INFO] Context:786 - Trying to add GPIOservice into a context  which must be forbidden
2026-03-10 18:17:18,821 [INFO] ImportTextPane:234 - (OptionalMessage_ERROR) Pin16 (VP_RIF_VS_RIF1) cannot be retrieved for this MCU
2026-03-10 18:17:18,959 [INFO] RtosManager:558 - Registered RTOS mode: class=CMSIS, group=RTOS, mode=CMSIS_V1, owner=FREERTOS
2026-03-10 18:17:18,959 [INFO] RtosManager:558 - Registered RTOS mode: class=CMSIS, group=RTOS2, mode=CMSIS_V2, owner=FREERTOS
2026-03-10 18:17:18,959 [INFO] RtosManager:558 - Registered RTOS mode: class=RTOS, group=Core, mode=CMSIS_V1, owner=FREERTOS
2026-03-10 18:17:18,959 [INFO] RtosManager:558 - Registered RTOS mode: class=RTOS, group=Core, mode=CMSIS_V2, owner=FREERTOS
2026-03-10 18:17:18,959 [WARN] ModelIntegratedComponent:184 - Missing modes for component STMicroelectronics:FreeRTOS:0.0.1:STMicroelectronics:RTOS:FreeRTOS:Core:::10.2.0:
2026-03-10 18:17:18,965 [WARN] ModelIntegratedComponent:63 - No mode defined for component null
2026-03-10 18:17:18,966 [WARN] ModelIntegratedComponent:63 - No mode defined for component null
2026-03-10 18:17:18,966 [WARN] ModelIntegratedComponent:63 - No mode defined for component null
2026-03-10 18:17:18,966 [WARN] ModelIntegratedComponent:63 - No mode defined for component null
2026-03-10 18:17:18,966 [WARN] ModelIntegratedComponent:63 - No mode defined for component null
2026-03-10 18:17:18,966 [WARN] ModelIntegratedComponent:63 - No mode defined for component null
2026-03-10 18:17:18,966 [WARN] ModelIntegratedComponent:63 - No mode defined for component null
2026-03-10 18:17:18,966 [WARN] ModelIntegratedComponent:63 - No mode defined for component null
2026-03-10 18:17:18,966 [WARN] ModelIntegratedComponent:63 - No mode defined for component null
2026-03-10 18:17:18,966 [WARN] ModelIntegratedComponent:63 - No mode defined for component null
2026-03-10 18:17:18,966 [WARN] ModelIntegratedComponent:63 - No mode defined for component null
2026-03-10 18:17:18,966 [WARN] ModelIntegratedComponent:63 - No mode defined for component null
2026-03-10 18:17:18,966 [WARN] ModelIntegratedComponent:63 - No mode defined for component null
2026-03-10 18:17:18,966 [WARN] ModelIntegratedComponent:63 - No mode defined for component null
2026-03-10 18:17:18,966 [WARN] ModelIntegratedComponent:63 - No mode defined for component null
2026-03-10 18:17:18,966 [WARN] ModelIntegratedComponent:63 - No mode defined for component null
2026-03-10 18:17:18,966 [WARN] ModelIntegratedComponent:63 - No mode defined for component null
2026-03-10 18:17:18,966 [WARN] ModelIntegratedComponent:63 - No mode defined for component null
2026-03-10 18:17:18,966 [WARN] ModelIntegratedComponent:63 - No mode defined for component null
2026-03-10 18:17:18,966 [WARN] ModelIntegratedComponent:63 - No mode defined for component null
2026-03-10 18:17:18,966 [WARN] ModelIntegratedComponent:63 - No mode defined for component null
2026-03-10 18:17:18,966 [WARN] ModelIntegratedComponent:63 - No mode defined for component null
2026-03-10 18:17:18,966 [WARN] ModelIntegratedComponent:63 - No mode defined for component null
2026-03-10 18:17:18,966 [WARN] ModelIntegratedComponent:63 - No mode defined for component null
2026-03-10 18:17:18,966 [WARN] ModelIntegratedComponent:63 - No mode defined for component null
2026-03-10 18:17:18,966 [WARN] ModelIntegratedComponent:63 - No mode defined for component null
2026-03-10 18:17:18,966 [WARN] ModelIntegratedComponent:63 - No mode defined for component null
2026-03-10 18:17:18,966 [WARN] ModelIntegratedComponent:63 - No mode defined for component null
2026-03-10 18:17:18,966 [WARN] ModelIntegratedComponent:63 - No mode defined for component null
2026-03-10 18:17:18,966 [WARN] ModelIntegratedComponent:63 - No mode defined for component null
2026-03-10 18:17:18,966 [WARN] ModelIntegratedComponent:63 - No mode defined for component null
2026-03-10 18:17:18,966 [WARN] ModelIntegratedComponent:63 - No mode defined for component null
2026-03-10 18:17:18,966 [WARN] ModelIntegratedComponent:63 - No mode defined for component null
2026-03-10 18:17:18,966 [WARN] ModelIntegratedComponent:63 - No mode defined for component null
2026-03-10 18:17:18,966 [WARN] ModelIntegratedComponent:63 - No mode defined for component null
2026-03-10 18:17:18,966 [WARN] ModelPack:524 - Component already loaded: STMicroelectronics:HAL Drivers:0.0.0:STMicroelectronics:Device:STMicro_Driver:XSPI:HAL::0.0.1:HAL_XSPI
2026-03-10 18:17:19,028 [INFO] ThirdPartyModel:298 - Start build external matchings
2026-03-10 18:17:19,331 [INFO] ThirdPartyModel:316 - End build external matchings
2026-03-10 18:17:19,347 [INFO] ImportTextPane:234 - (OptionalMessage_ERROR) IP (DMA) : Parameter (Instance) has Id (I2C3_RX) currently not set
2026-03-10 18:17:19,347 [INFO] ImportTextPane:234 - (OptionalMessage_ERROR) IP (DMA) : Parameter (Channel) has Id (I2C3_RX) currently not set
2026-03-10 18:17:19,347 [INFO] ImportTextPane:234 - (OptionalMessage_ERROR) IP (DMA) : Parameter (Direction) has Id (I2C3_RX) currently not set
2026-03-10 18:17:19,347 [INFO] ImportTextPane:234 - (OptionalMessage_ERROR) IP (DMA) : Parameter (PeriphInc) has Id (I2C3_RX) currently not set
2026-03-10 18:17:19,347 [INFO] ImportTextPane:234 - (OptionalMessage_ERROR) IP (DMA) : Parameter (MemInc) has Id (I2C3_RX) currently not set
2026-03-10 18:17:19,347 [INFO] ImportTextPane:234 - (OptionalMessage_ERROR) IP (DMA) : Parameter (PeriphDataAlignment) has Id (I2C3_RX) currently not set
2026-03-10 18:17:19,347 [INFO] ImportTextPane:234 - (OptionalMessage_ERROR) IP (DMA) : Parameter (MemDataAlignment) has Id (I2C3_RX) currently not set
2026-03-10 18:17:19,347 [INFO] ImportTextPane:234 - (OptionalMessage_ERROR) IP (DMA) : Parameter (Mode) has Id (I2C3_RX) currently not set
2026-03-10 18:17:19,347 [INFO] ImportTextPane:234 - (OptionalMessage_ERROR) IP (DMA) : Parameter (Priority) has Id (I2C3_RX) currently not set
2026-03-10 18:17:19,347 [INFO] ImportTextPane:234 - (OptionalMessage_ERROR) IP (DMA) : Parameter (FIFOMode) has Id (I2C3_RX) currently not set
2026-03-10 18:17:19,348 [WARN] IP:2250 - I2C_Coeff_DF not found: check if there is a RefParameter without a condition.
2026-03-10 18:17:19,348 [WARN] IP:2250 - Analog_Filter not found: check if there is a RefParameter without a condition.
2026-03-10 18:17:19,348 [INFO] ImportTextPane:234 - (OptionalMessage_ERROR) IP (RCC) : Invalid parameter (FamilyName)
2026-03-10 18:17:19,350 [WARN] IP:2250 - DEVICE_SERIAL0_CDC_FS not found: check if there is a RefParameter without a condition.
2026-03-10 18:17:19,350 [WARN] IP:2250 - DEVICE_SERIAL1_CDC_FS not found: check if there is a RefParameter without a condition.
2026-03-10 18:17:19,350 [WARN] IP:2250 - DEVICE_SERIAL2_CDC_FS not found: check if there is a RefParameter without a condition.
2026-03-10 18:17:19,502 [INFO] UtilMem:75 - End LoadConfig() Used Memory: 325757376 Bytes (676331520)
2026-03-10 18:17:19,508 [WARN] ThirdParty:833 - waiting for thirdparty lock release [change project]
2026-03-10 18:17:19,509 [INFO] ThirdParty:835 - entering critical section [change project]
2026-03-10 18:17:19,509 [INFO] ThirdParty:1030 - CMSIS Pack Vendor :STMicroelectronics X-CUBE-AZRTOS-H7 3.5.0
2026-03-10 18:17:19,509 [INFO] ThirdParty:1030 - CMSIS Pack Vendor :STMicroelectronics X-CUBE-PM33A1 1.0.0
2026-03-10 18:17:19,509 [INFO] ThirdParty:1030 - CMSIS Pack Vendor :STMicroelectronics USBPD 4.1
2026-03-10 18:17:19,509 [INFO] ThirdParty:1030 - CMSIS Pack Vendor :STMicroelectronics X-CUBE-NFC9 1.0.0
2026-03-10 18:17:19,509 [INFO] ThirdParty:1030 - CMSIS Pack Vendor :STMicroelectronics USB_HOST 2.0.0
2026-03-10 18:17:19,509 [INFO] ThirdParty:1030 - CMSIS Pack Vendor :STMicroelectronics FP-SNS-MOTENVWB1 1.4.0
2026-03-10 18:17:19,509 [INFO] ThirdParty:1030 - CMSIS Pack Vendor :STMicroelectronics X-CUBE-AZRTOS-F4 1.1.0
2026-03-10 18:17:19,509 [INFO] ThirdParty:1030 - CMSIS Pack Vendor :STMicroelectronics LIBJPEG 8.0.0
2026-03-10 18:17:19,509 [INFO] ThirdParty:1030 - CMSIS Pack Vendor :STMicroelectronics FP-ATR-ASTRA1 2.0.2
2026-03-10 18:17:19,509 [INFO] ThirdParty:1030 - CMSIS Pack Vendor :wolfSSL I-CUBE-wolfSSL 5.8.2
2026-03-10 18:17:19,509 [INFO] ThirdParty:1030 - CMSIS Pack Vendor :STMicroelectronics X-CUBE-BLE1 7.1.0
2026-03-10 18:17:19,509 [INFO] ThirdParty:1030 - CMSIS Pack Vendor :STMicroelectronics X-CUBE-SMBUS 2.1.0
2026-03-10 18:17:19,509 [INFO] ThirdParty:1030 - CMSIS Pack Vendor :wolfSSL I-CUBE-wolfMQTT 1.19.2
2026-03-10 18:17:19,509 [INFO] ThirdParty:1030 - CMSIS Pack Vendor :STMicroelectronics USB_DEVICE 3.0.0
2026-03-10 18:17:19,509 [INFO] ThirdParty:1030 - CMSIS Pack Vendor :STMicroelectronics X-CUBE-ISPU 2.1.0
2026-03-10 18:17:19,509 [INFO] ThirdParty:1030 - CMSIS Pack Vendor :STMicroelectronics X-CUBE-FREERTOS 1.4.0
2026-03-10 18:17:19,509 [INFO] ThirdParty:1030 - CMSIS Pack Vendor :STMicroelectronics X-CUBE-EEPRMA1 5.2.0
2026-03-10 18:17:19,509 [INFO] ThirdParty:1030 - CMSIS Pack Vendor :STMicroelectronics X-CUBE-IPS 3.2.0
2026-03-10 18:17:19,509 [INFO] ThirdParty:1030 - CMSIS Pack Vendor :STMicroelectronics X-CUBE-BLEMGR 4.1.0
2026-03-10 18:17:19,509 [INFO] ThirdParty:1030 - CMSIS Pack Vendor :STMicroelectronics X-CUBE-AZRTOS-WB 2.0.0
2026-03-10 18:17:19,509 [INFO] ThirdParty:1030 - CMSIS Pack Vendor :STMicroelectronics X-CUBE-ST60 1.0.0
2026-03-10 18:17:19,509 [INFO] ThirdParty:1030 - CMSIS Pack Vendor :STMicroelectronics X-CUBE-GNSS1 7.0.1
2026-03-10 18:17:19,509 [INFO] ThirdParty:1030 - CMSIS Pack Vendor :STMicroelectronics X-CUBE-NFC12 1.0.0
2026-03-10 18:17:19,509 [INFO] ThirdParty:1030 - CMSIS Pack Vendor :STMicroelectronics X-CUBE-AZRTOS-F7 1.1.0
2026-03-10 18:17:19,509 [INFO] ThirdParty:1030 - CMSIS Pack Vendor :STMicroelectronics X-CUBE-AZRTOS-L5 2.0.0
2026-03-10 18:17:19,509 [INFO] ThirdParty:1030 - CMSIS Pack Vendor :STMicroelectronics USB_DEVICE 2.0.0
2026-03-10 18:17:19,509 [INFO] ThirdParty:1030 - CMSIS Pack Vendor :STMicroelectronics X-CUBE-NFC6 3.1.0
2026-03-10 18:17:19,509 [INFO] ThirdParty:1030 - CMSIS Pack Vendor :STMicroelectronics X-CUBE-ST67W61 1.1.0
2026-03-10 18:17:19,509 [INFO] ThirdParty:1030 - CMSIS Pack Vendor :Cesanta I-CUBE-Mongoose 7.19.0
2026-03-10 18:17:19,509 [INFO] ThirdParty:1030 - CMSIS Pack Vendor :quantropi X-CUBE-qispace-sdk-base 2.1.0
2026-03-10 18:17:19,509 [INFO] ThirdParty:1030 - CMSIS Pack Vendor :STMicroelectronics X-CUBE-MEMS1 12.0.0
2026-03-10 18:17:19,509 [INFO] ThirdParty:1030 - CMSIS Pack Vendor :STMicroelectronics X-CUBE-STSE01 2.0.0
2026-03-10 18:17:19,509 [INFO] ThirdParty:1030 - CMSIS Pack Vendor :STMicroelectronics FP-SNS-MOTENV1 5.1.0
2026-03-10 18:17:19,509 [INFO] ThirdParty:1030 - CMSIS Pack Vendor :STMicroelectronics FreeRTOS 0.0.1
2026-03-10 18:17:19,509 [INFO] ThirdParty:1030 - CMSIS Pack Vendor :STMicroelectronics X-CUBE-AZRTOS-G0 1.1.0
2026-03-10 18:17:19,509 [INFO] ThirdParty:1030 - CMSIS Pack Vendor :STMicroelectronics X-CUBE-SAFEA1 1.2.2
2026-03-10 18:17:19,509 [INFO] ThirdParty:1030 - CMSIS Pack Vendor :STMicroelectronics X-CUBE-NFC4 3.0.0
2026-03-10 18:17:19,509 [INFO] ThirdParty:1030 - CMSIS Pack Vendor :STMicroelectronics X-CUBE-SUBG2 5.0.0
2026-03-10 18:17:19,509 [INFO] ThirdParty:1030 - CMSIS Pack Vendor :STMicroelectronics X-CUBE-AZRTOS-H7RS 1.1.0
2026-03-10 18:17:19,509 [INFO] ThirdParty:1030 - CMSIS Pack Vendor :STMicroelectronics STM32_WPAN 1.0.0
2026-03-10 18:17:19,509 [INFO] ThirdParty:1030 - CMSIS Pack Vendor :EmbeddedOffice I-CUBE-FS-RTOS 1.0.1
2026-03-10 18:17:19,509 [INFO] ThirdParty:1030 - CMSIS Pack Vendor :STMicroelectronics lwIP 2.0.3
2026-03-10 18:17:19,509 [INFO] ThirdParty:1030 - CMSIS Pack Vendor :WES I-CUBE-Cesium 1.4.0
2026-03-10 18:17:19,509 [INFO] ThirdParty:1030 - CMSIS Pack Vendor :STMicroelectronics USB_HOST 1.0.0
2026-03-10 18:17:19,509 [INFO] ThirdParty:1030 - CMSIS Pack Vendor :Infineon AIROC-Wi-Fi-Bluetooth-STM32 1.7.1
2026-03-10 18:17:19,509 [INFO] ThirdParty:1030 - CMSIS Pack Vendor :STMicroelectronics X-CUBE-AZRTOS-G4 2.0.0
2026-03-10 18:17:19,509 [INFO] ThirdParty:1030 - CMSIS Pack Vendor :STMicroelectronics X-CUBE-WB05N 2.0.0
2026-03-10 18:17:19,509 [INFO] ThirdParty:1030 - CMSIS Pack Vendor :STMicroelectronics PDM2PCM 3.1.0
2026-03-10 18:17:19,509 [INFO] ThirdParty:1030 - CMSIS Pack Vendor :STMicroelectronics PDM2PCM 3.3.0
2026-03-10 18:17:19,509 [INFO] ThirdParty:1030 - CMSIS Pack Vendor :wolfSSL I-CUBE-wolfTPM 3.8.0
2026-03-10 18:17:19,509 [INFO] ThirdParty:1030 - CMSIS Pack Vendor :STMicroelectronics X-CUBE-AZRTOS-H7 3.4.0
2026-03-10 18:17:19,509 [INFO] ThirdParty:1030 - CMSIS Pack Vendor :STMicroelectronics X-CUBE-DISPLAY 3.0.0
2026-03-10 18:17:19,509 [INFO] ThirdParty:1030 - CMSIS Pack Vendor :wolfSSL I-CUBE-wolfSSH 1.4.20
2026-03-10 18:17:19,510 [INFO] ThirdParty:1030 - CMSIS Pack Vendor :STMicroelectronics X-CUBE-NFC7 2.0.0
2026-03-10 18:17:19,510 [INFO] ThirdParty:1030 - CMSIS Pack Vendor :STMicroelectronics FP-SNS-MOTENVWB1 1.5.0
2026-03-10 18:17:19,510 [INFO] ThirdParty:1030 - CMSIS Pack Vendor :STMicroelectronics X-CUBE-TCPP 4.2.0
2026-03-10 18:17:19,510 [INFO] ThirdParty:1030 - CMSIS Pack Vendor :RealThread X-CUBE-RT-Thread_Nano 4.1.1
2026-03-10 18:17:19,510 [INFO] ThirdParty:1030 - CMSIS Pack Vendor :STMicroelectronics FP-ATR-SIGFOX1 3.2.0
2026-03-10 18:17:19,510 [INFO] ThirdParty:1030 - CMSIS Pack Vendor :STMicroelectronics X-CUBE-NFC10 1.0.0
2026-03-10 18:17:19,510 [INFO] ThirdParty:1030 - CMSIS Pack Vendor :STMicroelectronics X-CUBE-FREERTOS 1.3.1
2026-03-10 18:17:19,510 [INFO] ThirdParty:1030 - CMSIS Pack Vendor :STMicroelectronics HAL Drivers 0.0.0
2026-03-10 18:17:19,510 [INFO] ThirdParty:1030 - CMSIS Pack Vendor :STMicroelectronics X-CUBE-FREERTOS 1.5.0
2026-03-10 18:17:19,510 [INFO] ThirdParty:1030 - CMSIS Pack Vendor :STMicroelectronics MBEDTLS 2.16.2
2026-03-10 18:17:19,510 [INFO] ThirdParty:1030 - CMSIS Pack Vendor :STMicroelectronics X-CUBE-ST60 1.1.0
2026-03-10 18:17:19,510 [INFO] ThirdParty:1030 - CMSIS Pack Vendor :STMicroelectronics X-CUBE-ALS 1.0.2
2026-03-10 18:17:19,510 [INFO] ThirdParty:1030 - CMSIS Pack Vendor :emotas I-CUBE-CANOPEN 1.3.0
2026-03-10 18:17:19,510 [INFO] ThirdParty:1030 - CMSIS Pack Vendor :STMicroelectronics MBEDTLS 2.14.1
2026-03-10 18:17:19,510 [INFO] ThirdParty:1030 - CMSIS Pack Vendor :STMicroelectronics X-CUBE-GNSS1 7.1.0
2026-03-10 18:17:19,510 [INFO] ThirdParty:1030 - CMSIS Pack Vendor :ITTIA_DB I-CUBE-ITTIADB 8.9.0
2026-03-10 18:17:19,510 [INFO] ThirdParty:1030 - CMSIS Pack Vendor :STMicroelectronics X-CUBE-TOUCHGFX 4.26.0
2026-03-10 18:17:19,510 [INFO] ThirdParty:1030 - CMSIS Pack Vendor :STMicroelectronics X-CUBE-STSE01 1.0.0
2026-03-10 18:17:19,510 [INFO] ThirdParty:1030 - CMSIS Pack Vendor :STMicroelectronics X-CUBE-TOUCHGFX 4.26.1
2026-03-10 18:17:19,510 [INFO] ThirdParty:1030 - CMSIS Pack Vendor :STMicroelectronics X-CUBE-NFC6 3.2.0
2026-03-10 18:17:19,510 [INFO] ThirdParty:1030 - CMSIS Pack Vendor :STMicroelectronics ThreadX 1.0.0
2026-03-10 18:17:19,510 [INFO] ThirdParty:1030 - CMSIS Pack Vendor :STMicroelectronics FP-SNS-SMARTAG2 1.2.0
2026-03-10 18:17:19,510 [INFO] ThirdParty:1030 - CMSIS Pack Vendor :STMicroelectronics FP-SNS-FLIGHT1 5.1.0
2026-03-10 18:17:19,510 [INFO] ThirdParty:1030 - CMSIS Pack Vendor :STMicroelectronics X-CUBE-AZRTOS-WL 2.0.0
2026-03-10 18:17:19,510 [INFO] ThirdParty:1030 - CMSIS Pack Vendor :SEGGER I-CUBE-embOS 1.3.1
2026-03-10 18:17:19,510 [INFO] ThirdParty:1030 - CMSIS Pack Vendor :STMicroelectronics X-CUBE-ALGOBUILD 1.4.0
2026-03-10 18:17:19,510 [INFO] ThirdParty:1030 - CMSIS Pack Vendor :STMicroelectronics X-CUBE-DPower 1.3.0
2026-03-10 18:17:19,510 [INFO] ThirdParty:1030 - CMSIS Pack Vendor :STMicroelectronics X-CUBE-MEMS1 11.3.0
2026-03-10 18:17:19,510 [INFO] ThirdParty:1030 - CMSIS Pack Vendor :STMicroelectronics FP-SNS-MOTENV1 5.0.0
2026-03-10 18:17:19,510 [INFO] ThirdParty:1030 - CMSIS Pack Vendor :STMicroelectronics USB_DEVICE 1.0.0
2026-03-10 18:17:19,510 [INFO] ThirdParty:1030 - CMSIS Pack Vendor :STMicroelectronics X-CUBE-AZRTOS-H7RS 1.2.0
2026-03-10 18:17:19,510 [INFO] ThirdParty:1030 - CMSIS Pack Vendor :STMicroelectronics X-CUBE-AZRTOS-L4 2.0.0
2026-03-10 18:17:19,510 [INFO] ThirdParty:1030 - CMSIS Pack Vendor :STMicroelectronics ThreadX 0.0.2
2026-03-10 18:17:19,510 [INFO] ThirdParty:1030 - CMSIS Pack Vendor :STMicroelectronics lwIP 2.1.2
2026-03-10 18:17:19,510 [INFO] ThirdParty:1030 - CMSIS Pack Vendor :STMicroelectronics X-CUBE-SFXS2LP1 4.0.0
2026-03-10 18:17:19,510 [INFO] ThirdParty:1030 - CMSIS Pack Vendor :STMicroelectronics X-CUBE-BLE2 3.3.0
2026-03-10 18:17:19,510 [INFO] ThirdParty:1030 - CMSIS Pack Vendor :Avnet-IOTCONNECT X-CUBE-iotc-st67-sdk 1.0.0
2026-03-10 18:17:19,510 [INFO] ThirdParty:1030 - CMSIS Pack Vendor :STMicroelectronics X-CUBE-TOF1 3.4.3
2026-03-10 18:17:19,510 [INFO] ThirdParty:1030 - CMSIS Pack Vendor :STMicroelectronics PDM2PCM 3.2.0
2026-03-10 18:17:19,510 [INFO] ThirdParty:1030 - CMSIS Pack Vendor :STMicroelectronics X-CUBE-ST67W61 1.2.0
2026-03-10 18:17:19,510 [INFO] ThirdParty:841 - exiting critical section [change project]
2026-03-10 18:17:19,661 [INFO] PinOutPanel:1589 - setPackage(No Configuration,No Configuration)
2026-03-10 18:17:19,661 [INFO] PinOutPanel:1589 - setPackage(STM32F446RETx,LQFP64)
2026-03-10 18:17:19,947 [INFO] UtilMem:75 - Before build in PCC Used Memory: 613259776 Bytes (676331520)
2026-03-10 18:17:20,092 [INFO] UtilMem:75 - After build in PCC Used Memory: 355620832 Bytes (676331520)
2026-03-10 18:17:20,096 [INFO] ApiDbMcu:532 - Load IP Config File for USB_DEVICE
2026-03-10 18:17:20,107 [INFO] IPUIPlugin:80 - create IPUIPlugin
2026-03-10 18:17:20,107 [INFO] IPUIPlugin:80 - create IPUIPlugin
2026-03-10 18:17:20,107 [INFO] IPUIPlugin:80 - create IPUIPlugin
2026-03-10 18:17:20,107 [INFO] IPUIPlugin:80 - create IPUIPlugin
2026-03-10 18:17:20,107 [INFO] IPUIPlugin:80 - create IPUIPlugin
2026-03-10 18:17:20,107 [INFO] IPUIPlugin:80 - create IPUIPlugin
2026-03-10 18:17:20,107 [INFO] IPUIPlugin:80 - create IPUIPlugin
2026-03-10 18:17:20,107 [INFO] IPUIPlugin:80 - create IPUIPlugin
2026-03-10 18:17:20,107 [INFO] IPUIPlugin:80 - create IPUIPlugin
2026-03-10 18:17:20,107 [INFO] IPUIPlugin:80 - create IPUIPlugin
2026-03-10 18:17:20,107 [INFO] IPUIPlugin:80 - create IPUIPlugin
2026-03-10 18:17:20,107 [INFO] IPUIPlugin:80 - create IPUIPlugin
2026-03-10 18:17:20,107 [INFO] IPUIPlugin:80 - create IPUIPlugin
2026-03-10 18:17:20,108 [INFO] IPUIPlugin:80 - create IPUIPlugin
2026-03-10 18:17:20,108 [INFO] IPUIPlugin:80 - create IPUIPlugin
2026-03-10 18:17:20,108 [INFO] IPUIPlugin:80 - create IPUIPlugin
2026-03-10 18:17:20,108 [INFO] IPUIPlugin:80 - create IPUIPlugin
2026-03-10 18:17:20,108 [INFO] IPUIPlugin:80 - create IPUIPlugin
2026-03-10 18:17:20,108 [INFO] IPUIPlugin:80 - create IPUIPlugin
2026-03-10 18:17:20,108 [INFO] IPUIPlugin:80 - create IPUIPlugin
2026-03-10 18:17:20,108 [INFO] IPUIPlugin:80 - create IPUIPlugin
2026-03-10 18:17:20,108 [INFO] IPUIPlugin:80 - create IPUIPlugin
2026-03-10 18:17:20,108 [INFO] IPUIPlugin:80 - create IPUIPlugin
2026-03-10 18:17:20,108 [INFO] IPUIPlugin:80 - create IPUIPlugin
2026-03-10 18:17:20,108 [INFO] IPUIPlugin:80 - create IPUIPlugin
2026-03-10 18:17:20,108 [INFO] IPUIPlugin:80 - create IPUIPlugin
2026-03-10 18:17:20,108 [INFO] IPUIPlugin:80 - create IPUIPlugin
2026-03-10 18:17:20,109 [INFO] IPUIPlugin:80 - create IPUIPlugin
2026-03-10 18:17:20,109 [INFO] IPUIPlugin:80 - create IPUIPlugin
2026-03-10 18:17:20,109 [INFO] IPUIPlugin:80 - create IPUIPlugin
2026-03-10 18:17:20,109 [INFO] IPUIPlugin:80 - create IPUIPlugin
2026-03-10 18:17:20,109 [INFO] IPUIPlugin:80 - create IPUIPlugin
2026-03-10 18:17:20,109 [INFO] IPUIPlugin:80 - create IPUIPlugin
2026-03-10 18:17:20,109 [INFO] IPUIPlugin:80 - create IPUIPlugin
2026-03-10 18:17:20,109 [INFO] IPUIPlugin:80 - create IPUIPlugin
2026-03-10 18:17:20,109 [INFO] IPUIPlugin:80 - create IPUIPlugin
2026-03-10 18:17:20,109 [INFO] IPUIPlugin:80 - create IPUIPlugin
2026-03-10 18:17:20,110 [INFO] IPUIPlugin:80 - create IPUIPlugin
2026-03-10 18:17:20,110 [INFO] IPUIPlugin:80 - create IPUIPlugin
2026-03-10 18:17:20,110 [INFO] IPUIPlugin:80 - create IPUIPlugin
2026-03-10 18:17:20,110 [INFO] IPUIPlugin:80 - create IPUIPlugin
2026-03-10 18:17:20,110 [INFO] IPUIPlugin:80 - create IPUIPlugin
2026-03-10 18:17:20,110 [INFO] IPUIPlugin:80 - create IPUIPlugin
2026-03-10 18:17:20,111 [INFO] IPUIPlugin:80 - create IPUIPlugin
2026-03-10 18:17:20,111 [INFO] IPUIPlugin:80 - create IPUIPlugin
2026-03-10 18:17:20,111 [INFO] IPUIPlugin:80 - create IPUIPlugin
2026-03-10 18:17:20,111 [INFO] IPUIPlugin:80 - create IPUIPlugin
2026-03-10 18:17:20,111 [INFO] IPUIPlugin:80 - create IPUIPlugin
2026-03-10 18:17:20,111 [INFO] IPUIPlugin:80 - create IPUIPlugin
2026-03-10 18:17:20,111 [INFO] IPUIPlugin:80 - create IPUIPlugin
2026-03-10 18:17:20,112 [INFO] IPUIPlugin:80 - create IPUIPlugin
2026-03-10 18:17:20,112 [INFO] IPUIPlugin:80 - create IPUIPlugin
2026-03-10 18:17:20,112 [INFO] IPUIPlugin:80 - create IPUIPlugin
2026-03-10 18:17:20,112 [INFO] IPUIPlugin:80 - create IPUIPlugin
2026-03-10 18:17:20,112 [INFO] IPUIPlugin:80 - create IPUIPlugin
2026-03-10 18:17:20,112 [INFO] IPUIPlugin:80 - create IPUIPlugin
2026-03-10 18:17:20,113 [INFO] IPUIPlugin:80 - create IPUIPlugin
2026-03-10 18:17:20,113 [INFO] IPUIPlugin:80 - create IPUIPlugin
2026-03-10 18:17:20,113 [INFO] IPUIPlugin:80 - create IPUIPlugin
2026-03-10 18:17:20,113 [INFO] IPUIPlugin:80 - create IPUIPlugin
2026-03-10 18:17:20,115 [INFO] ApiDbMcu:532 - Load IP Config File for PDM2PCM
2026-03-10 18:17:20,116 [INFO] Can:71 - Can Add PropertyChangeListener com.st.microxplorer.plugins.ip.can.Can@6f248e62
2026-03-10 18:17:20,116 [WARN] IP:2250 - I2C_Coeff_DF not found: check if there is a RefParameter without a condition.
2026-03-10 18:17:20,116 [WARN] IP:2250 - Analog_Filter not found: check if there is a RefParameter without a condition.
2026-03-10 18:17:20,149 [INFO] CADModel:165 - CPN selected for project levelSTM32F446RET6
2026-03-10 18:17:20,149 [INFO] CADModel:114 - Register for checkConnection events
2026-03-10 18:17:20,185 [INFO] OpenFileManager:386 - Restore cursor
2026-03-10 18:17:20,287 [WARN] IP:2250 - DEVICE_SERIAL0_CDC_FS not found: check if there is a RefParameter without a condition.
2026-03-10 18:17:20,287 [WARN] IP:2250 - DEVICE_SERIAL1_CDC_FS not found: check if there is a RefParameter without a condition.
2026-03-10 18:17:20,287 [WARN] IP:2250 - DEVICE_SERIAL2_CDC_FS not found: check if there is a RefParameter without a condition.
2026-03-10 18:17:20,287 [WARN] IP:2250 - DEVICE_SERIAL0_CDC_FS not found: check if there is a RefParameter without a condition.
2026-03-10 18:17:20,288 [WARN] IP:2250 - DEVICE_SERIAL1_CDC_FS not found: check if there is a RefParameter without a condition.
2026-03-10 18:17:20,288 [WARN] IP:2250 - DEVICE_SERIAL2_CDC_FS not found: check if there is a RefParameter without a condition.
2026-03-10 18:17:20,313 [WARN] IP:2250 - I2C_Coeff_DF not found: check if there is a RefParameter without a condition.
2026-03-10 18:17:20,313 [WARN] IP:2250 - Analog_Filter not found: check if there is a RefParameter without a condition.
2026-03-10 18:17:20,313 [WARN] IP:2250 - I2C_Coeff_DF not found: check if there is a RefParameter without a condition.
2026-03-10 18:17:20,313 [WARN] IP:2250 - Analog_Filter not found: check if there is a RefParameter without a condition.
2026-03-10 18:30:17,465 [INFO] MainUpdater:2872 - connection check result : 10
2026-03-10 18:30:17,465 [INFO] MainUpdater:2872 - connection check result : 10
2026-03-10 18:30:17,499 [INFO] MicroXplorer:468 - Change Database Path : 
2026-03-10 18:30:17,499 [INFO] MicroXplorer:498 - Change Database Version : DB.6.0.150
2026-03-10 18:30:17,503 [ERROR] ProjectManagerView:395 - 
java.lang.NullPointerException: Cannot invoke "javax.swing.JTextField.getText()" because the return value of "java.util.List.get(int)" is null
	at com.st.microxplorer.plugins.projectmanager.gui.ProjectChoiceTab$9.caretUpdate(ProjectChoiceTab.java:2706) ~[filemanager.jar:?]
	at javax.swing.text.JTextComponent.fireCaretUpdate(JTextComponent.java:408) ~[?:?]
	at javax.swing.text.JTextComponent$MutableCaretEvent.fire(JTextComponent.java:4484) ~[?:?]
	at javax.swing.text.JTextComponent$MutableCaretEvent.stateChanged(JTextComponent.java:4506) ~[?:?]
	at javax.swing.text.DefaultCaret.fireStateChanged(DefaultCaret.java:857) ~[?:?]
	at javax.swing.text.DefaultCaret.changeCaretPosition(DefaultCaret.java:1343) ~[?:?]
	at javax.swing.text.DefaultCaret.handleSetDot(DefaultCaret.java:1242) ~[?:?]
	at javax.swing.text.DefaultCaret.setDot(DefaultCaret.java:1223) ~[?:?]
	at javax.swing.text.DefaultCaret$Handler.insertUpdate(DefaultCaret.java:1819) ~[?:?]
	at javax.swing.text.AbstractDocument.fireInsertUpdate(AbstractDocument.java:227) ~[?:?]
	at javax.swing.text.AbstractDocument.handleInsertString(AbstractDocument.java:781) ~[?:?]
	at javax.swing.text.AbstractDocument.insertString(AbstractDocument.java:740) ~[?:?]
	at javax.swing.text.PlainDocument.insertString(PlainDocument.java:131) ~[?:?]
	at javax.swing.text.AbstractDocument.replace(AbstractDocument.java:699) ~[?:?]
	at javax.swing.text.JTextComponent.setText(JTextComponent.java:1725) ~[?:?]
	at com.st.microxplorer.plugins.projectmanager.gui.ProjectChoiceTab.createHeapStackFields(ProjectChoiceTab.java:993) ~[filemanager.jar:?]
	at com.st.microxplorer.plugins.projectmanager.gui.ProjectChoiceTab.buildLinkSettingsPanel(ProjectChoiceTab.java:3813) ~[filemanager.jar:?]
	at com.st.microxplorer.plugins.projectmanager.gui.ProjectChoiceTab.defineWindowsFields(ProjectChoiceTab.java:1987) ~[filemanager.jar:?]
	at com.st.microxplorer.plugins.projectmanager.gui.ProjectChoiceTab.updateSettings(ProjectChoiceTab.java:558) ~[filemanager.jar:?]
	at com.st.microxplorer.plugins.projectmanager.gui.ProjectSettingsPanel.UpdateDialog(ProjectSettingsPanel.java:247) ~[filemanager.jar:?]
	at com.st.microxplorer.plugins.projectmanager.ProjectManagerView.propertyChange(ProjectManagerView.java:392) ~[filemanager.jar:?]
	at java.beans.PropertyChangeSupport.fire(PropertyChangeSupport.java:343) ~[?:?]
	at java.beans.PropertyChangeSupport.firePropertyChange(PropertyChangeSupport.java:335) ~[?:?]
	at java.beans.PropertyChangeSupport.firePropertyChange(PropertyChangeSupport.java:268) ~[?:?]
	at com.st.microxplorer.util.MXPropertyChangeSupport.firePropertyChange(MXPropertyChangeSupport.java:54) ~[STM32CubeMX.jar:?]
	at com.st.microxplorer.mxsystem.MxSystem.closeConfig(MxSystem.java:899) ~[STM32CubeMX.jar:?]
	at com.st.microxplorer.maingui.MainPanel.closeConfig(MainPanel.java:792) ~[STM32CubeMX.jar:?]
	at com.st.microxplorer.plugins.filemanager.engine.OpenFileManager.loadConfigurationFile(OpenFileManager.java:288) ~[filemanager.jar:?]
	at com.st.microxplorer.plugins.filemanager.engine.MainFileManager.userLoadConfig(MainFileManager.java:364) ~[filemanager.jar:?]
	at com.st.microxplorer.plugins.filemanager.engine.MainFileManager.userLoadConfig(MainFileManager.java:342) ~[filemanager.jar:?]
	at com.st.microxplorer.plugins.filemanager.FileManagerView.getSpecificTask(FileManagerView.java:264) ~[filemanager.jar:?]
	at com.st.stm32cube.common.mx.editor.CubeMxEditor.getMxTabbedPaneInstance(CubeMxEditor.java:1198) ~[com.st.stm32cube.common.mx_6.15.0.202507011659/:?]
	at com.st.stm32cube.common.mx.editor.CubeMxEditor$12$1.createSwingComponent(CubeMxEditor.java:1068) ~[com.st.stm32cube.common.mx_6.15.0.202507011659/:?]
	at com.st.stm32cube.common.mx.oss.core.awtswtbridge.EmbeddedSwingComposite.doComponentCreation(EmbeddedSwingComposite.java:492) ~[com.st.stm32cube.common.mx.oss_6.15.0.202507011659/:?]
	at com.st.stm32cube.common.mx.oss.core.awtswtbridge.EmbeddedSwingComposite$4.run(EmbeddedSwingComposite.java:291) ~[com.st.stm32cube.common.mx.oss_6.15.0.202507011659/:?]
	at com.st.stm32cube.common.mx.oss.core.awtswtbridge.AwtEnvironment$2.run(AwtEnvironment.java:166) ~[com.st.stm32cube.common.mx.oss_6.15.0.202507011659/:?]
	at java.awt.event.InvocationEvent.dispatch(InvocationEvent.java:318) ~[?:?]
	at java.awt.EventQueue.dispatchEventImpl(EventQueue.java:773) ~[?:?]
	at java.awt.EventQueue$4.run(EventQueue.java:720) ~[?:?]
	at java.awt.EventQueue$4.run(EventQueue.java:714) ~[?:?]
	at java.security.AccessController.doPrivileged(AccessController.java:400) ~[?:?]
	at java.security.ProtectionDomain$JavaSecurityAccessImpl.doIntersectionPrivilege(ProtectionDomain.java:87) ~[?:?]
	at java.awt.EventQueue.dispatchEvent(EventQueue.java:742) ~[?:?]
	at java.awt.EventDispatchThread.pumpOneEventForFilters(EventDispatchThread.java:203) ~[?:?]
	at java.awt.EventDispatchThread.pumpEventsForFilter(EventDispatchThread.java:124) ~[?:?]
	at java.awt.EventDispatchThread.pumpEventsForHierarchy(EventDispatchThread.java:113) ~[?:?]
	at java.awt.EventDispatchThread.pumpEvents(EventDispatchThread.java:109) ~[?:?]
	at java.awt.EventDispatchThread.pumpEvents(EventDispatchThread.java:101) ~[?:?]
	at java.awt.EventDispatchThread.run(EventDispatchThread.java:90) ~[?:?]
2026-03-10 18:30:17,504 [WARN] ThirdParty:871 - waiting for thirdparty lock release [close project]
2026-03-10 18:30:17,504 [INFO] ThirdParty:873 - entering critical section [close project]
2026-03-10 18:30:17,504 [INFO] ThirdParty:883 - exiting critical section [close project]
2026-03-10 18:30:17,505 [INFO] PinOutPanel:1589 - setPackage(No Configuration,No Configuration)
2026-03-10 18:30:17,508 [WARN] IpParametersView:155 - Warning: This peripheral hasn't parameters
2026-03-10 18:30:17,510 [WARN] MainPanel:289 - <html><b><center>Warning: This peripheral has no parameters to be configured<br></b></html>
2026-03-10 18:30:17,512 [INFO] UtilMem:75 - Begin LoadConfig() Used Memory: 425208648 Bytes (676331520)
2026-03-10 18:30:17,512 [INFO] MicroXplorer:468 - Change Database Path : 
2026-03-10 18:30:17,512 [INFO] MicroXplorer:498 - Change Database Version : DB.6.0.150
2026-03-10 18:30:17,512 [INFO] OpenFileManager:355 - Change cursor
2026-03-10 18:30:17,516 [INFO] Mcu:2029 - Initializing MCU STM32F446R(C-E)Tx STM32F446RETx STM32F446RET6
2026-03-10 18:30:17,963 [INFO] Context:786 - Trying to add GPIOservice into a context  which must be forbidden
2026-03-10 18:30:18,179 [INFO] ImportTextPane:234 - (OptionalMessage_ERROR) Pin16 (VP_RIF_VS_RIF1) cannot be retrieved for this MCU
2026-03-10 18:30:18,276 [INFO] RtosManager:558 - Registered RTOS mode: class=CMSIS, group=RTOS, mode=CMSIS_V1, owner=FREERTOS
2026-03-10 18:30:18,276 [INFO] RtosManager:558 - Registered RTOS mode: class=CMSIS, group=RTOS2, mode=CMSIS_V2, owner=FREERTOS
2026-03-10 18:30:18,276 [INFO] RtosManager:558 - Registered RTOS mode: class=RTOS, group=Core, mode=CMSIS_V1, owner=FREERTOS
2026-03-10 18:30:18,276 [INFO] RtosManager:558 - Registered RTOS mode: class=RTOS, group=Core, mode=CMSIS_V2, owner=FREERTOS
2026-03-10 18:30:18,276 [WARN] ModelIntegratedComponent:184 - Missing modes for component STMicroelectronics:FreeRTOS:0.0.1:STMicroelectronics:RTOS:FreeRTOS:Core:::10.2.0:
2026-03-10 18:30:18,283 [WARN] ModelIntegratedComponent:63 - No mode defined for component null
2026-03-10 18:30:18,283 [WARN] ModelIntegratedComponent:63 - No mode defined for component null
2026-03-10 18:30:18,283 [WARN] ModelIntegratedComponent:63 - No mode defined for component null
2026-03-10 18:30:18,283 [WARN] ModelIntegratedComponent:63 - No mode defined for component null
2026-03-10 18:30:18,283 [WARN] ModelIntegratedComponent:63 - No mode defined for component null
2026-03-10 18:30:18,283 [WARN] ModelIntegratedComponent:63 - No mode defined for component null
2026-03-10 18:30:18,283 [WARN] ModelIntegratedComponent:63 - No mode defined for component null
2026-03-10 18:30:18,283 [WARN] ModelIntegratedComponent:63 - No mode defined for component null
2026-03-10 18:30:18,283 [WARN] ModelIntegratedComponent:63 - No mode defined for component null
2026-03-10 18:30:18,283 [WARN] ModelIntegratedComponent:63 - No mode defined for component null
2026-03-10 18:30:18,283 [WARN] ModelIntegratedComponent:63 - No mode defined for component null
2026-03-10 18:30:18,283 [WARN] ModelIntegratedComponent:63 - No mode defined for component null
2026-03-10 18:30:18,283 [WARN] ModelIntegratedComponent:63 - No mode defined for component null
2026-03-10 18:30:18,283 [WARN] ModelIntegratedComponent:63 - No mode defined for component null
2026-03-10 18:30:18,283 [WARN] ModelIntegratedComponent:63 - No mode defined for component null
2026-03-10 18:30:18,283 [WARN] ModelIntegratedComponent:63 - No mode defined for component null
2026-03-10 18:30:18,283 [WARN] ModelIntegratedComponent:63 - No mode defined for component null
2026-03-10 18:30:18,283 [WARN] ModelIntegratedComponent:63 - No mode defined for component null
2026-03-10 18:30:18,283 [WARN] ModelIntegratedComponent:63 - No mode defined for component null
2026-03-10 18:30:18,283 [WARN] ModelIntegratedComponent:63 - No mode defined for component null
2026-03-10 18:30:18,283 [WARN] ModelIntegratedComponent:63 - No mode defined for component null
2026-03-10 18:30:18,283 [WARN] ModelIntegratedComponent:63 - No mode defined for component null
2026-03-10 18:30:18,283 [WARN] ModelIntegratedComponent:63 - No mode defined for component null
2026-03-10 18:30:18,283 [WARN] ModelIntegratedComponent:63 - No mode defined for component null
2026-03-10 18:30:18,283 [WARN] ModelIntegratedComponent:63 - No mode defined for component null
2026-03-10 18:30:18,283 [WARN] ModelIntegratedComponent:63 - No mode defined for component null
2026-03-10 18:30:18,283 [WARN] ModelIntegratedComponent:63 - No mode defined for component null
2026-03-10 18:30:18,284 [WARN] ModelIntegratedComponent:63 - No mode defined for component null
2026-03-10 18:30:18,284 [WARN] ModelIntegratedComponent:63 - No mode defined for component null
2026-03-10 18:30:18,284 [WARN] ModelIntegratedComponent:63 - No mode defined for component null
2026-03-10 18:30:18,284 [WARN] ModelIntegratedComponent:63 - No mode defined for component null
2026-03-10 18:30:18,284 [WARN] ModelIntegratedComponent:63 - No mode defined for component null
2026-03-10 18:30:18,284 [WARN] ModelIntegratedComponent:63 - No mode defined for component null
2026-03-10 18:30:18,284 [WARN] ModelIntegratedComponent:63 - No mode defined for component null
2026-03-10 18:30:18,284 [WARN] ModelIntegratedComponent:63 - No mode defined for component null
2026-03-10 18:30:18,284 [WARN] ModelPack:524 - Component already loaded: STMicroelectronics:HAL Drivers:0.0.0:STMicroelectronics:Device:STMicro_Driver:XSPI:HAL::0.0.1:HAL_XSPI
2026-03-10 18:30:18,353 [INFO] ThirdPartyModel:298 - Start build external matchings
2026-03-10 18:30:18,668 [INFO] ThirdPartyModel:316 - End build external matchings
2026-03-10 18:30:18,688 [INFO] ImportTextPane:234 - (OptionalMessage_ERROR) IP (DMA) : Parameter (Instance) has Id (I2C3_RX) currently not set
2026-03-10 18:30:18,688 [INFO] ImportTextPane:234 - (OptionalMessage_ERROR) IP (DMA) : Parameter (Channel) has Id (I2C3_RX) currently not set
2026-03-10 18:30:18,688 [INFO] ImportTextPane:234 - (OptionalMessage_ERROR) IP (DMA) : Parameter (Direction) has Id (I2C3_RX) currently not set
2026-03-10 18:30:18,688 [INFO] ImportTextPane:234 - (OptionalMessage_ERROR) IP (DMA) : Parameter (PeriphInc) has Id (I2C3_RX) currently not set
2026-03-10 18:30:18,688 [INFO] ImportTextPane:234 - (OptionalMessage_ERROR) IP (DMA) : Parameter (MemInc) has Id (I2C3_RX) currently not set
2026-03-10 18:30:18,688 [INFO] ImportTextPane:234 - (OptionalMessage_ERROR) IP (DMA) : Parameter (PeriphDataAlignment) has Id (I2C3_RX) currently not set
2026-03-10 18:30:18,689 [INFO] ImportTextPane:234 - (OptionalMessage_ERROR) IP (DMA) : Parameter (MemDataAlignment) has Id (I2C3_RX) currently not set
2026-03-10 18:30:18,689 [INFO] ImportTextPane:234 - (OptionalMessage_ERROR) IP (DMA) : Parameter (Mode) has Id (I2C3_RX) currently not set
2026-03-10 18:30:18,689 [INFO] ImportTextPane:234 - (OptionalMessage_ERROR) IP (DMA) : Parameter (Priority) has Id (I2C3_RX) currently not set
2026-03-10 18:30:18,689 [INFO] ImportTextPane:234 - (OptionalMessage_ERROR) IP (DMA) : Parameter (FIFOMode) has Id (I2C3_RX) currently not set
2026-03-10 18:30:18,689 [WARN] IP:2250 - I2C_Coeff_DF not found: check if there is a RefParameter without a condition.
2026-03-10 18:30:18,689 [WARN] IP:2250 - Analog_Filter not found: check if there is a RefParameter without a condition.
2026-03-10 18:30:18,690 [INFO] ImportTextPane:234 - (OptionalMessage_ERROR) IP (RCC) : Invalid parameter (FamilyName)
2026-03-10 18:30:18,695 [WARN] IP:2250 - DEVICE_SERIAL0_CDC_FS not found: check if there is a RefParameter without a condition.
2026-03-10 18:30:18,695 [WARN] IP:2250 - DEVICE_SERIAL1_CDC_FS not found: check if there is a RefParameter without a condition.
2026-03-10 18:30:18,695 [WARN] IP:2250 - DEVICE_SERIAL2_CDC_FS not found: check if there is a RefParameter without a condition.
2026-03-10 18:30:18,844 [INFO] UtilMem:75 - End LoadConfig() Used Memory: 525676856 Bytes (796917760)
2026-03-10 18:30:18,849 [WARN] ThirdParty:833 - waiting for thirdparty lock release [change project]
2026-03-10 18:30:18,849 [INFO] ThirdParty:835 - entering critical section [change project]
2026-03-10 18:30:18,850 [INFO] ThirdParty:1030 - CMSIS Pack Vendor :STMicroelectronics X-CUBE-AZRTOS-H7 3.5.0
2026-03-10 18:30:18,850 [INFO] ThirdParty:1030 - CMSIS Pack Vendor :STMicroelectronics X-CUBE-PM33A1 1.0.0
2026-03-10 18:30:18,850 [INFO] ThirdParty:1030 - CMSIS Pack Vendor :STMicroelectronics USBPD 4.1
2026-03-10 18:30:18,850 [INFO] ThirdParty:1030 - CMSIS Pack Vendor :STMicroelectronics X-CUBE-NFC9 1.0.0
2026-03-10 18:30:18,850 [INFO] ThirdParty:1030 - CMSIS Pack Vendor :STMicroelectronics USB_HOST 2.0.0
2026-03-10 18:30:18,850 [INFO] ThirdParty:1030 - CMSIS Pack Vendor :STMicroelectronics FP-SNS-MOTENVWB1 1.4.0
2026-03-10 18:30:18,850 [INFO] ThirdParty:1030 - CMSIS Pack Vendor :STMicroelectronics X-CUBE-AZRTOS-F4 1.1.0
2026-03-10 18:30:18,850 [INFO] ThirdParty:1030 - CMSIS Pack Vendor :STMicroelectronics LIBJPEG 8.0.0
2026-03-10 18:30:18,850 [INFO] ThirdParty:1030 - CMSIS Pack Vendor :STMicroelectronics FP-ATR-ASTRA1 2.0.2
2026-03-10 18:30:18,850 [INFO] ThirdParty:1030 - CMSIS Pack Vendor :wolfSSL I-CUBE-wolfSSL 5.8.2
2026-03-10 18:30:18,850 [INFO] ThirdParty:1030 - CMSIS Pack Vendor :STMicroelectronics X-CUBE-BLE1 7.1.0
2026-03-10 18:30:18,850 [INFO] ThirdParty:1030 - CMSIS Pack Vendor :STMicroelectronics X-CUBE-SMBUS 2.1.0
2026-03-10 18:30:18,850 [INFO] ThirdParty:1030 - CMSIS Pack Vendor :wolfSSL I-CUBE-wolfMQTT 1.19.2
2026-03-10 18:30:18,850 [INFO] ThirdParty:1030 - CMSIS Pack Vendor :STMicroelectronics USB_DEVICE 3.0.0
2026-03-10 18:30:18,850 [INFO] ThirdParty:1030 - CMSIS Pack Vendor :STMicroelectronics X-CUBE-ISPU 2.1.0
2026-03-10 18:30:18,850 [INFO] ThirdParty:1030 - CMSIS Pack Vendor :STMicroelectronics X-CUBE-FREERTOS 1.4.0
2026-03-10 18:30:18,850 [INFO] ThirdParty:1030 - CMSIS Pack Vendor :STMicroelectronics X-CUBE-EEPRMA1 5.2.0
2026-03-10 18:30:18,850 [INFO] ThirdParty:1030 - CMSIS Pack Vendor :STMicroelectronics X-CUBE-IPS 3.2.0
2026-03-10 18:30:18,850 [INFO] ThirdParty:1030 - CMSIS Pack Vendor :STMicroelectronics X-CUBE-BLEMGR 4.1.0
2026-03-10 18:30:18,850 [INFO] ThirdParty:1030 - CMSIS Pack Vendor :STMicroelectronics X-CUBE-AZRTOS-WB 2.0.0
2026-03-10 18:30:18,850 [INFO] ThirdParty:1030 - CMSIS Pack Vendor :STMicroelectronics X-CUBE-ST60 1.0.0
2026-03-10 18:30:18,850 [INFO] ThirdParty:1030 - CMSIS Pack Vendor :STMicroelectronics X-CUBE-GNSS1 7.0.1
2026-03-10 18:30:18,850 [INFO] ThirdParty:1030 - CMSIS Pack Vendor :STMicroelectronics X-CUBE-NFC12 1.0.0
2026-03-10 18:30:18,850 [INFO] ThirdParty:1030 - CMSIS Pack Vendor :STMicroelectronics X-CUBE-AZRTOS-F7 1.1.0
2026-03-10 18:30:18,850 [INFO] ThirdParty:1030 - CMSIS Pack Vendor :STMicroelectronics X-CUBE-AZRTOS-L5 2.0.0
2026-03-10 18:30:18,850 [INFO] ThirdParty:1030 - CMSIS Pack Vendor :STMicroelectronics USB_DEVICE 2.0.0
2026-03-10 18:30:18,850 [INFO] ThirdParty:1030 - CMSIS Pack Vendor :STMicroelectronics X-CUBE-NFC6 3.1.0
2026-03-10 18:30:18,850 [INFO] ThirdParty:1030 - CMSIS Pack Vendor :STMicroelectronics X-CUBE-ST67W61 1.1.0
2026-03-10 18:30:18,850 [INFO] ThirdParty:1030 - CMSIS Pack Vendor :Cesanta I-CUBE-Mongoose 7.19.0
2026-03-10 18:30:18,850 [INFO] ThirdParty:1030 - CMSIS Pack Vendor :quantropi X-CUBE-qispace-sdk-base 2.1.0
2026-03-10 18:30:18,850 [INFO] ThirdParty:1030 - CMSIS Pack Vendor :STMicroelectronics X-CUBE-MEMS1 12.0.0
2026-03-10 18:30:18,850 [INFO] ThirdParty:1030 - CMSIS Pack Vendor :STMicroelectronics X-CUBE-STSE01 2.0.0
2026-03-10 18:30:18,850 [INFO] ThirdParty:1030 - CMSIS Pack Vendor :STMicroelectronics FP-SNS-MOTENV1 5.1.0
2026-03-10 18:30:18,850 [INFO] ThirdParty:1030 - CMSIS Pack Vendor :STMicroelectronics FreeRTOS 0.0.1
2026-03-10 18:30:18,850 [INFO] ThirdParty:1030 - CMSIS Pack Vendor :STMicroelectronics X-CUBE-AZRTOS-G0 1.1.0
2026-03-10 18:30:18,850 [INFO] ThirdParty:1030 - CMSIS Pack Vendor :STMicroelectronics X-CUBE-SAFEA1 1.2.2
2026-03-10 18:30:18,850 [INFO] ThirdParty:1030 - CMSIS Pack Vendor :STMicroelectronics X-CUBE-NFC4 3.0.0
2026-03-10 18:30:18,850 [INFO] ThirdParty:1030 - CMSIS Pack Vendor :STMicroelectronics X-CUBE-SUBG2 5.0.0
2026-03-10 18:30:18,850 [INFO] ThirdParty:1030 - CMSIS Pack Vendor :STMicroelectronics X-CUBE-AZRTOS-H7RS 1.1.0
2026-03-10 18:30:18,850 [INFO] ThirdParty:1030 - CMSIS Pack Vendor :STMicroelectronics STM32_WPAN 1.0.0
2026-03-10 18:30:18,850 [INFO] ThirdParty:1030 - CMSIS Pack Vendor :EmbeddedOffice I-CUBE-FS-RTOS 1.0.1
2026-03-10 18:30:18,850 [INFO] ThirdParty:1030 - CMSIS Pack Vendor :STMicroelectronics lwIP 2.0.3
2026-03-10 18:30:18,850 [INFO] ThirdParty:1030 - CMSIS Pack Vendor :WES I-CUBE-Cesium 1.4.0
2026-03-10 18:30:18,850 [INFO] ThirdParty:1030 - CMSIS Pack Vendor :STMicroelectronics USB_HOST 1.0.0
2026-03-10 18:30:18,850 [INFO] ThirdParty:1030 - CMSIS Pack Vendor :Infineon AIROC-Wi-Fi-Bluetooth-STM32 1.7.1
2026-03-10 18:30:18,850 [INFO] ThirdParty:1030 - CMSIS Pack Vendor :STMicroelectronics X-CUBE-AZRTOS-G4 2.0.0
2026-03-10 18:30:18,850 [INFO] ThirdParty:1030 - CMSIS Pack Vendor :STMicroelectronics X-CUBE-WB05N 2.0.0
2026-03-10 18:30:18,850 [INFO] ThirdParty:1030 - CMSIS Pack Vendor :STMicroelectronics PDM2PCM 3.1.0
2026-03-10 18:30:18,850 [INFO] ThirdParty:1030 - CMSIS Pack Vendor :STMicroelectronics PDM2PCM 3.3.0
2026-03-10 18:30:18,850 [INFO] ThirdParty:1030 - CMSIS Pack Vendor :wolfSSL I-CUBE-wolfTPM 3.8.0
2026-03-10 18:30:18,850 [INFO] ThirdParty:1030 - CMSIS Pack Vendor :STMicroelectronics X-CUBE-AZRTOS-H7 3.4.0
2026-03-10 18:30:18,850 [INFO] ThirdParty:1030 - CMSIS Pack Vendor :STMicroelectronics X-CUBE-DISPLAY 3.0.0
2026-03-10 18:30:18,850 [INFO] ThirdParty:1030 - CMSIS Pack Vendor :wolfSSL I-CUBE-wolfSSH 1.4.20
2026-03-10 18:30:18,850 [INFO] ThirdParty:1030 - CMSIS Pack Vendor :STMicroelectronics X-CUBE-NFC7 2.0.0
2026-03-10 18:30:18,850 [INFO] ThirdParty:1030 - CMSIS Pack Vendor :STMicroelectronics FP-SNS-MOTENVWB1 1.5.0
2026-03-10 18:30:18,850 [INFO] ThirdParty:1030 - CMSIS Pack Vendor :STMicroelectronics X-CUBE-TCPP 4.2.0
2026-03-10 18:30:18,850 [INFO] ThirdParty:1030 - CMSIS Pack Vendor :RealThread X-CUBE-RT-Thread_Nano 4.1.1
2026-03-10 18:30:18,850 [INFO] ThirdParty:1030 - CMSIS Pack Vendor :STMicroelectronics FP-ATR-SIGFOX1 3.2.0
2026-03-10 18:30:18,850 [INFO] ThirdParty:1030 - CMSIS Pack Vendor :STMicroelectronics X-CUBE-NFC10 1.0.0
2026-03-10 18:30:18,850 [INFO] ThirdParty:1030 - CMSIS Pack Vendor :STMicroelectronics X-CUBE-FREERTOS 1.3.1
2026-03-10 18:30:18,850 [INFO] ThirdParty:1030 - CMSIS Pack Vendor :STMicroelectronics HAL Drivers 0.0.0
2026-03-10 18:30:18,850 [INFO] ThirdParty:1030 - CMSIS Pack Vendor :STMicroelectronics X-CUBE-FREERTOS 1.5.0
2026-03-10 18:30:18,850 [INFO] ThirdParty:1030 - CMSIS Pack Vendor :STMicroelectronics MBEDTLS 2.16.2
2026-03-10 18:30:18,850 [INFO] ThirdParty:1030 - CMSIS Pack Vendor :STMicroelectronics X-CUBE-ST60 1.1.0
2026-03-10 18:30:18,850 [INFO] ThirdParty:1030 - CMSIS Pack Vendor :STMicroelectronics X-CUBE-ALS 1.0.2
2026-03-10 18:30:18,850 [INFO] ThirdParty:1030 - CMSIS Pack Vendor :emotas I-CUBE-CANOPEN 1.3.0
2026-03-10 18:30:18,850 [INFO] ThirdParty:1030 - CMSIS Pack Vendor :STMicroelectronics MBEDTLS 2.14.1
2026-03-10 18:30:18,850 [INFO] ThirdParty:1030 - CMSIS Pack Vendor :STMicroelectronics X-CUBE-GNSS1 7.1.0
2026-03-10 18:30:18,850 [INFO] ThirdParty:1030 - CMSIS Pack Vendor :ITTIA_DB I-CUBE-ITTIADB 8.9.0
2026-03-10 18:30:18,850 [INFO] ThirdParty:1030 - CMSIS Pack Vendor :STMicroelectronics X-CUBE-TOUCHGFX 4.26.0
2026-03-10 18:30:18,850 [INFO] ThirdParty:1030 - CMSIS Pack Vendor :STMicroelectronics X-CUBE-STSE01 1.0.0
2026-03-10 18:30:18,850 [INFO] ThirdParty:1030 - CMSIS Pack Vendor :STMicroelectronics X-CUBE-TOUCHGFX 4.26.1
2026-03-10 18:30:18,850 [INFO] ThirdParty:1030 - CMSIS Pack Vendor :STMicroelectronics X-CUBE-NFC6 3.2.0
2026-03-10 18:30:18,850 [INFO] ThirdParty:1030 - CMSIS Pack Vendor :STMicroelectronics ThreadX 1.0.0
2026-03-10 18:30:18,850 [INFO] ThirdParty:1030 - CMSIS Pack Vendor :STMicroelectronics FP-SNS-SMARTAG2 1.2.0
2026-03-10 18:30:18,850 [INFO] ThirdParty:1030 - CMSIS Pack Vendor :STMicroelectronics FP-SNS-FLIGHT1 5.1.0
2026-03-10 18:30:18,850 [INFO] ThirdParty:1030 - CMSIS Pack Vendor :STMicroelectronics X-CUBE-AZRTOS-WL 2.0.0
2026-03-10 18:30:18,850 [INFO] ThirdParty:1030 - CMSIS Pack Vendor :SEGGER I-CUBE-embOS 1.3.1
2026-03-10 18:30:18,850 [INFO] ThirdParty:1030 - CMSIS Pack Vendor :STMicroelectronics X-CUBE-ALGOBUILD 1.4.0
2026-03-10 18:30:18,850 [INFO] ThirdParty:1030 - CMSIS Pack Vendor :STMicroelectronics X-CUBE-DPower 1.3.0
2026-03-10 18:30:18,850 [INFO] ThirdParty:1030 - CMSIS Pack Vendor :STMicroelectronics X-CUBE-MEMS1 11.3.0
2026-03-10 18:30:18,850 [INFO] ThirdParty:1030 - CMSIS Pack Vendor :STMicroelectronics FP-SNS-MOTENV1 5.0.0
2026-03-10 18:30:18,850 [INFO] ThirdParty:1030 - CMSIS Pack Vendor :STMicroelectronics USB_DEVICE 1.0.0
2026-03-10 18:30:18,850 [INFO] ThirdParty:1030 - CMSIS Pack Vendor :STMicroelectronics X-CUBE-AZRTOS-H7RS 1.2.0
2026-03-10 18:30:18,850 [INFO] ThirdParty:1030 - CMSIS Pack Vendor :STMicroelectronics X-CUBE-AZRTOS-L4 2.0.0
2026-03-10 18:30:18,850 [INFO] ThirdParty:1030 - CMSIS Pack Vendor :STMicroelectronics ThreadX 0.0.2
2026-03-10 18:30:18,850 [INFO] ThirdParty:1030 - CMSIS Pack Vendor :STMicroelectronics lwIP 2.1.2
2026-03-10 18:30:18,850 [INFO] ThirdParty:1030 - CMSIS Pack Vendor :STMicroelectronics X-CUBE-SFXS2LP1 4.0.0
2026-03-10 18:30:18,850 [INFO] ThirdParty:1030 - CMSIS Pack Vendor :STMicroelectronics X-CUBE-BLE2 3.3.0
2026-03-10 18:30:18,850 [INFO] ThirdParty:1030 - CMSIS Pack Vendor :Avnet-IOTCONNECT X-CUBE-iotc-st67-sdk 1.0.0
2026-03-10 18:30:18,850 [INFO] ThirdParty:1030 - CMSIS Pack Vendor :STMicroelectronics X-CUBE-TOF1 3.4.3
2026-03-10 18:30:18,850 [INFO] ThirdParty:1030 - CMSIS Pack Vendor :STMicroelectronics PDM2PCM 3.2.0
2026-03-10 18:30:18,850 [INFO] ThirdParty:1030 - CMSIS Pack Vendor :STMicroelectronics X-CUBE-ST67W61 1.2.0
2026-03-10 18:30:18,850 [INFO] ThirdParty:841 - exiting critical section [change project]
2026-03-10 18:30:19,013 [INFO] PinOutPanel:1589 - setPackage(No Configuration,No Configuration)
2026-03-10 18:30:19,013 [INFO] PinOutPanel:1589 - setPackage(STM32F446RETx,LQFP64)
2026-03-10 18:30:19,289 [INFO] UtilMem:75 - Before build in PCC Used Memory: 399772792 Bytes (796917760)
2026-03-10 18:30:19,422 [INFO] UtilMem:75 - After build in PCC Used Memory: 451153016 Bytes (796917760)
2026-03-10 18:30:19,431 [INFO] ApiDbMcu:532 - Load IP Config File for USB_DEVICE
2026-03-10 18:30:19,447 [INFO] IPUIPlugin:80 - create IPUIPlugin
2026-03-10 18:30:19,447 [INFO] IPUIPlugin:80 - create IPUIPlugin
2026-03-10 18:30:19,448 [INFO] IPUIPlugin:80 - create IPUIPlugin
2026-03-10 18:30:19,448 [INFO] IPUIPlugin:80 - create IPUIPlugin
2026-03-10 18:30:19,448 [INFO] IPUIPlugin:80 - create IPUIPlugin
2026-03-10 18:30:19,448 [INFO] IPUIPlugin:80 - create IPUIPlugin
2026-03-10 18:30:19,448 [INFO] IPUIPlugin:80 - create IPUIPlugin
2026-03-10 18:30:19,448 [INFO] IPUIPlugin:80 - create IPUIPlugin
2026-03-10 18:30:19,448 [INFO] IPUIPlugin:80 - create IPUIPlugin
2026-03-10 18:30:19,448 [INFO] IPUIPlugin:80 - create IPUIPlugin
2026-03-10 18:30:19,448 [INFO] IPUIPlugin:80 - create IPUIPlugin
2026-03-10 18:30:19,448 [INFO] IPUIPlugin:80 - create IPUIPlugin
2026-03-10 18:30:19,448 [INFO] IPUIPlugin:80 - create IPUIPlugin
2026-03-10 18:30:19,448 [INFO] IPUIPlugin:80 - create IPUIPlugin
2026-03-10 18:30:19,448 [INFO] IPUIPlugin:80 - create IPUIPlugin
2026-03-10 18:30:19,448 [INFO] IPUIPlugin:80 - create IPUIPlugin
2026-03-10 18:30:19,449 [INFO] IPUIPlugin:80 - create IPUIPlugin
2026-03-10 18:30:19,449 [INFO] IPUIPlugin:80 - create IPUIPlugin
2026-03-10 18:30:19,449 [INFO] IPUIPlugin:80 - create IPUIPlugin
2026-03-10 18:30:19,449 [INFO] IPUIPlugin:80 - create IPUIPlugin
2026-03-10 18:30:19,449 [INFO] IPUIPlugin:80 - create IPUIPlugin
2026-03-10 18:30:19,449 [INFO] IPUIPlugin:80 - create IPUIPlugin
2026-03-10 18:30:19,449 [INFO] IPUIPlugin:80 - create IPUIPlugin
2026-03-10 18:30:19,449 [INFO] IPUIPlugin:80 - create IPUIPlugin
2026-03-10 18:30:19,449 [INFO] IPUIPlugin:80 - create IPUIPlugin
2026-03-10 18:30:19,449 [INFO] IPUIPlugin:80 - create IPUIPlugin
2026-03-10 18:30:19,449 [INFO] IPUIPlugin:80 - create IPUIPlugin
2026-03-10 18:30:19,450 [INFO] IPUIPlugin:80 - create IPUIPlugin
2026-03-10 18:30:19,450 [INFO] IPUIPlugin:80 - create IPUIPlugin
2026-03-10 18:30:19,450 [INFO] IPUIPlugin:80 - create IPUIPlugin
2026-03-10 18:30:19,450 [INFO] IPUIPlugin:80 - create IPUIPlugin
2026-03-10 18:30:19,450 [INFO] IPUIPlugin:80 - create IPUIPlugin
2026-03-10 18:30:19,450 [INFO] IPUIPlugin:80 - create IPUIPlugin
2026-03-10 18:30:19,450 [INFO] IPUIPlugin:80 - create IPUIPlugin
2026-03-10 18:30:19,450 [INFO] IPUIPlugin:80 - create IPUIPlugin
2026-03-10 18:30:19,450 [INFO] IPUIPlugin:80 - create IPUIPlugin
2026-03-10 18:30:19,451 [INFO] IPUIPlugin:80 - create IPUIPlugin
2026-03-10 18:30:19,451 [INFO] IPUIPlugin:80 - create IPUIPlugin
2026-03-10 18:30:19,451 [INFO] IPUIPlugin:80 - create IPUIPlugin
2026-03-10 18:30:19,451 [INFO] IPUIPlugin:80 - create IPUIPlugin
2026-03-10 18:30:19,451 [INFO] IPUIPlugin:80 - create IPUIPlugin
2026-03-10 18:30:19,451 [INFO] IPUIPlugin:80 - create IPUIPlugin
2026-03-10 18:30:19,451 [INFO] IPUIPlugin:80 - create IPUIPlugin
2026-03-10 18:30:19,452 [INFO] IPUIPlugin:80 - create IPUIPlugin
2026-03-10 18:30:19,452 [INFO] IPUIPlugin:80 - create IPUIPlugin
2026-03-10 18:30:19,452 [INFO] IPUIPlugin:80 - create IPUIPlugin
2026-03-10 18:30:19,452 [INFO] IPUIPlugin:80 - create IPUIPlugin
2026-03-10 18:30:19,452 [INFO] IPUIPlugin:80 - create IPUIPlugin
2026-03-10 18:30:19,452 [INFO] IPUIPlugin:80 - create IPUIPlugin
2026-03-10 18:30:19,453 [INFO] IPUIPlugin:80 - create IPUIPlugin
2026-03-10 18:30:19,453 [INFO] IPUIPlugin:80 - create IPUIPlugin
2026-03-10 18:30:19,453 [INFO] IPUIPlugin:80 - create IPUIPlugin
2026-03-10 18:30:19,453 [INFO] IPUIPlugin:80 - create IPUIPlugin
2026-03-10 18:30:19,453 [INFO] IPUIPlugin:80 - create IPUIPlugin
2026-03-10 18:30:19,453 [INFO] IPUIPlugin:80 - create IPUIPlugin
2026-03-10 18:30:19,454 [INFO] IPUIPlugin:80 - create IPUIPlugin
2026-03-10 18:30:19,454 [INFO] IPUIPlugin:80 - create IPUIPlugin
2026-03-10 18:30:19,454 [INFO] IPUIPlugin:80 - create IPUIPlugin
2026-03-10 18:30:19,454 [INFO] IPUIPlugin:80 - create IPUIPlugin
2026-03-10 18:30:19,455 [INFO] IPUIPlugin:80 - create IPUIPlugin
2026-03-10 18:30:19,457 [INFO] ApiDbMcu:532 - Load IP Config File for PDM2PCM
2026-03-10 18:30:19,458 [INFO] Can:71 - Can Add PropertyChangeListener com.st.microxplorer.plugins.ip.can.Can@47466d35
2026-03-10 18:30:19,459 [WARN] IP:2250 - I2C_Coeff_DF not found: check if there is a RefParameter without a condition.
2026-03-10 18:30:19,459 [WARN] IP:2250 - Analog_Filter not found: check if there is a RefParameter without a condition.
2026-03-10 18:30:19,499 [INFO] CADModel:165 - CPN selected for project levelSTM32F446RET6
2026-03-10 18:30:19,499 [INFO] CADModel:114 - Register for checkConnection events
2026-03-10 18:30:19,536 [INFO] OpenFileManager:386 - Restore cursor
2026-03-10 18:30:19,643 [WARN] IP:2250 - DEVICE_SERIAL0_CDC_FS not found: check if there is a RefParameter without a condition.
2026-03-10 18:30:19,643 [WARN] IP:2250 - DEVICE_SERIAL1_CDC_FS not found: check if there is a RefParameter without a condition.
2026-03-10 18:30:19,643 [WARN] IP:2250 - DEVICE_SERIAL2_CDC_FS not found: check if there is a RefParameter without a condition.
2026-03-10 18:30:19,643 [WARN] IP:2250 - DEVICE_SERIAL0_CDC_FS not found: check if there is a RefParameter without a condition.
2026-03-10 18:30:19,643 [WARN] IP:2250 - DEVICE_SERIAL1_CDC_FS not found: check if there is a RefParameter without a condition.
2026-03-10 18:30:19,643 [WARN] IP:2250 - DEVICE_SERIAL2_CDC_FS not found: check if there is a RefParameter without a condition.
2026-03-10 18:30:19,676 [WARN] IP:2250 - I2C_Coeff_DF not found: check if there is a RefParameter without a condition.
2026-03-10 18:30:19,676 [WARN] IP:2250 - Analog_Filter not found: check if there is a RefParameter without a condition.
2026-03-10 18:30:19,676 [WARN] IP:2250 - I2C_Coeff_DF not found: check if there is a RefParameter without a condition.
2026-03-10 18:30:19,676 [WARN] IP:2250 - Analog_Filter not found: check if there is a RefParameter without a condition.
2026-03-10 20:17:17,510 [ERROR] LogOutputStream:75 - [STDERR_REDIRECT] 
