2026-03-16 11:26:09,578 [INFO] Activator:176 - 


2026-03-16 11:26:09,581 [INFO] Activator:177 - !SESSION log4j initialized
2026-03-16 11:26:13,720 [INFO] LogOutputStream:77 - [STDOUT_REDIRECT] 
2026-03-16 11:26:14,377 [INFO] ApplicationProperties:184 - Using Application install path: /opt/st/stm32cubeide_1.19.0/plugins/com.st.stm32cube.common.mx_6.15.0.202507011659
2026-03-16 11:26:14,391 [INFO] DbMcusXml:78 - Set database path to: /opt/st/stm32cubeide_1.19.0/plugins/com.st.stm32cube.common.mx_6.15.0.202507011659//db//mcu/
2026-03-16 11:26:14,391 [INFO] ApiDb:274 - Set plugin database path to: /opt/st/stm32cubeide_1.19.0/plugins/com.st.stm32cube.common.mx_6.15.0.202507011659//db//plugins/boardmanager/
2026-03-16 11:26:14,391 [WARN] ApiDb:259 - Overriding images path with different value:  => /opt/st/stm32cubeide_1.19.0/plugins/com.st.stm32cube.common.mx_6.15.0.202507011659//db//plugins/mcufinder/images/
2026-03-16 11:26:14,396 [INFO] ApiDb:250 - Set database path to: /home/kamil/.stmcufinder/plugins/mcufinder//mcu/
2026-03-16 11:26:14,397 [INFO] DbMcusAds:125 - Set database path to: /home/kamil/.stmcufinder/plugins/mcufinder//mcu/
2026-03-16 11:26:14,398 [INFO] CrossReferenceDbSqlite:203 - Set database path to: /home/kamil/.stmcufinder/plugins/mcufinder//mcu/cs/
2026-03-16 11:26:14,472 [INFO] RulesReader:64 - Compatibility file has been processed (317 Rules)
2026-03-16 11:26:14,516 [INFO] DbMcusXml:78 - Set database path to: /opt/st/stm32cubeide_1.19.0/plugins/com.st.stm32cube.common.mx_6.15.0.202507011659//db//mcu/
2026-03-16 11:26:14,516 [INFO] ApiDb:274 - Set plugin database path to: /opt/st/stm32cubeide_1.19.0/plugins/com.st.stm32cube.common.mx_6.15.0.202507011659//db//plugins/boardmanager/
2026-03-16 11:26:14,516 [INFO] ApiDb:261 - Set plugin images path to: /opt/st/stm32cubeide_1.19.0/plugins/com.st.stm32cube.common.mx_6.15.0.202507011659//db//plugins/mcufinder/images/
2026-03-16 11:26:14,516 [WARN] DbFile:41 - Overriding database path with different value: /home/kamil/.stmcufinder/plugins/mcufinder/ => /home/kamil/.stmcufinder/plugins/mcufinder
2026-03-16 11:26:14,516 [INFO] ApiDb:250 - Set database path to: /home/kamil/.stmcufinder/plugins/mcufinder//mcu/
2026-03-16 11:26:14,516 [WARN] DbFile:41 - Overriding database path with different value: /home/kamil/.stmcufinder/plugins/mcufinder/ => /home/kamil/.stmcufinder/plugins/mcufinder
2026-03-16 11:26:14,516 [INFO] DbMcusAds:125 - Set database path to: /home/kamil/.stmcufinder/plugins/mcufinder//mcu/
2026-03-16 11:26:14,516 [WARN] DbFile:41 - Overriding database path with different value: /home/kamil/.stmcufinder/plugins/mcufinder/ => /home/kamil/.stmcufinder/plugins/mcufinder
2026-03-16 11:26:14,517 [WARN] DbFile:41 - Overriding database path with different value: /home/kamil/.stmcufinder/plugins/mcufinder/ => /home/kamil/.stmcufinder/plugins/mcufinder
2026-03-16 11:26:14,517 [INFO] CrossReferenceDbSqlite:203 - Set database path to: /home/kamil/.stmcufinder/plugins/mcufinder//mcu/cs/
2026-03-16 11:26:14,562 [INFO] MainPanel:274 - HeapMemory: 271581184
2026-03-16 11:26:14,661 [INFO] DbMcusXml:78 - Set database path to: /opt/st/stm32cubeide_1.19.0/plugins/com.st.stm32cube.common.mx_6.15.0.202507011659//db//mcu/
2026-03-16 11:26:14,661 [INFO] ApiDb:274 - Set plugin database path to: /opt/st/stm32cubeide_1.19.0/plugins/com.st.stm32cube.common.mx_6.15.0.202507011659//db//plugins/boardmanager/
2026-03-16 11:26:14,661 [INFO] ApiDb:261 - Set plugin images path to: /opt/st/stm32cubeide_1.19.0/plugins/com.st.stm32cube.common.mx_6.15.0.202507011659//db//plugins/mcufinder/images/
2026-03-16 11:26:14,661 [WARN] DbFile:41 - Overriding database path with different value: /home/kamil/.stmcufinder/plugins/mcufinder/ => /home/kamil/.stmcufinder/plugins/mcufinder
2026-03-16 11:26:14,661 [INFO] ApiDb:250 - Set database path to: /home/kamil/.stmcufinder/plugins/mcufinder//mcu/
2026-03-16 11:26:14,661 [WARN] DbFile:41 - Overriding database path with different value: /home/kamil/.stmcufinder/plugins/mcufinder/ => /home/kamil/.stmcufinder/plugins/mcufinder
2026-03-16 11:26:14,661 [INFO] DbMcusAds:125 - Set database path to: /home/kamil/.stmcufinder/plugins/mcufinder//mcu/
2026-03-16 11:26:14,661 [WARN] DbFile:41 - Overriding database path with different value: /home/kamil/.stmcufinder/plugins/mcufinder/ => /home/kamil/.stmcufinder/plugins/mcufinder
2026-03-16 11:26:14,661 [WARN] DbFile:41 - Overriding database path with different value: /home/kamil/.stmcufinder/plugins/mcufinder/ => /home/kamil/.stmcufinder/plugins/mcufinder
2026-03-16 11:26:14,662 [INFO] CrossReferenceDbSqlite:203 - Set database path to: /home/kamil/.stmcufinder/plugins/mcufinder//mcu/cs/
2026-03-16 11:26:14,673 [INFO] ApplicationProperties:184 - Using Application install path: /opt/st/stm32cubeide_1.19.0/plugins/com.st.stm32cube.common.mx_6.15.0.202507011659
2026-03-16 11:26:14,674 [INFO] PluginManage:196 - Search for loadable plugins [exclusion list=, ]
2026-03-16 11:26:14,675 [INFO] PluginManage:310 - Check plugin analytics
2026-03-16 11:26:14,786 [INFO] AnalyticsPlugin:253 - Accepted Software Licenses: 
2026-03-16 11:26:14,786 [INFO] AnalyticsPlugin:255 - Accepted CMSIS Pack Licenses: 
2026-03-16 11:26:14,786 [INFO] AnalyticsPlugin:257 - Accepted Firmware Licenses: FW.F4.1.28.0
2026-03-16 11:26:14,788 [INFO] PluginManage:359 - Loaded plugin analytics (category:tool,tabindex:-1)
2026-03-16 11:26:14,788 [INFO] PluginManage:310 - Check plugin cadmodel
2026-03-16 11:26:14,792 [INFO] CADModel:105 - Init CAD model plugin
2026-03-16 11:26:14,793 [INFO] PluginManage:359 - Loaded plugin cadmodel (category:power,tabindex:5)
2026-03-16 11:26:14,793 [INFO] PluginManage:310 - Check plugin clock
2026-03-16 11:26:14,802 [INFO] PluginManage:359 - Loaded plugin clock (category:base,tabindex:2)
2026-03-16 11:26:14,802 [INFO] PluginManage:310 - Check plugin ddr
2026-03-16 11:26:14,804 [INFO] PluginManage:359 - Loaded plugin ddr (category:tool,tabindex:6)
2026-03-16 11:26:14,804 [INFO] PluginManage:310 - Check plugin filemanager
2026-03-16 11:26:14,910 [INFO] PluginManage:359 - Loaded plugin filemanager (category:base,tabindex:10)
2026-03-16 11:26:14,910 [INFO] PluginManage:310 - Check plugin ipmanager
2026-03-16 11:26:14,913 [INFO] PluginManage:359 - Loaded plugin ipmanager (category:base,tabindex:5)
2026-03-16 11:26:14,913 [INFO] PluginManage:310 - Check plugin lpbam
2026-03-16 11:26:14,919 [INFO] PluginManage:359 - Loaded plugin lpbam (category:base,tabindex:0)
2026-03-16 11:26:14,919 [INFO] PluginManage:310 - Check plugin memorymap
2026-03-16 11:26:14,926 [INFO] PluginManage:359 - Loaded plugin memorymap (category:base,tabindex:4)
2026-03-16 11:26:14,926 [INFO] PluginManage:310 - Check plugin pinoutandconfiguration
2026-03-16 11:26:14,932 [INFO] PluginManage:359 - Loaded plugin pinoutandconfiguration (category:base,tabindex:1)
2026-03-16 11:26:14,932 [INFO] PluginManage:310 - Check plugin pinoutconfig
2026-03-16 11:26:14,978 [WARN] SupportedApi:132 - Cannot load RTOS API schema: s4s-elt-must-match.1: The content of 'definitions' must match (annotation?, (simpleType | complexType)?, (unique | key | keyref)*)). A problem was found starting at: attribute.
2026-03-16 11:26:15,054 [INFO] PluginManage:359 - Loaded plugin pinoutconfig (category:base,tabindex:0)
2026-03-16 11:26:15,054 [INFO] PluginManage:310 - Check plugin power
2026-03-16 11:26:15,061 [INFO] PluginManage:359 - Loaded plugin power (category:power,tabindex:4)
2026-03-16 11:26:15,061 [INFO] PluginManage:310 - Check plugin projectmanager
2026-03-16 11:26:15,071 [INFO] PluginManage:359 - Loaded plugin projectmanager (category:projectmanager,tabindex:4)
2026-03-16 11:26:15,071 [INFO] PluginManage:310 - Check plugin rif
2026-03-16 11:26:15,077 [INFO] PluginManage:359 - Loaded plugin rif (category:base,tabindex:3)
2026-03-16 11:26:15,078 [INFO] PluginManage:310 - Check plugin thirdparty
2026-03-16 11:26:15,153 [INFO] PluginManage:359 - Loaded plugin thirdparty (category:base,tabindex:-1)
2026-03-16 11:26:15,153 [INFO] PluginManage:310 - Check plugin tools
2026-03-16 11:26:15,153 [WARN] IntegrityCheckThread:84 - waiting for thirdparty lock release [integrity check]
2026-03-16 11:26:15,153 [INFO] IntegrityCheckThread:86 - entering critical section [integrity check]
2026-03-16 11:26:15,153 [INFO] ThirdPartyUpdaterWithRetryManager:70 - Updater plugin not ready yet. [1/15]
2026-03-16 11:26:15,155 [INFO] PluginManage:359 - Loaded plugin tools (category:base,tabindex:7)
2026-03-16 11:26:15,155 [INFO] PluginManage:310 - Check plugin tutovideos
2026-03-16 11:26:15,274 [INFO] PluginManage:359 - Loaded plugin tutovideos (category:base,tabindex:-1)
2026-03-16 11:26:15,275 [INFO] PluginManage:310 - Check plugin updater
2026-03-16 11:26:15,294 [INFO] PluginManage:359 - Loaded plugin updater (category:base,tabindex:12)
2026-03-16 11:26:15,294 [INFO] PluginManage:310 - Check plugin userauth
2026-03-16 11:26:15,298 [INFO] UserAuth:118 - Init User Auth plugin
2026-03-16 11:26:15,298 [INFO] PluginManage:359 - Loaded plugin userauth (category:base,tabindex:14)
2026-03-16 11:26:15,299 [INFO] PluginManage:283 - PluginManage : Loaded plugins [18]
2026-03-16 11:26:15,408 [INFO] PinOutPanel:1589 - setPackage(No Configuration,No Configuration)
2026-03-16 11:26:15,455 [INFO] CADModel:165 - CPN selected for project level
2026-03-16 11:26:15,455 [INFO] CADModel:114 - Register for checkConnection events
2026-03-16 11:26:15,462 [INFO] IPUIPlugin:80 - create IPUIPlugin
2026-03-16 11:26:15,462 [INFO] PluginManager:220 - loadIPPluginJar : add tracer_emb
2026-03-16 11:26:15,463 [INFO] IPUIPlugin:80 - create IPUIPlugin
2026-03-16 11:26:15,463 [INFO] PluginManager:220 - loadIPPluginJar : add radio
2026-03-16 11:26:15,467 [INFO] IPUIPlugin:80 - create IPUIPlugin
2026-03-16 11:26:15,467 [INFO] PluginManager:220 - loadIPPluginJar : add ddr_ctrl_phy
2026-03-16 11:26:15,472 [INFO] IPUIPlugin:80 - create IPUIPlugin
2026-03-16 11:26:15,472 [INFO] PluginManager:220 - loadIPPluginJar : add mdma
2026-03-16 11:26:15,474 [INFO] IPUIPlugin:80 - create IPUIPlugin
2026-03-16 11:26:15,474 [INFO] PluginManager:220 - loadIPPluginJar : add touchsensing
2026-03-16 11:26:15,475 [INFO] IPUIPlugin:80 - create IPUIPlugin
2026-03-16 11:26:15,476 [INFO] PluginManager:220 - loadIPPluginJar : add ucpd
2026-03-16 11:26:15,481 [INFO] IPUIPlugin:80 - create IPUIPlugin
2026-03-16 11:26:15,483 [INFO] PluginManager:220 - loadIPPluginJar : add plateformsettings
2026-03-16 11:26:15,486 [INFO] IPUIPlugin:80 - create IPUIPlugin
2026-03-16 11:26:15,486 [INFO] PluginManager:220 - loadIPPluginJar : add ipddr
2026-03-16 11:26:15,490 [INFO] IPUIPlugin:80 - create IPUIPlugin
2026-03-16 11:26:15,490 [INFO] PluginManager:220 - loadIPPluginJar : add resmgrutility
2026-03-16 11:26:15,491 [INFO] IPUIPlugin:80 - create IPUIPlugin
2026-03-16 11:26:15,491 [INFO] PluginManager:220 - loadIPPluginJar : add ts
2026-03-16 11:26:15,493 [INFO] IPUIPlugin:80 - create IPUIPlugin
2026-03-16 11:26:15,493 [INFO] PluginManager:220 - loadIPPluginJar : add dma3
2026-03-16 11:26:15,495 [INFO] IPUIPlugin:80 - create IPUIPlugin
2026-03-16 11:26:15,495 [INFO] PluginManager:220 - loadIPPluginJar : add openamp
2026-03-16 11:26:15,497 [INFO] IPUIPlugin:80 - create IPUIPlugin
2026-03-16 11:26:15,497 [INFO] PluginManager:220 - loadIPPluginJar : add opamp
2026-03-16 11:26:15,499 [INFO] IPUIPlugin:80 - create IPUIPlugin
2026-03-16 11:26:15,500 [INFO] PluginManager:220 - loadIPPluginJar : add pdm2pcm
2026-03-16 11:26:15,501 [INFO] IPUIPlugin:80 - create IPUIPlugin
2026-03-16 11:26:15,501 [INFO] PluginManager:220 - loadIPPluginJar : add gfxmmu
2026-03-16 11:26:15,502 [INFO] IPUIPlugin:80 - create IPUIPlugin
2026-03-16 11:26:15,503 [INFO] PluginManager:220 - loadIPPluginJar : add aes
2026-03-16 11:26:15,504 [INFO] IPUIPlugin:80 - create IPUIPlugin
2026-03-16 11:26:15,504 [INFO] PluginManager:220 - loadIPPluginJar : add gtzc
2026-03-16 11:26:15,506 [INFO] IPUIPlugin:80 - create IPUIPlugin
2026-03-16 11:26:15,507 [INFO] PluginManager:220 - loadIPPluginJar : add sai
2026-03-16 11:26:15,507 [INFO] IPUIPlugin:80 - create IPUIPlugin
2026-03-16 11:26:15,508 [INFO] PluginManager:220 - loadIPPluginJar : add tsc
2026-03-16 11:26:15,510 [INFO] IPUIPlugin:80 - create IPUIPlugin
2026-03-16 11:26:15,510 [INFO] PluginManager:220 - loadIPPluginJar : add usbx
2026-03-16 11:26:15,511 [INFO] IPUIPlugin:80 - create IPUIPlugin
2026-03-16 11:26:15,511 [INFO] PluginManager:220 - loadIPPluginJar : add can
2026-03-16 11:26:15,513 [INFO] IPUIPlugin:80 - create IPUIPlugin
2026-03-16 11:26:15,513 [INFO] PluginManager:220 - loadIPPluginJar : add i2c
2026-03-16 11:26:15,515 [INFO] IPUIPlugin:80 - create IPUIPlugin
2026-03-16 11:26:15,515 [INFO] PluginManager:220 - loadIPPluginJar : add lorawan
2026-03-16 11:26:15,517 [INFO] IPUIPlugin:80 - create IPUIPlugin
2026-03-16 11:26:15,517 [INFO] PluginManager:220 - loadIPPluginJar : add spi
2026-03-16 11:26:15,522 [INFO] IPUIPlugin:80 - create IPUIPlugin
2026-03-16 11:26:15,522 [INFO] PluginManager:220 - loadIPPluginJar : add linkedlist
2026-03-16 11:26:15,525 [INFO] IPUIPlugin:80 - create IPUIPlugin
2026-03-16 11:26:15,526 [INFO] PluginManager:220 - loadIPPluginJar : add fmc
2026-03-16 11:26:15,527 [INFO] IPUIPlugin:80 - create IPUIPlugin
2026-03-16 11:26:15,527 [INFO] PluginManager:220 - loadIPPluginJar : add i3c
2026-03-16 11:26:15,528 [INFO] IPUIPlugin:80 - create IPUIPlugin
2026-03-16 11:26:15,528 [INFO] PluginManager:220 - loadIPPluginJar : add ltdc
2026-03-16 11:26:15,533 [INFO] IPUIPlugin:80 - create IPUIPlugin
2026-03-16 11:26:15,533 [INFO] PluginManager:220 - loadIPPluginJar : add dma
2026-03-16 11:26:15,537 [INFO] IPUIPlugin:80 - create IPUIPlugin
2026-03-16 11:26:15,538 [INFO] PluginManager:220 - loadIPPluginJar : add freertos
2026-03-16 11:26:15,539 [INFO] IPUIPlugin:80 - create IPUIPlugin
2026-03-16 11:26:15,539 [INFO] PluginManager:220 - loadIPPluginJar : add hash
2026-03-16 11:26:15,544 [INFO] IPUIPlugin:80 - create IPUIPlugin
2026-03-16 11:26:15,544 [INFO] PluginManager:220 - loadIPPluginJar : add adc
2026-03-16 11:26:15,546 [INFO] IPUIPlugin:80 - create IPUIPlugin
2026-03-16 11:26:15,547 [INFO] PluginManager:220 - loadIPPluginJar : add usart
2026-03-16 11:26:15,553 [INFO] IPUIPlugin:80 - create IPUIPlugin
2026-03-16 11:26:15,553 [INFO] PluginManager:220 - loadIPPluginJar : add stm32_wpan
2026-03-16 11:26:15,554 [INFO] IPUIPlugin:80 - create IPUIPlugin
2026-03-16 11:26:15,554 [INFO] PluginManager:220 - loadIPPluginJar : add genericplugin
2026-03-16 11:26:15,558 [INFO] IPUIPlugin:80 - create IPUIPlugin
2026-03-16 11:26:15,558 [INFO] PluginManager:220 - loadIPPluginJar : add gpio
2026-03-16 11:26:15,561 [INFO] IPUIPlugin:80 - create IPUIPlugin
2026-03-16 11:26:15,562 [INFO] PluginManager:220 - loadIPPluginJar : add nvic
2026-03-16 11:26:15,563 [INFO] IPUIPlugin:80 - create IPUIPlugin
2026-03-16 11:26:15,564 [INFO] PluginManager:220 - loadIPPluginJar : add dfsdm
2026-03-16 11:26:15,565 [INFO] IPUIPlugin:80 - create IPUIPlugin
2026-03-16 11:26:15,565 [INFO] PluginManager:220 - loadIPPluginJar : add fatfs
2026-03-16 11:26:15,566 [INFO] IPUIPlugin:80 - create IPUIPlugin
2026-03-16 11:26:15,566 [INFO] PluginManager:220 - loadIPPluginJar : add comp
2026-03-16 11:26:15,568 [INFO] IPUIPlugin:80 - create IPUIPlugin
2026-03-16 11:26:15,569 [INFO] PluginManager:220 - loadIPPluginJar : add i2s
2026-03-16 11:26:15,571 [INFO] IPUIPlugin:80 - create IPUIPlugin
2026-03-16 11:26:15,571 [INFO] PluginManager:220 - loadIPPluginJar : add cryp
2026-03-16 11:26:15,572 [INFO] IPUIPlugin:80 - create IPUIPlugin
2026-03-16 11:26:15,572 [INFO] PluginManager:220 - loadIPPluginJar : add quadspi
2026-03-16 11:26:15,578 [INFO] IPUIPlugin:80 - create IPUIPlugin
2026-03-16 11:26:15,578 [INFO] PluginManager:220 - loadIPPluginJar : add gic
2026-03-16 11:26:15,579 [INFO] IPUIPlugin:80 - create IPUIPlugin
2026-03-16 11:26:15,579 [INFO] PluginManager:220 - loadIPPluginJar : add tim
2026-03-16 11:26:15,582 [INFO] IPUIPlugin:80 - create IPUIPlugin
2026-03-16 11:26:15,582 [INFO] PluginManager:220 - loadIPPluginJar : add extmemmanager
2026-03-16 11:26:15,678 [FATAL] Updater:351 - Updater called before beeing initialized
2026-03-16 11:26:15,696 [INFO] RulesReader:64 - Compatibility file has been processed (317 Rules)
2026-03-16 11:26:15,703 [INFO] RulesReader:64 - Compatibility file has been processed (317 Rules)
2026-03-16 11:26:15,708 [INFO] CADModel:165 - CPN selected for project level
2026-03-16 11:26:15,708 [INFO] CADModel:114 - Register for checkConnection events
2026-03-16 11:26:15,708 [FATAL] Updater:351 - Updater called before beeing initialized
2026-03-16 11:26:15,708 [ERROR] CADModel:125 - Updater not yet initialized, retry later 
2026-03-16 11:26:15,807 [FATAL] Updater:351 - Updater called before beeing initialized
2026-03-16 11:26:15,809 [INFO] CADModel:165 - CPN selected for project level
2026-03-16 11:26:15,809 [INFO] CADModel:114 - Register for checkConnection events
2026-03-16 11:26:15,809 [FATAL] Updater:351 - Updater called before beeing initialized
2026-03-16 11:26:15,809 [ERROR] CADModel:125 - Updater not yet initialized, retry later 
2026-03-16 11:26:15,812 [FATAL] Updater:351 - Updater called before beeing initialized
2026-03-16 11:26:15,892 [FATAL] Updater:351 - Updater called before beeing initialized
2026-03-16 11:26:15,895 [INFO] DbMcusAds:53 - JSON generation date=Wed Feb 18 15:32:49 CET 2026 (1771425169371)
2026-03-16 11:26:15,895 [FATAL] Updater:351 - Updater called before beeing initialized
2026-03-16 11:26:15,915 [WARN] DetailPanel:346 - Failed to get advertising image, set to default
2026-03-16 11:26:15,966 [FATAL] Updater:351 - Updater called before beeing initialized
2026-03-16 11:26:15,967 [FATAL] Updater:351 - Updater called before beeing initialized
2026-03-16 11:26:15,967 [FATAL] Updater:351 - Updater called before beeing initialized
2026-03-16 11:26:15,968 [WARN] DetailPanel:346 - Failed to get advertising image, set to default
2026-03-16 11:26:15,968 [FATAL] Updater:351 - Updater called before beeing initialized
2026-03-16 11:26:15,993 [ERROR] Updater:1198 - MainUpdater not yet initialized. External WinMGr cannot be set.
2026-03-16 11:26:15,994 [INFO] Updater:1134 - Updater Version found : 6.15.0
2026-03-16 11:26:16,012 [INFO] ApplicationProperties:184 - Using Application install path: /opt/st/stm32cubeide_1.19.0/plugins/com.st.stm32cube.common.mx_6.15.0.202507011659
2026-03-16 11:26:16,252 [INFO] MainUpdater:2872 - connection check result : 10
2026-03-16 11:26:16,252 [INFO] MainUpdater:289 - Updater Check For Update Now.
2026-03-16 11:26:16,252 [INFO] MicroXplorer:498 - Change Database Version : DB.6.0.150
2026-03-16 11:26:16,257 [INFO] McuFinderGlobals:63 - Set McuFinder mode to 2 (CubeIDE integrated)
2026-03-16 11:26:16,258 [INFO] UserAuth:487 - Internet connection configuration mode: 1
2026-03-16 11:26:16,276 [INFO] JxBrowserEngine:152 - Initiate JxBrowser Engine with user profile folder
2026-03-16 11:26:16,416 [INFO] CheckServerUpdateThread:120 - End of CheckServer Thread
2026-03-16 11:26:16,867 [INFO] WebApp:169 - Instantiating new browser for Auth
2026-03-16 11:26:17,287 [INFO] WebApp:463 - Apply proxy settings
2026-03-16 11:26:17,288 [INFO] WebApp:548 - Chromium requires no authentication
2026-03-16 11:26:17,293 [INFO] WebApp:491 - Direct internet connection detected
2026-03-16 11:26:17,304 [INFO] WebApp:900 - Register for checkConnection events
2026-03-16 11:26:17,304 [INFO] WebApp:463 - Apply proxy settings
2026-03-16 11:26:17,304 [INFO] WebApp:548 - Chromium requires no authentication
2026-03-16 11:26:17,304 [INFO] WebApp:491 - Direct internet connection detected
2026-03-16 11:26:17,374 [INFO] WebApp:225 - Starting web application
2026-03-16 11:26:17,374 [INFO] WebApp:593 - Web application path used /opt/st/stm32cubeide_1.19.0/plugins/com.st.stm32cube.common.mx_6.15.0.202507011659/db/plugins/mcufinder/reactClient1/index.html
2026-03-16 11:26:17,446 [INFO] UserAuth:487 - Internet connection configuration mode: 1
2026-03-16 11:26:17,613 [INFO] WebApp:191 - Connection restablished
2026-03-16 11:26:18,272 [WARN] PackLoader:240 - Cannot read IP mode file for STMicroelectronics.X-CUBE-AZRTOS-H7.3.5.0
2026-03-16 11:26:18,281 [WARN] PackLoader:240 - Cannot read IP mode file for STMicroelectronics.FP-SNS-MOTENVWB1.1.4.0
2026-03-16 11:26:18,285 [WARN] PackLoader:240 - Cannot read IP mode file for STMicroelectronics.FP-ATR-ASTRA1.2.0.2
2026-03-16 11:26:18,290 [WARN] PackLoader:240 - Cannot read IP mode file for STMicroelectronics.X-CUBE-SMBUS.2.1.0
2026-03-16 11:26:18,294 [WARN] PackLoader:240 - Cannot read IP mode file for STMicroelectronics.X-CUBE-ST60.1.0.0
2026-03-16 11:26:18,305 [WARN] PackLoader:240 - Cannot read IP mode file for STMicroelectronics.X-CUBE-AZRTOS-F7.1.1.0
2026-03-16 11:26:18,310 [WARN] PackLoader:240 - Cannot read IP mode file for Cesanta.I-CUBE-Mongoose.7.19.0
2026-03-16 11:26:18,312 [WARN] PackLoader:240 - Cannot read IP mode file for STMicroelectronics.FP-SNS-MOTENV1.5.1.0
2026-03-16 11:26:18,319 [WARN] PackLoader:240 - Cannot read IP mode file for WES.I-CUBE-Cesium.1.4.0
2026-03-16 11:26:18,343 [WARN] PackLoader:240 - Cannot read IP mode file for Infineon.AIROC-Wi-Fi-Bluetooth-STM32.1.7.1
2026-03-16 11:26:18,359 [WARN] PackLoader:240 - Cannot read IP mode file for STMicroelectronics.X-CUBE-AZRTOS-H7.3.4.0
2026-03-16 11:26:18,365 [WARN] PackLoader:240 - Cannot read IP mode file for STMicroelectronics.X-CUBE-DISPLAY.3.0.0
2026-03-16 11:26:18,370 [WARN] PackLoader:240 - Cannot read IP mode file for STMicroelectronics.FP-SNS-MOTENVWB1.1.5.0
2026-03-16 11:26:18,374 [WARN] PackLoader:240 - Cannot read IP mode file for STMicroelectronics.X-CUBE-NFC10.1.0.0
2026-03-16 11:26:18,378 [WARN] PackLoader:240 - Cannot read IP mode file for STMicroelectronics.X-CUBE-ST60.1.1.0
2026-03-16 11:26:18,381 [WARN] PackLoader:240 - Cannot read IP mode file for emotas.I-CUBE-CANOPEN.1.3.0
2026-03-16 11:26:18,383 [WARN] PackLoader:240 - Cannot read IP mode file for STMicroelectronics.X-CUBE-GNSS1.7.1.0
2026-03-16 11:26:18,387 [WARN] PackLoader:240 - Cannot read IP mode file for STMicroelectronics.FP-SNS-SMARTAG2.1.2.0
2026-03-16 11:26:18,389 [WARN] PackLoader:240 - Cannot read IP mode file for STMicroelectronics.FP-SNS-FLIGHT1.5.1.0
2026-03-16 11:26:18,393 [INFO] LogOutputStream:77 - [STDOUT_REDIRECT] 1 : Invalid condition id : UX_CORESTACK_Condition cause : null
2026-03-16 11:26:18,394 [INFO] LogOutputStream:77 - [STDOUT_REDIRECT] 1 : Invalid condition id : UX_CORESTACK_Condition cause : null
2026-03-16 11:26:18,394 [INFO] LogOutputStream:77 - [STDOUT_REDIRECT] 1 : Invalid condition id : UX_CORESTACK_Condition cause : null
2026-03-16 11:26:18,394 [INFO] LogOutputStream:77 - [STDOUT_REDIRECT] 1 : Invalid condition id : UX_CORESTACK_Condition cause : null
2026-03-16 11:26:18,394 [INFO] LogOutputStream:77 - [STDOUT_REDIRECT] 1 : Invalid condition id : UX_CORESTACK_Condition cause : null
2026-03-16 11:26:18,395 [WARN] PackLoader:240 - Cannot read IP mode file for STMicroelectronics.X-CUBE-AZRTOS-WL.2.0.0
2026-03-16 11:26:18,398 [WARN] PackLoader:240 - Cannot read IP mode file for STMicroelectronics.FP-SNS-MOTENV1.5.0.0
2026-03-16 11:26:18,407 [WARN] PackLoader:240 - Cannot read IP mode file for STMicroelectronics.X-CUBE-AZRTOS-H7RS.1.2.0
2026-03-16 11:26:18,410 [WARN] PackLoader:240 - Cannot read IP mode file for STMicroelectronics.X-CUBE-BLE2.3.3.0
2026-03-16 11:26:18,424 [WARN] PackLoader:240 - Cannot read IP mode file for STMicroelectronics.X-CUBE-NFC9.1.0.0
2026-03-16 11:26:18,427 [WARN] PackLoader:240 - Cannot read IP mode file for wolfSSL.I-CUBE-wolfSSL.5.8.2
2026-03-16 11:26:18,430 [WARN] PackLoader:240 - Cannot read IP mode file for STMicroelectronics.X-CUBE-BLE1.7.1.0
2026-03-16 11:26:18,433 [WARN] PackLoader:240 - Cannot read IP mode file for wolfSSL.I-CUBE-wolfMQTT.1.19.2
2026-03-16 11:26:18,436 [WARN] PackLoader:240 - Cannot read IP mode file for STMicroelectronics.X-CUBE-FREERTOS.1.4.0
2026-03-16 11:26:18,440 [WARN] PackLoader:240 - Cannot read IP mode file for STMicroelectronics.X-CUBE-EEPRMA1.5.2.0
2026-03-16 11:26:18,445 [WARN] PackLoader:240 - Cannot read IP mode file for STMicroelectronics.X-CUBE-ST67W61.1.1.0
2026-03-16 11:26:18,481 [WARN] PackLoader:240 - Cannot read IP mode file for STMicroelectronics.X-CUBE-MEMS1.12.0.0
2026-03-16 11:26:18,626 [WARN] PackLoader:240 - Cannot read IP mode file for STMicroelectronics.X-CUBE-AZRTOS-G0.1.1.0
2026-03-16 11:26:18,633 [WARN] PackLoader:240 - Cannot read IP mode file for STMicroelectronics.X-CUBE-SAFEA1.1.2.2
2026-03-16 11:26:18,637 [WARN] PackLoader:240 - Cannot read IP mode file for STMicroelectronics.X-CUBE-NFC4.3.0.0
2026-03-16 11:26:18,643 [WARN] PackLoader:240 - Cannot read IP mode file for EmbeddedOffice.I-CUBE-FS-RTOS.1.0.1
2026-03-16 11:26:18,647 [WARN] PackLoader:240 - Cannot read IP mode file for STMicroelectronics.X-CUBE-WB05N.2.0.0
2026-03-16 11:26:18,651 [WARN] PackLoader:240 - Cannot read IP mode file for wolfSSL.I-CUBE-wolfTPM.3.8.0
2026-03-16 11:26:18,655 [WARN] PackLoader:240 - Cannot read IP mode file for STMicroelectronics.X-CUBE-TCPP.4.2.0
2026-03-16 11:26:18,659 [WARN] PackLoader:240 - Cannot read IP mode file for RealThread.X-CUBE-RT-Thread_Nano.4.1.1
2026-03-16 11:26:18,662 [WARN] PackLoader:240 - Cannot read IP mode file for STMicroelectronics.FP-ATR-SIGFOX1.3.2.0
2026-03-16 11:26:18,666 [WARN] PackLoader:240 - Cannot read IP mode file for STMicroelectronics.X-CUBE-FREERTOS.1.5.0
2026-03-16 11:26:18,670 [WARN] PackLoader:240 - Cannot read IP mode file for ITTIA_DB.I-CUBE-ITTIADB.8.9.0
2026-03-16 11:26:18,674 [WARN] PackLoader:240 - Cannot read IP mode file for STMicroelectronics.X-CUBE-NFC6.3.2.0
2026-03-16 11:26:18,699 [WARN] PackLoader:240 - Cannot read IP mode file for SEGGER.I-CUBE-embOS.1.3.1
2026-03-16 11:26:18,742 [WARN] PackLoader:240 - Cannot read IP mode file for STMicroelectronics.X-CUBE-ALGOBUILD.1.4.0
2026-03-16 11:26:18,780 [WARN] PackLoader:240 - Cannot read IP mode file for STMicroelectronics.X-CUBE-MEMS1.11.3.0
2026-03-16 11:26:18,860 [WARN] PackLoader:240 - Cannot read IP mode file for STMicroelectronics.X-CUBE-PM33A1.1.0.0
2026-03-16 11:26:18,870 [WARN] PackLoader:240 - Cannot read IP mode file for STMicroelectronics.X-CUBE-AZRTOS-F4.1.1.0
2026-03-16 11:26:18,874 [WARN] PackLoader:240 - Cannot read IP mode file for STMicroelectronics.X-CUBE-ISPU.2.1.0
2026-03-16 11:26:18,883 [WARN] PackLoader:240 - Cannot read IP mode file for STMicroelectronics.X-CUBE-IPS.3.2.0
2026-03-16 11:26:18,890 [WARN] PackLoader:240 - Cannot read IP mode file for STMicroelectronics.X-CUBE-NFC12.1.0.0
2026-03-16 11:26:18,900 [WARN] PackLoader:240 - Cannot read IP mode file for STMicroelectronics.X-CUBE-AZRTOS-L5.2.0.0
2026-03-16 11:26:18,906 [WARN] PackLoader:240 - Cannot read IP mode file for STMicroelectronics.X-CUBE-NFC6.3.1.0
2026-03-16 11:26:18,910 [WARN] PackLoader:240 - Cannot read IP mode file for STMicroelectronics.X-CUBE-FREERTOS.1.3.1
2026-03-16 11:26:18,913 [WARN] PackLoader:240 - Cannot read IP mode file for STMicroelectronics.X-CUBE-TOUCHGFX.4.26.0
2026-03-16 11:26:18,915 [WARN] PackLoader:240 - Cannot read IP mode file for STMicroelectronics.X-CUBE-TOUCHGFX.4.26.1
2026-03-16 11:26:18,918 [WARN] PackLoader:240 - Cannot read IP mode file for STMicroelectronics.X-CUBE-DPower.1.3.0
2026-03-16 11:26:18,929 [WARN] ConditionMgr:438 - getConditionDescription Invalid condition id : LAN8742 Phy interface Condition cause : null
2026-03-16 11:26:18,929 [WARN] PackLoader:240 - Cannot read IP mode file for STMicroelectronics.X-CUBE-AZRTOS-L4.2.0.0
2026-03-16 11:26:18,930 [WARN] ConditionMgr:1044 - genDependencies : Invalid condition id : LAN8742 Phy interface Condition cause : null
2026-03-16 11:26:18,930 [WARN] ConditionMgr:1044 - genDependencies : Invalid condition id : LAN8742 Phy interface Condition cause : null
2026-03-16 11:26:18,931 [WARN] ConditionMgr:1044 - genDependencies : Invalid condition id : LAN8742 Phy interface Condition cause : null
2026-03-16 11:26:18,936 [WARN] PackLoader:240 - Cannot read IP mode file for STMicroelectronics.X-CUBE-SFXS2LP1.4.0.0
2026-03-16 11:26:18,940 [WARN] PackLoader:240 - Cannot read IP mode file for STMicroelectronics.X-CUBE-ST67W61.1.2.0
2026-03-16 11:26:18,947 [WARN] PackLoader:240 - Cannot read IP mode file for STMicroelectronics.X-CUBE-BLEMGR.4.1.0
2026-03-16 11:26:18,955 [WARN] ConditionMgr:438 - getConditionDescription Invalid condition id : UX DEVICE CLASS RTOS Condition cause : null
2026-03-16 11:26:18,956 [WARN] ConditionMgr:438 - getConditionDescription Invalid condition id : UX DEVICE CLASS RTOS Condition cause : null
2026-03-16 11:26:18,957 [WARN] PackLoader:240 - Cannot read IP mode file for STMicroelectronics.X-CUBE-AZRTOS-WB.2.0.0
2026-03-16 11:26:18,958 [WARN] ConditionMgr:1044 - genDependencies : Invalid condition id : UX DEVICE CLASS RTOS Condition cause : null
2026-03-16 11:26:18,958 [WARN] ConditionMgr:1044 - genDependencies : Invalid condition id : UX DEVICE CLASS RTOS Condition cause : null
2026-03-16 11:26:18,958 [WARN] ConditionMgr:1044 - genDependencies : Invalid condition id : UX DEVICE CLASS RTOS Condition cause : null
2026-03-16 11:26:18,958 [WARN] ConditionMgr:1044 - genDependencies : Invalid condition id : UX DEVICE CLASS RTOS Condition cause : null
2026-03-16 11:26:18,958 [WARN] ConditionMgr:1044 - genDependencies : Invalid condition id : UX DEVICE CLASS RTOS Condition cause : null
2026-03-16 11:26:18,961 [WARN] PackLoader:240 - Cannot read IP mode file for STMicroelectronics.X-CUBE-GNSS1.7.0.1
2026-03-16 11:26:18,963 [WARN] ConditionMgr:438 - getConditionDescription Invalid condition id : Cortex-A Device cause : null
2026-03-16 11:26:18,968 [WARN] ConditionMgr:1044 - genDependencies : Invalid condition id : Cortex-A Device cause : null
2026-03-16 11:26:18,968 [WARN] ConditionMgr:1044 - genDependencies : Invalid condition id : Cortex-A Device cause : null
2026-03-16 11:26:18,968 [WARN] ConditionMgr:1044 - genDependencies : Invalid condition id : Cortex-A Device cause : null
2026-03-16 11:26:18,972 [WARN] PackLoader:240 - Cannot read IP mode file for STMicroelectronics.X-CUBE-STSE01.2.0.0
2026-03-16 11:26:18,978 [WARN] PackLoader:240 - Cannot read IP mode file for STMicroelectronics.X-CUBE-SUBG2.5.0.0
2026-03-16 11:26:18,989 [WARN] PackLoader:240 - Cannot read IP mode file for STMicroelectronics.X-CUBE-AZRTOS-H7RS.1.1.0
2026-03-16 11:26:18,998 [WARN] PackLoader:240 - Cannot read IP mode file for STMicroelectronics.X-CUBE-AZRTOS-G4.2.0.0
2026-03-16 11:26:19,001 [WARN] PackLoader:240 - Cannot read IP mode file for wolfSSL.I-CUBE-wolfSSH.1.4.20
2026-03-16 11:26:19,003 [WARN] PackLoader:240 - Cannot read IP mode file for STMicroelectronics.X-CUBE-NFC7.2.0.0
2026-03-16 11:26:19,006 [WARN] PackLoader:240 - Cannot read IP mode file for STMicroelectronics.X-CUBE-ALS.1.0.2
2026-03-16 11:26:19,009 [WARN] PackLoader:240 - Cannot read IP mode file for STMicroelectronics.X-CUBE-STSE01.1.0.0
2026-03-16 11:26:19,015 [WARN] PackLoader:240 - Cannot read IP mode file for STMicroelectronics.X-CUBE-TOF1.3.4.3
2026-03-16 11:26:19,021 [INFO] ThirdParty:978 - Integrity check success = true
2026-03-16 11:26:19,021 [INFO] IntegrityCheckThread:100 - exiting critical section [integrity check]
2026-03-16 11:26:19,021 [INFO] IntegrityCheckThread:103 - End integrity checks thread
2026-03-16 11:36:41,616 [INFO] McuFinderGlobals:63 - Set McuFinder mode to 2 (CubeIDE integrated)
2026-03-16 11:36:41,622 [INFO] MainUpdater:2872 - connection check result : 10
2026-03-16 11:36:41,622 [INFO] MainUpdater:2872 - connection check result : 10
2026-03-16 11:36:41,666 [INFO] MicroXplorer:468 - Change Database Path : 
2026-03-16 11:36:41,666 [INFO] MicroXplorer:498 - Change Database Version : DB.6.0.150
2026-03-16 11:36:41,674 [WARN] ThirdParty:871 - waiting for thirdparty lock release [close project]
2026-03-16 11:36:41,674 [INFO] ThirdParty:873 - entering critical section [close project]
2026-03-16 11:36:41,678 [INFO] ThirdParty:883 - exiting critical section [close project]
2026-03-16 11:36:41,683 [INFO] PinOutPanel:1589 - setPackage(No Configuration,No Configuration)
2026-03-16 11:36:41,687 [INFO] UtilMem:75 - Begin LoadConfig() Used Memory: 584199088 Bytes (1013972992)
2026-03-16 11:36:41,690 [INFO] MicroXplorer:468 - Change Database Path : 
2026-03-16 11:36:41,690 [INFO] MicroXplorer:498 - Change Database Version : DB.6.0.150
2026-03-16 11:36:41,690 [INFO] OpenFileManager:355 - Change cursor
2026-03-16 11:36:41,739 [INFO] Mcu:2029 - Initializing MCU STM32F446R(C-E)Tx STM32F446RETx STM32F446RET6
2026-03-16 11:36:43,107 [INFO] Context:786 - Trying to add GPIOservice into a context  which must be forbidden
2026-03-16 11:36:43,419 [INFO] ImportTextPane:234 - (OptionalMessage_ERROR) Pin16 (VP_RIF_VS_RIF1) cannot be retrieved for this MCU
2026-03-16 11:36:43,563 [INFO] RtosManager:558 - Registered RTOS mode: class=CMSIS, group=RTOS, mode=CMSIS_V1, owner=FREERTOS
2026-03-16 11:36:43,563 [INFO] RtosManager:558 - Registered RTOS mode: class=CMSIS, group=RTOS2, mode=CMSIS_V2, owner=FREERTOS
2026-03-16 11:36:43,563 [INFO] RtosManager:558 - Registered RTOS mode: class=RTOS, group=Core, mode=CMSIS_V1, owner=FREERTOS
2026-03-16 11:36:43,563 [INFO] RtosManager:558 - Registered RTOS mode: class=RTOS, group=Core, mode=CMSIS_V2, owner=FREERTOS
2026-03-16 11:36:43,563 [WARN] ModelIntegratedComponent:184 - Missing modes for component STMicroelectronics:FreeRTOS:0.0.1:STMicroelectronics:RTOS:FreeRTOS:Core:::10.2.0:
2026-03-16 11:36:43,578 [WARN] ModelIntegratedComponent:63 - No mode defined for component null
2026-03-16 11:36:43,578 [WARN] ModelIntegratedComponent:63 - No mode defined for component null
2026-03-16 11:36:43,578 [WARN] ModelIntegratedComponent:63 - No mode defined for component null
2026-03-16 11:36:43,578 [WARN] ModelIntegratedComponent:63 - No mode defined for component null
2026-03-16 11:36:43,578 [WARN] ModelIntegratedComponent:63 - No mode defined for component null
2026-03-16 11:36:43,578 [WARN] ModelIntegratedComponent:63 - No mode defined for component null
2026-03-16 11:36:43,578 [WARN] ModelIntegratedComponent:63 - No mode defined for component null
2026-03-16 11:36:43,578 [WARN] ModelIntegratedComponent:63 - No mode defined for component null
2026-03-16 11:36:43,578 [WARN] ModelIntegratedComponent:63 - No mode defined for component null
2026-03-16 11:36:43,578 [WARN] ModelIntegratedComponent:63 - No mode defined for component null
2026-03-16 11:36:43,578 [WARN] ModelIntegratedComponent:63 - No mode defined for component null
2026-03-16 11:36:43,578 [WARN] ModelIntegratedComponent:63 - No mode defined for component null
2026-03-16 11:36:43,578 [WARN] ModelIntegratedComponent:63 - No mode defined for component null
2026-03-16 11:36:43,578 [WARN] ModelIntegratedComponent:63 - No mode defined for component null
2026-03-16 11:36:43,578 [WARN] ModelIntegratedComponent:63 - No mode defined for component null
2026-03-16 11:36:43,578 [WARN] ModelIntegratedComponent:63 - No mode defined for component null
2026-03-16 11:36:43,578 [WARN] ModelIntegratedComponent:63 - No mode defined for component null
2026-03-16 11:36:43,578 [WARN] ModelIntegratedComponent:63 - No mode defined for component null
2026-03-16 11:36:43,578 [WARN] ModelIntegratedComponent:63 - No mode defined for component null
2026-03-16 11:36:43,578 [WARN] ModelIntegratedComponent:63 - No mode defined for component null
2026-03-16 11:36:43,578 [WARN] ModelIntegratedComponent:63 - No mode defined for component null
2026-03-16 11:36:43,578 [WARN] ModelIntegratedComponent:63 - No mode defined for component null
2026-03-16 11:36:43,578 [WARN] ModelIntegratedComponent:63 - No mode defined for component null
2026-03-16 11:36:43,578 [WARN] ModelIntegratedComponent:63 - No mode defined for component null
2026-03-16 11:36:43,578 [WARN] ModelIntegratedComponent:63 - No mode defined for component null
2026-03-16 11:36:43,578 [WARN] ModelIntegratedComponent:63 - No mode defined for component null
2026-03-16 11:36:43,578 [WARN] ModelIntegratedComponent:63 - No mode defined for component null
2026-03-16 11:36:43,578 [WARN] ModelIntegratedComponent:63 - No mode defined for component null
2026-03-16 11:36:43,579 [WARN] ModelIntegratedComponent:63 - No mode defined for component null
2026-03-16 11:36:43,579 [WARN] ModelIntegratedComponent:63 - No mode defined for component null
2026-03-16 11:36:43,579 [WARN] ModelIntegratedComponent:63 - No mode defined for component null
2026-03-16 11:36:43,579 [WARN] ModelIntegratedComponent:63 - No mode defined for component null
2026-03-16 11:36:43,579 [WARN] ModelIntegratedComponent:63 - No mode defined for component null
2026-03-16 11:36:43,579 [WARN] ModelIntegratedComponent:63 - No mode defined for component null
2026-03-16 11:36:43,579 [WARN] ModelIntegratedComponent:63 - No mode defined for component null
2026-03-16 11:36:43,579 [WARN] ModelPack:524 - Component already loaded: STMicroelectronics:HAL Drivers:0.0.0:STMicroelectronics:Device:STMicro_Driver:XSPI:HAL::0.0.1:HAL_XSPI
2026-03-16 11:36:43,647 [INFO] ThirdPartyModel:298 - Start build external matchings
2026-03-16 11:36:43,934 [INFO] ThirdPartyModel:316 - End build external matchings
2026-03-16 11:36:43,953 [INFO] ImportTextPane:234 - (OptionalMessage_ERROR) IP (DMA) : Parameter (Instance) has Id (I2C3_RX) currently not set
2026-03-16 11:36:43,953 [INFO] ImportTextPane:234 - (OptionalMessage_ERROR) IP (DMA) : Parameter (Channel) has Id (I2C3_RX) currently not set
2026-03-16 11:36:43,953 [INFO] ImportTextPane:234 - (OptionalMessage_ERROR) IP (DMA) : Parameter (Direction) has Id (I2C3_RX) currently not set
2026-03-16 11:36:43,953 [INFO] ImportTextPane:234 - (OptionalMessage_ERROR) IP (DMA) : Parameter (PeriphInc) has Id (I2C3_RX) currently not set
2026-03-16 11:36:43,953 [INFO] ImportTextPane:234 - (OptionalMessage_ERROR) IP (DMA) : Parameter (MemInc) has Id (I2C3_RX) currently not set
2026-03-16 11:36:43,953 [INFO] ImportTextPane:234 - (OptionalMessage_ERROR) IP (DMA) : Parameter (PeriphDataAlignment) has Id (I2C3_RX) currently not set
2026-03-16 11:36:43,954 [INFO] ImportTextPane:234 - (OptionalMessage_ERROR) IP (DMA) : Parameter (MemDataAlignment) has Id (I2C3_RX) currently not set
2026-03-16 11:36:43,954 [INFO] ImportTextPane:234 - (OptionalMessage_ERROR) IP (DMA) : Parameter (Mode) has Id (I2C3_RX) currently not set
2026-03-16 11:36:43,954 [INFO] ImportTextPane:234 - (OptionalMessage_ERROR) IP (DMA) : Parameter (Priority) has Id (I2C3_RX) currently not set
2026-03-16 11:36:43,954 [INFO] ImportTextPane:234 - (OptionalMessage_ERROR) IP (DMA) : Parameter (FIFOMode) has Id (I2C3_RX) currently not set
2026-03-16 11:36:43,954 [WARN] IP:2250 - I2C_Coeff_DF not found: check if there is a RefParameter without a condition.
2026-03-16 11:36:43,955 [WARN] IP:2250 - Analog_Filter not found: check if there is a RefParameter without a condition.
2026-03-16 11:36:43,955 [INFO] ImportTextPane:234 - (OptionalMessage_ERROR) IP (RCC) : Invalid parameter (FamilyName)
2026-03-16 11:36:43,981 [WARN] IP:2250 - DEVICE_SERIAL0_CDC_FS not found: check if there is a RefParameter without a condition.
2026-03-16 11:36:43,982 [WARN] IP:2250 - DEVICE_SERIAL1_CDC_FS not found: check if there is a RefParameter without a condition.
2026-03-16 11:36:43,982 [WARN] IP:2250 - DEVICE_SERIAL2_CDC_FS not found: check if there is a RefParameter without a condition.
2026-03-16 11:36:44,173 [INFO] ApiDb:581 - Connected to CubeFinder SQLite database (/home/kamil/.stmcufinder/plugins/mcufinder/mcu/cube-finder-db.db)
2026-03-16 11:36:44,218 [INFO] ApiDb:668 - CubeFinder database Data Model version=2.1
2026-03-16 11:36:44,219 [INFO] ApiDb:669 - CubeFinder database Configuration version=3.0.42
2026-03-16 11:36:44,219 [INFO] ApiDb:670 - CubeFinder database generation date=2026-02-13 (1770995876)
2026-03-16 11:36:44,219 [INFO] ApiDb:671 - CubeFinder database FW Pack versions=[FP-ATR-ASTRA1_V2.0.0, FP-SNS-FLIGHT1_V5.1.0, FP-SNS-MOTENV1_V5.1.0, FP-SNS-MOTENVWB1_V1.4.0, FP-SNS-SMARTAG2_V1.2.0, FP-SNS-STBOX1_V2.1.0, STM32Cube_FW_C0_V1.4.0, STM32Cube_FW_F4_V1.28.3, STM32Cube_FW_F7_V1.17.4, STM32Cube_FW_G0_V1.6.2, STM32Cube_FW_G4_V1.6.1, STM32Cube_FW_H5_V1.6.0, STM32Cube_FW_H7RS_V1.3.0, STM32Cube_FW_H7_V1.13.0, STM32Cube_FW_L0_V1.12.2, STM32Cube_FW_L4_V1.18.2, STM32Cube_FW_L5_V1.6.0, STM32Cube_FW_N6_V1.3.0, STM32Cube_FW_U0_V1.3.0, STM32Cube_FW_U3_V1.3.0, STM32Cube_FW_U5_V1.8.0, STM32Cube_FW_WB0_V1.4.0, STM32Cube_FW_WBA_V1.9.0, STM32Cube_FW_WB_V1.24.0, STM32Cube_FW_WL3_V1.4.0, STM32Cube_FW_WL_V1.5.0, X-CUBE-ALGOBUILD_V1.4.0, X-CUBE-ALS_V1.0.2, X-CUBE-AZRTOS-F4_V1.1.0, X-CUBE-AZRTOS-F7_V1.1.0, X-CUBE-AZRTOS-G0_V1.1.0, X-CUBE-AZRTOS-G4_V2.0.0, X-CUBE-AZRTOS-H7RS_V1.1.0, X-CUBE-AZRTOS-H7_V3.4.0, X-CUBE-AZRTOS-L4_V2.0.0, X-CUBE-AZRTOS-L5_V2.0.0, X-CUBE-AZRTOS-WB_V2.0.0, X-CUBE-AZRTOS-WL_V2.0.0, X-CUBE-BLE1_V7.1.0, X-CUBE-BLE2_V3.3.0, X-CUBE-BLEMGR_V4.1.0, X-CUBE-EEPRMA1_V5.2.0, X-CUBE-FREERTOS_V1.3.1, X-CUBE-GNSS1_V6.0.0, X-CUBE-MEMS1_V12.0.0, X-CUBE-NFC4_V3.0.0, X-CUBE-NFC7_V2.0.0, X-CUBE-SFXS2LP1_V4.0.0, X-CUBE-ST67W61_V1.1.0, X-CUBE-SUBG2_V5.0.0, X-CUBE-TOF1_V3.4.3]
2026-03-16 11:36:44,285 [INFO] DbBoardsSqlite:226 - include board P-NUCLEO-WB55-NUCLEO as a kit item of type 'Nucleo-64'
2026-03-16 11:36:44,285 [INFO] DbBoardsSqlite:226 - include board P-NUCLEO-WB55-USBDONGLE as a kit item of type 'Nucleo USB Dongle'
2026-03-16 11:36:44,286 [INFO] DbBoardsSqlite:226 - include board STEVAL-IDP005V1 as a kit item of type 'Evaluation Board'
2026-03-16 11:36:44,286 [INFO] DbBoardsSqlite:226 - include board STEVAL-IDP005V2 as a kit item of type 'Evaluation Board'
2026-03-16 11:36:44,367 [INFO] ApiDb:240 - Found 880 in-development CPN: [B-G473E-ZEST1S, B-WB1M-WPAN1, B-WBA5M-WPAN, B-WL5M-SUBG1, NUCLEO-C031C6, NUCLEO-C051C8, NUCLEO-C071RB, NUCLEO-C092RC, NUCLEO-H503RB, NUCLEO-H533RE, NUCLEO-H563ZI, NUCLEO-H7S3L8, NUCLEO-N657X0-Q, NUCLEO-U031R8, NUCLEO-U083RC, NUCLEO-U385RG-Q, NUCLEO-U545RE-Q, NUCLEO-U5A5ZJ-Q, NUCLEO-WB05KZ, NUCLEO-WB07CC, NUCLEO-WB09KE, NUCLEO-WBA52CG, NUCLEO-WBA55CG, NUCLEO-WL33CC1, NUCLEO-WL33CC2, STEVAL-PROTEUS1, STEVAL-SMARTAG2, STEVAL-STWINBX1, STM320518-EVAL, STM32C0116-DK, STM32C011D6Y3TR, STM32C011D6Y6TR, STM32C011F4P3, STM32C011F4P6, STM32C011F4U3, STM32C011F4U6TR, STM32C011F6P3, STM32C011F6P6, STM32C011F6U3, STM32C011F6U6TR, STM32C011J4M3, STM32C011J4M6, STM32C011J6M3, STM32C011J6M6, STM32C0316-DK, STM32C031C4T3, STM32C031C4T6, STM32C031C4U3, STM32C031C4U6, STM32C031C6T3, STM32C031C6T6, STM32C031C6U3, STM32C031C6U6, STM32C031F4P3, STM32C031F4P6, STM32C031F6P3, STM32C031F6P6, STM32C031G4U3, STM32C031G4U6, STM32C031G6U3, STM32C031G6U6, STM32C031K4T3, STM32C031K4T6, STM32C031K4U3, STM32C031K4U6, STM32C031K6T3, STM32C031K6T6, STM32C031K6U3, STM32C031K6U6, STM32C051C6T6, STM32C051C6U6, STM32C051C8T6, STM32C051C8U6, STM32C051D8Y6TR, STM32C051F6P6, STM32C051F8P6, STM32C051G6U6, STM32C051G8U6, STM32C051K6T6, STM32C051K6U6, STM32C051K8T6, STM32C071C8T6, STM32C071C8T6N, STM32C071C8U6, STM32C071C8U6N, STM32C071CBT6, STM32C071CBT6N, STM32C071CBU6, STM32C071CBU6N, STM32C071F8P6, STM32C071F8P6N, STM32C071FBP6, STM32C071FBP6N, STM32C071FBY6TR, STM32C071G8U6, STM32C071G8U6N, STM32C071GBU6, STM32C071GBU6N, STM32C071K8T6, STM32C071K8T6N, STM32C071K8U6, STM32C071K8U6N, STM32C071KBT6, STM32C071KBT6N, STM32C071KBU6, STM32C071KBU6N, STM32C071R8T6, STM32C071R8T6N, STM32C071RBI6N, STM32C071RBT6, STM32C071RBT6N, STM32C091CBT6, STM32C091CBU6, STM32C091CCT6, STM32C091CCU6, STM32C091ECY6TR, STM32C091FBP6, STM32C091FCP6, STM32C091GBU6, STM32C091GCU6, STM32C091KBT6, STM32C091KBU6, STM32C091KCT6, STM32C091KCU6, STM32C091RBT6, STM32C091RCI6, STM32C091RCT6, STM32C092CBT6, STM32C092CBU6, STM32C092CCT6, STM32C092CCU6, STM32C092ECY6TR, STM32C092FBP6, STM32C092FCP6, STM32C092GBU6, STM32C092GCU6, STM32C092KBT6, STM32C092KBU6, STM32C092KCT6, STM32C092KCU6, STM32C092RBT6, STM32C092RCI6, STM32C092RCT6, STM32G071K8TXN, STM32G071K8UXN, STM32G081GBU6N, STM32G081KBT6N, STM32G081KBUXN, STM32G0B1CCT6N, STM32G0B1KCT6, STM32G0B1NEY6TR, STM32G0B1RCT6N, STM32G0C1CCT6, STM32G0C1CCT6N, STM32G0C1CCU6N, STM32G0C1CET6N, STM32G0C1CEU6N, STM32G0C1KCT6, STM32G0C1NEY6TR, STM32G0C1RCI6N, STM32G0C1RCT6N, STM32G0C1REI6N, STM32G0C1RET6N, STM32G0C1VCI6, STM32G0C1VEI6, STM32G411C6T3, STM32G411C6T6, STM32G411C6U3, STM32G411C6U6, STM32G411C8T3, STM32G411C8T6, STM32G411C8U3, STM32G411C8U6, STM32G411CBT3, STM32G411CBT6, STM32G411CBU3, STM32G411CBU6, STM32G411K6T3, STM32G411K6T6, STM32G411K6U3, STM32G411K6U6, STM32G411K8T3, STM32G411K8T6, STM32G411K8U3, STM32G411K8U6, STM32G411KBT3, STM32G411KBT6, STM32G411KBU3, STM32G411KBU6, STM32G411M6T3, STM32G411M6T6, STM32G411M8T3, STM32G411M8T6, STM32G411MBT3, STM32G411MBT6, STM32G411R6T3, STM32G411R6T6, STM32G411R8T3, STM32G411R8T6, STM32G411RBT3, STM32G411RBT6, STM32G414CBT3, STM32G414CBT6, STM32G414CBU3, STM32G414CBU6, STM32G414CCT3, STM32G414CCT6, STM32G414CCU3, STM32G414CCU6, STM32G414MBT3, STM32G414MBT6, STM32G414MCT3, STM32G414MCT6, STM32G414RBT3, STM32G414RBT6, STM32G414RCT3, STM32G414RCT6, STM32G414VBT3, STM32G414VBT6, STM32G414VCT3, STM32G414VCT6, STM32G431CBT3Z, STM32G431RBT3Z, STM32G471CCT6, STM32G471CCU6, STM32G471CET3, STM32G471CET6, STM32G471CEU3, STM32G471CEU6, STM32G471MCT6, STM32G471MET3, STM32G471MET6, STM32G471MEY6TR, STM32G471QCT6, STM32G471QET3, STM32G471RCT6, STM32G471RET3, STM32G471RET6, STM32G471VCH6, STM32G471VCI6, STM32G471VCT6, STM32G471VEH3, STM32G471VEH6, STM32G471VEI3, STM32G471VEI6, STM32G471VET3, STM32G471VET6, STM32G473QET3Z, STM32G473RET3Z, STM32G474CCT6, STM32G491RET3Z, STM32H503CBT6, STM32H503CBU6, STM32H503EBY6TR, STM32H503KBU6, STM32H503RBT6, STM32H523CCT6, STM32H523CCU6, STM32H523CET6, STM32H523CEU6, STM32H523HEY6TR, STM32H523RCT6, STM32H523RET6, STM32H523VCI6, STM32H523VCT6, STM32H523VEI6, STM32H523VET6, STM32H523ZCJ6, STM32H523ZCT6, STM32H523ZEJ6, STM32H523ZET6, STM32H533CET6, STM32H533CEU6, STM32H533HEY6TR, STM32H533RET6, STM32H533VEI6, STM32H533VET6, STM32H533ZEJ6, STM32H533ZET6, STM32H562AGI6, STM32H562AII6, STM32H562IGK6, STM32H562IGT6, STM32H562IIK6, STM32H562IIT6, STM32H562RGT6, STM32H562RGV6, STM32H562RIT6, STM32H562RIV6, STM32H562VGT6, STM32H562VIT6, STM32H562ZGT6, STM32H562ZIT6, STM32H563AGI6, STM32H563AII3Q, STM32H563AII6, STM32H563IGK6, STM32H563IGT6, STM32H563IIK3Q, STM32H563IIK6, STM32H563IIT3Q, STM32H563IIT6, STM32H563MIY3QTR, STM32H563RGT6, STM32H563RGV6, STM32H563RIT6, STM32H563RIV6, STM32H563VGT6, STM32H563VIT3Q, STM32H563VIT6, STM32H563ZGT6, STM32H563ZIT3Q, STM32H563ZIT6, STM32H573AII3Q, STM32H573AII6, STM32H573I-DK, STM32H573IIK3Q, STM32H573IIK6, STM32H573IIT3Q, STM32H573IIT6, STM32H573MIY3QTR, STM32H573RIT6, STM32H573RIV6, STM32H573VIT3Q, STM32H573VIT6, STM32H573ZIT3Q, STM32H573ZIT6, STM32H7R3A8I6, STM32H7R3I8K6, STM32H7R3I8T6, STM32H7R3L8H6, STM32H7R3L8H6H, STM32H7R3R8V6, STM32H7R3V8H6, STM32H7R3V8T6, STM32H7R3V8Y6TR, STM32H7R3Z8J6, STM32H7R3Z8T6, STM32H7R7A8I6, STM32H7R7I8K6, STM32H7R7I8T6, STM32H7R7L8H6, STM32H7R7L8H6H, STM32H7R7Z8J6, STM32H7S3A8I6, STM32H7S3I8K6, STM32H7S3I8T6, STM32H7S3L8H6, STM32H7S3L8H6H, STM32H7S3R8V6, STM32H7S3V8H6, STM32H7S3V8T6, STM32H7S3V8Y6TR, STM32H7S3Z8J6, STM32H7S3Z8T6, STM32H7S78-DK, STM32H7S7A8I6, STM32H7S7I8K6, STM32H7S7I8T6, STM32H7S7L8H6, STM32H7S7L8H6H, STM32H7S7Z8J6, STM32L4R5QGI6STR, STM32MP131AAE3, STM32MP131AAF3, STM32MP131AAG3, STM32MP131CAE3, STM32MP131CAF3, STM32MP131CAG3, STM32MP131DAE7, STM32MP131DAF7, STM32MP131DAG7, STM32MP131FAE7, STM32MP131FAF7, STM32MP131FAG7, STM32MP133AAE3, STM32MP133AAF3, STM32MP133AAG3, STM32MP133CAE3, STM32MP133CAF3, STM32MP133CAG3, STM32MP133DAE7, STM32MP133DAF7, STM32MP133DAG7, STM32MP133FAE7, STM32MP133FAF7, STM32MP133FAG7, STM32MP135AAE3, STM32MP135AAF3, STM32MP135AAG3, STM32MP135CAE3, STM32MP135CAF3, STM32MP135CAG3, STM32MP135DAE7, STM32MP135DAF7, STM32MP135DAG7, STM32MP135F-DK, STM32MP135FAE7, STM32MP135FAF7, STM32MP135FAF7T, STM32MP135FAF7U, STM32MP135FAG7, STM32MP211AAL3, STM32MP211AAM3, STM32MP211AAN3, STM32MP211AAO3, STM32MP211CAL3, STM32MP211CAM3, STM32MP211CAN3, STM32MP211CAO3, STM32MP211DAL3, STM32MP211DAM3, STM32MP211DAN3, STM32MP211DAO3, STM32MP211FAL3, STM32MP211FAM3, STM32MP211FAN3, STM32MP211FAO3, STM32MP213AAL3, STM32MP213AAM3, STM32MP213AAN3, STM32MP213AAO3, STM32MP213CAL3, STM32MP213CAM3, STM32MP213CAN3, STM32MP213CAO3, STM32MP213DAL3, STM32MP213DAM3, STM32MP213DAN3, STM32MP213DAO3, STM32MP213FAL3, STM32MP213FAM3, STM32MP213FAN3, STM32MP213FAO3, STM32MP215AAL3, STM32MP215AAM3, STM32MP215AAN3, STM32MP215AAO3, STM32MP215CAL3, STM32MP215CAM3, STM32MP215CAN3, STM32MP215CAO3, STM32MP215DAL3, STM32MP215DAM3, STM32MP215DAN3, STM32MP215DAO3, STM32MP215F-DK, STM32MP215FAL3, STM32MP215FAM3, STM32MP215FAN3, STM32MP215FAO3, STM32MP231AAJ3, STM32MP231AAK3, STM32MP231AAL3, STM32MP231CAJ3, STM32MP231CAK3, STM32MP231CAL3, STM32MP231DAJ3, STM32MP231DAK3, STM32MP231DAL3, STM32MP231FAJ3, STM32MP231FAK3, STM32MP231FAL3, STM32MP233AAJ3, STM32MP233AAK3, STM32MP233AAL3, STM32MP233CAJ3, STM32MP233CAK3, STM32MP233CAL3, STM32MP233DAJ3, STM32MP233DAK3, STM32MP233DAL3, STM32MP233FAJ3, STM32MP233FAK3, STM32MP233FAL3, STM32MP235AAJ3, STM32MP235AAK3, STM32MP235AAL3, STM32MP235CAJ3, STM32MP235CAK3, STM32MP235CAL3, STM32MP235DAJ3, STM32MP235DAK3, STM32MP235DAL3, STM32MP235FAJ3, STM32MP235FAK3, STM32MP235FAL3, STM32MP251AAI3, STM32MP251AAK3, STM32MP251AAL3, STM32MP251CAI3, STM32MP251CAK3, STM32MP251CAL3, STM32MP251DAI3, STM32MP251DAK3, STM32MP251DAL3, STM32MP251FAI3, STM32MP251FAK3, STM32MP251FAL3, STM32MP253AAI3, STM32MP253AAK3, STM32MP253AAL3, STM32MP253CAI3, STM32MP253CAK3, STM32MP253CAL3, STM32MP253DAI3, STM32MP253DAK3, STM32MP253DAL3, STM32MP253FAI3, STM32MP253FAK3, STM32MP253FAL3, STM32MP255AAI3, STM32MP255AAK3, STM32MP255AAL3, STM32MP255CAI3, STM32MP255CAK3, STM32MP255CAL3, STM32MP255DAI3, STM32MP255DAK3, STM32MP255DAL3, STM32MP255FAI3, STM32MP255FAK3, STM32MP255FAL3, STM32MP257AAI3, STM32MP257AAK3, STM32MP257AAL3, STM32MP257CAI3, STM32MP257CAK3, STM32MP257CAL3, STM32MP257DAI3, STM32MP257DAK3, STM32MP257DAL3, STM32MP257F-DK, STM32MP257F-EV1, STM32MP257FAI3, STM32MP257FAK3, STM32MP257FAL3, STM32N645A0H3Q, STM32N645B0H3Q, STM32N645I0H3Q, STM32N645L0H3Q, STM32N645X0H3Q, STM32N645Z0H3Q, STM32N647A0H3Q, STM32N647B0H3Q, STM32N647I0H3Q, STM32N647L0H3Q, STM32N647X0H3Q, STM32N647Z0H3Q, STM32N655A0H3Q, STM32N655B0H3Q, STM32N655I0H3Q, STM32N655L0H3Q, STM32N655X0H3Q, STM32N655Z0H3Q, STM32N6570-DK, STM32N657A0H3Q, STM32N657B0H3Q, STM32N657I0H3Q, STM32N657L0H3Q, STM32N657X0H3Q, STM32N657Z0H3Q, STM32U031C6T6, STM32U031C6U6, STM32U031C8T6, STM32U031C8U6, STM32U031F4P6, STM32U031F6P6, STM32U031F8P6, STM32U031G6Y6TR, STM32U031G8Y6TR, STM32U031K4U6, STM32U031K6U6, STM32U031K8U6, STM32U031R6I6, STM32U031R6T6, STM32U031R8I6, STM32U031R8T6, STM32U073C8T6, STM32U073C8U6, STM32U073CBT6, STM32U073CBU6, STM32U073CCT6, STM32U073CCU6, STM32U073H8Y6TR, STM32U073HBY6TR, STM32U073HCY6TR, STM32U073K8U6, STM32U073KBU6, STM32U073KCU6, STM32U073M8I6, STM32U073M8T6, STM32U073MBI6, STM32U073MBT6, STM32U073MCI6, STM32U073MCT6, STM32U073R8I6, STM32U073R8T6, STM32U073RBI6, STM32U073RBT6, STM32U073RCI6, STM32U073RCT6, STM32U083C-DK, STM32U083CCT6, STM32U083CCU6, STM32U083HCY6TR, STM32U083KCU6, STM32U083MCI6, STM32U083MCT6, STM32U083RCI6, STM32U083RCT6, STM32U375CET6, STM32U375CET6Q, STM32U375CEU6, STM32U375CEU6Q, STM32U375CEY6QTR, STM32U375CGT6, STM32U375CGT6Q, STM32U375CGU6, STM32U375CGU6Q, STM32U375CGY6QTR, STM32U375KEU6, STM32U375KGU6, STM32U375REI6, STM32U375REI6Q, STM32U375RET6, STM32U375RET6Q, STM32U375REY6GTR, STM32U375REY6QTR, STM32U375RGI6, STM32U375RGI6Q, STM32U375RGT6, STM32U375RGT6Q, STM32U375RGY6GTR, STM32U375RGY6QTR, STM32U375VEI6, STM32U375VEI6Q, STM32U375VET6, STM32U375VET6Q, STM32U375VGI6, STM32U375VGI6Q, STM32U375VGT6, STM32U375VGT6Q, STM32U385CGT6, STM32U385CGT6Q, STM32U385CGU6, STM32U385CGU6Q, STM32U385CGY6QTR, STM32U385KGU6, STM32U385RGI6, STM32U385RGI6Q, STM32U385RGT6, STM32U385RGT6Q, STM32U385RGY6GTR, STM32U385RGY6QTR, STM32U385VGI6, STM32U385VGI6Q, STM32U385VGT6, STM32U385VGT6Q, STM32U535CBT6, STM32U535CBT6Q, STM32U535CBU6, STM32U535CBU6Q, STM32U535CCT6, STM32U535CCT6Q, STM32U535CCU6, STM32U535CCU6Q, STM32U535CET6, STM32U535CET6Q, STM32U535CEU6, STM32U535CEU6Q, STM32U535JEY6QTR, STM32U535NCY6QTR, STM32U535NEY6QTR, STM32U535RBI6, STM32U535RBI6Q, STM32U535RBT6, STM32U535RBT6Q, STM32U535RCI6, STM32U535RCI6Q, STM32U535RCT6, STM32U535RCT6Q, STM32U535REI6, STM32U535REI6Q, STM32U535RET6, STM32U535RET6Q, STM32U535VCI6, STM32U535VCI6Q, STM32U535VCT6, STM32U535VCT6Q, STM32U535VEI6, STM32U535VEI6Q, STM32U535VET6, STM32U535VET6Q, STM32U545CET6, STM32U545CET6Q, STM32U545CEU6, STM32U545CEU6Q, STM32U545JEY6QTR, STM32U545NEY6QTR, STM32U545REI6, STM32U545REI6Q, STM32U545RET6, STM32U545RET6Q, STM32U545VEI6, STM32U545VEI6Q, STM32U545VET6, STM32U545VET6Q, STM32U595AIH6, STM32U595AIH6Q, STM32U595AJH6, STM32U595AJH6Q, STM32U595QII6, STM32U595QII6Q, STM32U595QJI6, STM32U595QJI6Q, STM32U595RIT6, STM32U595RIT6Q, STM32U595RJT6, STM32U595RJT6Q, STM32U595VIT6, STM32U595VIT6Q, STM32U595VJT6, STM32U595VJT6Q, STM32U595ZIT6, STM32U595ZIT6Q, STM32U595ZIY6QTR, STM32U595ZJT6, STM32U595ZJT6Q, STM32U595ZJY6QTR, STM32U599BJY6QTR, STM32U599NIH6Q, STM32U599NJH6Q, STM32U599VIT6Q, STM32U599VJT6, STM32U599VJT6Q, STM32U599ZIT6Q, STM32U599ZIY6QTR, STM32U599ZJT6Q, STM32U599ZJY6QTR, STM32U5A5AJH6, STM32U5A5AJH6Q, STM32U5A5QII3Q , STM32U5A5QJI6, STM32U5A5QJI6Q, STM32U5A5RJT6, STM32U5A5RJT6Q, STM32U5A5VJT6, STM32U5A5VJT6Q, STM32U5A5ZJT6, STM32U5A5ZJT6Q, STM32U5A5ZJY6QTR, STM32U5A9BJY6QTR, STM32U5A9J-DK, STM32U5A9NJH6Q, STM32U5A9VJT6Q, STM32U5A9ZJT6Q, STM32U5A9ZJY6QTR, STM32U5F7VIT6, STM32U5F7VIT6Q, STM32U5F7VJT6, STM32U5F7VJT6Q, STM32U5F9BJY6QTR, STM32U5F9NJH6Q, STM32U5F9VIT6Q, STM32U5F9VJT6Q, STM32U5F9ZIJ6QTR, STM32U5F9ZIT6Q, STM32U5F9ZJJ6QTR, STM32U5F9ZJT6Q, STM32U5G7VJT6, STM32U5G7VJT6Q, STM32U5G9BJY6QTR, STM32U5G9J-DK1, STM32U5G9J-DK2, STM32U5G9NJH6Q, STM32U5G9VJT6Q, STM32U5G9ZJJ6QTR, STM32U5G9ZJT6Q, STM32WB05KZV6TR, STM32WB05KZV7TR, STM32WB05TZF6TR, STM32WB05TZF7TR, STM32WB06CCF6TR, STM32WB06CCF7TR, STM32WB06CCV6TR, STM32WB06CCV7TR, STM32WB06KCV6TR, STM32WB06KCV7TR, STM32WB07CCF6TR, STM32WB07CCF7TR, STM32WB07CCV6TR, STM32WB07CCV7TR, STM32WB07KCV6TR, STM32WB07KCV7TR, STM32WB09KEV6TR, STM32WB09KEV7TR, STM32WB09TEF6TR, STM32WB09TEF7TR, STM32WB1MMCH6, STM32WBA50KGU6, STM32WBA50KGU6TR, STM32WBA52CEU6, STM32WBA52CEU6TR, STM32WBA52CEU7, STM32WBA52CEU7TR, STM32WBA52CGU6, STM32WBA52CGU6TR, STM32WBA52CGU6U, STM32WBA52CGU7, STM32WBA52CGU7TR, STM32WBA52KEU6, STM32WBA52KEU6TR, STM32WBA52KGU6, STM32WBA52KGU6TR, STM32WBA54CEU6, STM32WBA54CEU6TR, STM32WBA54CEU7, STM32WBA54CEU7TR, STM32WBA54CGU6, STM32WBA54CGU6TR, STM32WBA54CGU7, STM32WBA54CGU7TR, STM32WBA54KEU6, STM32WBA54KEU6TR, STM32WBA54KEU7, STM32WBA54KEU7TR, STM32WBA54KGU6, STM32WBA54KGU6TR, STM32WBA54KGU7, STM32WBA54KGU7TR, STM32WBA55CEU6, STM32WBA55CEU6TR, STM32WBA55CEU7, STM32WBA55CEU7TR, STM32WBA55CGU6, STM32WBA55CGU6TR, STM32WBA55CGU6U, STM32WBA55CGU7, STM32WBA55CGU7TR, STM32WBA55G-DK1, STM32WBA55HEF6, STM32WBA55HEF7, STM32WBA55HGF6, STM32WBA55HGF7, STM32WBA55UEI6, STM32WBA55UEI6TR, STM32WBA55UEI7, STM32WBA55UEI7TR, STM32WBA55UGI6, STM32WBA55UGI6TR, STM32WBA55UGI7, STM32WBA55UGI7TR, STM32WBA5MMGH6TR, STM32WBA62MGF6, STM32WBA62MIF6, STM32WBA65MGF7, STM32WBA65MIF6, STM32WBA65MIF7, STM32WL30K8V6, STM32WL30KBV6, STM32WL31C8V6, STM32WL31CBV6, STM32WL31K8V6, STM32WL31KBV6, STM32WL33C8V6, STM32WL33C8V6X, STM32WL33CBV6, STM32WL33CBV6X, STM32WL33CCV6, STM32WL33CCV6A, STM32WL33CCV6X, STM32WL33K8V7, STM32WL33K8V7X, STM32WL33KBV7 , STM32WL33KBV7X, STM32WL33KCV7, STM32WL33KCV7X, STM32WL5MOCH6, STM32WL5MOCH6TR]
2026-03-16 11:36:44,370 [INFO] ApiDb:668 - CubeFinder database Data Model version=2.1
2026-03-16 11:36:44,370 [INFO] ApiDb:669 - CubeFinder database Configuration version=3.0.42
2026-03-16 11:36:44,370 [INFO] ApiDb:670 - CubeFinder database generation date=2026-02-13 (1770995876)
2026-03-16 11:36:44,371 [INFO] ApiDb:671 - CubeFinder database FW Pack versions=[FP-ATR-ASTRA1_V2.0.0, FP-SNS-FLIGHT1_V5.1.0, FP-SNS-MOTENV1_V5.1.0, FP-SNS-MOTENVWB1_V1.4.0, FP-SNS-SMARTAG2_V1.2.0, FP-SNS-STBOX1_V2.1.0, STM32Cube_FW_C0_V1.4.0, STM32Cube_FW_F4_V1.28.3, STM32Cube_FW_F7_V1.17.4, STM32Cube_FW_G0_V1.6.2, STM32Cube_FW_G4_V1.6.1, STM32Cube_FW_H5_V1.6.0, STM32Cube_FW_H7RS_V1.3.0, STM32Cube_FW_H7_V1.13.0, STM32Cube_FW_L0_V1.12.2, STM32Cube_FW_L4_V1.18.2, STM32Cube_FW_L5_V1.6.0, STM32Cube_FW_N6_V1.3.0, STM32Cube_FW_U0_V1.3.0, STM32Cube_FW_U3_V1.3.0, STM32Cube_FW_U5_V1.8.0, STM32Cube_FW_WB0_V1.4.0, STM32Cube_FW_WBA_V1.9.0, STM32Cube_FW_WB_V1.24.0, STM32Cube_FW_WL3_V1.4.0, STM32Cube_FW_WL_V1.5.0, X-CUBE-ALGOBUILD_V1.4.0, X-CUBE-ALS_V1.0.2, X-CUBE-AZRTOS-F4_V1.1.0, X-CUBE-AZRTOS-F7_V1.1.0, X-CUBE-AZRTOS-G0_V1.1.0, X-CUBE-AZRTOS-G4_V2.0.0, X-CUBE-AZRTOS-H7RS_V1.1.0, X-CUBE-AZRTOS-H7_V3.4.0, X-CUBE-AZRTOS-L4_V2.0.0, X-CUBE-AZRTOS-L5_V2.0.0, X-CUBE-AZRTOS-WB_V2.0.0, X-CUBE-AZRTOS-WL_V2.0.0, X-CUBE-BLE1_V7.1.0, X-CUBE-BLE2_V3.3.0, X-CUBE-BLEMGR_V4.1.0, X-CUBE-EEPRMA1_V5.2.0, X-CUBE-FREERTOS_V1.3.1, X-CUBE-GNSS1_V6.0.0, X-CUBE-MEMS1_V12.0.0, X-CUBE-NFC4_V3.0.0, X-CUBE-NFC7_V2.0.0, X-CUBE-SFXS2LP1_V4.0.0, X-CUBE-ST67W61_V1.1.0, X-CUBE-SUBG2_V5.0.0, X-CUBE-TOF1_V3.4.3]
2026-03-16 11:36:46,190 [INFO] ApiDb:240 - Found 880 in-development CPN: [B-G473E-ZEST1S, B-WB1M-WPAN1, B-WBA5M-WPAN, B-WL5M-SUBG1, NUCLEO-C031C6, NUCLEO-C051C8, NUCLEO-C071RB, NUCLEO-C092RC, NUCLEO-H503RB, NUCLEO-H533RE, NUCLEO-H563ZI, NUCLEO-H7S3L8, NUCLEO-N657X0-Q, NUCLEO-U031R8, NUCLEO-U083RC, NUCLEO-U385RG-Q, NUCLEO-U545RE-Q, NUCLEO-U5A5ZJ-Q, NUCLEO-WB05KZ, NUCLEO-WB07CC, NUCLEO-WB09KE, NUCLEO-WBA52CG, NUCLEO-WBA55CG, NUCLEO-WL33CC1, NUCLEO-WL33CC2, STEVAL-PROTEUS1, STEVAL-SMARTAG2, STEVAL-STWINBX1, STM320518-EVAL, STM32C0116-DK, STM32C011D6Y3TR, STM32C011D6Y6TR, STM32C011F4P3, STM32C011F4P6, STM32C011F4U3, STM32C011F4U6TR, STM32C011F6P3, STM32C011F6P6, STM32C011F6U3, STM32C011F6U6TR, STM32C011J4M3, STM32C011J4M6, STM32C011J6M3, STM32C011J6M6, STM32C0316-DK, STM32C031C4T3, STM32C031C4T6, STM32C031C4U3, STM32C031C4U6, STM32C031C6T3, STM32C031C6T6, STM32C031C6U3, STM32C031C6U6, STM32C031F4P3, STM32C031F4P6, STM32C031F6P3, STM32C031F6P6, STM32C031G4U3, STM32C031G4U6, STM32C031G6U3, STM32C031G6U6, STM32C031K4T3, STM32C031K4T6, STM32C031K4U3, STM32C031K4U6, STM32C031K6T3, STM32C031K6T6, STM32C031K6U3, STM32C031K6U6, STM32C051C6T6, STM32C051C6U6, STM32C051C8T6, STM32C051C8U6, STM32C051D8Y6TR, STM32C051F6P6, STM32C051F8P6, STM32C051G6U6, STM32C051G8U6, STM32C051K6T6, STM32C051K6U6, STM32C051K8T6, STM32C071C8T6, STM32C071C8T6N, STM32C071C8U6, STM32C071C8U6N, STM32C071CBT6, STM32C071CBT6N, STM32C071CBU6, STM32C071CBU6N, STM32C071F8P6, STM32C071F8P6N, STM32C071FBP6, STM32C071FBP6N, STM32C071FBY6TR, STM32C071G8U6, STM32C071G8U6N, STM32C071GBU6, STM32C071GBU6N, STM32C071K8T6, STM32C071K8T6N, STM32C071K8U6, STM32C071K8U6N, STM32C071KBT6, STM32C071KBT6N, STM32C071KBU6, STM32C071KBU6N, STM32C071R8T6, STM32C071R8T6N, STM32C071RBI6N, STM32C071RBT6, STM32C071RBT6N, STM32C091CBT6, STM32C091CBU6, STM32C091CCT6, STM32C091CCU6, STM32C091ECY6TR, STM32C091FBP6, STM32C091FCP6, STM32C091GBU6, STM32C091GCU6, STM32C091KBT6, STM32C091KBU6, STM32C091KCT6, STM32C091KCU6, STM32C091RBT6, STM32C091RCI6, STM32C091RCT6, STM32C092CBT6, STM32C092CBU6, STM32C092CCT6, STM32C092CCU6, STM32C092ECY6TR, STM32C092FBP6, STM32C092FCP6, STM32C092GBU6, STM32C092GCU6, STM32C092KBT6, STM32C092KBU6, STM32C092KCT6, STM32C092KCU6, STM32C092RBT6, STM32C092RCI6, STM32C092RCT6, STM32G071K8TXN, STM32G071K8UXN, STM32G081GBU6N, STM32G081KBT6N, STM32G081KBUXN, STM32G0B1CCT6N, STM32G0B1KCT6, STM32G0B1NEY6TR, STM32G0B1RCT6N, STM32G0C1CCT6, STM32G0C1CCT6N, STM32G0C1CCU6N, STM32G0C1CET6N, STM32G0C1CEU6N, STM32G0C1KCT6, STM32G0C1NEY6TR, STM32G0C1RCI6N, STM32G0C1RCT6N, STM32G0C1REI6N, STM32G0C1RET6N, STM32G0C1VCI6, STM32G0C1VEI6, STM32G411C6T3, STM32G411C6T6, STM32G411C6U3, STM32G411C6U6, STM32G411C8T3, STM32G411C8T6, STM32G411C8U3, STM32G411C8U6, STM32G411CBT3, STM32G411CBT6, STM32G411CBU3, STM32G411CBU6, STM32G411K6T3, STM32G411K6T6, STM32G411K6U3, STM32G411K6U6, STM32G411K8T3, STM32G411K8T6, STM32G411K8U3, STM32G411K8U6, STM32G411KBT3, STM32G411KBT6, STM32G411KBU3, STM32G411KBU6, STM32G411M6T3, STM32G411M6T6, STM32G411M8T3, STM32G411M8T6, STM32G411MBT3, STM32G411MBT6, STM32G411R6T3, STM32G411R6T6, STM32G411R8T3, STM32G411R8T6, STM32G411RBT3, STM32G411RBT6, STM32G414CBT3, STM32G414CBT6, STM32G414CBU3, STM32G414CBU6, STM32G414CCT3, STM32G414CCT6, STM32G414CCU3, STM32G414CCU6, STM32G414MBT3, STM32G414MBT6, STM32G414MCT3, STM32G414MCT6, STM32G414RBT3, STM32G414RBT6, STM32G414RCT3, STM32G414RCT6, STM32G414VBT3, STM32G414VBT6, STM32G414VCT3, STM32G414VCT6, STM32G431CBT3Z, STM32G431RBT3Z, STM32G471CCT6, STM32G471CCU6, STM32G471CET3, STM32G471CET6, STM32G471CEU3, STM32G471CEU6, STM32G471MCT6, STM32G471MET3, STM32G471MET6, STM32G471MEY6TR, STM32G471QCT6, STM32G471QET3, STM32G471RCT6, STM32G471RET3, STM32G471RET6, STM32G471VCH6, STM32G471VCI6, STM32G471VCT6, STM32G471VEH3, STM32G471VEH6, STM32G471VEI3, STM32G471VEI6, STM32G471VET3, STM32G471VET6, STM32G473QET3Z, STM32G473RET3Z, STM32G474CCT6, STM32G491RET3Z, STM32H503CBT6, STM32H503CBU6, STM32H503EBY6TR, STM32H503KBU6, STM32H503RBT6, STM32H523CCT6, STM32H523CCU6, STM32H523CET6, STM32H523CEU6, STM32H523HEY6TR, STM32H523RCT6, STM32H523RET6, STM32H523VCI6, STM32H523VCT6, STM32H523VEI6, STM32H523VET6, STM32H523ZCJ6, STM32H523ZCT6, STM32H523ZEJ6, STM32H523ZET6, STM32H533CET6, STM32H533CEU6, STM32H533HEY6TR, STM32H533RET6, STM32H533VEI6, STM32H533VET6, STM32H533ZEJ6, STM32H533ZET6, STM32H562AGI6, STM32H562AII6, STM32H562IGK6, STM32H562IGT6, STM32H562IIK6, STM32H562IIT6, STM32H562RGT6, STM32H562RGV6, STM32H562RIT6, STM32H562RIV6, STM32H562VGT6, STM32H562VIT6, STM32H562ZGT6, STM32H562ZIT6, STM32H563AGI6, STM32H563AII3Q, STM32H563AII6, STM32H563IGK6, STM32H563IGT6, STM32H563IIK3Q, STM32H563IIK6, STM32H563IIT3Q, STM32H563IIT6, STM32H563MIY3QTR, STM32H563RGT6, STM32H563RGV6, STM32H563RIT6, STM32H563RIV6, STM32H563VGT6, STM32H563VIT3Q, STM32H563VIT6, STM32H563ZGT6, STM32H563ZIT3Q, STM32H563ZIT6, STM32H573AII3Q, STM32H573AII6, STM32H573I-DK, STM32H573IIK3Q, STM32H573IIK6, STM32H573IIT3Q, STM32H573IIT6, STM32H573MIY3QTR, STM32H573RIT6, STM32H573RIV6, STM32H573VIT3Q, STM32H573VIT6, STM32H573ZIT3Q, STM32H573ZIT6, STM32H7R3A8I6, STM32H7R3I8K6, STM32H7R3I8T6, STM32H7R3L8H6, STM32H7R3L8H6H, STM32H7R3R8V6, STM32H7R3V8H6, STM32H7R3V8T6, STM32H7R3V8Y6TR, STM32H7R3Z8J6, STM32H7R3Z8T6, STM32H7R7A8I6, STM32H7R7I8K6, STM32H7R7I8T6, STM32H7R7L8H6, STM32H7R7L8H6H, STM32H7R7Z8J6, STM32H7S3A8I6, STM32H7S3I8K6, STM32H7S3I8T6, STM32H7S3L8H6, STM32H7S3L8H6H, STM32H7S3R8V6, STM32H7S3V8H6, STM32H7S3V8T6, STM32H7S3V8Y6TR, STM32H7S3Z8J6, STM32H7S3Z8T6, STM32H7S78-DK, STM32H7S7A8I6, STM32H7S7I8K6, STM32H7S7I8T6, STM32H7S7L8H6, STM32H7S7L8H6H, STM32H7S7Z8J6, STM32L4R5QGI6STR, STM32MP131AAE3, STM32MP131AAF3, STM32MP131AAG3, STM32MP131CAE3, STM32MP131CAF3, STM32MP131CAG3, STM32MP131DAE7, STM32MP131DAF7, STM32MP131DAG7, STM32MP131FAE7, STM32MP131FAF7, STM32MP131FAG7, STM32MP133AAE3, STM32MP133AAF3, STM32MP133AAG3, STM32MP133CAE3, STM32MP133CAF3, STM32MP133CAG3, STM32MP133DAE7, STM32MP133DAF7, STM32MP133DAG7, STM32MP133FAE7, STM32MP133FAF7, STM32MP133FAG7, STM32MP135AAE3, STM32MP135AAF3, STM32MP135AAG3, STM32MP135CAE3, STM32MP135CAF3, STM32MP135CAG3, STM32MP135DAE7, STM32MP135DAF7, STM32MP135DAG7, STM32MP135F-DK, STM32MP135FAE7, STM32MP135FAF7, STM32MP135FAF7T, STM32MP135FAF7U, STM32MP135FAG7, STM32MP211AAL3, STM32MP211AAM3, STM32MP211AAN3, STM32MP211AAO3, STM32MP211CAL3, STM32MP211CAM3, STM32MP211CAN3, STM32MP211CAO3, STM32MP211DAL3, STM32MP211DAM3, STM32MP211DAN3, STM32MP211DAO3, STM32MP211FAL3, STM32MP211FAM3, STM32MP211FAN3, STM32MP211FAO3, STM32MP213AAL3, STM32MP213AAM3, STM32MP213AAN3, STM32MP213AAO3, STM32MP213CAL3, STM32MP213CAM3, STM32MP213CAN3, STM32MP213CAO3, STM32MP213DAL3, STM32MP213DAM3, STM32MP213DAN3, STM32MP213DAO3, STM32MP213FAL3, STM32MP213FAM3, STM32MP213FAN3, STM32MP213FAO3, STM32MP215AAL3, STM32MP215AAM3, STM32MP215AAN3, STM32MP215AAO3, STM32MP215CAL3, STM32MP215CAM3, STM32MP215CAN3, STM32MP215CAO3, STM32MP215DAL3, STM32MP215DAM3, STM32MP215DAN3, STM32MP215DAO3, STM32MP215F-DK, STM32MP215FAL3, STM32MP215FAM3, STM32MP215FAN3, STM32MP215FAO3, STM32MP231AAJ3, STM32MP231AAK3, STM32MP231AAL3, STM32MP231CAJ3, STM32MP231CAK3, STM32MP231CAL3, STM32MP231DAJ3, STM32MP231DAK3, STM32MP231DAL3, STM32MP231FAJ3, STM32MP231FAK3, STM32MP231FAL3, STM32MP233AAJ3, STM32MP233AAK3, STM32MP233AAL3, STM32MP233CAJ3, STM32MP233CAK3, STM32MP233CAL3, STM32MP233DAJ3, STM32MP233DAK3, STM32MP233DAL3, STM32MP233FAJ3, STM32MP233FAK3, STM32MP233FAL3, STM32MP235AAJ3, STM32MP235AAK3, STM32MP235AAL3, STM32MP235CAJ3, STM32MP235CAK3, STM32MP235CAL3, STM32MP235DAJ3, STM32MP235DAK3, STM32MP235DAL3, STM32MP235FAJ3, STM32MP235FAK3, STM32MP235FAL3, STM32MP251AAI3, STM32MP251AAK3, STM32MP251AAL3, STM32MP251CAI3, STM32MP251CAK3, STM32MP251CAL3, STM32MP251DAI3, STM32MP251DAK3, STM32MP251DAL3, STM32MP251FAI3, STM32MP251FAK3, STM32MP251FAL3, STM32MP253AAI3, STM32MP253AAK3, STM32MP253AAL3, STM32MP253CAI3, STM32MP253CAK3, STM32MP253CAL3, STM32MP253DAI3, STM32MP253DAK3, STM32MP253DAL3, STM32MP253FAI3, STM32MP253FAK3, STM32MP253FAL3, STM32MP255AAI3, STM32MP255AAK3, STM32MP255AAL3, STM32MP255CAI3, STM32MP255CAK3, STM32MP255CAL3, STM32MP255DAI3, STM32MP255DAK3, STM32MP255DAL3, STM32MP255FAI3, STM32MP255FAK3, STM32MP255FAL3, STM32MP257AAI3, STM32MP257AAK3, STM32MP257AAL3, STM32MP257CAI3, STM32MP257CAK3, STM32MP257CAL3, STM32MP257DAI3, STM32MP257DAK3, STM32MP257DAL3, STM32MP257F-DK, STM32MP257F-EV1, STM32MP257FAI3, STM32MP257FAK3, STM32MP257FAL3, STM32N645A0H3Q, STM32N645B0H3Q, STM32N645I0H3Q, STM32N645L0H3Q, STM32N645X0H3Q, STM32N645Z0H3Q, STM32N647A0H3Q, STM32N647B0H3Q, STM32N647I0H3Q, STM32N647L0H3Q, STM32N647X0H3Q, STM32N647Z0H3Q, STM32N655A0H3Q, STM32N655B0H3Q, STM32N655I0H3Q, STM32N655L0H3Q, STM32N655X0H3Q, STM32N655Z0H3Q, STM32N6570-DK, STM32N657A0H3Q, STM32N657B0H3Q, STM32N657I0H3Q, STM32N657L0H3Q, STM32N657X0H3Q, STM32N657Z0H3Q, STM32U031C6T6, STM32U031C6U6, STM32U031C8T6, STM32U031C8U6, STM32U031F4P6, STM32U031F6P6, STM32U031F8P6, STM32U031G6Y6TR, STM32U031G8Y6TR, STM32U031K4U6, STM32U031K6U6, STM32U031K8U6, STM32U031R6I6, STM32U031R6T6, STM32U031R8I6, STM32U031R8T6, STM32U073C8T6, STM32U073C8U6, STM32U073CBT6, STM32U073CBU6, STM32U073CCT6, STM32U073CCU6, STM32U073H8Y6TR, STM32U073HBY6TR, STM32U073HCY6TR, STM32U073K8U6, STM32U073KBU6, STM32U073KCU6, STM32U073M8I6, STM32U073M8T6, STM32U073MBI6, STM32U073MBT6, STM32U073MCI6, STM32U073MCT6, STM32U073R8I6, STM32U073R8T6, STM32U073RBI6, STM32U073RBT6, STM32U073RCI6, STM32U073RCT6, STM32U083C-DK, STM32U083CCT6, STM32U083CCU6, STM32U083HCY6TR, STM32U083KCU6, STM32U083MCI6, STM32U083MCT6, STM32U083RCI6, STM32U083RCT6, STM32U375CET6, STM32U375CET6Q, STM32U375CEU6, STM32U375CEU6Q, STM32U375CEY6QTR, STM32U375CGT6, STM32U375CGT6Q, STM32U375CGU6, STM32U375CGU6Q, STM32U375CGY6QTR, STM32U375KEU6, STM32U375KGU6, STM32U375REI6, STM32U375REI6Q, STM32U375RET6, STM32U375RET6Q, STM32U375REY6GTR, STM32U375REY6QTR, STM32U375RGI6, STM32U375RGI6Q, STM32U375RGT6, STM32U375RGT6Q, STM32U375RGY6GTR, STM32U375RGY6QTR, STM32U375VEI6, STM32U375VEI6Q, STM32U375VET6, STM32U375VET6Q, STM32U375VGI6, STM32U375VGI6Q, STM32U375VGT6, STM32U375VGT6Q, STM32U385CGT6, STM32U385CGT6Q, STM32U385CGU6, STM32U385CGU6Q, STM32U385CGY6QTR, STM32U385KGU6, STM32U385RGI6, STM32U385RGI6Q, STM32U385RGT6, STM32U385RGT6Q, STM32U385RGY6GTR, STM32U385RGY6QTR, STM32U385VGI6, STM32U385VGI6Q, STM32U385VGT6, STM32U385VGT6Q, STM32U535CBT6, STM32U535CBT6Q, STM32U535CBU6, STM32U535CBU6Q, STM32U535CCT6, STM32U535CCT6Q, STM32U535CCU6, STM32U535CCU6Q, STM32U535CET6, STM32U535CET6Q, STM32U535CEU6, STM32U535CEU6Q, STM32U535JEY6QTR, STM32U535NCY6QTR, STM32U535NEY6QTR, STM32U535RBI6, STM32U535RBI6Q, STM32U535RBT6, STM32U535RBT6Q, STM32U535RCI6, STM32U535RCI6Q, STM32U535RCT6, STM32U535RCT6Q, STM32U535REI6, STM32U535REI6Q, STM32U535RET6, STM32U535RET6Q, STM32U535VCI6, STM32U535VCI6Q, STM32U535VCT6, STM32U535VCT6Q, STM32U535VEI6, STM32U535VEI6Q, STM32U535VET6, STM32U535VET6Q, STM32U545CET6, STM32U545CET6Q, STM32U545CEU6, STM32U545CEU6Q, STM32U545JEY6QTR, STM32U545NEY6QTR, STM32U545REI6, STM32U545REI6Q, STM32U545RET6, STM32U545RET6Q, STM32U545VEI6, STM32U545VEI6Q, STM32U545VET6, STM32U545VET6Q, STM32U595AIH6, STM32U595AIH6Q, STM32U595AJH6, STM32U595AJH6Q, STM32U595QII6, STM32U595QII6Q, STM32U595QJI6, STM32U595QJI6Q, STM32U595RIT6, STM32U595RIT6Q, STM32U595RJT6, STM32U595RJT6Q, STM32U595VIT6, STM32U595VIT6Q, STM32U595VJT6, STM32U595VJT6Q, STM32U595ZIT6, STM32U595ZIT6Q, STM32U595ZIY6QTR, STM32U595ZJT6, STM32U595ZJT6Q, STM32U595ZJY6QTR, STM32U599BJY6QTR, STM32U599NIH6Q, STM32U599NJH6Q, STM32U599VIT6Q, STM32U599VJT6, STM32U599VJT6Q, STM32U599ZIT6Q, STM32U599ZIY6QTR, STM32U599ZJT6Q, STM32U599ZJY6QTR, STM32U5A5AJH6, STM32U5A5AJH6Q, STM32U5A5QII3Q , STM32U5A5QJI6, STM32U5A5QJI6Q, STM32U5A5RJT6, STM32U5A5RJT6Q, STM32U5A5VJT6, STM32U5A5VJT6Q, STM32U5A5ZJT6, STM32U5A5ZJT6Q, STM32U5A5ZJY6QTR, STM32U5A9BJY6QTR, STM32U5A9J-DK, STM32U5A9NJH6Q, STM32U5A9VJT6Q, STM32U5A9ZJT6Q, STM32U5A9ZJY6QTR, STM32U5F7VIT6, STM32U5F7VIT6Q, STM32U5F7VJT6, STM32U5F7VJT6Q, STM32U5F9BJY6QTR, STM32U5F9NJH6Q, STM32U5F9VIT6Q, STM32U5F9VJT6Q, STM32U5F9ZIJ6QTR, STM32U5F9ZIT6Q, STM32U5F9ZJJ6QTR, STM32U5F9ZJT6Q, STM32U5G7VJT6, STM32U5G7VJT6Q, STM32U5G9BJY6QTR, STM32U5G9J-DK1, STM32U5G9J-DK2, STM32U5G9NJH6Q, STM32U5G9VJT6Q, STM32U5G9ZJJ6QTR, STM32U5G9ZJT6Q, STM32WB05KZV6TR, STM32WB05KZV7TR, STM32WB05TZF6TR, STM32WB05TZF7TR, STM32WB06CCF6TR, STM32WB06CCF7TR, STM32WB06CCV6TR, STM32WB06CCV7TR, STM32WB06KCV6TR, STM32WB06KCV7TR, STM32WB07CCF6TR, STM32WB07CCF7TR, STM32WB07CCV6TR, STM32WB07CCV7TR, STM32WB07KCV6TR, STM32WB07KCV7TR, STM32WB09KEV6TR, STM32WB09KEV7TR, STM32WB09TEF6TR, STM32WB09TEF7TR, STM32WB1MMCH6, STM32WBA50KGU6, STM32WBA50KGU6TR, STM32WBA52CEU6, STM32WBA52CEU6TR, STM32WBA52CEU7, STM32WBA52CEU7TR, STM32WBA52CGU6, STM32WBA52CGU6TR, STM32WBA52CGU6U, STM32WBA52CGU7, STM32WBA52CGU7TR, STM32WBA52KEU6, STM32WBA52KEU6TR, STM32WBA52KGU6, STM32WBA52KGU6TR, STM32WBA54CEU6, STM32WBA54CEU6TR, STM32WBA54CEU7, STM32WBA54CEU7TR, STM32WBA54CGU6, STM32WBA54CGU6TR, STM32WBA54CGU7, STM32WBA54CGU7TR, STM32WBA54KEU6, STM32WBA54KEU6TR, STM32WBA54KEU7, STM32WBA54KEU7TR, STM32WBA54KGU6, STM32WBA54KGU6TR, STM32WBA54KGU7, STM32WBA54KGU7TR, STM32WBA55CEU6, STM32WBA55CEU6TR, STM32WBA55CEU7, STM32WBA55CEU7TR, STM32WBA55CGU6, STM32WBA55CGU6TR, STM32WBA55CGU6U, STM32WBA55CGU7, STM32WBA55CGU7TR, STM32WBA55G-DK1, STM32WBA55HEF6, STM32WBA55HEF7, STM32WBA55HGF6, STM32WBA55HGF7, STM32WBA55UEI6, STM32WBA55UEI6TR, STM32WBA55UEI7, STM32WBA55UEI7TR, STM32WBA55UGI6, STM32WBA55UGI6TR, STM32WBA55UGI7, STM32WBA55UGI7TR, STM32WBA5MMGH6TR, STM32WBA62MGF6, STM32WBA62MIF6, STM32WBA65MGF7, STM32WBA65MIF6, STM32WBA65MIF7, STM32WL30K8V6, STM32WL30KBV6, STM32WL31C8V6, STM32WL31CBV6, STM32WL31K8V6, STM32WL31KBV6, STM32WL33C8V6, STM32WL33C8V6X, STM32WL33CBV6, STM32WL33CBV6X, STM32WL33CCV6, STM32WL33CCV6A, STM32WL33CCV6X, STM32WL33K8V7, STM32WL33K8V7X, STM32WL33KBV7 , STM32WL33KBV7X, STM32WL33KCV7, STM32WL33KCV7X, STM32WL5MOCH6, STM32WL5MOCH6TR]
2026-03-16 11:36:46,195 [INFO] DbMcus:218 - Found 4922 MCUs, 4922 are supported
2026-03-16 11:36:46,195 [INFO] ApiDb:423 - Load user favorites file /home/kamil/.stm32cubeide/favorites.mcus.txt: 0 item(s)
2026-03-16 11:36:46,195 [INFO] ApiDb:427 - User favorites MCUs=[]
2026-03-16 11:36:46,195 [INFO] DbMcus:224 - Set 0 / 0 favorites MCUs
2026-03-16 11:36:46,533 [INFO] BoardInfo:889 - No configuration file found for board P-NUCLEO-WB55
2026-03-16 11:36:46,533 [INFO] DbBoards:161 - Kit is not supported: P-NUCLEO-WB55
2026-03-16 11:36:46,535 [INFO] BoardInfo:889 - No configuration file found for board STEVAL-BFA001V1B
2026-03-16 11:36:46,536 [INFO] DbBoards:161 - Kit is not supported: STEVAL-BFA001V1B
2026-03-16 11:36:46,536 [INFO] BoardInfo:889 - No configuration file found for board STEVAL-BFA001V2B
2026-03-16 11:36:46,536 [INFO] DbBoards:161 - Kit is not supported: STEVAL-BFA001V2B
2026-03-16 11:36:46,607 [INFO] DbBoards:168 - Found 212 boards, 209 are supported
2026-03-16 11:36:46,607 [INFO] DbBoards:169 - Found 212 boards, 43 of them is supported for  Bsp
2026-03-16 11:36:46,623 [INFO] ApiDb:423 - Load user favorites file /home/kamil/.stm32cubeide/favorites.boards.txt: 0 item(s)
2026-03-16 11:36:46,623 [INFO] ApiDb:427 - User favorites Boards=[]
2026-03-16 11:36:46,623 [INFO] DbBoards:198 - Set 0 / 0 favorites Boards
2026-03-16 11:36:46,666 [INFO] UtilMem:75 - End LoadConfig() Used Memory: 354293488 Bytes (937426944)
2026-03-16 11:36:46,763 [WARN] ThirdParty:833 - waiting for thirdparty lock release [change project]
2026-03-16 11:36:46,763 [INFO] ThirdParty:835 - entering critical section [change project]
2026-03-16 11:36:46,763 [INFO] ThirdParty:1030 - CMSIS Pack Vendor :STMicroelectronics X-CUBE-AZRTOS-H7 3.5.0
2026-03-16 11:36:46,763 [INFO] ThirdParty:1030 - CMSIS Pack Vendor :STMicroelectronics X-CUBE-PM33A1 1.0.0
2026-03-16 11:36:46,763 [INFO] ThirdParty:1030 - CMSIS Pack Vendor :STMicroelectronics USBPD 4.1
2026-03-16 11:36:46,763 [INFO] ThirdParty:1030 - CMSIS Pack Vendor :STMicroelectronics X-CUBE-NFC9 1.0.0
2026-03-16 11:36:46,763 [INFO] ThirdParty:1030 - CMSIS Pack Vendor :STMicroelectronics USB_HOST 2.0.0
2026-03-16 11:36:46,763 [INFO] ThirdParty:1030 - CMSIS Pack Vendor :STMicroelectronics FP-SNS-MOTENVWB1 1.4.0
2026-03-16 11:36:46,763 [INFO] ThirdParty:1030 - CMSIS Pack Vendor :STMicroelectronics X-CUBE-AZRTOS-F4 1.1.0
2026-03-16 11:36:46,763 [INFO] ThirdParty:1030 - CMSIS Pack Vendor :STMicroelectronics LIBJPEG 8.0.0
2026-03-16 11:36:46,763 [INFO] ThirdParty:1030 - CMSIS Pack Vendor :STMicroelectronics FP-ATR-ASTRA1 2.0.2
2026-03-16 11:36:46,763 [INFO] ThirdParty:1030 - CMSIS Pack Vendor :wolfSSL I-CUBE-wolfSSL 5.8.2
2026-03-16 11:36:46,763 [INFO] ThirdParty:1030 - CMSIS Pack Vendor :STMicroelectronics X-CUBE-BLE1 7.1.0
2026-03-16 11:36:46,763 [INFO] ThirdParty:1030 - CMSIS Pack Vendor :STMicroelectronics X-CUBE-SMBUS 2.1.0
2026-03-16 11:36:46,763 [INFO] ThirdParty:1030 - CMSIS Pack Vendor :wolfSSL I-CUBE-wolfMQTT 1.19.2
2026-03-16 11:36:46,763 [INFO] ThirdParty:1030 - CMSIS Pack Vendor :STMicroelectronics USB_DEVICE 3.0.0
2026-03-16 11:36:46,763 [INFO] ThirdParty:1030 - CMSIS Pack Vendor :STMicroelectronics X-CUBE-ISPU 2.1.0
2026-03-16 11:36:46,763 [INFO] ThirdParty:1030 - CMSIS Pack Vendor :STMicroelectronics X-CUBE-FREERTOS 1.4.0
2026-03-16 11:36:46,763 [INFO] ThirdParty:1030 - CMSIS Pack Vendor :STMicroelectronics X-CUBE-EEPRMA1 5.2.0
2026-03-16 11:36:46,763 [INFO] ThirdParty:1030 - CMSIS Pack Vendor :STMicroelectronics X-CUBE-IPS 3.2.0
2026-03-16 11:36:46,763 [INFO] ThirdParty:1030 - CMSIS Pack Vendor :STMicroelectronics X-CUBE-BLEMGR 4.1.0
2026-03-16 11:36:46,763 [INFO] ThirdParty:1030 - CMSIS Pack Vendor :STMicroelectronics X-CUBE-AZRTOS-WB 2.0.0
2026-03-16 11:36:46,763 [INFO] ThirdParty:1030 - CMSIS Pack Vendor :STMicroelectronics X-CUBE-ST60 1.0.0
2026-03-16 11:36:46,763 [INFO] ThirdParty:1030 - CMSIS Pack Vendor :STMicroelectronics X-CUBE-GNSS1 7.0.1
2026-03-16 11:36:46,763 [INFO] ThirdParty:1030 - CMSIS Pack Vendor :STMicroelectronics X-CUBE-NFC12 1.0.0
2026-03-16 11:36:46,763 [INFO] ThirdParty:1030 - CMSIS Pack Vendor :STMicroelectronics X-CUBE-AZRTOS-F7 1.1.0
2026-03-16 11:36:46,763 [INFO] ThirdParty:1030 - CMSIS Pack Vendor :STMicroelectronics X-CUBE-AZRTOS-L5 2.0.0
2026-03-16 11:36:46,763 [INFO] ThirdParty:1030 - CMSIS Pack Vendor :STMicroelectronics USB_DEVICE 2.0.0
2026-03-16 11:36:46,763 [INFO] ThirdParty:1030 - CMSIS Pack Vendor :STMicroelectronics X-CUBE-NFC6 3.1.0
2026-03-16 11:36:46,763 [INFO] ThirdParty:1030 - CMSIS Pack Vendor :STMicroelectronics X-CUBE-ST67W61 1.1.0
2026-03-16 11:36:46,763 [INFO] ThirdParty:1030 - CMSIS Pack Vendor :Cesanta I-CUBE-Mongoose 7.19.0
2026-03-16 11:36:46,764 [INFO] ThirdParty:1030 - CMSIS Pack Vendor :quantropi X-CUBE-qispace-sdk-base 2.1.0
2026-03-16 11:36:46,764 [INFO] ThirdParty:1030 - CMSIS Pack Vendor :STMicroelectronics X-CUBE-MEMS1 12.0.0
2026-03-16 11:36:46,764 [INFO] ThirdParty:1030 - CMSIS Pack Vendor :STMicroelectronics X-CUBE-STSE01 2.0.0
2026-03-16 11:36:46,764 [INFO] ThirdParty:1030 - CMSIS Pack Vendor :STMicroelectronics FP-SNS-MOTENV1 5.1.0
2026-03-16 11:36:46,764 [INFO] ThirdParty:1030 - CMSIS Pack Vendor :STMicroelectronics FreeRTOS 0.0.1
2026-03-16 11:36:46,764 [INFO] ThirdParty:1030 - CMSIS Pack Vendor :STMicroelectronics X-CUBE-AZRTOS-G0 1.1.0
2026-03-16 11:36:46,764 [INFO] ThirdParty:1030 - CMSIS Pack Vendor :STMicroelectronics X-CUBE-SAFEA1 1.2.2
2026-03-16 11:36:46,764 [INFO] ThirdParty:1030 - CMSIS Pack Vendor :STMicroelectronics X-CUBE-NFC4 3.0.0
2026-03-16 11:36:46,764 [INFO] ThirdParty:1030 - CMSIS Pack Vendor :STMicroelectronics X-CUBE-SUBG2 5.0.0
2026-03-16 11:36:46,764 [INFO] ThirdParty:1030 - CMSIS Pack Vendor :STMicroelectronics X-CUBE-AZRTOS-H7RS 1.1.0
2026-03-16 11:36:46,764 [INFO] ThirdParty:1030 - CMSIS Pack Vendor :STMicroelectronics STM32_WPAN 1.0.0
2026-03-16 11:36:46,764 [INFO] ThirdParty:1030 - CMSIS Pack Vendor :EmbeddedOffice I-CUBE-FS-RTOS 1.0.1
2026-03-16 11:36:46,764 [INFO] ThirdParty:1030 - CMSIS Pack Vendor :STMicroelectronics lwIP 2.0.3
2026-03-16 11:36:46,764 [INFO] ThirdParty:1030 - CMSIS Pack Vendor :WES I-CUBE-Cesium 1.4.0
2026-03-16 11:36:46,764 [INFO] ThirdParty:1030 - CMSIS Pack Vendor :STMicroelectronics USB_HOST 1.0.0
2026-03-16 11:36:46,764 [INFO] ThirdParty:1030 - CMSIS Pack Vendor :Infineon AIROC-Wi-Fi-Bluetooth-STM32 1.7.1
2026-03-16 11:36:46,764 [INFO] ThirdParty:1030 - CMSIS Pack Vendor :STMicroelectronics X-CUBE-AZRTOS-G4 2.0.0
2026-03-16 11:36:46,764 [INFO] ThirdParty:1030 - CMSIS Pack Vendor :STMicroelectronics X-CUBE-WB05N 2.0.0
2026-03-16 11:36:46,764 [INFO] ThirdParty:1030 - CMSIS Pack Vendor :STMicroelectronics PDM2PCM 3.1.0
2026-03-16 11:36:46,764 [INFO] ThirdParty:1030 - CMSIS Pack Vendor :STMicroelectronics PDM2PCM 3.3.0
2026-03-16 11:36:46,764 [INFO] ThirdParty:1030 - CMSIS Pack Vendor :wolfSSL I-CUBE-wolfTPM 3.8.0
2026-03-16 11:36:46,764 [INFO] ThirdParty:1030 - CMSIS Pack Vendor :STMicroelectronics X-CUBE-AZRTOS-H7 3.4.0
2026-03-16 11:36:46,764 [INFO] ThirdParty:1030 - CMSIS Pack Vendor :STMicroelectronics X-CUBE-DISPLAY 3.0.0
2026-03-16 11:36:46,764 [INFO] ThirdParty:1030 - CMSIS Pack Vendor :wolfSSL I-CUBE-wolfSSH 1.4.20
2026-03-16 11:36:46,764 [INFO] ThirdParty:1030 - CMSIS Pack Vendor :STMicroelectronics X-CUBE-NFC7 2.0.0
2026-03-16 11:36:46,764 [INFO] ThirdParty:1030 - CMSIS Pack Vendor :STMicroelectronics FP-SNS-MOTENVWB1 1.5.0
2026-03-16 11:36:46,764 [INFO] ThirdParty:1030 - CMSIS Pack Vendor :STMicroelectronics X-CUBE-TCPP 4.2.0
2026-03-16 11:36:46,764 [INFO] ThirdParty:1030 - CMSIS Pack Vendor :RealThread X-CUBE-RT-Thread_Nano 4.1.1
2026-03-16 11:36:46,764 [INFO] ThirdParty:1030 - CMSIS Pack Vendor :STMicroelectronics FP-ATR-SIGFOX1 3.2.0
2026-03-16 11:36:46,764 [INFO] ThirdParty:1030 - CMSIS Pack Vendor :STMicroelectronics X-CUBE-NFC10 1.0.0
2026-03-16 11:36:46,764 [INFO] ThirdParty:1030 - CMSIS Pack Vendor :STMicroelectronics X-CUBE-FREERTOS 1.3.1
2026-03-16 11:36:46,764 [INFO] ThirdParty:1030 - CMSIS Pack Vendor :STMicroelectronics HAL Drivers 0.0.0
2026-03-16 11:36:46,764 [INFO] ThirdParty:1030 - CMSIS Pack Vendor :STMicroelectronics X-CUBE-FREERTOS 1.5.0
2026-03-16 11:36:46,764 [INFO] ThirdParty:1030 - CMSIS Pack Vendor :STMicroelectronics MBEDTLS 2.16.2
2026-03-16 11:36:46,764 [INFO] ThirdParty:1030 - CMSIS Pack Vendor :STMicroelectronics X-CUBE-ST60 1.1.0
2026-03-16 11:36:46,764 [INFO] ThirdParty:1030 - CMSIS Pack Vendor :STMicroelectronics X-CUBE-ALS 1.0.2
2026-03-16 11:36:46,764 [INFO] ThirdParty:1030 - CMSIS Pack Vendor :emotas I-CUBE-CANOPEN 1.3.0
2026-03-16 11:36:46,764 [INFO] ThirdParty:1030 - CMSIS Pack Vendor :STMicroelectronics MBEDTLS 2.14.1
2026-03-16 11:36:46,764 [INFO] ThirdParty:1030 - CMSIS Pack Vendor :STMicroelectronics X-CUBE-GNSS1 7.1.0
2026-03-16 11:36:46,764 [INFO] ThirdParty:1030 - CMSIS Pack Vendor :ITTIA_DB I-CUBE-ITTIADB 8.9.0
2026-03-16 11:36:46,764 [INFO] ThirdParty:1030 - CMSIS Pack Vendor :STMicroelectronics X-CUBE-TOUCHGFX 4.26.0
2026-03-16 11:36:46,764 [INFO] ThirdParty:1030 - CMSIS Pack Vendor :STMicroelectronics X-CUBE-STSE01 1.0.0
2026-03-16 11:36:46,764 [INFO] ThirdParty:1030 - CMSIS Pack Vendor :STMicroelectronics X-CUBE-TOUCHGFX 4.26.1
2026-03-16 11:36:46,764 [INFO] ThirdParty:1030 - CMSIS Pack Vendor :STMicroelectronics X-CUBE-NFC6 3.2.0
2026-03-16 11:36:46,764 [INFO] ThirdParty:1030 - CMSIS Pack Vendor :STMicroelectronics ThreadX 1.0.0
2026-03-16 11:36:46,764 [INFO] ThirdParty:1030 - CMSIS Pack Vendor :STMicroelectronics FP-SNS-SMARTAG2 1.2.0
2026-03-16 11:36:46,764 [INFO] ThirdParty:1030 - CMSIS Pack Vendor :STMicroelectronics FP-SNS-FLIGHT1 5.1.0
2026-03-16 11:36:46,765 [INFO] ThirdParty:1030 - CMSIS Pack Vendor :STMicroelectronics X-CUBE-AZRTOS-WL 2.0.0
2026-03-16 11:36:46,765 [INFO] ThirdParty:1030 - CMSIS Pack Vendor :SEGGER I-CUBE-embOS 1.3.1
2026-03-16 11:36:46,765 [INFO] ThirdParty:1030 - CMSIS Pack Vendor :STMicroelectronics X-CUBE-ALGOBUILD 1.4.0
2026-03-16 11:36:46,765 [INFO] ThirdParty:1030 - CMSIS Pack Vendor :STMicroelectronics X-CUBE-DPower 1.3.0
2026-03-16 11:36:46,765 [INFO] ThirdParty:1030 - CMSIS Pack Vendor :STMicroelectronics X-CUBE-MEMS1 11.3.0
2026-03-16 11:36:46,765 [INFO] ThirdParty:1030 - CMSIS Pack Vendor :STMicroelectronics FP-SNS-MOTENV1 5.0.0
2026-03-16 11:36:46,765 [INFO] ThirdParty:1030 - CMSIS Pack Vendor :STMicroelectronics USB_DEVICE 1.0.0
2026-03-16 11:36:46,765 [INFO] ThirdParty:1030 - CMSIS Pack Vendor :STMicroelectronics X-CUBE-AZRTOS-H7RS 1.2.0
2026-03-16 11:36:46,765 [INFO] ThirdParty:1030 - CMSIS Pack Vendor :STMicroelectronics X-CUBE-AZRTOS-L4 2.0.0
2026-03-16 11:36:46,765 [INFO] ThirdParty:1030 - CMSIS Pack Vendor :STMicroelectronics ThreadX 0.0.2
2026-03-16 11:36:46,765 [INFO] ThirdParty:1030 - CMSIS Pack Vendor :STMicroelectronics lwIP 2.1.2
2026-03-16 11:36:46,765 [INFO] ThirdParty:1030 - CMSIS Pack Vendor :STMicroelectronics X-CUBE-SFXS2LP1 4.0.0
2026-03-16 11:36:46,765 [INFO] ThirdParty:1030 - CMSIS Pack Vendor :STMicroelectronics X-CUBE-BLE2 3.3.0
2026-03-16 11:36:46,765 [INFO] ThirdParty:1030 - CMSIS Pack Vendor :Avnet-IOTCONNECT X-CUBE-iotc-st67-sdk 1.0.0
2026-03-16 11:36:46,765 [INFO] ThirdParty:1030 - CMSIS Pack Vendor :STMicroelectronics X-CUBE-TOF1 3.4.3
2026-03-16 11:36:46,765 [INFO] ThirdParty:1030 - CMSIS Pack Vendor :STMicroelectronics PDM2PCM 3.2.0
2026-03-16 11:36:46,765 [INFO] ThirdParty:1030 - CMSIS Pack Vendor :STMicroelectronics X-CUBE-ST67W61 1.2.0
2026-03-16 11:36:46,765 [INFO] ThirdParty:841 - exiting critical section [change project]
2026-03-16 11:36:47,096 [INFO] PinOutPanel:1589 - setPackage(No Configuration,No Configuration)
2026-03-16 11:36:47,097 [INFO] PinOutPanel:1589 - setPackage(STM32F446RETx,LQFP64)
2026-03-16 11:36:47,547 [INFO] UtilMem:75 - Before build in PCC Used Memory: 724881256 Bytes (937426944)
2026-03-16 11:36:48,125 [INFO] UtilMem:75 - After build in PCC Used Memory: 405175680 Bytes (937426944)
2026-03-16 11:36:48,171 [INFO] ApiDbMcu:532 - Load IP Config File for USB_DEVICE
2026-03-16 11:36:48,193 [INFO] IPUIPlugin:80 - create IPUIPlugin
2026-03-16 11:36:48,193 [INFO] IPUIPlugin:80 - create IPUIPlugin
2026-03-16 11:36:48,193 [INFO] IPUIPlugin:80 - create IPUIPlugin
2026-03-16 11:36:48,193 [INFO] IPUIPlugin:80 - create IPUIPlugin
2026-03-16 11:36:48,193 [INFO] IPUIPlugin:80 - create IPUIPlugin
2026-03-16 11:36:48,193 [INFO] IPUIPlugin:80 - create IPUIPlugin
2026-03-16 11:36:48,193 [INFO] IPUIPlugin:80 - create IPUIPlugin
2026-03-16 11:36:48,193 [INFO] IPUIPlugin:80 - create IPUIPlugin
2026-03-16 11:36:48,193 [INFO] IPUIPlugin:80 - create IPUIPlugin
2026-03-16 11:36:48,193 [INFO] IPUIPlugin:80 - create IPUIPlugin
2026-03-16 11:36:48,193 [INFO] IPUIPlugin:80 - create IPUIPlugin
2026-03-16 11:36:48,193 [INFO] IPUIPlugin:80 - create IPUIPlugin
2026-03-16 11:36:48,194 [INFO] IPUIPlugin:80 - create IPUIPlugin
2026-03-16 11:36:48,194 [INFO] IPUIPlugin:80 - create IPUIPlugin
2026-03-16 11:36:48,194 [INFO] IPUIPlugin:80 - create IPUIPlugin
2026-03-16 11:36:48,194 [INFO] IPUIPlugin:80 - create IPUIPlugin
2026-03-16 11:36:48,194 [INFO] IPUIPlugin:80 - create IPUIPlugin
2026-03-16 11:36:48,194 [INFO] IPUIPlugin:80 - create IPUIPlugin
2026-03-16 11:36:48,194 [INFO] IPUIPlugin:80 - create IPUIPlugin
2026-03-16 11:36:48,194 [INFO] IPUIPlugin:80 - create IPUIPlugin
2026-03-16 11:36:48,194 [INFO] IPUIPlugin:80 - create IPUIPlugin
2026-03-16 11:36:48,194 [INFO] IPUIPlugin:80 - create IPUIPlugin
2026-03-16 11:36:48,194 [INFO] IPUIPlugin:80 - create IPUIPlugin
2026-03-16 11:36:48,194 [INFO] IPUIPlugin:80 - create IPUIPlugin
2026-03-16 11:36:48,194 [INFO] IPUIPlugin:80 - create IPUIPlugin
2026-03-16 11:36:48,195 [INFO] IPUIPlugin:80 - create IPUIPlugin
2026-03-16 11:36:48,195 [INFO] IPUIPlugin:80 - create IPUIPlugin
2026-03-16 11:36:48,195 [INFO] IPUIPlugin:80 - create IPUIPlugin
2026-03-16 11:36:48,195 [INFO] IPUIPlugin:80 - create IPUIPlugin
2026-03-16 11:36:48,195 [INFO] IPUIPlugin:80 - create IPUIPlugin
2026-03-16 11:36:48,195 [INFO] IPUIPlugin:80 - create IPUIPlugin
2026-03-16 11:36:48,195 [INFO] IPUIPlugin:80 - create IPUIPlugin
2026-03-16 11:36:48,195 [INFO] IPUIPlugin:80 - create IPUIPlugin
2026-03-16 11:36:48,195 [INFO] IPUIPlugin:80 - create IPUIPlugin
2026-03-16 11:36:48,195 [INFO] IPUIPlugin:80 - create IPUIPlugin
2026-03-16 11:36:48,196 [INFO] IPUIPlugin:80 - create IPUIPlugin
2026-03-16 11:36:48,196 [INFO] IPUIPlugin:80 - create IPUIPlugin
2026-03-16 11:36:48,196 [INFO] IPUIPlugin:80 - create IPUIPlugin
2026-03-16 11:36:48,196 [INFO] IPUIPlugin:80 - create IPUIPlugin
2026-03-16 11:36:48,196 [INFO] IPUIPlugin:80 - create IPUIPlugin
2026-03-16 11:36:48,196 [INFO] IPUIPlugin:80 - create IPUIPlugin
2026-03-16 11:36:48,196 [INFO] IPUIPlugin:80 - create IPUIPlugin
2026-03-16 11:36:48,197 [INFO] IPUIPlugin:80 - create IPUIPlugin
2026-03-16 11:36:48,197 [INFO] IPUIPlugin:80 - create IPUIPlugin
2026-03-16 11:36:48,197 [INFO] IPUIPlugin:80 - create IPUIPlugin
2026-03-16 11:36:48,197 [INFO] IPUIPlugin:80 - create IPUIPlugin
2026-03-16 11:36:48,197 [INFO] IPUIPlugin:80 - create IPUIPlugin
2026-03-16 11:36:48,197 [INFO] IPUIPlugin:80 - create IPUIPlugin
2026-03-16 11:36:48,197 [INFO] IPUIPlugin:80 - create IPUIPlugin
2026-03-16 11:36:48,198 [INFO] IPUIPlugin:80 - create IPUIPlugin
2026-03-16 11:36:48,198 [INFO] IPUIPlugin:80 - create IPUIPlugin
2026-03-16 11:36:48,198 [INFO] IPUIPlugin:80 - create IPUIPlugin
2026-03-16 11:36:48,198 [INFO] IPUIPlugin:80 - create IPUIPlugin
2026-03-16 11:36:48,198 [INFO] IPUIPlugin:80 - create IPUIPlugin
2026-03-16 11:36:48,198 [INFO] IPUIPlugin:80 - create IPUIPlugin
2026-03-16 11:36:48,198 [INFO] IPUIPlugin:80 - create IPUIPlugin
2026-03-16 11:36:48,199 [INFO] IPUIPlugin:80 - create IPUIPlugin
2026-03-16 11:36:48,199 [INFO] IPUIPlugin:80 - create IPUIPlugin
2026-03-16 11:36:48,199 [INFO] IPUIPlugin:80 - create IPUIPlugin
2026-03-16 11:36:48,199 [INFO] IPUIPlugin:80 - create IPUIPlugin
2026-03-16 11:36:48,205 [INFO] ApiDbMcu:532 - Load IP Config File for PDM2PCM
2026-03-16 11:36:48,213 [INFO] Can:71 - Can Add PropertyChangeListener com.st.microxplorer.plugins.ip.can.Can@1f87f82c
2026-03-16 11:36:48,214 [WARN] IP:2250 - I2C_Coeff_DF not found: check if there is a RefParameter without a condition.
2026-03-16 11:36:48,214 [WARN] IP:2250 - Analog_Filter not found: check if there is a RefParameter without a condition.
2026-03-16 11:36:48,353 [INFO] CADModel:165 - CPN selected for project levelSTM32F446RET6
2026-03-16 11:36:48,354 [INFO] CADModel:114 - Register for checkConnection events
2026-03-16 11:36:48,392 [INFO] OpenFileManager:386 - Restore cursor
2026-03-16 11:36:48,516 [WARN] IP:2250 - DEVICE_SERIAL0_CDC_FS not found: check if there is a RefParameter without a condition.
2026-03-16 11:36:48,516 [WARN] IP:2250 - DEVICE_SERIAL1_CDC_FS not found: check if there is a RefParameter without a condition.
2026-03-16 11:36:48,516 [WARN] IP:2250 - DEVICE_SERIAL2_CDC_FS not found: check if there is a RefParameter without a condition.
2026-03-16 11:36:48,517 [WARN] IP:2250 - DEVICE_SERIAL0_CDC_FS not found: check if there is a RefParameter without a condition.
2026-03-16 11:36:48,517 [WARN] IP:2250 - DEVICE_SERIAL1_CDC_FS not found: check if there is a RefParameter without a condition.
2026-03-16 11:36:48,517 [WARN] IP:2250 - DEVICE_SERIAL2_CDC_FS not found: check if there is a RefParameter without a condition.
2026-03-16 11:36:48,561 [WARN] IP:2250 - I2C_Coeff_DF not found: check if there is a RefParameter without a condition.
2026-03-16 11:36:48,561 [WARN] IP:2250 - Analog_Filter not found: check if there is a RefParameter without a condition.
2026-03-16 11:36:48,561 [WARN] IP:2250 - I2C_Coeff_DF not found: check if there is a RefParameter without a condition.
2026-03-16 11:36:48,561 [WARN] IP:2250 - Analog_Filter not found: check if there is a RefParameter without a condition.
2026-03-16 11:37:27,145 [INFO] MainUpdater:2872 - connection check result : 10
2026-03-16 11:37:27,146 [INFO] MainUpdater:2872 - connection check result : 10
2026-03-16 11:37:27,254 [INFO] MicroXplorer:468 - Change Database Path : 
2026-03-16 11:37:27,255 [INFO] MicroXplorer:498 - Change Database Version : DB.6.0.150
2026-03-16 11:37:27,263 [ERROR] ProjectManagerView:395 - 
java.lang.NullPointerException: Cannot invoke "javax.swing.JTextField.getText()" because the return value of "java.util.List.get(int)" is null
	at com.st.microxplorer.plugins.projectmanager.gui.ProjectChoiceTab$9.caretUpdate(ProjectChoiceTab.java:2706) ~[filemanager.jar:?]
	at javax.swing.text.JTextComponent.fireCaretUpdate(JTextComponent.java:408) ~[?:?]
	at javax.swing.text.JTextComponent$MutableCaretEvent.fire(JTextComponent.java:4484) ~[?:?]
	at javax.swing.text.JTextComponent$MutableCaretEvent.stateChanged(JTextComponent.java:4506) ~[?:?]
	at javax.swing.text.DefaultCaret.fireStateChanged(DefaultCaret.java:857) ~[?:?]
	at javax.swing.text.DefaultCaret.changeCaretPosition(DefaultCaret.java:1343) ~[?:?]
	at javax.swing.text.DefaultCaret.handleSetDot(DefaultCaret.java:1242) ~[?:?]
	at javax.swing.text.DefaultCaret.setDot(DefaultCaret.java:1223) ~[?:?]
	at javax.swing.text.DefaultCaret$Handler.insertUpdate(DefaultCaret.java:1819) ~[?:?]
	at javax.swing.text.AbstractDocument.fireInsertUpdate(AbstractDocument.java:227) ~[?:?]
	at javax.swing.text.AbstractDocument.handleInsertString(AbstractDocument.java:781) ~[?:?]
	at javax.swing.text.AbstractDocument.insertString(AbstractDocument.java:740) ~[?:?]
	at javax.swing.text.PlainDocument.insertString(PlainDocument.java:131) ~[?:?]
	at javax.swing.text.AbstractDocument.replace(AbstractDocument.java:699) ~[?:?]
	at javax.swing.text.JTextComponent.setText(JTextComponent.java:1725) ~[?:?]
	at com.st.microxplorer.plugins.projectmanager.gui.ProjectChoiceTab.createHeapStackFields(ProjectChoiceTab.java:993) ~[filemanager.jar:?]
	at com.st.microxplorer.plugins.projectmanager.gui.ProjectChoiceTab.buildLinkSettingsPanel(ProjectChoiceTab.java:3813) ~[filemanager.jar:?]
	at com.st.microxplorer.plugins.projectmanager.gui.ProjectChoiceTab.defineWindowsFields(ProjectChoiceTab.java:1987) ~[filemanager.jar:?]
	at com.st.microxplorer.plugins.projectmanager.gui.ProjectChoiceTab.updateSettings(ProjectChoiceTab.java:558) ~[filemanager.jar:?]
	at com.st.microxplorer.plugins.projectmanager.gui.ProjectSettingsPanel.UpdateDialog(ProjectSettingsPanel.java:247) ~[filemanager.jar:?]
	at com.st.microxplorer.plugins.projectmanager.ProjectManagerView.propertyChange(ProjectManagerView.java:392) ~[filemanager.jar:?]
	at java.beans.PropertyChangeSupport.fire(PropertyChangeSupport.java:343) ~[?:?]
	at java.beans.PropertyChangeSupport.firePropertyChange(PropertyChangeSupport.java:335) ~[?:?]
	at java.beans.PropertyChangeSupport.firePropertyChange(PropertyChangeSupport.java:268) ~[?:?]
	at com.st.microxplorer.util.MXPropertyChangeSupport.firePropertyChange(MXPropertyChangeSupport.java:54) ~[STM32CubeMX.jar:?]
	at com.st.microxplorer.mxsystem.MxSystem.closeConfig(MxSystem.java:899) ~[STM32CubeMX.jar:?]
	at com.st.microxplorer.maingui.MainPanel.closeConfig(MainPanel.java:792) ~[STM32CubeMX.jar:?]
	at com.st.microxplorer.plugins.filemanager.engine.OpenFileManager.loadConfigurationFile(OpenFileManager.java:288) ~[filemanager.jar:?]
	at com.st.microxplorer.plugins.filemanager.engine.MainFileManager.userLoadConfig(MainFileManager.java:364) ~[filemanager.jar:?]
	at com.st.microxplorer.plugins.filemanager.engine.MainFileManager.userLoadConfig(MainFileManager.java:342) ~[filemanager.jar:?]
	at com.st.microxplorer.plugins.filemanager.FileManagerView.getSpecificTask(FileManagerView.java:264) ~[filemanager.jar:?]
	at com.st.stm32cube.common.mx.editor.CubeMxEditor.getMxTabbedPaneInstance(CubeMxEditor.java:1198) ~[com.st.stm32cube.common.mx_6.15.0.202507011659/:?]
	at com.st.stm32cube.common.mx.editor.CubeMxEditor$12$1.createSwingComponent(CubeMxEditor.java:1068) ~[com.st.stm32cube.common.mx_6.15.0.202507011659/:?]
	at com.st.stm32cube.common.mx.oss.core.awtswtbridge.EmbeddedSwingComposite.doComponentCreation(EmbeddedSwingComposite.java:492) ~[com.st.stm32cube.common.mx.oss_6.15.0.202507011659/:?]
	at com.st.stm32cube.common.mx.oss.core.awtswtbridge.EmbeddedSwingComposite$4.run(EmbeddedSwingComposite.java:291) ~[com.st.stm32cube.common.mx.oss_6.15.0.202507011659/:?]
	at com.st.stm32cube.common.mx.oss.core.awtswtbridge.AwtEnvironment$2.run(AwtEnvironment.java:166) ~[com.st.stm32cube.common.mx.oss_6.15.0.202507011659/:?]
	at java.awt.event.InvocationEvent.dispatch(InvocationEvent.java:318) ~[?:?]
	at java.awt.EventQueue.dispatchEventImpl(EventQueue.java:773) ~[?:?]
	at java.awt.EventQueue$4.run(EventQueue.java:720) ~[?:?]
	at java.awt.EventQueue$4.run(EventQueue.java:714) ~[?:?]
	at java.security.AccessController.doPrivileged(AccessController.java:400) ~[?:?]
	at java.security.ProtectionDomain$JavaSecurityAccessImpl.doIntersectionPrivilege(ProtectionDomain.java:87) ~[?:?]
	at java.awt.EventQueue.dispatchEvent(EventQueue.java:742) ~[?:?]
	at java.awt.EventDispatchThread.pumpOneEventForFilters(EventDispatchThread.java:203) ~[?:?]
	at java.awt.EventDispatchThread.pumpEventsForFilter(EventDispatchThread.java:124) ~[?:?]
	at java.awt.EventDispatchThread.pumpEventsForHierarchy(EventDispatchThread.java:113) ~[?:?]
	at java.awt.EventDispatchThread.pumpEvents(EventDispatchThread.java:109) ~[?:?]
	at java.awt.EventDispatchThread.pumpEvents(EventDispatchThread.java:101) ~[?:?]
	at java.awt.EventDispatchThread.run(EventDispatchThread.java:90) ~[?:?]
2026-03-16 11:37:27,269 [WARN] ThirdParty:871 - waiting for thirdparty lock release [close project]
2026-03-16 11:37:27,269 [INFO] ThirdParty:873 - entering critical section [close project]
2026-03-16 11:37:27,270 [INFO] ThirdParty:883 - exiting critical section [close project]
2026-03-16 11:37:27,271 [INFO] PinOutPanel:1589 - setPackage(No Configuration,No Configuration)
2026-03-16 11:37:27,285 [WARN] IpParametersView:155 - Warning: This peripheral hasn't parameters
2026-03-16 11:37:27,299 [WARN] MainPanel:289 - <html><b><center>Warning: This peripheral has no parameters to be configured<br></b></html>
2026-03-16 11:37:27,310 [INFO] UtilMem:75 - Begin LoadConfig() Used Memory: 790362864 Bytes (937426944)
2026-03-16 11:37:27,310 [INFO] MicroXplorer:468 - Change Database Path : 
2026-03-16 11:37:27,310 [INFO] MicroXplorer:498 - Change Database Version : DB.6.0.150
2026-03-16 11:37:27,310 [INFO] OpenFileManager:355 - Change cursor
2026-03-16 11:37:27,317 [INFO] Mcu:2029 - Initializing MCU STM32F446R(C-E)Tx STM32F446RETx STM32F446RET6
2026-03-16 11:37:28,174 [INFO] Context:786 - Trying to add GPIOservice into a context  which must be forbidden
2026-03-16 11:37:28,540 [INFO] ImportTextPane:234 - (OptionalMessage_ERROR) Pin21 (VP_RIF_VS_RIF1) cannot be retrieved for this MCU
2026-03-16 11:37:28,594 [INFO] RtosManager:558 - Registered RTOS mode: class=CMSIS, group=RTOS, mode=CMSIS_V1, owner=FREERTOS
2026-03-16 11:37:28,594 [INFO] RtosManager:558 - Registered RTOS mode: class=CMSIS, group=RTOS2, mode=CMSIS_V2, owner=FREERTOS
2026-03-16 11:37:28,594 [INFO] RtosManager:558 - Registered RTOS mode: class=RTOS, group=Core, mode=CMSIS_V1, owner=FREERTOS
2026-03-16 11:37:28,594 [INFO] RtosManager:558 - Registered RTOS mode: class=RTOS, group=Core, mode=CMSIS_V2, owner=FREERTOS
2026-03-16 11:37:28,594 [WARN] ModelIntegratedComponent:184 - Missing modes for component STMicroelectronics:FreeRTOS:0.0.1:STMicroelectronics:RTOS:FreeRTOS:Core:::10.2.0:
2026-03-16 11:37:28,600 [WARN] ModelIntegratedComponent:63 - No mode defined for component null
2026-03-16 11:37:28,600 [WARN] ModelIntegratedComponent:63 - No mode defined for component null
2026-03-16 11:37:28,600 [WARN] ModelIntegratedComponent:63 - No mode defined for component null
2026-03-16 11:37:28,600 [WARN] ModelIntegratedComponent:63 - No mode defined for component null
2026-03-16 11:37:28,600 [WARN] ModelIntegratedComponent:63 - No mode defined for component null
2026-03-16 11:37:28,600 [WARN] ModelIntegratedComponent:63 - No mode defined for component null
2026-03-16 11:37:28,600 [WARN] ModelIntegratedComponent:63 - No mode defined for component null
2026-03-16 11:37:28,600 [WARN] ModelIntegratedComponent:63 - No mode defined for component null
2026-03-16 11:37:28,600 [WARN] ModelIntegratedComponent:63 - No mode defined for component null
2026-03-16 11:37:28,600 [WARN] ModelIntegratedComponent:63 - No mode defined for component null
2026-03-16 11:37:28,600 [WARN] ModelIntegratedComponent:63 - No mode defined for component null
2026-03-16 11:37:28,600 [WARN] ModelIntegratedComponent:63 - No mode defined for component null
2026-03-16 11:37:28,600 [WARN] ModelIntegratedComponent:63 - No mode defined for component null
2026-03-16 11:37:28,600 [WARN] ModelIntegratedComponent:63 - No mode defined for component null
2026-03-16 11:37:28,600 [WARN] ModelIntegratedComponent:63 - No mode defined for component null
2026-03-16 11:37:28,600 [WARN] ModelIntegratedComponent:63 - No mode defined for component null
2026-03-16 11:37:28,600 [WARN] ModelIntegratedComponent:63 - No mode defined for component null
2026-03-16 11:37:28,600 [WARN] ModelIntegratedComponent:63 - No mode defined for component null
2026-03-16 11:37:28,600 [WARN] ModelIntegratedComponent:63 - No mode defined for component null
2026-03-16 11:37:28,601 [WARN] ModelIntegratedComponent:63 - No mode defined for component null
2026-03-16 11:37:28,601 [WARN] ModelIntegratedComponent:63 - No mode defined for component null
2026-03-16 11:37:28,601 [WARN] ModelIntegratedComponent:63 - No mode defined for component null
2026-03-16 11:37:28,601 [WARN] ModelIntegratedComponent:63 - No mode defined for component null
2026-03-16 11:37:28,601 [WARN] ModelIntegratedComponent:63 - No mode defined for component null
2026-03-16 11:37:28,601 [WARN] ModelIntegratedComponent:63 - No mode defined for component null
2026-03-16 11:37:28,601 [WARN] ModelIntegratedComponent:63 - No mode defined for component null
2026-03-16 11:37:28,601 [WARN] ModelIntegratedComponent:63 - No mode defined for component null
2026-03-16 11:37:28,601 [WARN] ModelIntegratedComponent:63 - No mode defined for component null
2026-03-16 11:37:28,601 [WARN] ModelIntegratedComponent:63 - No mode defined for component null
2026-03-16 11:37:28,601 [WARN] ModelIntegratedComponent:63 - No mode defined for component null
2026-03-16 11:37:28,601 [WARN] ModelIntegratedComponent:63 - No mode defined for component null
2026-03-16 11:37:28,601 [WARN] ModelIntegratedComponent:63 - No mode defined for component null
2026-03-16 11:37:28,601 [WARN] ModelIntegratedComponent:63 - No mode defined for component null
2026-03-16 11:37:28,601 [WARN] ModelIntegratedComponent:63 - No mode defined for component null
2026-03-16 11:37:28,601 [WARN] ModelIntegratedComponent:63 - No mode defined for component null
2026-03-16 11:37:28,601 [WARN] ModelPack:524 - Component already loaded: STMicroelectronics:HAL Drivers:0.0.0:STMicroelectronics:Device:STMicro_Driver:XSPI:HAL::0.0.1:HAL_XSPI
2026-03-16 11:37:28,655 [INFO] ThirdPartyModel:298 - Start build external matchings
2026-03-16 11:37:28,944 [INFO] ThirdPartyModel:316 - End build external matchings
2026-03-16 11:37:28,954 [INFO] ImportTextPane:234 - (OptionalMessage_ERROR) IP (DMA) : Parameter (Instance) has Id (I2C1_RX) currently not set
2026-03-16 11:37:28,954 [INFO] ImportTextPane:234 - (OptionalMessage_ERROR) IP (DMA) : Parameter (Channel) has Id (I2C1_RX) currently not set
2026-03-16 11:37:28,954 [INFO] ImportTextPane:234 - (OptionalMessage_ERROR) IP (DMA) : Parameter (Direction) has Id (I2C1_RX) currently not set
2026-03-16 11:37:28,954 [INFO] ImportTextPane:234 - (OptionalMessage_ERROR) IP (DMA) : Parameter (PeriphInc) has Id (I2C1_RX) currently not set
2026-03-16 11:37:28,954 [INFO] ImportTextPane:234 - (OptionalMessage_ERROR) IP (DMA) : Parameter (MemInc) has Id (I2C1_RX) currently not set
2026-03-16 11:37:28,954 [INFO] ImportTextPane:234 - (OptionalMessage_ERROR) IP (DMA) : Parameter (PeriphDataAlignment) has Id (I2C1_RX) currently not set
2026-03-16 11:37:28,954 [INFO] ImportTextPane:234 - (OptionalMessage_ERROR) IP (DMA) : Parameter (MemDataAlignment) has Id (I2C1_RX) currently not set
2026-03-16 11:37:28,954 [INFO] ImportTextPane:234 - (OptionalMessage_ERROR) IP (DMA) : Parameter (Mode) has Id (I2C1_RX) currently not set
2026-03-16 11:37:28,954 [INFO] ImportTextPane:234 - (OptionalMessage_ERROR) IP (DMA) : Parameter (Priority) has Id (I2C1_RX) currently not set
2026-03-16 11:37:28,954 [INFO] ImportTextPane:234 - (OptionalMessage_ERROR) IP (DMA) : Parameter (FIFOMode) has Id (I2C1_RX) currently not set
2026-03-16 11:37:28,955 [WARN] IP:2250 - I2C_Coeff_DF not found: check if there is a RefParameter without a condition.
2026-03-16 11:37:28,955 [WARN] IP:2250 - Analog_Filter not found: check if there is a RefParameter without a condition.
2026-03-16 11:37:28,955 [INFO] ImportTextPane:234 - (OptionalMessage_ERROR) IP (RCC) : Invalid parameter (48MHZClocksFreq_Value)
2026-03-16 11:37:28,955 [INFO] ImportTextPane:234 - (OptionalMessage_ERROR) IP (RCC) : Invalid parameter (EthernetFreq_Value)
2026-03-16 11:37:28,955 [INFO] ImportTextPane:234 - (OptionalMessage_ERROR) IP (RCC) : Parameter (FLatency) has Id (AdvancedSettings) currently not set
2026-03-16 11:37:28,955 [INFO] ImportTextPane:234 - (OptionalMessage_ERROR) IP (RCC) : Invalid parameter (FamilyName)
2026-03-16 11:37:28,955 [INFO] ImportTextPane:234 - (OptionalMessage_ERROR) IP (RCC) : Invalid parameter (I2SClocksFreq_Value)
2026-03-16 11:37:28,956 [INFO] ImportTextPane:234 - (OptionalMessage_ERROR) IP (RCC) : Invalid parameter (VCOInputMFreq_Value)
2026-03-16 11:37:28,956 [INFO] ImportTextPane:234 - (OptionalMessage_ERROR) IP (RCC) : Invalid parameter (VcooutputI2S)
2026-03-16 11:37:29,065 [INFO] UtilMem:75 - End LoadConfig() Used Memory: 751835648 Bytes (937426944)
2026-03-16 11:37:29,074 [WARN] ThirdParty:833 - waiting for thirdparty lock release [change project]
2026-03-16 11:37:29,074 [INFO] ThirdParty:835 - entering critical section [change project]
2026-03-16 11:37:29,074 [INFO] ThirdParty:1030 - CMSIS Pack Vendor :STMicroelectronics X-CUBE-AZRTOS-H7 3.5.0
2026-03-16 11:37:29,074 [INFO] ThirdParty:1030 - CMSIS Pack Vendor :STMicroelectronics X-CUBE-PM33A1 1.0.0
2026-03-16 11:37:29,074 [INFO] ThirdParty:1030 - CMSIS Pack Vendor :STMicroelectronics USBPD 4.1
2026-03-16 11:37:29,074 [INFO] ThirdParty:1030 - CMSIS Pack Vendor :STMicroelectronics X-CUBE-NFC9 1.0.0
2026-03-16 11:37:29,074 [INFO] ThirdParty:1030 - CMSIS Pack Vendor :STMicroelectronics USB_HOST 2.0.0
2026-03-16 11:37:29,074 [INFO] ThirdParty:1030 - CMSIS Pack Vendor :STMicroelectronics FP-SNS-MOTENVWB1 1.4.0
2026-03-16 11:37:29,074 [INFO] ThirdParty:1030 - CMSIS Pack Vendor :STMicroelectronics X-CUBE-AZRTOS-F4 1.1.0
2026-03-16 11:37:29,075 [INFO] ThirdParty:1030 - CMSIS Pack Vendor :STMicroelectronics LIBJPEG 8.0.0
2026-03-16 11:37:29,075 [INFO] ThirdParty:1030 - CMSIS Pack Vendor :STMicroelectronics FP-ATR-ASTRA1 2.0.2
2026-03-16 11:37:29,075 [INFO] ThirdParty:1030 - CMSIS Pack Vendor :wolfSSL I-CUBE-wolfSSL 5.8.2
2026-03-16 11:37:29,075 [INFO] ThirdParty:1030 - CMSIS Pack Vendor :STMicroelectronics X-CUBE-BLE1 7.1.0
2026-03-16 11:37:29,075 [INFO] ThirdParty:1030 - CMSIS Pack Vendor :STMicroelectronics X-CUBE-SMBUS 2.1.0
2026-03-16 11:37:29,075 [INFO] ThirdParty:1030 - CMSIS Pack Vendor :wolfSSL I-CUBE-wolfMQTT 1.19.2
2026-03-16 11:37:29,075 [INFO] ThirdParty:1030 - CMSIS Pack Vendor :STMicroelectronics USB_DEVICE 3.0.0
2026-03-16 11:37:29,075 [INFO] ThirdParty:1030 - CMSIS Pack Vendor :STMicroelectronics X-CUBE-ISPU 2.1.0
2026-03-16 11:37:29,075 [INFO] ThirdParty:1030 - CMSIS Pack Vendor :STMicroelectronics X-CUBE-FREERTOS 1.4.0
2026-03-16 11:37:29,075 [INFO] ThirdParty:1030 - CMSIS Pack Vendor :STMicroelectronics X-CUBE-EEPRMA1 5.2.0
2026-03-16 11:37:29,075 [INFO] ThirdParty:1030 - CMSIS Pack Vendor :STMicroelectronics X-CUBE-IPS 3.2.0
2026-03-16 11:37:29,075 [INFO] ThirdParty:1030 - CMSIS Pack Vendor :STMicroelectronics X-CUBE-BLEMGR 4.1.0
2026-03-16 11:37:29,075 [INFO] ThirdParty:1030 - CMSIS Pack Vendor :STMicroelectronics X-CUBE-AZRTOS-WB 2.0.0
2026-03-16 11:37:29,075 [INFO] ThirdParty:1030 - CMSIS Pack Vendor :STMicroelectronics X-CUBE-ST60 1.0.0
2026-03-16 11:37:29,075 [INFO] ThirdParty:1030 - CMSIS Pack Vendor :STMicroelectronics X-CUBE-GNSS1 7.0.1
2026-03-16 11:37:29,075 [INFO] ThirdParty:1030 - CMSIS Pack Vendor :STMicroelectronics X-CUBE-NFC12 1.0.0
2026-03-16 11:37:29,075 [INFO] ThirdParty:1030 - CMSIS Pack Vendor :STMicroelectronics X-CUBE-AZRTOS-F7 1.1.0
2026-03-16 11:37:29,075 [INFO] ThirdParty:1030 - CMSIS Pack Vendor :STMicroelectronics X-CUBE-AZRTOS-L5 2.0.0
2026-03-16 11:37:29,075 [INFO] ThirdParty:1030 - CMSIS Pack Vendor :STMicroelectronics USB_DEVICE 2.0.0
2026-03-16 11:37:29,075 [INFO] ThirdParty:1030 - CMSIS Pack Vendor :STMicroelectronics X-CUBE-NFC6 3.1.0
2026-03-16 11:37:29,075 [INFO] ThirdParty:1030 - CMSIS Pack Vendor :STMicroelectronics X-CUBE-ST67W61 1.1.0
2026-03-16 11:37:29,075 [INFO] ThirdParty:1030 - CMSIS Pack Vendor :Cesanta I-CUBE-Mongoose 7.19.0
2026-03-16 11:37:29,075 [INFO] ThirdParty:1030 - CMSIS Pack Vendor :quantropi X-CUBE-qispace-sdk-base 2.1.0
2026-03-16 11:37:29,075 [INFO] ThirdParty:1030 - CMSIS Pack Vendor :STMicroelectronics X-CUBE-MEMS1 12.0.0
2026-03-16 11:37:29,075 [INFO] ThirdParty:1030 - CMSIS Pack Vendor :STMicroelectronics X-CUBE-STSE01 2.0.0
2026-03-16 11:37:29,075 [INFO] ThirdParty:1030 - CMSIS Pack Vendor :STMicroelectronics FP-SNS-MOTENV1 5.1.0
2026-03-16 11:37:29,075 [INFO] ThirdParty:1030 - CMSIS Pack Vendor :STMicroelectronics FreeRTOS 0.0.1
2026-03-16 11:37:29,075 [INFO] ThirdParty:1030 - CMSIS Pack Vendor :STMicroelectronics X-CUBE-AZRTOS-G0 1.1.0
2026-03-16 11:37:29,075 [INFO] ThirdParty:1030 - CMSIS Pack Vendor :STMicroelectronics X-CUBE-SAFEA1 1.2.2
2026-03-16 11:37:29,075 [INFO] ThirdParty:1030 - CMSIS Pack Vendor :STMicroelectronics X-CUBE-NFC4 3.0.0
2026-03-16 11:37:29,075 [INFO] ThirdParty:1030 - CMSIS Pack Vendor :STMicroelectronics X-CUBE-SUBG2 5.0.0
2026-03-16 11:37:29,075 [INFO] ThirdParty:1030 - CMSIS Pack Vendor :STMicroelectronics X-CUBE-AZRTOS-H7RS 1.1.0
2026-03-16 11:37:29,075 [INFO] ThirdParty:1030 - CMSIS Pack Vendor :STMicroelectronics STM32_WPAN 1.0.0
2026-03-16 11:37:29,075 [INFO] ThirdParty:1030 - CMSIS Pack Vendor :EmbeddedOffice I-CUBE-FS-RTOS 1.0.1
2026-03-16 11:37:29,075 [INFO] ThirdParty:1030 - CMSIS Pack Vendor :STMicroelectronics lwIP 2.0.3
2026-03-16 11:37:29,075 [INFO] ThirdParty:1030 - CMSIS Pack Vendor :WES I-CUBE-Cesium 1.4.0
2026-03-16 11:37:29,075 [INFO] ThirdParty:1030 - CMSIS Pack Vendor :STMicroelectronics USB_HOST 1.0.0
2026-03-16 11:37:29,075 [INFO] ThirdParty:1030 - CMSIS Pack Vendor :Infineon AIROC-Wi-Fi-Bluetooth-STM32 1.7.1
2026-03-16 11:37:29,075 [INFO] ThirdParty:1030 - CMSIS Pack Vendor :STMicroelectronics X-CUBE-AZRTOS-G4 2.0.0
2026-03-16 11:37:29,075 [INFO] ThirdParty:1030 - CMSIS Pack Vendor :STMicroelectronics X-CUBE-WB05N 2.0.0
2026-03-16 11:37:29,075 [INFO] ThirdParty:1030 - CMSIS Pack Vendor :STMicroelectronics PDM2PCM 3.1.0
2026-03-16 11:37:29,075 [INFO] ThirdParty:1030 - CMSIS Pack Vendor :STMicroelectronics PDM2PCM 3.3.0
2026-03-16 11:37:29,075 [INFO] ThirdParty:1030 - CMSIS Pack Vendor :wolfSSL I-CUBE-wolfTPM 3.8.0
2026-03-16 11:37:29,075 [INFO] ThirdParty:1030 - CMSIS Pack Vendor :STMicroelectronics X-CUBE-AZRTOS-H7 3.4.0
2026-03-16 11:37:29,075 [INFO] ThirdParty:1030 - CMSIS Pack Vendor :STMicroelectronics X-CUBE-DISPLAY 3.0.0
2026-03-16 11:37:29,075 [INFO] ThirdParty:1030 - CMSIS Pack Vendor :wolfSSL I-CUBE-wolfSSH 1.4.20
2026-03-16 11:37:29,075 [INFO] ThirdParty:1030 - CMSIS Pack Vendor :STMicroelectronics X-CUBE-NFC7 2.0.0
2026-03-16 11:37:29,076 [INFO] ThirdParty:1030 - CMSIS Pack Vendor :STMicroelectronics FP-SNS-MOTENVWB1 1.5.0
2026-03-16 11:37:29,076 [INFO] ThirdParty:1030 - CMSIS Pack Vendor :STMicroelectronics X-CUBE-TCPP 4.2.0
2026-03-16 11:37:29,076 [INFO] ThirdParty:1030 - CMSIS Pack Vendor :RealThread X-CUBE-RT-Thread_Nano 4.1.1
2026-03-16 11:37:29,076 [INFO] ThirdParty:1030 - CMSIS Pack Vendor :STMicroelectronics FP-ATR-SIGFOX1 3.2.0
2026-03-16 11:37:29,076 [INFO] ThirdParty:1030 - CMSIS Pack Vendor :STMicroelectronics X-CUBE-NFC10 1.0.0
2026-03-16 11:37:29,076 [INFO] ThirdParty:1030 - CMSIS Pack Vendor :STMicroelectronics X-CUBE-FREERTOS 1.3.1
2026-03-16 11:37:29,076 [INFO] ThirdParty:1030 - CMSIS Pack Vendor :STMicroelectronics HAL Drivers 0.0.0
2026-03-16 11:37:29,076 [INFO] ThirdParty:1030 - CMSIS Pack Vendor :STMicroelectronics X-CUBE-FREERTOS 1.5.0
2026-03-16 11:37:29,076 [INFO] ThirdParty:1030 - CMSIS Pack Vendor :STMicroelectronics MBEDTLS 2.16.2
2026-03-16 11:37:29,076 [INFO] ThirdParty:1030 - CMSIS Pack Vendor :STMicroelectronics X-CUBE-ST60 1.1.0
2026-03-16 11:37:29,076 [INFO] ThirdParty:1030 - CMSIS Pack Vendor :STMicroelectronics X-CUBE-ALS 1.0.2
2026-03-16 11:37:29,076 [INFO] ThirdParty:1030 - CMSIS Pack Vendor :emotas I-CUBE-CANOPEN 1.3.0
2026-03-16 11:37:29,076 [INFO] ThirdParty:1030 - CMSIS Pack Vendor :STMicroelectronics MBEDTLS 2.14.1
2026-03-16 11:37:29,076 [INFO] ThirdParty:1030 - CMSIS Pack Vendor :STMicroelectronics X-CUBE-GNSS1 7.1.0
2026-03-16 11:37:29,076 [INFO] ThirdParty:1030 - CMSIS Pack Vendor :ITTIA_DB I-CUBE-ITTIADB 8.9.0
2026-03-16 11:37:29,076 [INFO] ThirdParty:1030 - CMSIS Pack Vendor :STMicroelectronics X-CUBE-TOUCHGFX 4.26.0
2026-03-16 11:37:29,076 [INFO] ThirdParty:1030 - CMSIS Pack Vendor :STMicroelectronics X-CUBE-STSE01 1.0.0
2026-03-16 11:37:29,076 [INFO] ThirdParty:1030 - CMSIS Pack Vendor :STMicroelectronics X-CUBE-TOUCHGFX 4.26.1
2026-03-16 11:37:29,076 [INFO] ThirdParty:1030 - CMSIS Pack Vendor :STMicroelectronics X-CUBE-NFC6 3.2.0
2026-03-16 11:37:29,076 [INFO] ThirdParty:1030 - CMSIS Pack Vendor :STMicroelectronics ThreadX 1.0.0
2026-03-16 11:37:29,076 [INFO] ThirdParty:1030 - CMSIS Pack Vendor :STMicroelectronics FP-SNS-SMARTAG2 1.2.0
2026-03-16 11:37:29,076 [INFO] ThirdParty:1030 - CMSIS Pack Vendor :STMicroelectronics FP-SNS-FLIGHT1 5.1.0
2026-03-16 11:37:29,076 [INFO] ThirdParty:1030 - CMSIS Pack Vendor :STMicroelectronics X-CUBE-AZRTOS-WL 2.0.0
2026-03-16 11:37:29,076 [INFO] ThirdParty:1030 - CMSIS Pack Vendor :SEGGER I-CUBE-embOS 1.3.1
2026-03-16 11:37:29,076 [INFO] ThirdParty:1030 - CMSIS Pack Vendor :STMicroelectronics X-CUBE-ALGOBUILD 1.4.0
2026-03-16 11:37:29,076 [INFO] ThirdParty:1030 - CMSIS Pack Vendor :STMicroelectronics X-CUBE-DPower 1.3.0
2026-03-16 11:37:29,076 [INFO] ThirdParty:1030 - CMSIS Pack Vendor :STMicroelectronics X-CUBE-MEMS1 11.3.0
2026-03-16 11:37:29,076 [INFO] ThirdParty:1030 - CMSIS Pack Vendor :STMicroelectronics FP-SNS-MOTENV1 5.0.0
2026-03-16 11:37:29,076 [INFO] ThirdParty:1030 - CMSIS Pack Vendor :STMicroelectronics USB_DEVICE 1.0.0
2026-03-16 11:37:29,076 [INFO] ThirdParty:1030 - CMSIS Pack Vendor :STMicroelectronics X-CUBE-AZRTOS-H7RS 1.2.0
2026-03-16 11:37:29,076 [INFO] ThirdParty:1030 - CMSIS Pack Vendor :STMicroelectronics X-CUBE-AZRTOS-L4 2.0.0
2026-03-16 11:37:29,076 [INFO] ThirdParty:1030 - CMSIS Pack Vendor :STMicroelectronics ThreadX 0.0.2
2026-03-16 11:37:29,076 [INFO] ThirdParty:1030 - CMSIS Pack Vendor :STMicroelectronics lwIP 2.1.2
2026-03-16 11:37:29,076 [INFO] ThirdParty:1030 - CMSIS Pack Vendor :STMicroelectronics X-CUBE-SFXS2LP1 4.0.0
2026-03-16 11:37:29,076 [INFO] ThirdParty:1030 - CMSIS Pack Vendor :STMicroelectronics X-CUBE-BLE2 3.3.0
2026-03-16 11:37:29,076 [INFO] ThirdParty:1030 - CMSIS Pack Vendor :Avnet-IOTCONNECT X-CUBE-iotc-st67-sdk 1.0.0
2026-03-16 11:37:29,076 [INFO] ThirdParty:1030 - CMSIS Pack Vendor :STMicroelectronics X-CUBE-TOF1 3.4.3
2026-03-16 11:37:29,076 [INFO] ThirdParty:1030 - CMSIS Pack Vendor :STMicroelectronics PDM2PCM 3.2.0
2026-03-16 11:37:29,076 [INFO] ThirdParty:1030 - CMSIS Pack Vendor :STMicroelectronics X-CUBE-ST67W61 1.2.0
2026-03-16 11:37:29,076 [INFO] ThirdParty:841 - exiting critical section [change project]
2026-03-16 11:37:29,326 [INFO] PinOutPanel:1589 - setPackage(No Configuration,No Configuration)
2026-03-16 11:37:29,327 [INFO] PinOutPanel:1589 - setPackage(STM32F446RETx,LQFP64)
2026-03-16 11:37:29,462 [INFO] UtilMem:75 - Before build in PCC Used Memory: 451211008 Bytes (937426944)
2026-03-16 11:37:29,574 [INFO] UtilMem:75 - After build in PCC Used Memory: 500494080 Bytes (937426944)
2026-03-16 11:37:29,587 [INFO] IPUIPlugin:80 - create IPUIPlugin
2026-03-16 11:37:29,587 [INFO] IPUIPlugin:80 - create IPUIPlugin
2026-03-16 11:37:29,587 [INFO] IPUIPlugin:80 - create IPUIPlugin
2026-03-16 11:37:29,587 [INFO] IPUIPlugin:80 - create IPUIPlugin
2026-03-16 11:37:29,587 [INFO] IPUIPlugin:80 - create IPUIPlugin
2026-03-16 11:37:29,587 [INFO] IPUIPlugin:80 - create IPUIPlugin
2026-03-16 11:37:29,587 [INFO] IPUIPlugin:80 - create IPUIPlugin
2026-03-16 11:37:29,587 [INFO] IPUIPlugin:80 - create IPUIPlugin
2026-03-16 11:37:29,588 [INFO] IPUIPlugin:80 - create IPUIPlugin
2026-03-16 11:37:29,588 [INFO] IPUIPlugin:80 - create IPUIPlugin
2026-03-16 11:37:29,588 [INFO] IPUIPlugin:80 - create IPUIPlugin
2026-03-16 11:37:29,588 [INFO] IPUIPlugin:80 - create IPUIPlugin
2026-03-16 11:37:29,588 [INFO] IPUIPlugin:80 - create IPUIPlugin
2026-03-16 11:37:29,588 [INFO] IPUIPlugin:80 - create IPUIPlugin
2026-03-16 11:37:29,588 [INFO] IPUIPlugin:80 - create IPUIPlugin
2026-03-16 11:37:29,588 [INFO] IPUIPlugin:80 - create IPUIPlugin
2026-03-16 11:37:29,588 [INFO] IPUIPlugin:80 - create IPUIPlugin
2026-03-16 11:37:29,588 [INFO] IPUIPlugin:80 - create IPUIPlugin
2026-03-16 11:37:29,588 [INFO] IPUIPlugin:80 - create IPUIPlugin
2026-03-16 11:37:29,588 [INFO] IPUIPlugin:80 - create IPUIPlugin
2026-03-16 11:37:29,588 [INFO] IPUIPlugin:80 - create IPUIPlugin
2026-03-16 11:37:29,588 [INFO] IPUIPlugin:80 - create IPUIPlugin
2026-03-16 11:37:29,589 [INFO] IPUIPlugin:80 - create IPUIPlugin
2026-03-16 11:37:29,589 [INFO] IPUIPlugin:80 - create IPUIPlugin
2026-03-16 11:37:29,589 [INFO] IPUIPlugin:80 - create IPUIPlugin
2026-03-16 11:37:29,589 [INFO] IPUIPlugin:80 - create IPUIPlugin
2026-03-16 11:37:29,589 [INFO] IPUIPlugin:80 - create IPUIPlugin
2026-03-16 11:37:29,589 [INFO] IPUIPlugin:80 - create IPUIPlugin
2026-03-16 11:37:29,589 [INFO] IPUIPlugin:80 - create IPUIPlugin
2026-03-16 11:37:29,589 [INFO] IPUIPlugin:80 - create IPUIPlugin
2026-03-16 11:37:29,589 [INFO] IPUIPlugin:80 - create IPUIPlugin
2026-03-16 11:37:29,589 [INFO] IPUIPlugin:80 - create IPUIPlugin
2026-03-16 11:37:29,589 [INFO] IPUIPlugin:80 - create IPUIPlugin
2026-03-16 11:37:29,589 [INFO] IPUIPlugin:80 - create IPUIPlugin
2026-03-16 11:37:29,590 [INFO] IPUIPlugin:80 - create IPUIPlugin
2026-03-16 11:37:29,590 [INFO] IPUIPlugin:80 - create IPUIPlugin
2026-03-16 11:37:29,590 [INFO] IPUIPlugin:80 - create IPUIPlugin
2026-03-16 11:37:29,590 [INFO] IPUIPlugin:80 - create IPUIPlugin
2026-03-16 11:37:29,590 [INFO] IPUIPlugin:80 - create IPUIPlugin
2026-03-16 11:37:29,590 [INFO] IPUIPlugin:80 - create IPUIPlugin
2026-03-16 11:37:29,590 [INFO] IPUIPlugin:80 - create IPUIPlugin
2026-03-16 11:37:29,590 [INFO] IPUIPlugin:80 - create IPUIPlugin
2026-03-16 11:37:29,590 [INFO] IPUIPlugin:80 - create IPUIPlugin
2026-03-16 11:37:29,591 [INFO] IPUIPlugin:80 - create IPUIPlugin
2026-03-16 11:37:29,591 [INFO] IPUIPlugin:80 - create IPUIPlugin
2026-03-16 11:37:29,591 [INFO] IPUIPlugin:80 - create IPUIPlugin
2026-03-16 11:37:29,591 [INFO] IPUIPlugin:80 - create IPUIPlugin
2026-03-16 11:37:29,591 [INFO] IPUIPlugin:80 - create IPUIPlugin
2026-03-16 11:37:29,591 [INFO] IPUIPlugin:80 - create IPUIPlugin
2026-03-16 11:37:29,591 [INFO] IPUIPlugin:80 - create IPUIPlugin
2026-03-16 11:37:29,591 [INFO] IPUIPlugin:80 - create IPUIPlugin
2026-03-16 11:37:29,592 [INFO] IPUIPlugin:80 - create IPUIPlugin
2026-03-16 11:37:29,592 [INFO] IPUIPlugin:80 - create IPUIPlugin
2026-03-16 11:37:29,592 [INFO] IPUIPlugin:80 - create IPUIPlugin
2026-03-16 11:37:29,592 [INFO] IPUIPlugin:80 - create IPUIPlugin
2026-03-16 11:37:29,592 [INFO] IPUIPlugin:80 - create IPUIPlugin
2026-03-16 11:37:29,592 [INFO] IPUIPlugin:80 - create IPUIPlugin
2026-03-16 11:37:29,593 [INFO] IPUIPlugin:80 - create IPUIPlugin
2026-03-16 11:37:29,593 [INFO] IPUIPlugin:80 - create IPUIPlugin
2026-03-16 11:37:29,593 [INFO] IPUIPlugin:80 - create IPUIPlugin
2026-03-16 11:37:29,594 [INFO] ApiDbMcu:532 - Load IP Config File for PDM2PCM
2026-03-16 11:37:29,596 [INFO] Can:71 - Can Add PropertyChangeListener com.st.microxplorer.plugins.ip.can.Can@329ecc5c
2026-03-16 11:37:29,596 [WARN] IP:2250 - I2C_Coeff_DF not found: check if there is a RefParameter without a condition.
2026-03-16 11:37:29,596 [WARN] IP:2250 - Analog_Filter not found: check if there is a RefParameter without a condition.
2026-03-16 11:37:29,634 [INFO] CADModel:165 - CPN selected for project levelSTM32F446RET6
2026-03-16 11:37:29,634 [INFO] CADModel:114 - Register for checkConnection events
2026-03-16 11:37:29,672 [INFO] OpenFileManager:386 - Restore cursor
2026-03-16 11:37:29,823 [WARN] IP:2250 - I2C_Coeff_DF not found: check if there is a RefParameter without a condition.
2026-03-16 11:37:29,823 [WARN] IP:2250 - Analog_Filter not found: check if there is a RefParameter without a condition.
2026-03-16 11:37:29,823 [WARN] IP:2250 - I2C_Coeff_DF not found: check if there is a RefParameter without a condition.
2026-03-16 11:37:29,823 [WARN] IP:2250 - Analog_Filter not found: check if there is a RefParameter without a condition.
2026-03-16 11:39:23,899 [INFO] MainUpdater:2872 - connection check result : 10
2026-03-16 11:39:23,900 [INFO] MainUpdater:2872 - connection check result : 10
2026-03-16 11:39:23,953 [INFO] MicroXplorer:468 - Change Database Path : 
2026-03-16 11:39:23,953 [INFO] MicroXplorer:498 - Change Database Version : DB.6.0.150
2026-03-16 11:39:23,961 [ERROR] ProjectManagerView:395 - 
java.lang.NullPointerException: Cannot invoke "javax.swing.JTextField.getText()" because the return value of "java.util.List.get(int)" is null
	at com.st.microxplorer.plugins.projectmanager.gui.ProjectChoiceTab$9.caretUpdate(ProjectChoiceTab.java:2706) ~[filemanager.jar:?]
	at javax.swing.text.JTextComponent.fireCaretUpdate(JTextComponent.java:408) ~[?:?]
	at javax.swing.text.JTextComponent$MutableCaretEvent.fire(JTextComponent.java:4484) ~[?:?]
	at javax.swing.text.JTextComponent$MutableCaretEvent.stateChanged(JTextComponent.java:4506) ~[?:?]
	at javax.swing.text.DefaultCaret.fireStateChanged(DefaultCaret.java:857) ~[?:?]
	at javax.swing.text.DefaultCaret.changeCaretPosition(DefaultCaret.java:1343) ~[?:?]
	at javax.swing.text.DefaultCaret.handleSetDot(DefaultCaret.java:1242) ~[?:?]
	at javax.swing.text.DefaultCaret.setDot(DefaultCaret.java:1223) ~[?:?]
	at javax.swing.text.DefaultCaret$Handler.insertUpdate(DefaultCaret.java:1819) ~[?:?]
	at javax.swing.text.AbstractDocument.fireInsertUpdate(AbstractDocument.java:227) ~[?:?]
	at javax.swing.text.AbstractDocument.handleInsertString(AbstractDocument.java:781) ~[?:?]
	at javax.swing.text.AbstractDocument.insertString(AbstractDocument.java:740) ~[?:?]
	at javax.swing.text.PlainDocument.insertString(PlainDocument.java:131) ~[?:?]
	at javax.swing.text.AbstractDocument.replace(AbstractDocument.java:699) ~[?:?]
	at javax.swing.text.JTextComponent.setText(JTextComponent.java:1725) ~[?:?]
	at com.st.microxplorer.plugins.projectmanager.gui.ProjectChoiceTab.createHeapStackFields(ProjectChoiceTab.java:993) ~[filemanager.jar:?]
	at com.st.microxplorer.plugins.projectmanager.gui.ProjectChoiceTab.buildLinkSettingsPanel(ProjectChoiceTab.java:3813) ~[filemanager.jar:?]
	at com.st.microxplorer.plugins.projectmanager.gui.ProjectChoiceTab.defineWindowsFields(ProjectChoiceTab.java:1987) ~[filemanager.jar:?]
	at com.st.microxplorer.plugins.projectmanager.gui.ProjectChoiceTab.updateSettings(ProjectChoiceTab.java:558) ~[filemanager.jar:?]
	at com.st.microxplorer.plugins.projectmanager.gui.ProjectSettingsPanel.UpdateDialog(ProjectSettingsPanel.java:247) ~[filemanager.jar:?]
	at com.st.microxplorer.plugins.projectmanager.ProjectManagerView.propertyChange(ProjectManagerView.java:392) ~[filemanager.jar:?]
	at java.beans.PropertyChangeSupport.fire(PropertyChangeSupport.java:343) ~[?:?]
	at java.beans.PropertyChangeSupport.firePropertyChange(PropertyChangeSupport.java:335) ~[?:?]
	at java.beans.PropertyChangeSupport.firePropertyChange(PropertyChangeSupport.java:268) ~[?:?]
	at com.st.microxplorer.util.MXPropertyChangeSupport.firePropertyChange(MXPropertyChangeSupport.java:54) ~[STM32CubeMX.jar:?]
	at com.st.microxplorer.mxsystem.MxSystem.closeConfig(MxSystem.java:899) ~[STM32CubeMX.jar:?]
	at com.st.microxplorer.maingui.MainPanel.closeConfig(MainPanel.java:792) ~[STM32CubeMX.jar:?]
	at com.st.microxplorer.plugins.filemanager.engine.OpenFileManager.loadConfigurationFile(OpenFileManager.java:288) ~[filemanager.jar:?]
	at com.st.microxplorer.plugins.filemanager.engine.MainFileManager.userLoadConfig(MainFileManager.java:364) ~[filemanager.jar:?]
	at com.st.microxplorer.plugins.filemanager.engine.MainFileManager.userLoadConfig(MainFileManager.java:342) ~[filemanager.jar:?]
	at com.st.microxplorer.plugins.filemanager.FileManagerView.getSpecificTask(FileManagerView.java:264) ~[filemanager.jar:?]
	at com.st.stm32cube.common.mx.editor.CubeMxEditor.getMxTabbedPaneInstance(CubeMxEditor.java:1198) ~[com.st.stm32cube.common.mx_6.15.0.202507011659/:?]
	at com.st.stm32cube.common.mx.editor.CubeMxEditor$12$1.createSwingComponent(CubeMxEditor.java:1068) ~[com.st.stm32cube.common.mx_6.15.0.202507011659/:?]
	at com.st.stm32cube.common.mx.oss.core.awtswtbridge.EmbeddedSwingComposite.doComponentCreation(EmbeddedSwingComposite.java:492) ~[com.st.stm32cube.common.mx.oss_6.15.0.202507011659/:?]
	at com.st.stm32cube.common.mx.oss.core.awtswtbridge.EmbeddedSwingComposite$4.run(EmbeddedSwingComposite.java:291) ~[com.st.stm32cube.common.mx.oss_6.15.0.202507011659/:?]
	at com.st.stm32cube.common.mx.oss.core.awtswtbridge.AwtEnvironment$2.run(AwtEnvironment.java:166) ~[com.st.stm32cube.common.mx.oss_6.15.0.202507011659/:?]
	at java.awt.event.InvocationEvent.dispatch(InvocationEvent.java:318) ~[?:?]
	at java.awt.EventQueue.dispatchEventImpl(EventQueue.java:773) ~[?:?]
	at java.awt.EventQueue$4.run(EventQueue.java:720) ~[?:?]
	at java.awt.EventQueue$4.run(EventQueue.java:714) ~[?:?]
	at java.security.AccessController.doPrivileged(AccessController.java:400) ~[?:?]
	at java.security.ProtectionDomain$JavaSecurityAccessImpl.doIntersectionPrivilege(ProtectionDomain.java:87) ~[?:?]
	at java.awt.EventQueue.dispatchEvent(EventQueue.java:742) ~[?:?]
	at java.awt.EventDispatchThread.pumpOneEventForFilters(EventDispatchThread.java:203) ~[?:?]
	at java.awt.EventDispatchThread.pumpEventsForFilter(EventDispatchThread.java:124) ~[?:?]
	at java.awt.EventDispatchThread.pumpEventsForHierarchy(EventDispatchThread.java:113) ~[?:?]
	at java.awt.EventDispatchThread.pumpEvents(EventDispatchThread.java:109) ~[?:?]
	at java.awt.EventDispatchThread.pumpEvents(EventDispatchThread.java:101) ~[?:?]
	at java.awt.EventDispatchThread.run(EventDispatchThread.java:90) ~[?:?]
2026-03-16 11:39:23,962 [WARN] ThirdParty:871 - waiting for thirdparty lock release [close project]
2026-03-16 11:39:23,963 [INFO] ThirdParty:873 - entering critical section [close project]
2026-03-16 11:39:23,963 [INFO] ThirdParty:883 - exiting critical section [close project]
2026-03-16 11:39:23,965 [INFO] PinOutPanel:1589 - setPackage(No Configuration,No Configuration)
2026-03-16 11:39:23,972 [WARN] IpParametersView:155 - Warning: This peripheral hasn't parameters
2026-03-16 11:39:23,975 [WARN] MainPanel:289 - <html><b><center>Warning: This peripheral has no parameters to be configured<br></b></html>
2026-03-16 11:39:23,979 [INFO] UtilMem:75 - Begin LoadConfig() Used Memory: 458204176 Bytes (937426944)
2026-03-16 11:39:23,980 [INFO] MicroXplorer:468 - Change Database Path : 
2026-03-16 11:39:23,980 [INFO] MicroXplorer:498 - Change Database Version : DB.6.0.150
2026-03-16 11:39:23,980 [INFO] OpenFileManager:355 - Change cursor
2026-03-16 11:39:23,987 [INFO] Mcu:2029 - Initializing MCU STM32F446R(C-E)Tx STM32F446RETx STM32F446RET6
2026-03-16 11:39:24,882 [INFO] Context:786 - Trying to add GPIOservice into a context  which must be forbidden
2026-03-16 11:39:25,169 [INFO] ImportTextPane:234 - (OptionalMessage_ERROR) Pin16 (VP_RIF_VS_RIF1) cannot be retrieved for this MCU
2026-03-16 11:39:25,248 [INFO] RtosManager:558 - Registered RTOS mode: class=CMSIS, group=RTOS, mode=CMSIS_V1, owner=FREERTOS
2026-03-16 11:39:25,249 [INFO] RtosManager:558 - Registered RTOS mode: class=CMSIS, group=RTOS2, mode=CMSIS_V2, owner=FREERTOS
2026-03-16 11:39:25,249 [INFO] RtosManager:558 - Registered RTOS mode: class=RTOS, group=Core, mode=CMSIS_V1, owner=FREERTOS
2026-03-16 11:39:25,249 [INFO] RtosManager:558 - Registered RTOS mode: class=RTOS, group=Core, mode=CMSIS_V2, owner=FREERTOS
2026-03-16 11:39:25,249 [WARN] ModelIntegratedComponent:184 - Missing modes for component STMicroelectronics:FreeRTOS:0.0.1:STMicroelectronics:RTOS:FreeRTOS:Core:::10.2.0:
2026-03-16 11:39:25,256 [WARN] ModelIntegratedComponent:63 - No mode defined for component null
2026-03-16 11:39:25,256 [WARN] ModelIntegratedComponent:63 - No mode defined for component null
2026-03-16 11:39:25,256 [WARN] ModelIntegratedComponent:63 - No mode defined for component null
2026-03-16 11:39:25,256 [WARN] ModelIntegratedComponent:63 - No mode defined for component null
2026-03-16 11:39:25,256 [WARN] ModelIntegratedComponent:63 - No mode defined for component null
2026-03-16 11:39:25,256 [WARN] ModelIntegratedComponent:63 - No mode defined for component null
2026-03-16 11:39:25,256 [WARN] ModelIntegratedComponent:63 - No mode defined for component null
2026-03-16 11:39:25,256 [WARN] ModelIntegratedComponent:63 - No mode defined for component null
2026-03-16 11:39:25,256 [WARN] ModelIntegratedComponent:63 - No mode defined for component null
2026-03-16 11:39:25,256 [WARN] ModelIntegratedComponent:63 - No mode defined for component null
2026-03-16 11:39:25,256 [WARN] ModelIntegratedComponent:63 - No mode defined for component null
2026-03-16 11:39:25,256 [WARN] ModelIntegratedComponent:63 - No mode defined for component null
2026-03-16 11:39:25,256 [WARN] ModelIntegratedComponent:63 - No mode defined for component null
2026-03-16 11:39:25,256 [WARN] ModelIntegratedComponent:63 - No mode defined for component null
2026-03-16 11:39:25,256 [WARN] ModelIntegratedComponent:63 - No mode defined for component null
2026-03-16 11:39:25,256 [WARN] ModelIntegratedComponent:63 - No mode defined for component null
2026-03-16 11:39:25,256 [WARN] ModelIntegratedComponent:63 - No mode defined for component null
2026-03-16 11:39:25,256 [WARN] ModelIntegratedComponent:63 - No mode defined for component null
2026-03-16 11:39:25,256 [WARN] ModelIntegratedComponent:63 - No mode defined for component null
2026-03-16 11:39:25,257 [WARN] ModelIntegratedComponent:63 - No mode defined for component null
2026-03-16 11:39:25,257 [WARN] ModelIntegratedComponent:63 - No mode defined for component null
2026-03-16 11:39:25,257 [WARN] ModelIntegratedComponent:63 - No mode defined for component null
2026-03-16 11:39:25,257 [WARN] ModelIntegratedComponent:63 - No mode defined for component null
2026-03-16 11:39:25,257 [WARN] ModelIntegratedComponent:63 - No mode defined for component null
2026-03-16 11:39:25,257 [WARN] ModelIntegratedComponent:63 - No mode defined for component null
2026-03-16 11:39:25,257 [WARN] ModelIntegratedComponent:63 - No mode defined for component null
2026-03-16 11:39:25,257 [WARN] ModelIntegratedComponent:63 - No mode defined for component null
2026-03-16 11:39:25,257 [WARN] ModelIntegratedComponent:63 - No mode defined for component null
2026-03-16 11:39:25,257 [WARN] ModelIntegratedComponent:63 - No mode defined for component null
2026-03-16 11:39:25,257 [WARN] ModelIntegratedComponent:63 - No mode defined for component null
2026-03-16 11:39:25,257 [WARN] ModelIntegratedComponent:63 - No mode defined for component null
2026-03-16 11:39:25,257 [WARN] ModelIntegratedComponent:63 - No mode defined for component null
2026-03-16 11:39:25,257 [WARN] ModelIntegratedComponent:63 - No mode defined for component null
2026-03-16 11:39:25,257 [WARN] ModelIntegratedComponent:63 - No mode defined for component null
2026-03-16 11:39:25,257 [WARN] ModelIntegratedComponent:63 - No mode defined for component null
2026-03-16 11:39:25,257 [WARN] ModelPack:524 - Component already loaded: STMicroelectronics:HAL Drivers:0.0.0:STMicroelectronics:Device:STMicro_Driver:XSPI:HAL::0.0.1:HAL_XSPI
2026-03-16 11:39:25,331 [INFO] ThirdPartyModel:298 - Start build external matchings
2026-03-16 11:39:25,618 [INFO] ThirdPartyModel:316 - End build external matchings
2026-03-16 11:39:25,626 [INFO] ImportTextPane:234 - (OptionalMessage_ERROR) IP (DMA) : Parameter (Instance) has Id (I2C3_RX) currently not set
2026-03-16 11:39:25,626 [INFO] ImportTextPane:234 - (OptionalMessage_ERROR) IP (DMA) : Parameter (Channel) has Id (I2C3_RX) currently not set
2026-03-16 11:39:25,626 [INFO] ImportTextPane:234 - (OptionalMessage_ERROR) IP (DMA) : Parameter (Direction) has Id (I2C3_RX) currently not set
2026-03-16 11:39:25,626 [INFO] ImportTextPane:234 - (OptionalMessage_ERROR) IP (DMA) : Parameter (PeriphInc) has Id (I2C3_RX) currently not set
2026-03-16 11:39:25,626 [INFO] ImportTextPane:234 - (OptionalMessage_ERROR) IP (DMA) : Parameter (MemInc) has Id (I2C3_RX) currently not set
2026-03-16 11:39:25,626 [INFO] ImportTextPane:234 - (OptionalMessage_ERROR) IP (DMA) : Parameter (PeriphDataAlignment) has Id (I2C3_RX) currently not set
2026-03-16 11:39:25,626 [INFO] ImportTextPane:234 - (OptionalMessage_ERROR) IP (DMA) : Parameter (MemDataAlignment) has Id (I2C3_RX) currently not set
2026-03-16 11:39:25,626 [INFO] ImportTextPane:234 - (OptionalMessage_ERROR) IP (DMA) : Parameter (Mode) has Id (I2C3_RX) currently not set
2026-03-16 11:39:25,626 [INFO] ImportTextPane:234 - (OptionalMessage_ERROR) IP (DMA) : Parameter (Priority) has Id (I2C3_RX) currently not set
2026-03-16 11:39:25,626 [INFO] ImportTextPane:234 - (OptionalMessage_ERROR) IP (DMA) : Parameter (FIFOMode) has Id (I2C3_RX) currently not set
2026-03-16 11:39:25,626 [WARN] IP:2250 - I2C_Coeff_DF not found: check if there is a RefParameter without a condition.
2026-03-16 11:39:25,627 [WARN] IP:2250 - Analog_Filter not found: check if there is a RefParameter without a condition.
2026-03-16 11:39:25,627 [INFO] ImportTextPane:234 - (OptionalMessage_ERROR) IP (RCC) : Invalid parameter (FamilyName)
2026-03-16 11:39:25,629 [WARN] IP:2250 - DEVICE_SERIAL0_CDC_FS not found: check if there is a RefParameter without a condition.
2026-03-16 11:39:25,629 [WARN] IP:2250 - DEVICE_SERIAL1_CDC_FS not found: check if there is a RefParameter without a condition.
2026-03-16 11:39:25,629 [WARN] IP:2250 - DEVICE_SERIAL2_CDC_FS not found: check if there is a RefParameter without a condition.
2026-03-16 11:39:25,757 [INFO] UtilMem:75 - End LoadConfig() Used Memory: 468773544 Bytes (937426944)
2026-03-16 11:39:25,769 [WARN] ThirdParty:833 - waiting for thirdparty lock release [change project]
2026-03-16 11:39:25,769 [INFO] ThirdParty:835 - entering critical section [change project]
2026-03-16 11:39:25,769 [INFO] ThirdParty:1030 - CMSIS Pack Vendor :STMicroelectronics X-CUBE-AZRTOS-H7 3.5.0
2026-03-16 11:39:25,769 [INFO] ThirdParty:1030 - CMSIS Pack Vendor :STMicroelectronics X-CUBE-PM33A1 1.0.0
2026-03-16 11:39:25,769 [INFO] ThirdParty:1030 - CMSIS Pack Vendor :STMicroelectronics USBPD 4.1
2026-03-16 11:39:25,769 [INFO] ThirdParty:1030 - CMSIS Pack Vendor :STMicroelectronics X-CUBE-NFC9 1.0.0
2026-03-16 11:39:25,769 [INFO] ThirdParty:1030 - CMSIS Pack Vendor :STMicroelectronics USB_HOST 2.0.0
2026-03-16 11:39:25,769 [INFO] ThirdParty:1030 - CMSIS Pack Vendor :STMicroelectronics FP-SNS-MOTENVWB1 1.4.0
2026-03-16 11:39:25,769 [INFO] ThirdParty:1030 - CMSIS Pack Vendor :STMicroelectronics X-CUBE-AZRTOS-F4 1.1.0
2026-03-16 11:39:25,769 [INFO] ThirdParty:1030 - CMSIS Pack Vendor :STMicroelectronics LIBJPEG 8.0.0
2026-03-16 11:39:25,769 [INFO] ThirdParty:1030 - CMSIS Pack Vendor :STMicroelectronics FP-ATR-ASTRA1 2.0.2
2026-03-16 11:39:25,769 [INFO] ThirdParty:1030 - CMSIS Pack Vendor :wolfSSL I-CUBE-wolfSSL 5.8.2
2026-03-16 11:39:25,769 [INFO] ThirdParty:1030 - CMSIS Pack Vendor :STMicroelectronics X-CUBE-BLE1 7.1.0
2026-03-16 11:39:25,769 [INFO] ThirdParty:1030 - CMSIS Pack Vendor :STMicroelectronics X-CUBE-SMBUS 2.1.0
2026-03-16 11:39:25,769 [INFO] ThirdParty:1030 - CMSIS Pack Vendor :wolfSSL I-CUBE-wolfMQTT 1.19.2
2026-03-16 11:39:25,769 [INFO] ThirdParty:1030 - CMSIS Pack Vendor :STMicroelectronics USB_DEVICE 3.0.0
2026-03-16 11:39:25,769 [INFO] ThirdParty:1030 - CMSIS Pack Vendor :STMicroelectronics X-CUBE-ISPU 2.1.0
2026-03-16 11:39:25,769 [INFO] ThirdParty:1030 - CMSIS Pack Vendor :STMicroelectronics X-CUBE-FREERTOS 1.4.0
2026-03-16 11:39:25,769 [INFO] ThirdParty:1030 - CMSIS Pack Vendor :STMicroelectronics X-CUBE-EEPRMA1 5.2.0
2026-03-16 11:39:25,769 [INFO] ThirdParty:1030 - CMSIS Pack Vendor :STMicroelectronics X-CUBE-IPS 3.2.0
2026-03-16 11:39:25,769 [INFO] ThirdParty:1030 - CMSIS Pack Vendor :STMicroelectronics X-CUBE-BLEMGR 4.1.0
2026-03-16 11:39:25,770 [INFO] ThirdParty:1030 - CMSIS Pack Vendor :STMicroelectronics X-CUBE-AZRTOS-WB 2.0.0
2026-03-16 11:39:25,770 [INFO] ThirdParty:1030 - CMSIS Pack Vendor :STMicroelectronics X-CUBE-ST60 1.0.0
2026-03-16 11:39:25,770 [INFO] ThirdParty:1030 - CMSIS Pack Vendor :STMicroelectronics X-CUBE-GNSS1 7.0.1
2026-03-16 11:39:25,770 [INFO] ThirdParty:1030 - CMSIS Pack Vendor :STMicroelectronics X-CUBE-NFC12 1.0.0
2026-03-16 11:39:25,770 [INFO] ThirdParty:1030 - CMSIS Pack Vendor :STMicroelectronics X-CUBE-AZRTOS-F7 1.1.0
2026-03-16 11:39:25,770 [INFO] ThirdParty:1030 - CMSIS Pack Vendor :STMicroelectronics X-CUBE-AZRTOS-L5 2.0.0
2026-03-16 11:39:25,770 [INFO] ThirdParty:1030 - CMSIS Pack Vendor :STMicroelectronics USB_DEVICE 2.0.0
2026-03-16 11:39:25,770 [INFO] ThirdParty:1030 - CMSIS Pack Vendor :STMicroelectronics X-CUBE-NFC6 3.1.0
2026-03-16 11:39:25,770 [INFO] ThirdParty:1030 - CMSIS Pack Vendor :STMicroelectronics X-CUBE-ST67W61 1.1.0
2026-03-16 11:39:25,770 [INFO] ThirdParty:1030 - CMSIS Pack Vendor :Cesanta I-CUBE-Mongoose 7.19.0
2026-03-16 11:39:25,770 [INFO] ThirdParty:1030 - CMSIS Pack Vendor :quantropi X-CUBE-qispace-sdk-base 2.1.0
2026-03-16 11:39:25,770 [INFO] ThirdParty:1030 - CMSIS Pack Vendor :STMicroelectronics X-CUBE-MEMS1 12.0.0
2026-03-16 11:39:25,770 [INFO] ThirdParty:1030 - CMSIS Pack Vendor :STMicroelectronics X-CUBE-STSE01 2.0.0
2026-03-16 11:39:25,770 [INFO] ThirdParty:1030 - CMSIS Pack Vendor :STMicroelectronics FP-SNS-MOTENV1 5.1.0
2026-03-16 11:39:25,770 [INFO] ThirdParty:1030 - CMSIS Pack Vendor :STMicroelectronics FreeRTOS 0.0.1
2026-03-16 11:39:25,770 [INFO] ThirdParty:1030 - CMSIS Pack Vendor :STMicroelectronics X-CUBE-AZRTOS-G0 1.1.0
2026-03-16 11:39:25,770 [INFO] ThirdParty:1030 - CMSIS Pack Vendor :STMicroelectronics X-CUBE-SAFEA1 1.2.2
2026-03-16 11:39:25,770 [INFO] ThirdParty:1030 - CMSIS Pack Vendor :STMicroelectronics X-CUBE-NFC4 3.0.0
2026-03-16 11:39:25,770 [INFO] ThirdParty:1030 - CMSIS Pack Vendor :STMicroelectronics X-CUBE-SUBG2 5.0.0
2026-03-16 11:39:25,770 [INFO] ThirdParty:1030 - CMSIS Pack Vendor :STMicroelectronics X-CUBE-AZRTOS-H7RS 1.1.0
2026-03-16 11:39:25,770 [INFO] ThirdParty:1030 - CMSIS Pack Vendor :STMicroelectronics STM32_WPAN 1.0.0
2026-03-16 11:39:25,770 [INFO] ThirdParty:1030 - CMSIS Pack Vendor :EmbeddedOffice I-CUBE-FS-RTOS 1.0.1
2026-03-16 11:39:25,770 [INFO] ThirdParty:1030 - CMSIS Pack Vendor :STMicroelectronics lwIP 2.0.3
2026-03-16 11:39:25,770 [INFO] ThirdParty:1030 - CMSIS Pack Vendor :WES I-CUBE-Cesium 1.4.0
2026-03-16 11:39:25,770 [INFO] ThirdParty:1030 - CMSIS Pack Vendor :STMicroelectronics USB_HOST 1.0.0
2026-03-16 11:39:25,770 [INFO] ThirdParty:1030 - CMSIS Pack Vendor :Infineon AIROC-Wi-Fi-Bluetooth-STM32 1.7.1
2026-03-16 11:39:25,770 [INFO] ThirdParty:1030 - CMSIS Pack Vendor :STMicroelectronics X-CUBE-AZRTOS-G4 2.0.0
2026-03-16 11:39:25,770 [INFO] ThirdParty:1030 - CMSIS Pack Vendor :STMicroelectronics X-CUBE-WB05N 2.0.0
2026-03-16 11:39:25,770 [INFO] ThirdParty:1030 - CMSIS Pack Vendor :STMicroelectronics PDM2PCM 3.1.0
2026-03-16 11:39:25,770 [INFO] ThirdParty:1030 - CMSIS Pack Vendor :STMicroelectronics PDM2PCM 3.3.0
2026-03-16 11:39:25,770 [INFO] ThirdParty:1030 - CMSIS Pack Vendor :wolfSSL I-CUBE-wolfTPM 3.8.0
2026-03-16 11:39:25,770 [INFO] ThirdParty:1030 - CMSIS Pack Vendor :STMicroelectronics X-CUBE-AZRTOS-H7 3.4.0
2026-03-16 11:39:25,770 [INFO] ThirdParty:1030 - CMSIS Pack Vendor :STMicroelectronics X-CUBE-DISPLAY 3.0.0
2026-03-16 11:39:25,770 [INFO] ThirdParty:1030 - CMSIS Pack Vendor :wolfSSL I-CUBE-wolfSSH 1.4.20
2026-03-16 11:39:25,770 [INFO] ThirdParty:1030 - CMSIS Pack Vendor :STMicroelectronics X-CUBE-NFC7 2.0.0
2026-03-16 11:39:25,770 [INFO] ThirdParty:1030 - CMSIS Pack Vendor :STMicroelectronics FP-SNS-MOTENVWB1 1.5.0
2026-03-16 11:39:25,770 [INFO] ThirdParty:1030 - CMSIS Pack Vendor :STMicroelectronics X-CUBE-TCPP 4.2.0
2026-03-16 11:39:25,770 [INFO] ThirdParty:1030 - CMSIS Pack Vendor :RealThread X-CUBE-RT-Thread_Nano 4.1.1
2026-03-16 11:39:25,770 [INFO] ThirdParty:1030 - CMSIS Pack Vendor :STMicroelectronics FP-ATR-SIGFOX1 3.2.0
2026-03-16 11:39:25,770 [INFO] ThirdParty:1030 - CMSIS Pack Vendor :STMicroelectronics X-CUBE-NFC10 1.0.0
2026-03-16 11:39:25,770 [INFO] ThirdParty:1030 - CMSIS Pack Vendor :STMicroelectronics X-CUBE-FREERTOS 1.3.1
2026-03-16 11:39:25,770 [INFO] ThirdParty:1030 - CMSIS Pack Vendor :STMicroelectronics HAL Drivers 0.0.0
2026-03-16 11:39:25,770 [INFO] ThirdParty:1030 - CMSIS Pack Vendor :STMicroelectronics X-CUBE-FREERTOS 1.5.0
2026-03-16 11:39:25,770 [INFO] ThirdParty:1030 - CMSIS Pack Vendor :STMicroelectronics MBEDTLS 2.16.2
2026-03-16 11:39:25,770 [INFO] ThirdParty:1030 - CMSIS Pack Vendor :STMicroelectronics X-CUBE-ST60 1.1.0
2026-03-16 11:39:25,770 [INFO] ThirdParty:1030 - CMSIS Pack Vendor :STMicroelectronics X-CUBE-ALS 1.0.2
2026-03-16 11:39:25,770 [INFO] ThirdParty:1030 - CMSIS Pack Vendor :emotas I-CUBE-CANOPEN 1.3.0
2026-03-16 11:39:25,770 [INFO] ThirdParty:1030 - CMSIS Pack Vendor :STMicroelectronics MBEDTLS 2.14.1
2026-03-16 11:39:25,770 [INFO] ThirdParty:1030 - CMSIS Pack Vendor :STMicroelectronics X-CUBE-GNSS1 7.1.0
2026-03-16 11:39:25,770 [INFO] ThirdParty:1030 - CMSIS Pack Vendor :ITTIA_DB I-CUBE-ITTIADB 8.9.0
2026-03-16 11:39:25,770 [INFO] ThirdParty:1030 - CMSIS Pack Vendor :STMicroelectronics X-CUBE-TOUCHGFX 4.26.0
2026-03-16 11:39:25,770 [INFO] ThirdParty:1030 - CMSIS Pack Vendor :STMicroelectronics X-CUBE-STSE01 1.0.0
2026-03-16 11:39:25,770 [INFO] ThirdParty:1030 - CMSIS Pack Vendor :STMicroelectronics X-CUBE-TOUCHGFX 4.26.1
2026-03-16 11:39:25,770 [INFO] ThirdParty:1030 - CMSIS Pack Vendor :STMicroelectronics X-CUBE-NFC6 3.2.0
2026-03-16 11:39:25,770 [INFO] ThirdParty:1030 - CMSIS Pack Vendor :STMicroelectronics ThreadX 1.0.0
2026-03-16 11:39:25,770 [INFO] ThirdParty:1030 - CMSIS Pack Vendor :STMicroelectronics FP-SNS-SMARTAG2 1.2.0
2026-03-16 11:39:25,770 [INFO] ThirdParty:1030 - CMSIS Pack Vendor :STMicroelectronics FP-SNS-FLIGHT1 5.1.0
2026-03-16 11:39:25,770 [INFO] ThirdParty:1030 - CMSIS Pack Vendor :STMicroelectronics X-CUBE-AZRTOS-WL 2.0.0
2026-03-16 11:39:25,770 [INFO] ThirdParty:1030 - CMSIS Pack Vendor :SEGGER I-CUBE-embOS 1.3.1
2026-03-16 11:39:25,770 [INFO] ThirdParty:1030 - CMSIS Pack Vendor :STMicroelectronics X-CUBE-ALGOBUILD 1.4.0
2026-03-16 11:39:25,770 [INFO] ThirdParty:1030 - CMSIS Pack Vendor :STMicroelectronics X-CUBE-DPower 1.3.0
2026-03-16 11:39:25,770 [INFO] ThirdParty:1030 - CMSIS Pack Vendor :STMicroelectronics X-CUBE-MEMS1 11.3.0
2026-03-16 11:39:25,770 [INFO] ThirdParty:1030 - CMSIS Pack Vendor :STMicroelectronics FP-SNS-MOTENV1 5.0.0
2026-03-16 11:39:25,771 [INFO] ThirdParty:1030 - CMSIS Pack Vendor :STMicroelectronics USB_DEVICE 1.0.0
2026-03-16 11:39:25,771 [INFO] ThirdParty:1030 - CMSIS Pack Vendor :STMicroelectronics X-CUBE-AZRTOS-H7RS 1.2.0
2026-03-16 11:39:25,771 [INFO] ThirdParty:1030 - CMSIS Pack Vendor :STMicroelectronics X-CUBE-AZRTOS-L4 2.0.0
2026-03-16 11:39:25,771 [INFO] ThirdParty:1030 - CMSIS Pack Vendor :STMicroelectronics ThreadX 0.0.2
2026-03-16 11:39:25,771 [INFO] ThirdParty:1030 - CMSIS Pack Vendor :STMicroelectronics lwIP 2.1.2
2026-03-16 11:39:25,771 [INFO] ThirdParty:1030 - CMSIS Pack Vendor :STMicroelectronics X-CUBE-SFXS2LP1 4.0.0
2026-03-16 11:39:25,771 [INFO] ThirdParty:1030 - CMSIS Pack Vendor :STMicroelectronics X-CUBE-BLE2 3.3.0
2026-03-16 11:39:25,771 [INFO] ThirdParty:1030 - CMSIS Pack Vendor :Avnet-IOTCONNECT X-CUBE-iotc-st67-sdk 1.0.0
2026-03-16 11:39:25,771 [INFO] ThirdParty:1030 - CMSIS Pack Vendor :STMicroelectronics X-CUBE-TOF1 3.4.3
2026-03-16 11:39:25,771 [INFO] ThirdParty:1030 - CMSIS Pack Vendor :STMicroelectronics PDM2PCM 3.2.0
2026-03-16 11:39:25,771 [INFO] ThirdParty:1030 - CMSIS Pack Vendor :STMicroelectronics X-CUBE-ST67W61 1.2.0
2026-03-16 11:39:25,771 [INFO] ThirdParty:841 - exiting critical section [change project]
2026-03-16 11:39:25,897 [INFO] PinOutPanel:1589 - setPackage(No Configuration,No Configuration)
2026-03-16 11:39:25,897 [INFO] PinOutPanel:1589 - setPackage(STM32F446RETx,LQFP64)
2026-03-16 11:39:26,083 [INFO] UtilMem:75 - Before build in PCC Used Memory: 406425184 Bytes (937426944)
2026-03-16 11:39:26,169 [INFO] UtilMem:75 - After build in PCC Used Memory: 455708256 Bytes (937426944)
2026-03-16 11:39:26,173 [INFO] ApiDbMcu:532 - Load IP Config File for USB_DEVICE
2026-03-16 11:39:26,186 [INFO] IPUIPlugin:80 - create IPUIPlugin
2026-03-16 11:39:26,186 [INFO] IPUIPlugin:80 - create IPUIPlugin
2026-03-16 11:39:26,186 [INFO] IPUIPlugin:80 - create IPUIPlugin
2026-03-16 11:39:26,186 [INFO] IPUIPlugin:80 - create IPUIPlugin
2026-03-16 11:39:26,186 [INFO] IPUIPlugin:80 - create IPUIPlugin
2026-03-16 11:39:26,186 [INFO] IPUIPlugin:80 - create IPUIPlugin
2026-03-16 11:39:26,186 [INFO] IPUIPlugin:80 - create IPUIPlugin
2026-03-16 11:39:26,186 [INFO] IPUIPlugin:80 - create IPUIPlugin
2026-03-16 11:39:26,186 [INFO] IPUIPlugin:80 - create IPUIPlugin
2026-03-16 11:39:26,186 [INFO] IPUIPlugin:80 - create IPUIPlugin
2026-03-16 11:39:26,186 [INFO] IPUIPlugin:80 - create IPUIPlugin
2026-03-16 11:39:26,186 [INFO] IPUIPlugin:80 - create IPUIPlugin
2026-03-16 11:39:26,186 [INFO] IPUIPlugin:80 - create IPUIPlugin
2026-03-16 11:39:26,187 [INFO] IPUIPlugin:80 - create IPUIPlugin
2026-03-16 11:39:26,187 [INFO] IPUIPlugin:80 - create IPUIPlugin
2026-03-16 11:39:26,187 [INFO] IPUIPlugin:80 - create IPUIPlugin
2026-03-16 11:39:26,187 [INFO] IPUIPlugin:80 - create IPUIPlugin
2026-03-16 11:39:26,187 [INFO] IPUIPlugin:80 - create IPUIPlugin
2026-03-16 11:39:26,187 [INFO] IPUIPlugin:80 - create IPUIPlugin
2026-03-16 11:39:26,187 [INFO] IPUIPlugin:80 - create IPUIPlugin
2026-03-16 11:39:26,187 [INFO] IPUIPlugin:80 - create IPUIPlugin
2026-03-16 11:39:26,187 [INFO] IPUIPlugin:80 - create IPUIPlugin
2026-03-16 11:39:26,187 [INFO] IPUIPlugin:80 - create IPUIPlugin
2026-03-16 11:39:26,187 [INFO] IPUIPlugin:80 - create IPUIPlugin
2026-03-16 11:39:26,187 [INFO] IPUIPlugin:80 - create IPUIPlugin
2026-03-16 11:39:26,187 [INFO] IPUIPlugin:80 - create IPUIPlugin
2026-03-16 11:39:26,187 [INFO] IPUIPlugin:80 - create IPUIPlugin
2026-03-16 11:39:26,187 [INFO] IPUIPlugin:80 - create IPUIPlugin
2026-03-16 11:39:26,187 [INFO] IPUIPlugin:80 - create IPUIPlugin
2026-03-16 11:39:26,188 [INFO] IPUIPlugin:80 - create IPUIPlugin
2026-03-16 11:39:26,188 [INFO] IPUIPlugin:80 - create IPUIPlugin
2026-03-16 11:39:26,188 [INFO] IPUIPlugin:80 - create IPUIPlugin
2026-03-16 11:39:26,188 [INFO] IPUIPlugin:80 - create IPUIPlugin
2026-03-16 11:39:26,188 [INFO] IPUIPlugin:80 - create IPUIPlugin
2026-03-16 11:39:26,188 [INFO] IPUIPlugin:80 - create IPUIPlugin
2026-03-16 11:39:26,188 [INFO] IPUIPlugin:80 - create IPUIPlugin
2026-03-16 11:39:26,188 [INFO] IPUIPlugin:80 - create IPUIPlugin
2026-03-16 11:39:26,188 [INFO] IPUIPlugin:80 - create IPUIPlugin
2026-03-16 11:39:26,189 [INFO] IPUIPlugin:80 - create IPUIPlugin
2026-03-16 11:39:26,189 [INFO] IPUIPlugin:80 - create IPUIPlugin
2026-03-16 11:39:26,189 [INFO] IPUIPlugin:80 - create IPUIPlugin
2026-03-16 11:39:26,189 [INFO] IPUIPlugin:80 - create IPUIPlugin
2026-03-16 11:39:26,189 [INFO] IPUIPlugin:80 - create IPUIPlugin
2026-03-16 11:39:26,189 [INFO] IPUIPlugin:80 - create IPUIPlugin
2026-03-16 11:39:26,189 [INFO] IPUIPlugin:80 - create IPUIPlugin
2026-03-16 11:39:26,189 [INFO] IPUIPlugin:80 - create IPUIPlugin
2026-03-16 11:39:26,189 [INFO] IPUIPlugin:80 - create IPUIPlugin
2026-03-16 11:39:26,190 [INFO] IPUIPlugin:80 - create IPUIPlugin
2026-03-16 11:39:26,190 [INFO] IPUIPlugin:80 - create IPUIPlugin
2026-03-16 11:39:26,190 [INFO] IPUIPlugin:80 - create IPUIPlugin
2026-03-16 11:39:26,190 [INFO] IPUIPlugin:80 - create IPUIPlugin
2026-03-16 11:39:26,190 [INFO] IPUIPlugin:80 - create IPUIPlugin
2026-03-16 11:39:26,190 [INFO] IPUIPlugin:80 - create IPUIPlugin
2026-03-16 11:39:26,190 [INFO] IPUIPlugin:80 - create IPUIPlugin
2026-03-16 11:39:26,190 [INFO] IPUIPlugin:80 - create IPUIPlugin
2026-03-16 11:39:26,191 [INFO] IPUIPlugin:80 - create IPUIPlugin
2026-03-16 11:39:26,191 [INFO] IPUIPlugin:80 - create IPUIPlugin
2026-03-16 11:39:26,191 [INFO] IPUIPlugin:80 - create IPUIPlugin
2026-03-16 11:39:26,191 [INFO] IPUIPlugin:80 - create IPUIPlugin
2026-03-16 11:39:26,191 [INFO] IPUIPlugin:80 - create IPUIPlugin
2026-03-16 11:39:26,193 [INFO] ApiDbMcu:532 - Load IP Config File for PDM2PCM
2026-03-16 11:39:26,195 [INFO] Can:71 - Can Add PropertyChangeListener com.st.microxplorer.plugins.ip.can.Can@24c1010d
2026-03-16 11:39:26,195 [WARN] IP:2250 - I2C_Coeff_DF not found: check if there is a RefParameter without a condition.
2026-03-16 11:39:26,195 [WARN] IP:2250 - Analog_Filter not found: check if there is a RefParameter without a condition.
2026-03-16 11:39:26,225 [INFO] CADModel:165 - CPN selected for project levelSTM32F446RET6
2026-03-16 11:39:26,225 [INFO] CADModel:114 - Register for checkConnection events
2026-03-16 11:39:26,262 [INFO] OpenFileManager:386 - Restore cursor
2026-03-16 11:39:26,370 [WARN] IP:2250 - DEVICE_SERIAL0_CDC_FS not found: check if there is a RefParameter without a condition.
2026-03-16 11:39:26,370 [WARN] IP:2250 - DEVICE_SERIAL1_CDC_FS not found: check if there is a RefParameter without a condition.
2026-03-16 11:39:26,370 [WARN] IP:2250 - DEVICE_SERIAL2_CDC_FS not found: check if there is a RefParameter without a condition.
2026-03-16 11:39:26,371 [WARN] IP:2250 - DEVICE_SERIAL0_CDC_FS not found: check if there is a RefParameter without a condition.
2026-03-16 11:39:26,371 [WARN] IP:2250 - DEVICE_SERIAL1_CDC_FS not found: check if there is a RefParameter without a condition.
2026-03-16 11:39:26,371 [WARN] IP:2250 - DEVICE_SERIAL2_CDC_FS not found: check if there is a RefParameter without a condition.
2026-03-16 11:39:26,410 [WARN] IP:2250 - I2C_Coeff_DF not found: check if there is a RefParameter without a condition.
2026-03-16 11:39:26,410 [WARN] IP:2250 - Analog_Filter not found: check if there is a RefParameter without a condition.
2026-03-16 11:39:26,410 [WARN] IP:2250 - I2C_Coeff_DF not found: check if there is a RefParameter without a condition.
2026-03-16 11:39:26,410 [WARN] IP:2250 - Analog_Filter not found: check if there is a RefParameter without a condition.
2026-03-16 11:40:00,909 [ERROR] LogOutputStream:75 - [STDERR_REDIRECT] Exception in thread "AWT-EventQueue-0" java.awt.IllegalComponentStateException: component must be showing on the screen to determine its location
2026-03-16 11:40:00,909 [ERROR] LogOutputStream:75 - [STDERR_REDIRECT] 	at java.desktop/java.awt.Component.getLocationOnScreen_NoTreeLock(Component.java:2113)
2026-03-16 11:40:00,910 [ERROR] LogOutputStream:75 - [STDERR_REDIRECT] 	at java.desktop/java.awt.Component.getLocationOnScreen(Component.java:2087)
2026-03-16 11:40:00,910 [ERROR] LogOutputStream:75 - [STDERR_REDIRECT] 	at java.desktop/javax.swing.JPopupMenu.show(JPopupMenu.java:982)
2026-03-16 11:40:00,910 [ERROR] LogOutputStream:75 - [STDERR_REDIRECT] 	at java.desktop/javax.swing.plaf.basic.BasicComboPopup.show(BasicComboPopup.java:235)
2026-03-16 11:40:00,910 [ERROR] LogOutputStream:75 - [STDERR_REDIRECT] 	at java.desktop/javax.swing.plaf.basic.BasicComboPopup.togglePopup(BasicComboPopup.java:1265)
2026-03-16 11:40:00,910 [ERROR] LogOutputStream:75 - [STDERR_REDIRECT] 	at java.desktop/javax.swing.plaf.basic.BasicComboPopup$Handler.mousePressed(BasicComboPopup.java:936)
2026-03-16 11:40:00,911 [ERROR] LogOutputStream:75 - [STDERR_REDIRECT] 	at java.desktop/java.awt.Component.processMouseEvent(Component.java:6618)
2026-03-16 11:40:00,911 [ERROR] LogOutputStream:75 - [STDERR_REDIRECT] 	at java.desktop/javax.swing.JComponent.processMouseEvent(JComponent.java:3398)
2026-03-16 11:40:00,911 [ERROR] LogOutputStream:75 - [STDERR_REDIRECT] 	at java.desktop/java.awt.Component.processEvent(Component.java:6386)
2026-03-16 11:40:00,911 [ERROR] LogOutputStream:75 - [STDERR_REDIRECT] 	at java.desktop/java.awt.Container.processEvent(Container.java:2266)
2026-03-16 11:40:00,911 [ERROR] LogOutputStream:75 - [STDERR_REDIRECT] 	at java.desktop/java.awt.Component.dispatchEventImpl(Component.java:4996)
2026-03-16 11:40:00,911 [ERROR] LogOutputStream:75 - [STDERR_REDIRECT] 	at java.desktop/java.awt.Container.dispatchEventImpl(Container.java:2324)
2026-03-16 11:40:00,912 [ERROR] LogOutputStream:75 - [STDERR_REDIRECT] 	at java.desktop/java.awt.Component.dispatchEvent(Component.java:4828)
2026-03-16 11:40:00,912 [ERROR] LogOutputStream:75 - [STDERR_REDIRECT] 	at java.desktop/javax.swing.plaf.basic.BasicTableUI$Handler.repostEvent(BasicTableUI.java:978)
2026-03-16 11:40:00,912 [ERROR] LogOutputStream:75 - [STDERR_REDIRECT] 	at java.desktop/javax.swing.plaf.basic.BasicTableUI$Handler.adjustSelection(BasicTableUI.java:1140)
2026-03-16 11:40:00,912 [ERROR] LogOutputStream:75 - [STDERR_REDIRECT] 	at java.desktop/javax.swing.plaf.basic.BasicTableUI$Handler.mousePressed(BasicTableUI.java:1068)
2026-03-16 11:40:00,912 [ERROR] LogOutputStream:75 - [STDERR_REDIRECT] 	at java.desktop/java.awt.AWTEventMulticaster.mousePressed(AWTEventMulticaster.java:288)
2026-03-16 11:40:00,912 [ERROR] LogOutputStream:75 - [STDERR_REDIRECT] 	at java.desktop/java.awt.AWTEventMulticaster.mousePressed(AWTEventMulticaster.java:287)
2026-03-16 11:40:00,912 [ERROR] LogOutputStream:75 - [STDERR_REDIRECT] 	at java.desktop/java.awt.AWTEventMulticaster.mousePressed(AWTEventMulticaster.java:287)
2026-03-16 11:40:00,913 [ERROR] LogOutputStream:75 - [STDERR_REDIRECT] 	at java.desktop/java.awt.AWTEventMulticaster.mousePressed(AWTEventMulticaster.java:287)
2026-03-16 11:40:00,913 [ERROR] LogOutputStream:75 - [STDERR_REDIRECT] 	at java.desktop/java.awt.Component.processMouseEvent(Component.java:6618)
2026-03-16 11:40:00,913 [ERROR] LogOutputStream:75 - [STDERR_REDIRECT] 	at java.desktop/javax.swing.JComponent.processMouseEvent(JComponent.java:3398)
2026-03-16 11:40:00,913 [ERROR] LogOutputStream:75 - [STDERR_REDIRECT] 	at java.desktop/java.awt.Component.processEvent(Component.java:6386)
2026-03-16 11:40:00,913 [ERROR] LogOutputStream:75 - [STDERR_REDIRECT] 	at java.desktop/java.awt.Container.processEvent(Container.java:2266)
2026-03-16 11:40:00,913 [ERROR] LogOutputStream:75 - [STDERR_REDIRECT] 	at java.desktop/java.awt.Component.dispatchEventImpl(Component.java:4996)
2026-03-16 11:40:00,913 [ERROR] LogOutputStream:75 - [STDERR_REDIRECT] 	at java.desktop/java.awt.Container.dispatchEventImpl(Container.java:2324)
2026-03-16 11:40:00,913 [ERROR] LogOutputStream:75 - [STDERR_REDIRECT] 	at java.desktop/java.awt.Component.dispatchEvent(Component.java:4828)
2026-03-16 11:40:00,913 [ERROR] LogOutputStream:75 - [STDERR_REDIRECT] 	at java.desktop/java.awt.LightweightDispatcher.retargetMouseEvent(Container.java:4948)
2026-03-16 11:40:00,914 [ERROR] LogOutputStream:75 - [STDERR_REDIRECT] 	at java.desktop/java.awt.LightweightDispatcher.processMouseEvent(Container.java:4572)
2026-03-16 11:40:00,914 [ERROR] LogOutputStream:75 - [STDERR_REDIRECT] 	at java.desktop/java.awt.LightweightDispatcher.dispatchEvent(Container.java:4516)
2026-03-16 11:40:00,914 [ERROR] LogOutputStream:75 - [STDERR_REDIRECT] 	at java.desktop/java.awt.Container.dispatchEventImpl(Container.java:2310)
2026-03-16 11:40:00,914 [ERROR] LogOutputStream:75 - [STDERR_REDIRECT] 	at java.desktop/java.awt.Component.dispatchEvent(Component.java:4828)
2026-03-16 11:40:00,914 [ERROR] LogOutputStream:75 - [STDERR_REDIRECT] 	at java.desktop/java.awt.EventQueue.dispatchEventImpl(EventQueue.java:775)
2026-03-16 11:40:00,914 [ERROR] LogOutputStream:75 - [STDERR_REDIRECT] 	at java.desktop/java.awt.EventQueue$4.run(EventQueue.java:720)
2026-03-16 11:40:00,914 [ERROR] LogOutputStream:75 - [STDERR_REDIRECT] 	at java.desktop/java.awt.EventQueue$4.run(EventQueue.java:714)
2026-03-16 11:40:00,914 [ERROR] LogOutputStream:75 - [STDERR_REDIRECT] 	at java.base/java.security.AccessController.doPrivileged(AccessController.java:400)
2026-03-16 11:40:00,915 [ERROR] LogOutputStream:75 - [STDERR_REDIRECT] 	at java.base/java.security.ProtectionDomain$JavaSecurityAccessImpl.doIntersectionPrivilege(ProtectionDomain.java:87)
2026-03-16 11:40:00,915 [ERROR] LogOutputStream:75 - [STDERR_REDIRECT] 	at java.base/java.security.ProtectionDomain$JavaSecurityAccessImpl.doIntersectionPrivilege(ProtectionDomain.java:98)
2026-03-16 11:40:00,915 [ERROR] LogOutputStream:75 - [STDERR_REDIRECT] 	at java.desktop/java.awt.EventQueue$5.run(EventQueue.java:747)
2026-03-16 11:40:00,915 [ERROR] LogOutputStream:75 - [STDERR_REDIRECT] 	at java.desktop/java.awt.EventQueue$5.run(EventQueue.java:745)
2026-03-16 11:40:00,915 [ERROR] LogOutputStream:75 - [STDERR_REDIRECT] 	at java.base/java.security.AccessController.doPrivileged(AccessController.java:400)
2026-03-16 11:40:00,915 [ERROR] LogOutputStream:75 - [STDERR_REDIRECT] 	at java.base/java.security.ProtectionDomain$JavaSecurityAccessImpl.doIntersectionPrivilege(ProtectionDomain.java:87)
2026-03-16 11:40:00,915 [ERROR] LogOutputStream:75 - [STDERR_REDIRECT] 	at java.desktop/java.awt.EventQueue.dispatchEvent(EventQueue.java:744)
2026-03-16 11:40:00,915 [ERROR] LogOutputStream:75 - [STDERR_REDIRECT] 	at java.desktop/java.awt.EventDispatchThread.pumpOneEventForFilters(EventDispatchThread.java:203)
2026-03-16 11:40:00,915 [ERROR] LogOutputStream:75 - [STDERR_REDIRECT] 	at java.desktop/java.awt.EventDispatchThread.pumpEventsForFilter(EventDispatchThread.java:124)
2026-03-16 11:40:00,915 [ERROR] LogOutputStream:75 - [STDERR_REDIRECT] 	at java.desktop/java.awt.EventDispatchThread.pumpEventsForHierarchy(EventDispatchThread.java:113)
2026-03-16 11:40:00,916 [ERROR] LogOutputStream:75 - [STDERR_REDIRECT] 	at java.desktop/java.awt.EventDispatchThread.pumpEvents(EventDispatchThread.java:109)
2026-03-16 11:40:00,916 [ERROR] LogOutputStream:75 - [STDERR_REDIRECT] 	at java.desktop/java.awt.EventDispatchThread.pumpEvents(EventDispatchThread.java:101)
2026-03-16 11:40:00,916 [ERROR] LogOutputStream:75 - [STDERR_REDIRECT] 	at java.desktop/java.awt.EventDispatchThread.run(EventDispatchThread.java:90)
2026-03-16 11:40:03,730 [INFO] NvicIntPanel:101 - NVIC parent = com.st.microxplorer.plugins.ip.nvic.MultiNvicIntPanel[,0,0,0x0,invalid,layout=javax.swing.BoxLayout,alignmentX=0.0,alignmentY=0.0,border=,flags=9,maximumSize=,minimumSize=,preferredSize=]
2026-03-16 11:43:12,327 [INFO] NvicIntPanel:101 - NVIC parent = com.st.microxplorer.plugins.ip.nvic.MultiNvicIntPanel[,0,0,0x0,invalid,layout=javax.swing.BoxLayout,alignmentX=0.0,alignmentY=0.0,border=,flags=9,maximumSize=,minimumSize=,preferredSize=]
2026-03-16 11:45:50,024 [INFO] NvicIntPanel:101 - NVIC parent = com.st.microxplorer.plugins.ip.nvic.MultiNvicIntPanel[,0,0,0x0,invalid,layout=javax.swing.BoxLayout,alignmentX=0.0,alignmentY=0.0,border=,flags=9,maximumSize=,minimumSize=,preferredSize=]
2026-03-16 11:46:52,019 [INFO] NvicIntPanel:101 - NVIC parent = com.st.microxplorer.plugins.ip.nvic.MultiNvicIntPanel[,0,0,0x0,invalid,layout=javax.swing.BoxLayout,alignmentX=0.0,alignmentY=0.0,border=,flags=9,maximumSize=,minimumSize=,preferredSize=]
2026-03-16 11:47:21,423 [INFO] NvicIntPanel:101 - NVIC parent = com.st.microxplorer.plugins.ip.nvic.MultiNvicIntPanel[,0,0,0x0,invalid,layout=javax.swing.BoxLayout,alignmentX=0.0,alignmentY=0.0,border=,flags=9,maximumSize=,minimumSize=,preferredSize=]
2026-03-16 11:47:42,642 [INFO] UtilMem:75 - End SaveConfig() Used Memory: 331939584 Bytes (937426944)
2026-03-16 11:47:47,180 [INFO] NvicIntPanel:101 - NVIC parent = com.st.microxplorer.plugins.ip.nvic.MultiNvicIntPanel[,0,0,0x0,invalid,layout=javax.swing.BoxLayout,alignmentX=0.0,alignmentY=0.0,border=,flags=9,maximumSize=,minimumSize=,preferredSize=]
2026-03-16 11:48:34,212 [INFO] UtilMem:75 - End SaveConfig() Used Memory: 674297600 Bytes (937426944)
2026-03-16 11:48:36,490 [INFO] UtilMem:75 - End SaveConfig() Used Memory: 782827264 Bytes (937426944)
2026-03-16 11:48:37,008 [INFO] BlockDiagram:2775 - set Specific Code input for plugin: TIM6_7
2026-03-16 11:48:37,009 [INFO] BlockDiagram:2775 - set Specific Code input for plugin: TIM6_7
2026-03-16 11:48:37,009 [INFO] BlockDiagram:2775 - set Specific Code input for plugin: CAN
2026-03-16 11:48:37,009 [INFO] BlockDiagram:2775 - set Specific Code input for plugin: USB_DEVICE
2026-03-16 11:48:37,009 [INFO] BlockDiagram:2775 - set Specific Code input for plugin: SYS
2026-03-16 11:48:37,009 [INFO] BlockDiagram:2775 - set Specific Code input for plugin: RCC
2026-03-16 11:48:37,009 [INFO] BlockDiagram:2775 - set Specific Code input for plugin: I2C
2026-03-16 11:48:37,009 [INFO] BlockDiagram:2775 - set Specific Code input for plugin: USB_OTG_FS
2026-03-16 11:48:37,009 [INFO] BlockDiagram:2775 - set Specific Code input for plugin: NVIC
2026-03-16 11:48:37,009 [INFO] BlockDiagram:2775 - set Specific Code input for plugin: TIM1_8
2026-03-16 11:48:37,009 [INFO] BlockDiagram:2775 - set Specific Code input for plugin: DMA
2026-03-16 11:48:37,010 [INFO] BlockDiagram:2775 - set Specific Code input for plugin: GPIO
2026-03-16 11:48:37,010 [INFO] CodeGenerator:892 - code generatio: config db path: /opt/st/stm32cubeide_1.19.0/plugins/com.st.stm32cube.common.mx_6.15.0.202507011659//db/
2026-03-16 11:48:37,021 [WARN] IP:2250 - I2C_Coeff_DF not found: check if there is a RefParameter without a condition.
2026-03-16 11:48:37,021 [WARN] IP:2250 - Analog_Filter not found: check if there is a RefParameter without a condition.
2026-03-16 11:48:37,061 [WARN] IP:2250 - DEVICE_SERIAL0_CDC_FS not found: check if there is a RefParameter without a condition.
2026-03-16 11:48:37,061 [WARN] IP:2250 - DEVICE_SERIAL1_CDC_FS not found: check if there is a RefParameter without a condition.
2026-03-16 11:48:37,061 [WARN] IP:2250 - DEVICE_SERIAL2_CDC_FS not found: check if there is a RefParameter without a condition.
2026-03-16 11:48:37,223 [INFO] CodeEngine:265 - oldGeneratedFile, /home/kamil/STM32CubeIDE/workspace_1.19.0/PCB_STM/MXTmpFiles/license.tmp_save
2026-03-16 11:48:37,582 [INFO] CodeEngine:289 - Generated code: /home/kamil/STM32CubeIDE/workspace_1.19.0/PCB_STM/MXTmpFiles/license.tmp
2026-03-16 11:48:37,657 [INFO] CodeEngine:265 - oldGeneratedFile, /home/kamil/STM32CubeIDE/workspace_1.19.0/PCB_STM/MXTmpFiles/gpio.tmp_save
2026-03-16 11:48:37,789 [INFO] CodeEngine:289 - Generated code: /home/kamil/STM32CubeIDE/workspace_1.19.0/PCB_STM/MXTmpFiles/gpio.tmp
2026-03-16 11:48:37,828 [WARN] IPConfigManager:3238 - Warning: the RefConfig PWREx_EnableUSBVoltageDetector is not available in your config.xml file
2026-03-16 11:48:37,833 [INFO] CodeEngine:265 - oldGeneratedFile, /home/kamil/STM32CubeIDE/workspace_1.19.0/PCB_STM/MXTmpFiles/usb_otg_fs_vars.tmp_save
2026-03-16 11:48:37,884 [INFO] CodeEngine:289 - Generated code: /home/kamil/STM32CubeIDE/workspace_1.19.0/PCB_STM/MXTmpFiles/usb_otg_fs_vars.tmp
2026-03-16 11:48:37,887 [INFO] CodeEngine:265 - oldGeneratedFile, /home/kamil/STM32CubeIDE/workspace_1.19.0/PCB_STM/MXTmpFiles/usb_otg_fs_inc.tmp_save
2026-03-16 11:48:37,929 [INFO] CodeEngine:289 - Generated code: /home/kamil/STM32CubeIDE/workspace_1.19.0/PCB_STM/MXTmpFiles/usb_otg_fs_inc.tmp
2026-03-16 11:48:37,931 [INFO] CodeEngine:265 - oldGeneratedFile, /home/kamil/STM32CubeIDE/workspace_1.19.0/PCB_STM/MXTmpFiles/usb_otg_fs_HalInit.tmp_save
2026-03-16 11:48:37,988 [INFO] CodeEngine:289 - Generated code: /home/kamil/STM32CubeIDE/workspace_1.19.0/PCB_STM/MXTmpFiles/usb_otg_fs_HalInit.tmp
2026-03-16 11:48:37,990 [INFO] CodeEngine:265 - oldGeneratedFile, /home/kamil/STM32CubeIDE/workspace_1.19.0/PCB_STM/MXTmpFiles/usb_otg_fs_Msp.tmp_save
2026-03-16 11:48:38,053 [INFO] CodeEngine:289 - Generated code: /home/kamil/STM32CubeIDE/workspace_1.19.0/PCB_STM/MXTmpFiles/usb_otg_fs_Msp.tmp
2026-03-16 11:48:38,300 [INFO] Middleware:1452 - No code input for Bsp Dependency
2026-03-16 11:48:38,309 [INFO] CodeEngine:265 - oldGeneratedFile, /home/kamil/STM32CubeIDE/workspace_1.19.0/PCB_STM/MXTmpFiles/dma.tmp_save
2026-03-16 11:48:38,375 [INFO] CodeEngine:289 - Generated code: /home/kamil/STM32CubeIDE/workspace_1.19.0/PCB_STM/MXTmpFiles/dma.tmp
2026-03-16 11:48:38,376 [INFO] CodeEngine:265 - oldGeneratedFile, /home/kamil/STM32CubeIDE/workspace_1.19.0/PCB_STM/MXTmpFiles/dma_GV.tmp_save
2026-03-16 11:48:38,426 [INFO] CodeEngine:289 - Generated code: /home/kamil/STM32CubeIDE/workspace_1.19.0/PCB_STM/MXTmpFiles/dma_GV.tmp
2026-03-16 11:48:38,446 [INFO] Middleware:1452 - No code input for Bsp Dependency
2026-03-16 11:48:38,450 [INFO] CodeEngine:265 - oldGeneratedFile, /home/kamil/STM32CubeIDE/workspace_1.19.0/PCB_STM/USB_DEVICE/App/usb_device.c_save
2026-03-16 11:48:38,505 [INFO] CodeEngine:289 - Generated code: /home/kamil/STM32CubeIDE/workspace_1.19.0/PCB_STM/USB_DEVICE/App/usb_device.c
2026-03-16 11:48:38,506 [INFO] CodeEngine:265 - oldGeneratedFile, /home/kamil/STM32CubeIDE/workspace_1.19.0/PCB_STM/USB_DEVICE/App/usb_device.h_save
2026-03-16 11:48:38,543 [INFO] CodeEngine:289 - Generated code: /home/kamil/STM32CubeIDE/workspace_1.19.0/PCB_STM/USB_DEVICE/App/usb_device.h
2026-03-16 11:48:38,544 [INFO] CodeEngine:265 - oldGeneratedFile, /home/kamil/STM32CubeIDE/workspace_1.19.0/PCB_STM/USB_DEVICE/Target/usbd_conf.h_save
2026-03-16 11:48:38,587 [INFO] CodeEngine:289 - Generated code: /home/kamil/STM32CubeIDE/workspace_1.19.0/PCB_STM/USB_DEVICE/Target/usbd_conf.h
2026-03-16 11:48:38,588 [INFO] CodeEngine:265 - oldGeneratedFile, /home/kamil/STM32CubeIDE/workspace_1.19.0/PCB_STM/USB_DEVICE/Target/usbd_conf.c_save
2026-03-16 11:48:38,648 [INFO] CodeEngine:289 - Generated code: /home/kamil/STM32CubeIDE/workspace_1.19.0/PCB_STM/USB_DEVICE/Target/usbd_conf.c
2026-03-16 11:48:38,649 [INFO] CodeEngine:265 - oldGeneratedFile, /home/kamil/STM32CubeIDE/workspace_1.19.0/PCB_STM/USB_DEVICE/App/usbd_desc.h_save
2026-03-16 11:48:38,686 [INFO] CodeEngine:289 - Generated code: /home/kamil/STM32CubeIDE/workspace_1.19.0/PCB_STM/USB_DEVICE/App/usbd_desc.h
2026-03-16 11:48:38,687 [INFO] CodeEngine:265 - oldGeneratedFile, /home/kamil/STM32CubeIDE/workspace_1.19.0/PCB_STM/USB_DEVICE/App/usbd_desc.c_save
2026-03-16 11:48:38,730 [INFO] CodeEngine:289 - Generated code: /home/kamil/STM32CubeIDE/workspace_1.19.0/PCB_STM/USB_DEVICE/App/usbd_desc.c
2026-03-16 11:48:38,731 [INFO] CodeEngine:265 - oldGeneratedFile, /home/kamil/STM32CubeIDE/workspace_1.19.0/PCB_STM/USB_DEVICE/App/usbd_cdc_if.h_save
2026-03-16 11:48:38,772 [INFO] CodeEngine:289 - Generated code: /home/kamil/STM32CubeIDE/workspace_1.19.0/PCB_STM/USB_DEVICE/App/usbd_cdc_if.h
2026-03-16 11:48:38,773 [INFO] CodeEngine:265 - oldGeneratedFile, /home/kamil/STM32CubeIDE/workspace_1.19.0/PCB_STM/USB_DEVICE/App/usbd_cdc_if.c_save
2026-03-16 11:48:38,820 [INFO] CodeEngine:289 - Generated code: /home/kamil/STM32CubeIDE/workspace_1.19.0/PCB_STM/USB_DEVICE/App/usbd_cdc_if.c
2026-03-16 11:48:38,825 [INFO] CodeEngine:265 - oldGeneratedFile, /home/kamil/STM32CubeIDE/workspace_1.19.0/PCB_STM/Core/Src/stm32f4xx_it.c_save
2026-03-16 11:48:38,897 [INFO] CodeEngine:289 - Generated code: /home/kamil/STM32CubeIDE/workspace_1.19.0/PCB_STM/Core/Src/stm32f4xx_it.c
2026-03-16 11:48:38,898 [INFO] CodeEngine:265 - oldGeneratedFile, /home/kamil/STM32CubeIDE/workspace_1.19.0/PCB_STM/Core/Inc/stm32f4xx_it.h_save
2026-03-16 11:48:38,936 [INFO] CodeEngine:289 - Generated code: /home/kamil/STM32CubeIDE/workspace_1.19.0/PCB_STM/Core/Inc/stm32f4xx_it.h
2026-03-16 11:48:38,942 [INFO] CodeEngine:265 - oldGeneratedFile, /home/kamil/STM32CubeIDE/workspace_1.19.0/PCB_STM/Core/Src/stm32f4xx_hal_msp.c_save
2026-03-16 11:48:39,010 [INFO] CodeEngine:289 - Generated code: /home/kamil/STM32CubeIDE/workspace_1.19.0/PCB_STM/Core/Src/stm32f4xx_hal_msp.c
2026-03-16 11:48:39,011 [INFO] CodeEngine:265 - oldGeneratedFile, /home/kamil/STM32CubeIDE/workspace_1.19.0/PCB_STM/MXTmpFiles/system.tmp_save
2026-03-16 11:48:39,046 [INFO] CodeEngine:289 - Generated code: /home/kamil/STM32CubeIDE/workspace_1.19.0/PCB_STM/MXTmpFiles/system.tmp
2026-03-16 11:48:39,048 [INFO] CodeEngine:265 - oldGeneratedFile, /home/kamil/STM32CubeIDE/workspace_1.19.0/PCB_STM/Core/Inc/stm32_assert.h_save
2026-03-16 11:48:39,087 [INFO] CodeEngine:289 - Generated code: /home/kamil/STM32CubeIDE/workspace_1.19.0/PCB_STM/Core/Inc/stm32_assert.h
2026-03-16 11:48:39,090 [INFO] CodeEngine:321 - oldGeneratedFile, /home/kamil/STM32CubeIDE/workspace_1.19.0/PCB_STM/Core/Inc/stm32f4xx_hal_conf.h_save
2026-03-16 11:48:39,134 [INFO] CodeEngine:345 - Generated code: /home/kamil/STM32CubeIDE/workspace_1.19.0/PCB_STM/Core/Inc/stm32f4xx_hal_conf.h
2026-03-16 11:48:39,156 [WARN] IPConfigManager:3238 - Warning: the RefConfig PLL2P_FOR_MCO is not available in your config.xml file
2026-03-16 11:48:39,162 [INFO] ApiDbMcu:532 - Load IP Config File for CAN1
2026-03-16 11:48:39,164 [INFO] ApiDbMcu:532 - Load IP Config File for I2C3
2026-03-16 11:48:39,170 [INFO] ApiDbMcu:532 - Load IP Config File for TIM6
2026-03-16 11:48:39,176 [INFO] ApiDbMcu:532 - Load IP Config File for TIM7
2026-03-16 11:48:39,182 [INFO] ApiDbMcu:532 - Load IP Config File for TIM10
2026-03-16 11:48:39,184 [INFO] ApiDbMcu:532 - Load IP Config File for RCC
2026-03-16 11:48:39,187 [WARN] IPConfigManager:3811 - IP not found : TIM
2026-03-16 11:48:39,188 [WARN] CodeGenerator:4259 - IP not found : null
2026-03-16 11:48:39,190 [INFO] CodeEngine:265 - oldGeneratedFile, /home/kamil/STM32CubeIDE/workspace_1.19.0/PCB_STM/Core/Inc/main.h_save
2026-03-16 11:48:39,243 [INFO] CodeEngine:289 - Generated code: /home/kamil/STM32CubeIDE/workspace_1.19.0/PCB_STM/Core/Inc/main.h
2026-03-16 11:48:39,245 [INFO] CodeEngine:265 - oldGeneratedFile, /home/kamil/STM32CubeIDE/workspace_1.19.0/PCB_STM/Core/Src/main.c_save
2026-03-16 11:48:39,334 [INFO] CodeEngine:289 - Generated code: /home/kamil/STM32CubeIDE/workspace_1.19.0/PCB_STM/Core/Src/main.c
2026-03-16 11:48:39,590 [INFO] ProjectBuilder:3606 - Time for Copy HAL[1] : 83mS.
2026-03-16 11:48:39,596 [INFO] ProjectBuilder:5216 - Project Generator version: 4.7.0-B52
2026-03-16 11:48:39,677 [INFO] ConfigFileManager:1595 - The Die is : DIE421
2026-03-16 11:48:39,682 [INFO] ApiDbMcu:532 - Load IP Config File for FATFS
2026-03-16 11:48:39,686 [INFO] ApiDbMcu:532 - Load IP Config File for FREERTOS
2026-03-16 11:48:39,688 [INFO] ApiDbMcu:532 - Load IP Config File for LIBJPEG
2026-03-16 11:48:39,694 [INFO] ApiDbMcu:532 - Load IP Config File for MBEDTLS
2026-03-16 11:48:39,697 [INFO] ApiDbMcu:532 - Load IP Config File for USB_HOST
2026-03-16 11:48:39,964 [INFO] LogOutputStream:77 - [STDOUT_REDIRECT] 
2026-03-16 11:48:40,523 [INFO] ProjectBuilder:5496 - Time for Generating toolchain IDE Files: 927mS.
2026-03-16 11:48:40,524 [INFO] ProjectBuilder:3463 - Time for Copy CMSIS : 0mS.
2026-03-16 11:48:40,525 [INFO] ProjectBuilder:3463 - Time for Copy CMSIS : 0mS.
2026-03-16 11:50:39,540 [INFO] MainUpdater:2872 - connection check result : 10
2026-03-16 11:50:39,541 [INFO] MainUpdater:2872 - connection check result : 10
2026-03-16 11:50:39,595 [INFO] MicroXplorer:468 - Change Database Path : 
2026-03-16 11:50:39,595 [INFO] MicroXplorer:498 - Change Database Version : DB.6.0.150
2026-03-16 11:50:39,609 [ERROR] ProjectManagerView:395 - 
java.lang.NullPointerException: Cannot invoke "javax.swing.JTextField.getText()" because the return value of "java.util.List.get(int)" is null
	at com.st.microxplorer.plugins.projectmanager.gui.ProjectChoiceTab$9.caretUpdate(ProjectChoiceTab.java:2706) ~[filemanager.jar:?]
	at javax.swing.text.JTextComponent.fireCaretUpdate(JTextComponent.java:408) ~[?:?]
	at javax.swing.text.JTextComponent$MutableCaretEvent.fire(JTextComponent.java:4484) ~[?:?]
	at javax.swing.text.JTextComponent$MutableCaretEvent.stateChanged(JTextComponent.java:4506) ~[?:?]
	at javax.swing.text.DefaultCaret.fireStateChanged(DefaultCaret.java:857) ~[?:?]
	at javax.swing.text.DefaultCaret.changeCaretPosition(DefaultCaret.java:1343) ~[?:?]
	at javax.swing.text.DefaultCaret.handleSetDot(DefaultCaret.java:1242) ~[?:?]
	at javax.swing.text.DefaultCaret.setDot(DefaultCaret.java:1223) ~[?:?]
	at javax.swing.text.DefaultCaret$Handler.insertUpdate(DefaultCaret.java:1819) ~[?:?]
	at javax.swing.text.AbstractDocument.fireInsertUpdate(AbstractDocument.java:227) ~[?:?]
	at javax.swing.text.AbstractDocument.handleInsertString(AbstractDocument.java:781) ~[?:?]
	at javax.swing.text.AbstractDocument.insertString(AbstractDocument.java:740) ~[?:?]
	at javax.swing.text.PlainDocument.insertString(PlainDocument.java:131) ~[?:?]
	at javax.swing.text.AbstractDocument.replace(AbstractDocument.java:699) ~[?:?]
	at javax.swing.text.JTextComponent.setText(JTextComponent.java:1725) ~[?:?]
	at com.st.microxplorer.plugins.projectmanager.gui.ProjectChoiceTab.createHeapStackFields(ProjectChoiceTab.java:993) ~[filemanager.jar:?]
	at com.st.microxplorer.plugins.projectmanager.gui.ProjectChoiceTab.buildLinkSettingsPanel(ProjectChoiceTab.java:3813) ~[filemanager.jar:?]
	at com.st.microxplorer.plugins.projectmanager.gui.ProjectChoiceTab.defineWindowsFields(ProjectChoiceTab.java:1987) ~[filemanager.jar:?]
	at com.st.microxplorer.plugins.projectmanager.gui.ProjectChoiceTab.updateSettings(ProjectChoiceTab.java:558) ~[filemanager.jar:?]
	at com.st.microxplorer.plugins.projectmanager.gui.ProjectSettingsPanel.UpdateDialog(ProjectSettingsPanel.java:247) ~[filemanager.jar:?]
	at com.st.microxplorer.plugins.projectmanager.ProjectManagerView.propertyChange(ProjectManagerView.java:392) ~[filemanager.jar:?]
	at java.beans.PropertyChangeSupport.fire(PropertyChangeSupport.java:343) ~[?:?]
	at java.beans.PropertyChangeSupport.firePropertyChange(PropertyChangeSupport.java:335) ~[?:?]
	at java.beans.PropertyChangeSupport.firePropertyChange(PropertyChangeSupport.java:268) ~[?:?]
	at com.st.microxplorer.util.MXPropertyChangeSupport.firePropertyChange(MXPropertyChangeSupport.java:54) ~[STM32CubeMX.jar:?]
	at com.st.microxplorer.mxsystem.MxSystem.closeConfig(MxSystem.java:899) ~[STM32CubeMX.jar:?]
	at com.st.microxplorer.maingui.MainPanel.closeConfig(MainPanel.java:792) ~[STM32CubeMX.jar:?]
	at com.st.microxplorer.plugins.filemanager.engine.OpenFileManager.loadConfigurationFile(OpenFileManager.java:288) ~[filemanager.jar:?]
	at com.st.microxplorer.plugins.filemanager.engine.MainFileManager.userLoadConfig(MainFileManager.java:364) ~[filemanager.jar:?]
	at com.st.microxplorer.plugins.filemanager.engine.MainFileManager.userLoadConfig(MainFileManager.java:342) ~[filemanager.jar:?]
	at com.st.microxplorer.plugins.filemanager.FileManagerView.getSpecificTask(FileManagerView.java:264) ~[filemanager.jar:?]
	at com.st.stm32cube.common.mx.editor.CubeMxEditor.getMxTabbedPaneInstance(CubeMxEditor.java:1198) ~[com.st.stm32cube.common.mx_6.15.0.202507011659/:?]
	at com.st.stm32cube.common.mx.editor.CubeMxEditor$12$1.createSwingComponent(CubeMxEditor.java:1068) ~[com.st.stm32cube.common.mx_6.15.0.202507011659/:?]
	at com.st.stm32cube.common.mx.oss.core.awtswtbridge.EmbeddedSwingComposite.doComponentCreation(EmbeddedSwingComposite.java:492) ~[com.st.stm32cube.common.mx.oss_6.15.0.202507011659/:?]
	at com.st.stm32cube.common.mx.oss.core.awtswtbridge.EmbeddedSwingComposite$4.run(EmbeddedSwingComposite.java:291) ~[com.st.stm32cube.common.mx.oss_6.15.0.202507011659/:?]
	at com.st.stm32cube.common.mx.oss.core.awtswtbridge.AwtEnvironment$2.run(AwtEnvironment.java:166) ~[com.st.stm32cube.common.mx.oss_6.15.0.202507011659/:?]
	at java.awt.event.InvocationEvent.dispatch(InvocationEvent.java:318) ~[?:?]
	at java.awt.EventQueue.dispatchEventImpl(EventQueue.java:773) ~[?:?]
	at java.awt.EventQueue$4.run(EventQueue.java:720) ~[?:?]
	at java.awt.EventQueue$4.run(EventQueue.java:714) ~[?:?]
	at java.security.AccessController.doPrivileged(AccessController.java:400) ~[?:?]
	at java.security.ProtectionDomain$JavaSecurityAccessImpl.doIntersectionPrivilege(ProtectionDomain.java:87) ~[?:?]
	at java.awt.EventQueue.dispatchEvent(EventQueue.java:742) ~[?:?]
	at java.awt.EventDispatchThread.pumpOneEventForFilters(EventDispatchThread.java:203) ~[?:?]
	at java.awt.EventDispatchThread.pumpEventsForFilter(EventDispatchThread.java:124) ~[?:?]
	at java.awt.EventDispatchThread.pumpEventsForHierarchy(EventDispatchThread.java:113) ~[?:?]
	at java.awt.EventDispatchThread.pumpEvents(EventDispatchThread.java:109) ~[?:?]
	at java.awt.EventDispatchThread.pumpEvents(EventDispatchThread.java:101) ~[?:?]
	at java.awt.EventDispatchThread.run(EventDispatchThread.java:90) ~[?:?]
2026-03-16 11:50:39,611 [WARN] ThirdParty:871 - waiting for thirdparty lock release [close project]
2026-03-16 11:50:39,611 [INFO] ThirdParty:873 - entering critical section [close project]
2026-03-16 11:50:39,611 [INFO] ThirdParty:883 - exiting critical section [close project]
2026-03-16 11:50:39,613 [INFO] PinOutPanel:1589 - setPackage(No Configuration,No Configuration)
2026-03-16 11:50:39,623 [WARN] IpParametersView:155 - Warning: This peripheral hasn't parameters
2026-03-16 11:50:39,628 [WARN] MainPanel:289 - <html><b><center>Warning: This peripheral has no parameters to be configured<br></b></html>
2026-03-16 11:50:39,632 [INFO] UtilMem:75 - Begin LoadConfig() Used Memory: 370207584 Bytes (937426944)
2026-03-16 11:50:39,634 [INFO] MicroXplorer:468 - Change Database Path : 
2026-03-16 11:50:39,635 [INFO] MicroXplorer:498 - Change Database Version : DB.6.0.150
2026-03-16 11:50:39,635 [INFO] OpenFileManager:355 - Change cursor
2026-03-16 11:50:39,658 [INFO] RulesReader:64 - Compatibility file has been processed (317 Rules)
2026-03-16 11:50:39,662 [INFO] Mcu:2029 - Initializing MCU STM32F446R(C-E)Tx STM32F446RETx STM32F446RET6
2026-03-16 11:50:40,614 [INFO] Context:786 - Trying to add GPIOservice into a context  which must be forbidden
2026-03-16 11:50:41,202 [INFO] ImportTextPane:234 - (OptionalMessage_ERROR) Pin17 (VP_RIF_VS_RIF1) cannot be retrieved for this MCU
2026-03-16 11:50:41,453 [INFO] RtosManager:558 - Registered RTOS mode: class=CMSIS, group=RTOS, mode=CMSIS_V1, owner=FREERTOS
2026-03-16 11:50:41,453 [INFO] RtosManager:558 - Registered RTOS mode: class=CMSIS, group=RTOS2, mode=CMSIS_V2, owner=FREERTOS
2026-03-16 11:50:41,453 [INFO] RtosManager:558 - Registered RTOS mode: class=RTOS, group=Core, mode=CMSIS_V1, owner=FREERTOS
2026-03-16 11:50:41,453 [INFO] RtosManager:558 - Registered RTOS mode: class=RTOS, group=Core, mode=CMSIS_V2, owner=FREERTOS
2026-03-16 11:50:41,453 [WARN] ModelIntegratedComponent:184 - Missing modes for component STMicroelectronics:FreeRTOS:0.0.1:STMicroelectronics:RTOS:FreeRTOS:Core:::10.2.0:
2026-03-16 11:50:41,463 [WARN] ModelIntegratedComponent:63 - No mode defined for component null
2026-03-16 11:50:41,464 [WARN] ModelIntegratedComponent:63 - No mode defined for component null
2026-03-16 11:50:41,464 [WARN] ModelIntegratedComponent:63 - No mode defined for component null
2026-03-16 11:50:41,464 [WARN] ModelIntegratedComponent:63 - No mode defined for component null
2026-03-16 11:50:41,464 [WARN] ModelIntegratedComponent:63 - No mode defined for component null
2026-03-16 11:50:41,464 [WARN] ModelIntegratedComponent:63 - No mode defined for component null
2026-03-16 11:50:41,464 [WARN] ModelIntegratedComponent:63 - No mode defined for component null
2026-03-16 11:50:41,464 [WARN] ModelIntegratedComponent:63 - No mode defined for component null
2026-03-16 11:50:41,464 [WARN] ModelIntegratedComponent:63 - No mode defined for component null
2026-03-16 11:50:41,464 [WARN] ModelIntegratedComponent:63 - No mode defined for component null
2026-03-16 11:50:41,464 [WARN] ModelIntegratedComponent:63 - No mode defined for component null
2026-03-16 11:50:41,464 [WARN] ModelIntegratedComponent:63 - No mode defined for component null
2026-03-16 11:50:41,464 [WARN] ModelIntegratedComponent:63 - No mode defined for component null
2026-03-16 11:50:41,464 [WARN] ModelIntegratedComponent:63 - No mode defined for component null
2026-03-16 11:50:41,464 [WARN] ModelIntegratedComponent:63 - No mode defined for component null
2026-03-16 11:50:41,464 [WARN] ModelIntegratedComponent:63 - No mode defined for component null
2026-03-16 11:50:41,464 [WARN] ModelIntegratedComponent:63 - No mode defined for component null
2026-03-16 11:50:41,464 [WARN] ModelIntegratedComponent:63 - No mode defined for component null
2026-03-16 11:50:41,464 [WARN] ModelIntegratedComponent:63 - No mode defined for component null
2026-03-16 11:50:41,464 [WARN] ModelIntegratedComponent:63 - No mode defined for component null
2026-03-16 11:50:41,464 [WARN] ModelIntegratedComponent:63 - No mode defined for component null
2026-03-16 11:50:41,464 [WARN] ModelIntegratedComponent:63 - No mode defined for component null
2026-03-16 11:50:41,464 [WARN] ModelIntegratedComponent:63 - No mode defined for component null
2026-03-16 11:50:41,464 [WARN] ModelIntegratedComponent:63 - No mode defined for component null
2026-03-16 11:50:41,464 [WARN] ModelIntegratedComponent:63 - No mode defined for component null
2026-03-16 11:50:41,464 [WARN] ModelIntegratedComponent:63 - No mode defined for component null
2026-03-16 11:50:41,464 [WARN] ModelIntegratedComponent:63 - No mode defined for component null
2026-03-16 11:50:41,464 [WARN] ModelIntegratedComponent:63 - No mode defined for component null
2026-03-16 11:50:41,464 [WARN] ModelIntegratedComponent:63 - No mode defined for component null
2026-03-16 11:50:41,464 [WARN] ModelIntegratedComponent:63 - No mode defined for component null
2026-03-16 11:50:41,464 [WARN] ModelIntegratedComponent:63 - No mode defined for component null
2026-03-16 11:50:41,464 [WARN] ModelIntegratedComponent:63 - No mode defined for component null
2026-03-16 11:50:41,464 [WARN] ModelIntegratedComponent:63 - No mode defined for component null
2026-03-16 11:50:41,464 [WARN] ModelIntegratedComponent:63 - No mode defined for component null
2026-03-16 11:50:41,464 [WARN] ModelIntegratedComponent:63 - No mode defined for component null
2026-03-16 11:50:41,464 [WARN] ModelPack:524 - Component already loaded: STMicroelectronics:HAL Drivers:0.0.0:STMicroelectronics:Device:STMicro_Driver:XSPI:HAL::0.0.1:HAL_XSPI
2026-03-16 11:50:41,556 [INFO] ThirdPartyModel:298 - Start build external matchings
2026-03-16 11:50:41,848 [INFO] ThirdPartyModel:316 - End build external matchings
2026-03-16 11:50:41,864 [INFO] ImportTextPane:234 - (OptionalMessage_ERROR) IP (DMA) : Parameter (Instance) has Id (I2C3_RX) currently not set
2026-03-16 11:50:41,864 [INFO] ImportTextPane:234 - (OptionalMessage_ERROR) IP (DMA) : Parameter (Channel) has Id (I2C3_RX) currently not set
2026-03-16 11:50:41,864 [INFO] ImportTextPane:234 - (OptionalMessage_ERROR) IP (DMA) : Parameter (Direction) has Id (I2C3_RX) currently not set
2026-03-16 11:50:41,864 [INFO] ImportTextPane:234 - (OptionalMessage_ERROR) IP (DMA) : Parameter (PeriphInc) has Id (I2C3_RX) currently not set
2026-03-16 11:50:41,864 [INFO] ImportTextPane:234 - (OptionalMessage_ERROR) IP (DMA) : Parameter (MemInc) has Id (I2C3_RX) currently not set
2026-03-16 11:50:41,864 [INFO] ImportTextPane:234 - (OptionalMessage_ERROR) IP (DMA) : Parameter (PeriphDataAlignment) has Id (I2C3_RX) currently not set
2026-03-16 11:50:41,864 [INFO] ImportTextPane:234 - (OptionalMessage_ERROR) IP (DMA) : Parameter (MemDataAlignment) has Id (I2C3_RX) currently not set
2026-03-16 11:50:41,864 [INFO] ImportTextPane:234 - (OptionalMessage_ERROR) IP (DMA) : Parameter (Mode) has Id (I2C3_RX) currently not set
2026-03-16 11:50:41,864 [INFO] ImportTextPane:234 - (OptionalMessage_ERROR) IP (DMA) : Parameter (Priority) has Id (I2C3_RX) currently not set
2026-03-16 11:50:41,864 [INFO] ImportTextPane:234 - (OptionalMessage_ERROR) IP (DMA) : Parameter (FIFOMode) has Id (I2C3_RX) currently not set
2026-03-16 11:50:41,865 [WARN] IP:2250 - I2C_Coeff_DF not found: check if there is a RefParameter without a condition.
2026-03-16 11:50:41,865 [WARN] IP:2250 - Analog_Filter not found: check if there is a RefParameter without a condition.
2026-03-16 11:50:41,865 [INFO] ImportTextPane:234 - (OptionalMessage_ERROR) IP (RCC) : Invalid parameter (FamilyName)
2026-03-16 11:50:41,867 [WARN] IP:2250 - DEVICE_SERIAL0_CDC_FS not found: check if there is a RefParameter without a condition.
2026-03-16 11:50:41,867 [WARN] IP:2250 - DEVICE_SERIAL1_CDC_FS not found: check if there is a RefParameter without a condition.
2026-03-16 11:50:41,867 [WARN] IP:2250 - DEVICE_SERIAL2_CDC_FS not found: check if there is a RefParameter without a condition.
2026-03-16 11:50:42,038 [INFO] UtilMem:75 - End LoadConfig() Used Memory: 421646512 Bytes (937426944)
2026-03-16 11:50:42,060 [WARN] ThirdParty:833 - waiting for thirdparty lock release [change project]
2026-03-16 11:50:42,061 [INFO] ThirdParty:835 - entering critical section [change project]
2026-03-16 11:50:42,061 [INFO] ThirdParty:1030 - CMSIS Pack Vendor :STMicroelectronics X-CUBE-AZRTOS-H7 3.5.0
2026-03-16 11:50:42,061 [INFO] ThirdParty:1030 - CMSIS Pack Vendor :STMicroelectronics X-CUBE-PM33A1 1.0.0
2026-03-16 11:50:42,061 [INFO] ThirdParty:1030 - CMSIS Pack Vendor :STMicroelectronics USBPD 4.1
2026-03-16 11:50:42,061 [INFO] ThirdParty:1030 - CMSIS Pack Vendor :STMicroelectronics X-CUBE-NFC9 1.0.0
2026-03-16 11:50:42,061 [INFO] ThirdParty:1030 - CMSIS Pack Vendor :STMicroelectronics USB_HOST 2.0.0
2026-03-16 11:50:42,061 [INFO] ThirdParty:1030 - CMSIS Pack Vendor :STMicroelectronics FP-SNS-MOTENVWB1 1.4.0
2026-03-16 11:50:42,061 [INFO] ThirdParty:1030 - CMSIS Pack Vendor :STMicroelectronics X-CUBE-AZRTOS-F4 1.1.0
2026-03-16 11:50:42,061 [INFO] ThirdParty:1030 - CMSIS Pack Vendor :STMicroelectronics LIBJPEG 8.0.0
2026-03-16 11:50:42,061 [INFO] ThirdParty:1030 - CMSIS Pack Vendor :STMicroelectronics FP-ATR-ASTRA1 2.0.2
2026-03-16 11:50:42,061 [INFO] ThirdParty:1030 - CMSIS Pack Vendor :wolfSSL I-CUBE-wolfSSL 5.8.2
2026-03-16 11:50:42,061 [INFO] ThirdParty:1030 - CMSIS Pack Vendor :STMicroelectronics X-CUBE-BLE1 7.1.0
2026-03-16 11:50:42,061 [INFO] ThirdParty:1030 - CMSIS Pack Vendor :STMicroelectronics X-CUBE-SMBUS 2.1.0
2026-03-16 11:50:42,061 [INFO] ThirdParty:1030 - CMSIS Pack Vendor :wolfSSL I-CUBE-wolfMQTT 1.19.2
2026-03-16 11:50:42,061 [INFO] ThirdParty:1030 - CMSIS Pack Vendor :STMicroelectronics USB_DEVICE 3.0.0
2026-03-16 11:50:42,061 [INFO] ThirdParty:1030 - CMSIS Pack Vendor :STMicroelectronics X-CUBE-ISPU 2.1.0
2026-03-16 11:50:42,061 [INFO] ThirdParty:1030 - CMSIS Pack Vendor :STMicroelectronics X-CUBE-FREERTOS 1.4.0
2026-03-16 11:50:42,061 [INFO] ThirdParty:1030 - CMSIS Pack Vendor :STMicroelectronics X-CUBE-EEPRMA1 5.2.0
2026-03-16 11:50:42,061 [INFO] ThirdParty:1030 - CMSIS Pack Vendor :STMicroelectronics X-CUBE-IPS 3.2.0
2026-03-16 11:50:42,061 [INFO] ThirdParty:1030 - CMSIS Pack Vendor :STMicroelectronics X-CUBE-BLEMGR 4.1.0
2026-03-16 11:50:42,061 [INFO] ThirdParty:1030 - CMSIS Pack Vendor :STMicroelectronics X-CUBE-AZRTOS-WB 2.0.0
2026-03-16 11:50:42,061 [INFO] ThirdParty:1030 - CMSIS Pack Vendor :STMicroelectronics X-CUBE-ST60 1.0.0
2026-03-16 11:50:42,061 [INFO] ThirdParty:1030 - CMSIS Pack Vendor :STMicroelectronics X-CUBE-GNSS1 7.0.1
2026-03-16 11:50:42,061 [INFO] ThirdParty:1030 - CMSIS Pack Vendor :STMicroelectronics X-CUBE-NFC12 1.0.0
2026-03-16 11:50:42,061 [INFO] ThirdParty:1030 - CMSIS Pack Vendor :STMicroelectronics X-CUBE-AZRTOS-F7 1.1.0
2026-03-16 11:50:42,061 [INFO] ThirdParty:1030 - CMSIS Pack Vendor :STMicroelectronics X-CUBE-AZRTOS-L5 2.0.0
2026-03-16 11:50:42,061 [INFO] ThirdParty:1030 - CMSIS Pack Vendor :STMicroelectronics USB_DEVICE 2.0.0
2026-03-16 11:50:42,061 [INFO] ThirdParty:1030 - CMSIS Pack Vendor :STMicroelectronics X-CUBE-NFC6 3.1.0
2026-03-16 11:50:42,061 [INFO] ThirdParty:1030 - CMSIS Pack Vendor :STMicroelectronics X-CUBE-ST67W61 1.1.0
2026-03-16 11:50:42,061 [INFO] ThirdParty:1030 - CMSIS Pack Vendor :Cesanta I-CUBE-Mongoose 7.19.0
2026-03-16 11:50:42,061 [INFO] ThirdParty:1030 - CMSIS Pack Vendor :quantropi X-CUBE-qispace-sdk-base 2.1.0
2026-03-16 11:50:42,061 [INFO] ThirdParty:1030 - CMSIS Pack Vendor :STMicroelectronics X-CUBE-MEMS1 12.0.0
2026-03-16 11:50:42,061 [INFO] ThirdParty:1030 - CMSIS Pack Vendor :STMicroelectronics X-CUBE-STSE01 2.0.0
2026-03-16 11:50:42,061 [INFO] ThirdParty:1030 - CMSIS Pack Vendor :STMicroelectronics FP-SNS-MOTENV1 5.1.0
2026-03-16 11:50:42,061 [INFO] ThirdParty:1030 - CMSIS Pack Vendor :STMicroelectronics FreeRTOS 0.0.1
2026-03-16 11:50:42,061 [INFO] ThirdParty:1030 - CMSIS Pack Vendor :STMicroelectronics X-CUBE-AZRTOS-G0 1.1.0
2026-03-16 11:50:42,061 [INFO] ThirdParty:1030 - CMSIS Pack Vendor :STMicroelectronics X-CUBE-SAFEA1 1.2.2
2026-03-16 11:50:42,061 [INFO] ThirdParty:1030 - CMSIS Pack Vendor :STMicroelectronics X-CUBE-NFC4 3.0.0
2026-03-16 11:50:42,061 [INFO] ThirdParty:1030 - CMSIS Pack Vendor :STMicroelectronics X-CUBE-SUBG2 5.0.0
2026-03-16 11:50:42,061 [INFO] ThirdParty:1030 - CMSIS Pack Vendor :STMicroelectronics X-CUBE-AZRTOS-H7RS 1.1.0
2026-03-16 11:50:42,061 [INFO] ThirdParty:1030 - CMSIS Pack Vendor :STMicroelectronics STM32_WPAN 1.0.0
2026-03-16 11:50:42,061 [INFO] ThirdParty:1030 - CMSIS Pack Vendor :EmbeddedOffice I-CUBE-FS-RTOS 1.0.1
2026-03-16 11:50:42,061 [INFO] ThirdParty:1030 - CMSIS Pack Vendor :STMicroelectronics lwIP 2.0.3
2026-03-16 11:50:42,061 [INFO] ThirdParty:1030 - CMSIS Pack Vendor :WES I-CUBE-Cesium 1.4.0
2026-03-16 11:50:42,061 [INFO] ThirdParty:1030 - CMSIS Pack Vendor :STMicroelectronics USB_HOST 1.0.0
2026-03-16 11:50:42,061 [INFO] ThirdParty:1030 - CMSIS Pack Vendor :Infineon AIROC-Wi-Fi-Bluetooth-STM32 1.7.1
2026-03-16 11:50:42,061 [INFO] ThirdParty:1030 - CMSIS Pack Vendor :STMicroelectronics X-CUBE-AZRTOS-G4 2.0.0
2026-03-16 11:50:42,061 [INFO] ThirdParty:1030 - CMSIS Pack Vendor :STMicroelectronics X-CUBE-WB05N 2.0.0
2026-03-16 11:50:42,061 [INFO] ThirdParty:1030 - CMSIS Pack Vendor :STMicroelectronics PDM2PCM 3.1.0
2026-03-16 11:50:42,061 [INFO] ThirdParty:1030 - CMSIS Pack Vendor :STMicroelectronics PDM2PCM 3.3.0
2026-03-16 11:50:42,061 [INFO] ThirdParty:1030 - CMSIS Pack Vendor :wolfSSL I-CUBE-wolfTPM 3.8.0
2026-03-16 11:50:42,061 [INFO] ThirdParty:1030 - CMSIS Pack Vendor :STMicroelectronics X-CUBE-AZRTOS-H7 3.4.0
2026-03-16 11:50:42,061 [INFO] ThirdParty:1030 - CMSIS Pack Vendor :STMicroelectronics X-CUBE-DISPLAY 3.0.0
2026-03-16 11:50:42,061 [INFO] ThirdParty:1030 - CMSIS Pack Vendor :wolfSSL I-CUBE-wolfSSH 1.4.20
2026-03-16 11:50:42,061 [INFO] ThirdParty:1030 - CMSIS Pack Vendor :STMicroelectronics X-CUBE-NFC7 2.0.0
2026-03-16 11:50:42,061 [INFO] ThirdParty:1030 - CMSIS Pack Vendor :STMicroelectronics FP-SNS-MOTENVWB1 1.5.0
2026-03-16 11:50:42,062 [INFO] ThirdParty:1030 - CMSIS Pack Vendor :STMicroelectronics X-CUBE-TCPP 4.2.0
2026-03-16 11:50:42,062 [INFO] ThirdParty:1030 - CMSIS Pack Vendor :RealThread X-CUBE-RT-Thread_Nano 4.1.1
2026-03-16 11:50:42,062 [INFO] ThirdParty:1030 - CMSIS Pack Vendor :STMicroelectronics FP-ATR-SIGFOX1 3.2.0
2026-03-16 11:50:42,062 [INFO] ThirdParty:1030 - CMSIS Pack Vendor :STMicroelectronics X-CUBE-NFC10 1.0.0
2026-03-16 11:50:42,062 [INFO] ThirdParty:1030 - CMSIS Pack Vendor :STMicroelectronics X-CUBE-FREERTOS 1.3.1
2026-03-16 11:50:42,062 [INFO] ThirdParty:1030 - CMSIS Pack Vendor :STMicroelectronics HAL Drivers 0.0.0
2026-03-16 11:50:42,062 [INFO] ThirdParty:1030 - CMSIS Pack Vendor :STMicroelectronics X-CUBE-FREERTOS 1.5.0
2026-03-16 11:50:42,062 [INFO] ThirdParty:1030 - CMSIS Pack Vendor :STMicroelectronics MBEDTLS 2.16.2
2026-03-16 11:50:42,062 [INFO] ThirdParty:1030 - CMSIS Pack Vendor :STMicroelectronics X-CUBE-ST60 1.1.0
2026-03-16 11:50:42,062 [INFO] ThirdParty:1030 - CMSIS Pack Vendor :STMicroelectronics X-CUBE-ALS 1.0.2
2026-03-16 11:50:42,062 [INFO] ThirdParty:1030 - CMSIS Pack Vendor :emotas I-CUBE-CANOPEN 1.3.0
2026-03-16 11:50:42,062 [INFO] ThirdParty:1030 - CMSIS Pack Vendor :STMicroelectronics MBEDTLS 2.14.1
2026-03-16 11:50:42,062 [INFO] ThirdParty:1030 - CMSIS Pack Vendor :STMicroelectronics X-CUBE-GNSS1 7.1.0
2026-03-16 11:50:42,062 [INFO] ThirdParty:1030 - CMSIS Pack Vendor :ITTIA_DB I-CUBE-ITTIADB 8.9.0
2026-03-16 11:50:42,062 [INFO] ThirdParty:1030 - CMSIS Pack Vendor :STMicroelectronics X-CUBE-TOUCHGFX 4.26.0
2026-03-16 11:50:42,062 [INFO] ThirdParty:1030 - CMSIS Pack Vendor :STMicroelectronics X-CUBE-STSE01 1.0.0
2026-03-16 11:50:42,062 [INFO] ThirdParty:1030 - CMSIS Pack Vendor :STMicroelectronics X-CUBE-TOUCHGFX 4.26.1
2026-03-16 11:50:42,062 [INFO] ThirdParty:1030 - CMSIS Pack Vendor :STMicroelectronics X-CUBE-NFC6 3.2.0
2026-03-16 11:50:42,062 [INFO] ThirdParty:1030 - CMSIS Pack Vendor :STMicroelectronics ThreadX 1.0.0
2026-03-16 11:50:42,062 [INFO] ThirdParty:1030 - CMSIS Pack Vendor :STMicroelectronics FP-SNS-SMARTAG2 1.2.0
2026-03-16 11:50:42,062 [INFO] ThirdParty:1030 - CMSIS Pack Vendor :STMicroelectronics FP-SNS-FLIGHT1 5.1.0
2026-03-16 11:50:42,062 [INFO] ThirdParty:1030 - CMSIS Pack Vendor :STMicroelectronics X-CUBE-AZRTOS-WL 2.0.0
2026-03-16 11:50:42,062 [INFO] ThirdParty:1030 - CMSIS Pack Vendor :SEGGER I-CUBE-embOS 1.3.1
2026-03-16 11:50:42,062 [INFO] ThirdParty:1030 - CMSIS Pack Vendor :STMicroelectronics X-CUBE-ALGOBUILD 1.4.0
2026-03-16 11:50:42,062 [INFO] ThirdParty:1030 - CMSIS Pack Vendor :STMicroelectronics X-CUBE-DPower 1.3.0
2026-03-16 11:50:42,062 [INFO] ThirdParty:1030 - CMSIS Pack Vendor :STMicroelectronics X-CUBE-MEMS1 11.3.0
2026-03-16 11:50:42,062 [INFO] ThirdParty:1030 - CMSIS Pack Vendor :STMicroelectronics FP-SNS-MOTENV1 5.0.0
2026-03-16 11:50:42,062 [INFO] ThirdParty:1030 - CMSIS Pack Vendor :STMicroelectronics USB_DEVICE 1.0.0
2026-03-16 11:50:42,062 [INFO] ThirdParty:1030 - CMSIS Pack Vendor :STMicroelectronics X-CUBE-AZRTOS-H7RS 1.2.0
2026-03-16 11:50:42,062 [INFO] ThirdParty:1030 - CMSIS Pack Vendor :STMicroelectronics X-CUBE-AZRTOS-L4 2.0.0
2026-03-16 11:50:42,062 [INFO] ThirdParty:1030 - CMSIS Pack Vendor :STMicroelectronics ThreadX 0.0.2
2026-03-16 11:50:42,062 [INFO] ThirdParty:1030 - CMSIS Pack Vendor :STMicroelectronics lwIP 2.1.2
2026-03-16 11:50:42,062 [INFO] ThirdParty:1030 - CMSIS Pack Vendor :STMicroelectronics X-CUBE-SFXS2LP1 4.0.0
2026-03-16 11:50:42,062 [INFO] ThirdParty:1030 - CMSIS Pack Vendor :STMicroelectronics X-CUBE-BLE2 3.3.0
2026-03-16 11:50:42,062 [INFO] ThirdParty:1030 - CMSIS Pack Vendor :Avnet-IOTCONNECT X-CUBE-iotc-st67-sdk 1.0.0
2026-03-16 11:50:42,062 [INFO] ThirdParty:1030 - CMSIS Pack Vendor :STMicroelectronics X-CUBE-TOF1 3.4.3
2026-03-16 11:50:42,062 [INFO] ThirdParty:1030 - CMSIS Pack Vendor :STMicroelectronics PDM2PCM 3.2.0
2026-03-16 11:50:42,062 [INFO] ThirdParty:1030 - CMSIS Pack Vendor :STMicroelectronics X-CUBE-ST67W61 1.2.0
2026-03-16 11:50:42,062 [INFO] ThirdParty:841 - exiting critical section [change project]
2026-03-16 11:50:42,304 [INFO] PinOutPanel:1589 - setPackage(No Configuration,No Configuration)
2026-03-16 11:50:42,304 [INFO] PinOutPanel:1589 - setPackage(STM32F446RETx,LQFP64)
2026-03-16 11:50:42,545 [INFO] UtilMem:75 - Before build in PCC Used Memory: 707905712 Bytes (937426944)
2026-03-16 11:50:42,718 [INFO] UtilMem:75 - After build in PCC Used Memory: 761383088 Bytes (937426944)
2026-03-16 11:50:42,724 [INFO] ApiDbMcu:532 - Load IP Config File for USB_DEVICE
2026-03-16 11:50:42,744 [INFO] IPUIPlugin:80 - create IPUIPlugin
2026-03-16 11:50:42,745 [INFO] IPUIPlugin:80 - create IPUIPlugin
2026-03-16 11:50:42,745 [INFO] IPUIPlugin:80 - create IPUIPlugin
2026-03-16 11:50:42,745 [INFO] IPUIPlugin:80 - create IPUIPlugin
2026-03-16 11:50:42,745 [INFO] IPUIPlugin:80 - create IPUIPlugin
2026-03-16 11:50:42,745 [INFO] IPUIPlugin:80 - create IPUIPlugin
2026-03-16 11:50:42,745 [INFO] IPUIPlugin:80 - create IPUIPlugin
2026-03-16 11:50:42,745 [INFO] IPUIPlugin:80 - create IPUIPlugin
2026-03-16 11:50:42,745 [INFO] IPUIPlugin:80 - create IPUIPlugin
2026-03-16 11:50:42,745 [INFO] IPUIPlugin:80 - create IPUIPlugin
2026-03-16 11:50:42,746 [INFO] IPUIPlugin:80 - create IPUIPlugin
2026-03-16 11:50:42,746 [INFO] IPUIPlugin:80 - create IPUIPlugin
2026-03-16 11:50:42,746 [INFO] IPUIPlugin:80 - create IPUIPlugin
2026-03-16 11:50:42,746 [INFO] IPUIPlugin:80 - create IPUIPlugin
2026-03-16 11:50:42,746 [INFO] IPUIPlugin:80 - create IPUIPlugin
2026-03-16 11:50:42,746 [INFO] IPUIPlugin:80 - create IPUIPlugin
2026-03-16 11:50:42,746 [INFO] IPUIPlugin:80 - create IPUIPlugin
2026-03-16 11:50:42,747 [INFO] IPUIPlugin:80 - create IPUIPlugin
2026-03-16 11:50:42,747 [INFO] IPUIPlugin:80 - create IPUIPlugin
2026-03-16 11:50:42,747 [INFO] IPUIPlugin:80 - create IPUIPlugin
2026-03-16 11:50:42,747 [INFO] IPUIPlugin:80 - create IPUIPlugin
2026-03-16 11:50:42,747 [INFO] IPUIPlugin:80 - create IPUIPlugin
2026-03-16 11:50:42,747 [INFO] IPUIPlugin:80 - create IPUIPlugin
2026-03-16 11:50:42,748 [INFO] IPUIPlugin:80 - create IPUIPlugin
2026-03-16 11:50:42,748 [INFO] IPUIPlugin:80 - create IPUIPlugin
2026-03-16 11:50:42,748 [INFO] IPUIPlugin:80 - create IPUIPlugin
2026-03-16 11:50:42,748 [INFO] IPUIPlugin:80 - create IPUIPlugin
2026-03-16 11:50:42,749 [INFO] IPUIPlugin:80 - create IPUIPlugin
2026-03-16 11:50:42,749 [INFO] IPUIPlugin:80 - create IPUIPlugin
2026-03-16 11:50:42,749 [INFO] IPUIPlugin:80 - create IPUIPlugin
2026-03-16 11:50:42,749 [INFO] IPUIPlugin:80 - create IPUIPlugin
2026-03-16 11:50:42,749 [INFO] IPUIPlugin:80 - create IPUIPlugin
2026-03-16 11:50:42,749 [INFO] IPUIPlugin:80 - create IPUIPlugin
2026-03-16 11:50:42,749 [INFO] IPUIPlugin:80 - create IPUIPlugin
2026-03-16 11:50:42,750 [INFO] IPUIPlugin:80 - create IPUIPlugin
2026-03-16 11:50:42,750 [INFO] IPUIPlugin:80 - create IPUIPlugin
2026-03-16 11:50:42,750 [INFO] IPUIPlugin:80 - create IPUIPlugin
2026-03-16 11:50:42,751 [INFO] IPUIPlugin:80 - create IPUIPlugin
2026-03-16 11:50:42,751 [INFO] IPUIPlugin:80 - create IPUIPlugin
2026-03-16 11:50:42,751 [INFO] IPUIPlugin:80 - create IPUIPlugin
2026-03-16 11:50:42,751 [INFO] IPUIPlugin:80 - create IPUIPlugin
2026-03-16 11:50:42,752 [INFO] IPUIPlugin:80 - create IPUIPlugin
2026-03-16 11:50:42,752 [INFO] IPUIPlugin:80 - create IPUIPlugin
2026-03-16 11:50:42,752 [INFO] IPUIPlugin:80 - create IPUIPlugin
2026-03-16 11:50:42,752 [INFO] IPUIPlugin:80 - create IPUIPlugin
2026-03-16 11:50:42,752 [INFO] IPUIPlugin:80 - create IPUIPlugin
2026-03-16 11:50:42,753 [INFO] IPUIPlugin:80 - create IPUIPlugin
2026-03-16 11:50:42,753 [INFO] IPUIPlugin:80 - create IPUIPlugin
2026-03-16 11:50:42,753 [INFO] IPUIPlugin:80 - create IPUIPlugin
2026-03-16 11:50:42,753 [INFO] IPUIPlugin:80 - create IPUIPlugin
2026-03-16 11:50:42,753 [INFO] IPUIPlugin:80 - create IPUIPlugin
2026-03-16 11:50:42,754 [INFO] IPUIPlugin:80 - create IPUIPlugin
2026-03-16 11:50:42,754 [INFO] IPUIPlugin:80 - create IPUIPlugin
2026-03-16 11:50:42,754 [INFO] IPUIPlugin:80 - create IPUIPlugin
2026-03-16 11:50:42,754 [INFO] IPUIPlugin:80 - create IPUIPlugin
2026-03-16 11:50:42,754 [INFO] IPUIPlugin:80 - create IPUIPlugin
2026-03-16 11:50:42,755 [INFO] IPUIPlugin:80 - create IPUIPlugin
2026-03-16 11:50:42,755 [INFO] IPUIPlugin:80 - create IPUIPlugin
2026-03-16 11:50:42,755 [INFO] IPUIPlugin:80 - create IPUIPlugin
2026-03-16 11:50:42,755 [INFO] IPUIPlugin:80 - create IPUIPlugin
2026-03-16 11:50:42,758 [INFO] ApiDbMcu:532 - Load IP Config File for PDM2PCM
2026-03-16 11:50:42,761 [INFO] Can:71 - Can Add PropertyChangeListener com.st.microxplorer.plugins.ip.can.Can@73bdce87
2026-03-16 11:50:42,761 [WARN] IP:2250 - I2C_Coeff_DF not found: check if there is a RefParameter without a condition.
2026-03-16 11:50:42,761 [WARN] IP:2250 - Analog_Filter not found: check if there is a RefParameter without a condition.
2026-03-16 11:50:42,807 [INFO] CADModel:165 - CPN selected for project levelSTM32F446RET6
2026-03-16 11:50:42,807 [INFO] CADModel:114 - Register for checkConnection events
2026-03-16 11:50:42,849 [INFO] OpenFileManager:386 - Restore cursor
2026-03-16 11:50:42,975 [WARN] IP:2250 - DEVICE_SERIAL0_CDC_FS not found: check if there is a RefParameter without a condition.
2026-03-16 11:50:42,975 [WARN] IP:2250 - DEVICE_SERIAL1_CDC_FS not found: check if there is a RefParameter without a condition.
2026-03-16 11:50:42,975 [WARN] IP:2250 - DEVICE_SERIAL2_CDC_FS not found: check if there is a RefParameter without a condition.
2026-03-16 11:50:42,975 [WARN] IP:2250 - DEVICE_SERIAL0_CDC_FS not found: check if there is a RefParameter without a condition.
2026-03-16 11:50:42,975 [WARN] IP:2250 - DEVICE_SERIAL1_CDC_FS not found: check if there is a RefParameter without a condition.
2026-03-16 11:50:42,975 [WARN] IP:2250 - DEVICE_SERIAL2_CDC_FS not found: check if there is a RefParameter without a condition.
2026-03-16 11:50:42,999 [WARN] IP:2250 - I2C_Coeff_DF not found: check if there is a RefParameter without a condition.
2026-03-16 11:50:42,999 [WARN] IP:2250 - Analog_Filter not found: check if there is a RefParameter without a condition.
2026-03-16 11:50:42,999 [WARN] IP:2250 - I2C_Coeff_DF not found: check if there is a RefParameter without a condition.
2026-03-16 11:50:42,999 [WARN] IP:2250 - Analog_Filter not found: check if there is a RefParameter without a condition.
2026-03-16 11:50:48,067 [INFO] NvicIntPanel:101 - NVIC parent = com.st.microxplorer.plugins.ip.nvic.MultiNvicIntPanel[,0,0,450x177,layout=javax.swing.BoxLayout,alignmentX=0.0,alignmentY=0.0,border=,flags=9,maximumSize=,minimumSize=,preferredSize=]
2026-03-16 11:50:50,065 [INFO] NvicIntPanel:101 - NVIC parent = com.st.microxplorer.plugins.ip.nvic.MultiNvicIntPanel[,0,0,0x0,invalid,layout=javax.swing.BoxLayout,alignmentX=0.0,alignmentY=0.0,border=,flags=9,maximumSize=,minimumSize=,preferredSize=]
2026-03-16 11:50:52,572 [INFO] NvicIntPanel:101 - NVIC parent = com.st.microxplorer.plugins.ip.nvic.MultiNvicIntPanel[,0,0,0x0,invalid,layout=javax.swing.BoxLayout,alignmentX=0.0,alignmentY=0.0,border=,flags=9,maximumSize=,minimumSize=,preferredSize=]
2026-03-16 11:51:41,185 [INFO] UtilMem:75 - End SaveConfig() Used Memory: 834142208 Bytes (937426944)
2026-03-16 11:51:43,959 [INFO] UtilMem:75 - End SaveConfig() Used Memory: 499122176 Bytes (937426944)
2026-03-16 11:51:46,035 [INFO] UtilMem:75 - End SaveConfig() Used Memory: 576716800 Bytes (937426944)
2026-03-16 11:51:46,171 [INFO] BlockDiagram:2775 - set Specific Code input for plugin: TIM6_7
2026-03-16 11:51:46,171 [INFO] BlockDiagram:2775 - set Specific Code input for plugin: TIM6_7
2026-03-16 11:51:46,171 [INFO] BlockDiagram:2775 - set Specific Code input for plugin: CAN
2026-03-16 11:51:46,171 [INFO] BlockDiagram:2775 - set Specific Code input for plugin: USB_DEVICE
2026-03-16 11:51:46,171 [INFO] BlockDiagram:2775 - set Specific Code input for plugin: SYS
2026-03-16 11:51:46,172 [INFO] BlockDiagram:2775 - set Specific Code input for plugin: RCC
2026-03-16 11:51:46,172 [INFO] BlockDiagram:2775 - set Specific Code input for plugin: I2C
2026-03-16 11:51:46,172 [INFO] BlockDiagram:2775 - set Specific Code input for plugin: USB_OTG_FS
2026-03-16 11:51:46,172 [INFO] BlockDiagram:2775 - set Specific Code input for plugin: NVIC
2026-03-16 11:51:46,172 [INFO] BlockDiagram:2775 - set Specific Code input for plugin: TIM1_8
2026-03-16 11:51:46,172 [INFO] BlockDiagram:2775 - set Specific Code input for plugin: DMA
2026-03-16 11:51:46,172 [INFO] BlockDiagram:2775 - set Specific Code input for plugin: GPIO
2026-03-16 11:51:46,172 [INFO] CodeGenerator:892 - code generatio: config db path: /opt/st/stm32cubeide_1.19.0/plugins/com.st.stm32cube.common.mx_6.15.0.202507011659//db/
2026-03-16 11:51:46,175 [WARN] IP:2250 - I2C_Coeff_DF not found: check if there is a RefParameter without a condition.
2026-03-16 11:51:46,175 [WARN] IP:2250 - Analog_Filter not found: check if there is a RefParameter without a condition.
2026-03-16 11:51:46,176 [INFO] Argument:325 - Argument : hdmavalue: null
2026-03-16 11:51:46,176 [INFO] Argument:327 - 	 sub Args: 
2026-03-16 11:51:46,176 [INFO] Argument:325 - Argument : Instancevalue: DMA1_Stream2
2026-03-16 11:51:46,176 [INFO] Argument:335 - Argument : Instancevalue: DMA1_Stream2
2026-03-16 11:51:46,176 [INFO] Argument:325 - Argument : Initvalue: null
2026-03-16 11:51:46,176 [INFO] Argument:327 - 	 sub Args: 
2026-03-16 11:51:46,176 [INFO] Argument:325 - Argument : Channelvalue: DMA_CHANNEL_3
2026-03-16 11:51:46,176 [INFO] Argument:335 - Argument : Channelvalue: DMA_CHANNEL_3
2026-03-16 11:51:46,176 [INFO] Argument:325 - Argument : Directionvalue: DMA_PERIPH_TO_MEMORY
2026-03-16 11:51:46,176 [INFO] Argument:335 - Argument : Directionvalue: DMA_PERIPH_TO_MEMORY
2026-03-16 11:51:46,176 [INFO] Argument:325 - Argument : PeriphIncvalue: DMA_PINC_DISABLE
2026-03-16 11:51:46,176 [INFO] Argument:335 - Argument : PeriphIncvalue: DMA_PINC_DISABLE
2026-03-16 11:51:46,176 [INFO] Argument:325 - Argument : MemIncvalue: DMA_MINC_ENABLE
2026-03-16 11:51:46,176 [INFO] Argument:335 - Argument : MemIncvalue: DMA_MINC_ENABLE
2026-03-16 11:51:46,176 [INFO] Argument:325 - Argument : PeriphDataAlignmentvalue: DMA_PDATAALIGN_BYTE
2026-03-16 11:51:46,176 [INFO] Argument:335 - Argument : PeriphDataAlignmentvalue: DMA_PDATAALIGN_BYTE
2026-03-16 11:51:46,177 [INFO] Argument:325 - Argument : MemDataAlignmentvalue: DMA_MDATAALIGN_BYTE
2026-03-16 11:51:46,177 [INFO] Argument:335 - Argument : MemDataAlignmentvalue: DMA_MDATAALIGN_BYTE
2026-03-16 11:51:46,177 [INFO] Argument:325 - Argument : Modevalue: DMA_NORMAL
2026-03-16 11:51:46,177 [INFO] Argument:335 - Argument : Modevalue: DMA_NORMAL
2026-03-16 11:51:46,177 [INFO] Argument:325 - Argument : Priorityvalue: DMA_PRIORITY_HIGH
2026-03-16 11:51:46,177 [INFO] Argument:335 - Argument : Priorityvalue: DMA_PRIORITY_HIGH
2026-03-16 11:51:46,177 [INFO] Argument:325 - Argument : FIFOModevalue: DMA_FIFOMODE_DISABLE
2026-03-16 11:51:46,177 [INFO] Argument:335 - Argument : FIFOModevalue: DMA_FIFOMODE_DISABLE
2026-03-16 11:51:46,177 [INFO] Argument:325 - Argument : FIFOThresholdvalue: null
2026-03-16 11:51:46,177 [INFO] Argument:335 - Argument : FIFOThresholdvalue: null
2026-03-16 11:51:46,177 [INFO] Argument:325 - Argument : MemBurstvalue: null
2026-03-16 11:51:46,177 [INFO] Argument:335 - Argument : MemBurstvalue: null
2026-03-16 11:51:46,177 [INFO] Argument:325 - Argument : PeriphBurstvalue: null
2026-03-16 11:51:46,177 [INFO] Argument:335 - Argument : PeriphBurstvalue: null
2026-03-16 11:51:46,177 [INFO] Argument:325 - Argument : Lockvalue: null
2026-03-16 11:51:46,177 [INFO] Argument:335 - Argument : Lockvalue: null
2026-03-16 11:51:46,177 [INFO] Argument:325 - Argument : Statevalue: null
2026-03-16 11:51:46,177 [INFO] Argument:335 - Argument : Statevalue: null
2026-03-16 11:51:46,177 [INFO] Argument:325 - Argument : Parentvalue: null
2026-03-16 11:51:46,177 [INFO] Argument:335 - Argument : Parentvalue: null
2026-03-16 11:51:46,177 [INFO] Argument:325 - Argument : XferCpltCallbackvalue: null
2026-03-16 11:51:46,177 [INFO] Argument:335 - Argument : XferCpltCallbackvalue: null
2026-03-16 11:51:46,177 [INFO] Argument:325 - Argument : XferHalfCpltCallbackvalue: null
2026-03-16 11:51:46,177 [INFO] Argument:335 - Argument : XferHalfCpltCallbackvalue: null
2026-03-16 11:51:46,177 [INFO] Argument:325 - Argument : XferM1CpltCallbackvalue: null
2026-03-16 11:51:46,177 [INFO] Argument:335 - Argument : XferM1CpltCallbackvalue: null
2026-03-16 11:51:46,177 [INFO] Argument:325 - Argument : XferErrorCallbackvalue: null
2026-03-16 11:51:46,177 [INFO] Argument:335 - Argument : XferErrorCallbackvalue: null
2026-03-16 11:51:46,177 [INFO] Argument:325 - Argument : ErrorCodevalue: null
2026-03-16 11:51:46,177 [INFO] Argument:335 - Argument : ErrorCodevalue: null
2026-03-16 11:51:46,205 [WARN] IP:2250 - DEVICE_SERIAL0_CDC_FS not found: check if there is a RefParameter without a condition.
2026-03-16 11:51:46,205 [WARN] IP:2250 - DEVICE_SERIAL1_CDC_FS not found: check if there is a RefParameter without a condition.
2026-03-16 11:51:46,205 [WARN] IP:2250 - DEVICE_SERIAL2_CDC_FS not found: check if there is a RefParameter without a condition.
2026-03-16 11:51:46,320 [INFO] CodeEngine:265 - oldGeneratedFile, /home/kamil/STM32CubeIDE/workspace_1.19.0/PCB_STM/MXTmpFiles/license.tmp_save
2026-03-16 11:51:46,529 [INFO] CodeEngine:289 - Generated code: /home/kamil/STM32CubeIDE/workspace_1.19.0/PCB_STM/MXTmpFiles/license.tmp
2026-03-16 11:51:46,575 [INFO] CodeEngine:265 - oldGeneratedFile, /home/kamil/STM32CubeIDE/workspace_1.19.0/PCB_STM/MXTmpFiles/gpio.tmp_save
2026-03-16 11:51:46,717 [INFO] CodeEngine:289 - Generated code: /home/kamil/STM32CubeIDE/workspace_1.19.0/PCB_STM/MXTmpFiles/gpio.tmp
2026-03-16 11:51:46,748 [WARN] IPConfigManager:3238 - Warning: the RefConfig PWREx_EnableUSBVoltageDetector is not available in your config.xml file
2026-03-16 11:51:46,752 [INFO] CodeEngine:265 - oldGeneratedFile, /home/kamil/STM32CubeIDE/workspace_1.19.0/PCB_STM/MXTmpFiles/usb_otg_fs_vars.tmp_save
2026-03-16 11:51:46,854 [INFO] CodeEngine:289 - Generated code: /home/kamil/STM32CubeIDE/workspace_1.19.0/PCB_STM/MXTmpFiles/usb_otg_fs_vars.tmp
2026-03-16 11:51:46,856 [INFO] CodeEngine:265 - oldGeneratedFile, /home/kamil/STM32CubeIDE/workspace_1.19.0/PCB_STM/MXTmpFiles/usb_otg_fs_inc.tmp_save
2026-03-16 11:51:46,945 [INFO] CodeEngine:289 - Generated code: /home/kamil/STM32CubeIDE/workspace_1.19.0/PCB_STM/MXTmpFiles/usb_otg_fs_inc.tmp
2026-03-16 11:51:46,947 [INFO] CodeEngine:265 - oldGeneratedFile, /home/kamil/STM32CubeIDE/workspace_1.19.0/PCB_STM/MXTmpFiles/usb_otg_fs_HalInit.tmp_save
2026-03-16 11:51:47,043 [INFO] CodeEngine:289 - Generated code: /home/kamil/STM32CubeIDE/workspace_1.19.0/PCB_STM/MXTmpFiles/usb_otg_fs_HalInit.tmp
2026-03-16 11:51:47,045 [INFO] CodeEngine:265 - oldGeneratedFile, /home/kamil/STM32CubeIDE/workspace_1.19.0/PCB_STM/MXTmpFiles/usb_otg_fs_Msp.tmp_save
2026-03-16 11:51:47,141 [INFO] CodeEngine:289 - Generated code: /home/kamil/STM32CubeIDE/workspace_1.19.0/PCB_STM/MXTmpFiles/usb_otg_fs_Msp.tmp
2026-03-16 11:51:47,364 [INFO] Middleware:1452 - No code input for Bsp Dependency
2026-03-16 11:51:47,370 [INFO] CodeEngine:265 - oldGeneratedFile, /home/kamil/STM32CubeIDE/workspace_1.19.0/PCB_STM/MXTmpFiles/dma.tmp_save
2026-03-16 11:51:47,429 [INFO] CodeEngine:289 - Generated code: /home/kamil/STM32CubeIDE/workspace_1.19.0/PCB_STM/MXTmpFiles/dma.tmp
2026-03-16 11:51:47,430 [INFO] CodeEngine:265 - oldGeneratedFile, /home/kamil/STM32CubeIDE/workspace_1.19.0/PCB_STM/MXTmpFiles/dma_GV.tmp_save
2026-03-16 11:51:47,474 [INFO] CodeEngine:289 - Generated code: /home/kamil/STM32CubeIDE/workspace_1.19.0/PCB_STM/MXTmpFiles/dma_GV.tmp
2026-03-16 11:51:47,505 [INFO] Middleware:1452 - No code input for Bsp Dependency
2026-03-16 11:51:47,508 [INFO] CodeEngine:265 - oldGeneratedFile, /home/kamil/STM32CubeIDE/workspace_1.19.0/PCB_STM/USB_DEVICE/App/usb_device.c_save
2026-03-16 11:51:47,558 [INFO] CodeEngine:289 - Generated code: /home/kamil/STM32CubeIDE/workspace_1.19.0/PCB_STM/USB_DEVICE/App/usb_device.c
2026-03-16 11:51:47,559 [INFO] CodeEngine:265 - oldGeneratedFile, /home/kamil/STM32CubeIDE/workspace_1.19.0/PCB_STM/USB_DEVICE/App/usb_device.h_save
2026-03-16 11:51:47,597 [INFO] CodeEngine:289 - Generated code: /home/kamil/STM32CubeIDE/workspace_1.19.0/PCB_STM/USB_DEVICE/App/usb_device.h
2026-03-16 11:51:47,598 [INFO] CodeEngine:265 - oldGeneratedFile, /home/kamil/STM32CubeIDE/workspace_1.19.0/PCB_STM/USB_DEVICE/Target/usbd_conf.h_save
2026-03-16 11:51:47,635 [INFO] CodeEngine:289 - Generated code: /home/kamil/STM32CubeIDE/workspace_1.19.0/PCB_STM/USB_DEVICE/Target/usbd_conf.h
2026-03-16 11:51:47,636 [INFO] CodeEngine:265 - oldGeneratedFile, /home/kamil/STM32CubeIDE/workspace_1.19.0/PCB_STM/USB_DEVICE/Target/usbd_conf.c_save
2026-03-16 11:51:47,681 [INFO] CodeEngine:289 - Generated code: /home/kamil/STM32CubeIDE/workspace_1.19.0/PCB_STM/USB_DEVICE/Target/usbd_conf.c
2026-03-16 11:51:47,682 [INFO] CodeEngine:265 - oldGeneratedFile, /home/kamil/STM32CubeIDE/workspace_1.19.0/PCB_STM/USB_DEVICE/App/usbd_desc.h_save
2026-03-16 11:51:47,727 [INFO] CodeEngine:289 - Generated code: /home/kamil/STM32CubeIDE/workspace_1.19.0/PCB_STM/USB_DEVICE/App/usbd_desc.h
2026-03-16 11:51:47,728 [INFO] CodeEngine:265 - oldGeneratedFile, /home/kamil/STM32CubeIDE/workspace_1.19.0/PCB_STM/USB_DEVICE/App/usbd_desc.c_save
2026-03-16 11:51:47,778 [INFO] CodeEngine:289 - Generated code: /home/kamil/STM32CubeIDE/workspace_1.19.0/PCB_STM/USB_DEVICE/App/usbd_desc.c
2026-03-16 11:51:47,778 [INFO] CodeEngine:265 - oldGeneratedFile, /home/kamil/STM32CubeIDE/workspace_1.19.0/PCB_STM/USB_DEVICE/App/usbd_cdc_if.h_save
2026-03-16 11:51:47,816 [INFO] CodeEngine:289 - Generated code: /home/kamil/STM32CubeIDE/workspace_1.19.0/PCB_STM/USB_DEVICE/App/usbd_cdc_if.h
2026-03-16 11:51:47,817 [INFO] CodeEngine:265 - oldGeneratedFile, /home/kamil/STM32CubeIDE/workspace_1.19.0/PCB_STM/USB_DEVICE/App/usbd_cdc_if.c_save
2026-03-16 11:51:47,862 [INFO] CodeEngine:289 - Generated code: /home/kamil/STM32CubeIDE/workspace_1.19.0/PCB_STM/USB_DEVICE/App/usbd_cdc_if.c
2026-03-16 11:51:47,867 [INFO] CodeEngine:265 - oldGeneratedFile, /home/kamil/STM32CubeIDE/workspace_1.19.0/PCB_STM/Core/Src/stm32f4xx_it.c_save
2026-03-16 11:51:47,916 [INFO] CodeEngine:289 - Generated code: /home/kamil/STM32CubeIDE/workspace_1.19.0/PCB_STM/Core/Src/stm32f4xx_it.c
2026-03-16 11:51:47,917 [INFO] CodeEngine:265 - oldGeneratedFile, /home/kamil/STM32CubeIDE/workspace_1.19.0/PCB_STM/Core/Inc/stm32f4xx_it.h_save
2026-03-16 11:51:47,955 [INFO] CodeEngine:289 - Generated code: /home/kamil/STM32CubeIDE/workspace_1.19.0/PCB_STM/Core/Inc/stm32f4xx_it.h
2026-03-16 11:51:47,962 [INFO] CodeEngine:265 - oldGeneratedFile, /home/kamil/STM32CubeIDE/workspace_1.19.0/PCB_STM/Core/Src/stm32f4xx_hal_msp.c_save
2026-03-16 11:51:48,020 [INFO] CodeEngine:289 - Generated code: /home/kamil/STM32CubeIDE/workspace_1.19.0/PCB_STM/Core/Src/stm32f4xx_hal_msp.c
2026-03-16 11:51:48,021 [INFO] CodeEngine:265 - oldGeneratedFile, /home/kamil/STM32CubeIDE/workspace_1.19.0/PCB_STM/MXTmpFiles/system.tmp_save
2026-03-16 11:51:48,057 [INFO] CodeEngine:289 - Generated code: /home/kamil/STM32CubeIDE/workspace_1.19.0/PCB_STM/MXTmpFiles/system.tmp
2026-03-16 11:51:48,058 [INFO] CodeEngine:265 - oldGeneratedFile, /home/kamil/STM32CubeIDE/workspace_1.19.0/PCB_STM/Core/Inc/stm32_assert.h_save
2026-03-16 11:51:48,095 [INFO] CodeEngine:289 - Generated code: /home/kamil/STM32CubeIDE/workspace_1.19.0/PCB_STM/Core/Inc/stm32_assert.h
2026-03-16 11:51:48,097 [INFO] CodeEngine:321 - oldGeneratedFile, /home/kamil/STM32CubeIDE/workspace_1.19.0/PCB_STM/Core/Inc/stm32f4xx_hal_conf.h_save
2026-03-16 11:51:48,137 [INFO] CodeEngine:345 - Generated code: /home/kamil/STM32CubeIDE/workspace_1.19.0/PCB_STM/Core/Inc/stm32f4xx_hal_conf.h
2026-03-16 11:51:48,148 [WARN] IPConfigManager:3238 - Warning: the RefConfig PLL2P_FOR_MCO is not available in your config.xml file
2026-03-16 11:51:48,151 [INFO] ApiDbMcu:532 - Load IP Config File for CAN1
2026-03-16 11:51:48,152 [INFO] ApiDbMcu:532 - Load IP Config File for I2C3
2026-03-16 11:51:48,156 [INFO] ApiDbMcu:532 - Load IP Config File for TIM6
2026-03-16 11:51:48,160 [INFO] ApiDbMcu:532 - Load IP Config File for TIM7
2026-03-16 11:51:48,165 [INFO] ApiDbMcu:532 - Load IP Config File for TIM10
2026-03-16 11:51:48,166 [INFO] ApiDbMcu:532 - Load IP Config File for RCC
2026-03-16 11:51:48,168 [WARN] IPConfigManager:3811 - IP not found : TIM
2026-03-16 11:51:48,168 [WARN] CodeGenerator:4259 - IP not found : null
2026-03-16 11:51:48,169 [INFO] CodeEngine:265 - oldGeneratedFile, /home/kamil/STM32CubeIDE/workspace_1.19.0/PCB_STM/Core/Inc/main.h_save
2026-03-16 11:51:48,208 [INFO] CodeEngine:289 - Generated code: /home/kamil/STM32CubeIDE/workspace_1.19.0/PCB_STM/Core/Inc/main.h
2026-03-16 11:51:48,209 [INFO] CodeEngine:265 - oldGeneratedFile, /home/kamil/STM32CubeIDE/workspace_1.19.0/PCB_STM/Core/Src/main.c_save
2026-03-16 11:51:48,283 [INFO] CodeEngine:289 - Generated code: /home/kamil/STM32CubeIDE/workspace_1.19.0/PCB_STM/Core/Src/main.c
2026-03-16 11:51:48,419 [INFO] ProjectBuilder:3606 - Time for Copy HAL[1] : 23mS.
2026-03-16 11:51:48,421 [INFO] ProjectBuilder:5216 - Project Generator version: 4.7.0-B52
2026-03-16 11:51:48,473 [INFO] ConfigFileManager:1595 - The Die is : DIE421
2026-03-16 11:51:48,474 [INFO] ApiDbMcu:532 - Load IP Config File for FATFS
2026-03-16 11:51:48,476 [INFO] ApiDbMcu:532 - Load IP Config File for FREERTOS
2026-03-16 11:51:48,476 [INFO] ApiDbMcu:532 - Load IP Config File for LIBJPEG
2026-03-16 11:51:48,478 [INFO] ApiDbMcu:532 - Load IP Config File for MBEDTLS
2026-03-16 11:51:48,479 [INFO] ApiDbMcu:532 - Load IP Config File for USB_HOST
2026-03-16 11:51:48,985 [INFO] ProjectBuilder:5496 - Time for Generating toolchain IDE Files: 564mS.
2026-03-16 11:51:48,986 [INFO] ProjectBuilder:3463 - Time for Copy CMSIS : 1mS.
2026-03-16 11:51:48,987 [INFO] ProjectBuilder:3463 - Time for Copy CMSIS : 0mS.
2026-03-16 11:52:48,593 [ERROR] LogOutputStream:75 - [STDERR_REDIRECT] 
2026-03-16 11:52:53,346 [INFO] Activator:176 - 


2026-03-16 11:52:53,347 [INFO] Activator:177 - !SESSION log4j initialized
2026-03-16 11:52:56,011 [INFO] LogOutputStream:77 - [STDOUT_REDIRECT] 
2026-03-16 11:52:56,552 [INFO] ApplicationProperties:184 - Using Application install path: /opt/st/stm32cubeide_1.19.0/plugins/com.st.stm32cube.common.mx_6.15.0.202507011659
2026-03-16 11:52:56,566 [INFO] DbMcusXml:78 - Set database path to: /opt/st/stm32cubeide_1.19.0/plugins/com.st.stm32cube.common.mx_6.15.0.202507011659//db//mcu/
2026-03-16 11:52:56,567 [INFO] ApiDb:274 - Set plugin database path to: /opt/st/stm32cubeide_1.19.0/plugins/com.st.stm32cube.common.mx_6.15.0.202507011659//db//plugins/boardmanager/
2026-03-16 11:52:56,567 [WARN] ApiDb:259 - Overriding images path with different value:  => /opt/st/stm32cubeide_1.19.0/plugins/com.st.stm32cube.common.mx_6.15.0.202507011659//db//plugins/mcufinder/images/
2026-03-16 11:52:56,569 [INFO] ApiDb:250 - Set database path to: /home/kamil/.stmcufinder/plugins/mcufinder//mcu/
2026-03-16 11:52:56,570 [INFO] DbMcusAds:125 - Set database path to: /home/kamil/.stmcufinder/plugins/mcufinder//mcu/
2026-03-16 11:52:56,571 [INFO] CrossReferenceDbSqlite:203 - Set database path to: /home/kamil/.stmcufinder/plugins/mcufinder//mcu/cs/
2026-03-16 11:52:56,648 [INFO] RulesReader:64 - Compatibility file has been processed (317 Rules)
2026-03-16 11:52:56,700 [INFO] DbMcusXml:78 - Set database path to: /opt/st/stm32cubeide_1.19.0/plugins/com.st.stm32cube.common.mx_6.15.0.202507011659//db//mcu/
2026-03-16 11:52:56,700 [INFO] ApiDb:274 - Set plugin database path to: /opt/st/stm32cubeide_1.19.0/plugins/com.st.stm32cube.common.mx_6.15.0.202507011659//db//plugins/boardmanager/
2026-03-16 11:52:56,700 [INFO] ApiDb:261 - Set plugin images path to: /opt/st/stm32cubeide_1.19.0/plugins/com.st.stm32cube.common.mx_6.15.0.202507011659//db//plugins/mcufinder/images/
2026-03-16 11:52:56,700 [WARN] DbFile:41 - Overriding database path with different value: /home/kamil/.stmcufinder/plugins/mcufinder/ => /home/kamil/.stmcufinder/plugins/mcufinder
2026-03-16 11:52:56,700 [INFO] ApiDb:250 - Set database path to: /home/kamil/.stmcufinder/plugins/mcufinder//mcu/
2026-03-16 11:52:56,701 [WARN] DbFile:41 - Overriding database path with different value: /home/kamil/.stmcufinder/plugins/mcufinder/ => /home/kamil/.stmcufinder/plugins/mcufinder
2026-03-16 11:52:56,701 [INFO] DbMcusAds:125 - Set database path to: /home/kamil/.stmcufinder/plugins/mcufinder//mcu/
2026-03-16 11:52:56,701 [WARN] DbFile:41 - Overriding database path with different value: /home/kamil/.stmcufinder/plugins/mcufinder/ => /home/kamil/.stmcufinder/plugins/mcufinder
2026-03-16 11:52:56,701 [WARN] DbFile:41 - Overriding database path with different value: /home/kamil/.stmcufinder/plugins/mcufinder/ => /home/kamil/.stmcufinder/plugins/mcufinder
2026-03-16 11:52:56,701 [INFO] CrossReferenceDbSqlite:203 - Set database path to: /home/kamil/.stmcufinder/plugins/mcufinder//mcu/cs/
2026-03-16 11:52:56,751 [INFO] MainPanel:274 - HeapMemory: 268435456
2026-03-16 11:52:56,842 [INFO] DbMcusXml:78 - Set database path to: /opt/st/stm32cubeide_1.19.0/plugins/com.st.stm32cube.common.mx_6.15.0.202507011659//db//mcu/
2026-03-16 11:52:56,842 [INFO] ApiDb:274 - Set plugin database path to: /opt/st/stm32cubeide_1.19.0/plugins/com.st.stm32cube.common.mx_6.15.0.202507011659//db//plugins/boardmanager/
2026-03-16 11:52:56,842 [INFO] ApiDb:261 - Set plugin images path to: /opt/st/stm32cubeide_1.19.0/plugins/com.st.stm32cube.common.mx_6.15.0.202507011659//db//plugins/mcufinder/images/
2026-03-16 11:52:56,842 [WARN] DbFile:41 - Overriding database path with different value: /home/kamil/.stmcufinder/plugins/mcufinder/ => /home/kamil/.stmcufinder/plugins/mcufinder
2026-03-16 11:52:56,842 [INFO] ApiDb:250 - Set database path to: /home/kamil/.stmcufinder/plugins/mcufinder//mcu/
2026-03-16 11:52:56,842 [WARN] DbFile:41 - Overriding database path with different value: /home/kamil/.stmcufinder/plugins/mcufinder/ => /home/kamil/.stmcufinder/plugins/mcufinder
2026-03-16 11:52:56,842 [INFO] DbMcusAds:125 - Set database path to: /home/kamil/.stmcufinder/plugins/mcufinder//mcu/
2026-03-16 11:52:56,842 [WARN] DbFile:41 - Overriding database path with different value: /home/kamil/.stmcufinder/plugins/mcufinder/ => /home/kamil/.stmcufinder/plugins/mcufinder
2026-03-16 11:52:56,842 [WARN] DbFile:41 - Overriding database path with different value: /home/kamil/.stmcufinder/plugins/mcufinder/ => /home/kamil/.stmcufinder/plugins/mcufinder
2026-03-16 11:52:56,843 [INFO] CrossReferenceDbSqlite:203 - Set database path to: /home/kamil/.stmcufinder/plugins/mcufinder//mcu/cs/
2026-03-16 11:52:56,853 [INFO] ApplicationProperties:184 - Using Application install path: /opt/st/stm32cubeide_1.19.0/plugins/com.st.stm32cube.common.mx_6.15.0.202507011659
2026-03-16 11:52:56,854 [INFO] PluginManage:196 - Search for loadable plugins [exclusion list=, ]
2026-03-16 11:52:56,855 [INFO] PluginManage:310 - Check plugin analytics
2026-03-16 11:52:56,938 [INFO] AnalyticsPlugin:253 - Accepted Software Licenses: 
2026-03-16 11:52:56,938 [INFO] AnalyticsPlugin:255 - Accepted CMSIS Pack Licenses: 
2026-03-16 11:52:56,938 [INFO] AnalyticsPlugin:257 - Accepted Firmware Licenses: FW.F4.1.28.0
2026-03-16 11:52:56,940 [INFO] PluginManage:359 - Loaded plugin analytics (category:tool,tabindex:-1)
2026-03-16 11:52:56,940 [INFO] PluginManage:310 - Check plugin cadmodel
2026-03-16 11:52:56,942 [INFO] CADModel:105 - Init CAD model plugin
2026-03-16 11:52:56,942 [INFO] PluginManage:359 - Loaded plugin cadmodel (category:power,tabindex:5)
2026-03-16 11:52:56,943 [INFO] PluginManage:310 - Check plugin clock
2026-03-16 11:52:56,947 [INFO] PluginManage:359 - Loaded plugin clock (category:base,tabindex:2)
2026-03-16 11:52:56,947 [INFO] PluginManage:310 - Check plugin ddr
2026-03-16 11:52:56,948 [INFO] PluginManage:359 - Loaded plugin ddr (category:tool,tabindex:6)
2026-03-16 11:52:56,948 [INFO] PluginManage:310 - Check plugin filemanager
2026-03-16 11:52:57,035 [INFO] PluginManage:359 - Loaded plugin filemanager (category:base,tabindex:10)
2026-03-16 11:52:57,036 [INFO] PluginManage:310 - Check plugin ipmanager
2026-03-16 11:52:57,039 [INFO] PluginManage:359 - Loaded plugin ipmanager (category:base,tabindex:5)
2026-03-16 11:52:57,039 [INFO] PluginManage:310 - Check plugin lpbam
2026-03-16 11:52:57,044 [INFO] PluginManage:359 - Loaded plugin lpbam (category:base,tabindex:0)
2026-03-16 11:52:57,044 [INFO] PluginManage:310 - Check plugin memorymap
2026-03-16 11:52:57,050 [INFO] PluginManage:359 - Loaded plugin memorymap (category:base,tabindex:4)
2026-03-16 11:52:57,051 [INFO] PluginManage:310 - Check plugin pinoutandconfiguration
2026-03-16 11:52:57,054 [INFO] PluginManage:359 - Loaded plugin pinoutandconfiguration (category:base,tabindex:1)
2026-03-16 11:52:57,055 [INFO] PluginManage:310 - Check plugin pinoutconfig
2026-03-16 11:52:57,104 [WARN] SupportedApi:132 - Cannot load RTOS API schema: s4s-elt-must-match.1: The content of 'definitions' must match (annotation?, (simpleType | complexType)?, (unique | key | keyref)*)). A problem was found starting at: attribute.
2026-03-16 11:52:57,187 [INFO] PluginManage:359 - Loaded plugin pinoutconfig (category:base,tabindex:0)
2026-03-16 11:52:57,187 [INFO] PluginManage:310 - Check plugin power
2026-03-16 11:52:57,193 [INFO] PluginManage:359 - Loaded plugin power (category:power,tabindex:4)
2026-03-16 11:52:57,193 [INFO] PluginManage:310 - Check plugin projectmanager
2026-03-16 11:52:57,203 [INFO] PluginManage:359 - Loaded plugin projectmanager (category:projectmanager,tabindex:4)
2026-03-16 11:52:57,204 [INFO] PluginManage:310 - Check plugin rif
2026-03-16 11:52:57,210 [INFO] PluginManage:359 - Loaded plugin rif (category:base,tabindex:3)
2026-03-16 11:52:57,210 [INFO] PluginManage:310 - Check plugin thirdparty
2026-03-16 11:52:57,282 [INFO] PluginManage:359 - Loaded plugin thirdparty (category:base,tabindex:-1)
2026-03-16 11:52:57,282 [INFO] PluginManage:310 - Check plugin tools
2026-03-16 11:52:57,282 [WARN] IntegrityCheckThread:84 - waiting for thirdparty lock release [integrity check]
2026-03-16 11:52:57,283 [INFO] IntegrityCheckThread:86 - entering critical section [integrity check]
2026-03-16 11:52:57,283 [INFO] ThirdPartyUpdaterWithRetryManager:70 - Updater plugin not ready yet. [1/15]
2026-03-16 11:52:57,284 [INFO] PluginManage:359 - Loaded plugin tools (category:base,tabindex:7)
2026-03-16 11:52:57,284 [INFO] PluginManage:310 - Check plugin tutovideos
2026-03-16 11:52:57,408 [INFO] PluginManage:359 - Loaded plugin tutovideos (category:base,tabindex:-1)
2026-03-16 11:52:57,408 [INFO] PluginManage:310 - Check plugin updater
2026-03-16 11:52:57,426 [INFO] PluginManage:359 - Loaded plugin updater (category:base,tabindex:12)
2026-03-16 11:52:57,426 [INFO] PluginManage:310 - Check plugin userauth
2026-03-16 11:52:57,428 [INFO] UserAuth:118 - Init User Auth plugin
2026-03-16 11:52:57,428 [INFO] PluginManage:359 - Loaded plugin userauth (category:base,tabindex:14)
2026-03-16 11:52:57,429 [INFO] PluginManage:283 - PluginManage : Loaded plugins [18]
2026-03-16 11:52:57,534 [INFO] PinOutPanel:1589 - setPackage(No Configuration,No Configuration)
2026-03-16 11:52:57,574 [INFO] CADModel:165 - CPN selected for project level
2026-03-16 11:52:57,574 [INFO] CADModel:114 - Register for checkConnection events
2026-03-16 11:52:57,580 [INFO] IPUIPlugin:80 - create IPUIPlugin
2026-03-16 11:52:57,580 [INFO] PluginManager:220 - loadIPPluginJar : add tracer_emb
2026-03-16 11:52:57,581 [INFO] IPUIPlugin:80 - create IPUIPlugin
2026-03-16 11:52:57,581 [INFO] PluginManager:220 - loadIPPluginJar : add radio
2026-03-16 11:52:57,584 [INFO] IPUIPlugin:80 - create IPUIPlugin
2026-03-16 11:52:57,584 [INFO] PluginManager:220 - loadIPPluginJar : add ddr_ctrl_phy
2026-03-16 11:52:57,588 [INFO] IPUIPlugin:80 - create IPUIPlugin
2026-03-16 11:52:57,588 [INFO] PluginManager:220 - loadIPPluginJar : add mdma
2026-03-16 11:52:57,590 [INFO] IPUIPlugin:80 - create IPUIPlugin
2026-03-16 11:52:57,590 [INFO] PluginManager:220 - loadIPPluginJar : add touchsensing
2026-03-16 11:52:57,591 [INFO] IPUIPlugin:80 - create IPUIPlugin
2026-03-16 11:52:57,591 [INFO] PluginManager:220 - loadIPPluginJar : add ucpd
2026-03-16 11:52:57,595 [INFO] IPUIPlugin:80 - create IPUIPlugin
2026-03-16 11:52:57,596 [INFO] PluginManager:220 - loadIPPluginJar : add plateformsettings
2026-03-16 11:52:57,599 [INFO] IPUIPlugin:80 - create IPUIPlugin
2026-03-16 11:52:57,599 [INFO] PluginManager:220 - loadIPPluginJar : add ipddr
2026-03-16 11:52:57,601 [INFO] IPUIPlugin:80 - create IPUIPlugin
2026-03-16 11:52:57,601 [INFO] PluginManager:220 - loadIPPluginJar : add resmgrutility
2026-03-16 11:52:57,602 [INFO] IPUIPlugin:80 - create IPUIPlugin
2026-03-16 11:52:57,602 [INFO] PluginManager:220 - loadIPPluginJar : add ts
2026-03-16 11:52:57,604 [INFO] IPUIPlugin:80 - create IPUIPlugin
2026-03-16 11:52:57,604 [INFO] PluginManager:220 - loadIPPluginJar : add dma3
2026-03-16 11:52:57,605 [INFO] IPUIPlugin:80 - create IPUIPlugin
2026-03-16 11:52:57,605 [INFO] PluginManager:220 - loadIPPluginJar : add openamp
2026-03-16 11:52:57,606 [INFO] IPUIPlugin:80 - create IPUIPlugin
2026-03-16 11:52:57,606 [INFO] PluginManager:220 - loadIPPluginJar : add opamp
2026-03-16 11:52:57,607 [INFO] IPUIPlugin:80 - create IPUIPlugin
2026-03-16 11:52:57,607 [INFO] PluginManager:220 - loadIPPluginJar : add pdm2pcm
2026-03-16 11:52:57,608 [INFO] IPUIPlugin:80 - create IPUIPlugin
2026-03-16 11:52:57,608 [INFO] PluginManager:220 - loadIPPluginJar : add gfxmmu
2026-03-16 11:52:57,610 [INFO] IPUIPlugin:80 - create IPUIPlugin
2026-03-16 11:52:57,610 [INFO] PluginManager:220 - loadIPPluginJar : add aes
2026-03-16 11:52:57,611 [INFO] IPUIPlugin:80 - create IPUIPlugin
2026-03-16 11:52:57,611 [INFO] PluginManager:220 - loadIPPluginJar : add gtzc
2026-03-16 11:52:57,613 [INFO] IPUIPlugin:80 - create IPUIPlugin
2026-03-16 11:52:57,613 [INFO] PluginManager:220 - loadIPPluginJar : add sai
2026-03-16 11:52:57,613 [INFO] IPUIPlugin:80 - create IPUIPlugin
2026-03-16 11:52:57,613 [INFO] PluginManager:220 - loadIPPluginJar : add tsc
2026-03-16 11:52:57,615 [INFO] IPUIPlugin:80 - create IPUIPlugin
2026-03-16 11:52:57,615 [INFO] PluginManager:220 - loadIPPluginJar : add usbx
2026-03-16 11:52:57,617 [INFO] IPUIPlugin:80 - create IPUIPlugin
2026-03-16 11:52:57,617 [INFO] PluginManager:220 - loadIPPluginJar : add can
2026-03-16 11:52:57,618 [INFO] IPUIPlugin:80 - create IPUIPlugin
2026-03-16 11:52:57,618 [INFO] PluginManager:220 - loadIPPluginJar : add i2c
2026-03-16 11:52:57,619 [INFO] IPUIPlugin:80 - create IPUIPlugin
2026-03-16 11:52:57,619 [INFO] PluginManager:220 - loadIPPluginJar : add lorawan
2026-03-16 11:52:57,621 [INFO] IPUIPlugin:80 - create IPUIPlugin
2026-03-16 11:52:57,621 [INFO] PluginManager:220 - loadIPPluginJar : add spi
2026-03-16 11:52:57,625 [INFO] IPUIPlugin:80 - create IPUIPlugin
2026-03-16 11:52:57,625 [INFO] PluginManager:220 - loadIPPluginJar : add linkedlist
2026-03-16 11:52:57,627 [INFO] IPUIPlugin:80 - create IPUIPlugin
2026-03-16 11:52:57,627 [INFO] PluginManager:220 - loadIPPluginJar : add fmc
2026-03-16 11:52:57,629 [INFO] IPUIPlugin:80 - create IPUIPlugin
2026-03-16 11:52:57,629 [INFO] PluginManager:220 - loadIPPluginJar : add i3c
2026-03-16 11:52:57,629 [INFO] IPUIPlugin:80 - create IPUIPlugin
2026-03-16 11:52:57,630 [INFO] PluginManager:220 - loadIPPluginJar : add ltdc
2026-03-16 11:52:57,633 [INFO] IPUIPlugin:80 - create IPUIPlugin
2026-03-16 11:52:57,633 [INFO] PluginManager:220 - loadIPPluginJar : add dma
2026-03-16 11:52:57,636 [INFO] IPUIPlugin:80 - create IPUIPlugin
2026-03-16 11:52:57,637 [INFO] PluginManager:220 - loadIPPluginJar : add freertos
2026-03-16 11:52:57,637 [INFO] IPUIPlugin:80 - create IPUIPlugin
2026-03-16 11:52:57,638 [INFO] PluginManager:220 - loadIPPluginJar : add hash
2026-03-16 11:52:57,641 [INFO] IPUIPlugin:80 - create IPUIPlugin
2026-03-16 11:52:57,641 [INFO] PluginManager:220 - loadIPPluginJar : add adc
2026-03-16 11:52:57,642 [INFO] IPUIPlugin:80 - create IPUIPlugin
2026-03-16 11:52:57,642 [INFO] PluginManager:220 - loadIPPluginJar : add usart
2026-03-16 11:52:57,646 [INFO] IPUIPlugin:80 - create IPUIPlugin
2026-03-16 11:52:57,646 [INFO] PluginManager:220 - loadIPPluginJar : add stm32_wpan
2026-03-16 11:52:57,647 [INFO] IPUIPlugin:80 - create IPUIPlugin
2026-03-16 11:52:57,647 [INFO] PluginManager:220 - loadIPPluginJar : add genericplugin
2026-03-16 11:52:57,649 [INFO] IPUIPlugin:80 - create IPUIPlugin
2026-03-16 11:52:57,649 [INFO] PluginManager:220 - loadIPPluginJar : add gpio
2026-03-16 11:52:57,651 [INFO] IPUIPlugin:80 - create IPUIPlugin
2026-03-16 11:52:57,651 [INFO] PluginManager:220 - loadIPPluginJar : add nvic
2026-03-16 11:52:57,652 [INFO] IPUIPlugin:80 - create IPUIPlugin
2026-03-16 11:52:57,652 [INFO] PluginManager:220 - loadIPPluginJar : add dfsdm
2026-03-16 11:52:57,653 [INFO] IPUIPlugin:80 - create IPUIPlugin
2026-03-16 11:52:57,653 [INFO] PluginManager:220 - loadIPPluginJar : add fatfs
2026-03-16 11:52:57,654 [INFO] IPUIPlugin:80 - create IPUIPlugin
2026-03-16 11:52:57,654 [INFO] PluginManager:220 - loadIPPluginJar : add comp
2026-03-16 11:52:57,655 [INFO] IPUIPlugin:80 - create IPUIPlugin
2026-03-16 11:52:57,655 [INFO] PluginManager:220 - loadIPPluginJar : add i2s
2026-03-16 11:52:57,656 [INFO] IPUIPlugin:80 - create IPUIPlugin
2026-03-16 11:52:57,656 [INFO] PluginManager:220 - loadIPPluginJar : add cryp
2026-03-16 11:52:57,657 [INFO] IPUIPlugin:80 - create IPUIPlugin
2026-03-16 11:52:57,657 [INFO] PluginManager:220 - loadIPPluginJar : add quadspi
2026-03-16 11:52:57,660 [INFO] IPUIPlugin:80 - create IPUIPlugin
2026-03-16 11:52:57,660 [INFO] PluginManager:220 - loadIPPluginJar : add gic
2026-03-16 11:52:57,661 [INFO] IPUIPlugin:80 - create IPUIPlugin
2026-03-16 11:52:57,661 [INFO] PluginManager:220 - loadIPPluginJar : add tim
2026-03-16 11:52:57,662 [INFO] IPUIPlugin:80 - create IPUIPlugin
2026-03-16 11:52:57,662 [INFO] PluginManager:220 - loadIPPluginJar : add extmemmanager
2026-03-16 11:52:57,759 [FATAL] Updater:351 - Updater called before beeing initialized
2026-03-16 11:52:57,774 [INFO] RulesReader:64 - Compatibility file has been processed (317 Rules)
2026-03-16 11:52:57,789 [INFO] RulesReader:64 - Compatibility file has been processed (317 Rules)
2026-03-16 11:52:57,794 [INFO] CADModel:165 - CPN selected for project level
2026-03-16 11:52:57,795 [INFO] CADModel:114 - Register for checkConnection events
2026-03-16 11:52:57,795 [FATAL] Updater:351 - Updater called before beeing initialized
2026-03-16 11:52:57,795 [ERROR] CADModel:125 - Updater not yet initialized, retry later 
2026-03-16 11:52:57,885 [FATAL] Updater:351 - Updater called before beeing initialized
2026-03-16 11:52:57,886 [INFO] CADModel:165 - CPN selected for project level
2026-03-16 11:52:57,886 [INFO] CADModel:114 - Register for checkConnection events
2026-03-16 11:52:57,886 [FATAL] Updater:351 - Updater called before beeing initialized
2026-03-16 11:52:57,886 [ERROR] CADModel:125 - Updater not yet initialized, retry later 
2026-03-16 11:52:57,890 [FATAL] Updater:351 - Updater called before beeing initialized
2026-03-16 11:52:57,975 [FATAL] Updater:351 - Updater called before beeing initialized
2026-03-16 11:52:57,978 [INFO] DbMcusAds:53 - JSON generation date=Wed Feb 18 15:32:49 CET 2026 (1771425169371)
2026-03-16 11:52:57,978 [FATAL] Updater:351 - Updater called before beeing initialized
2026-03-16 11:52:58,000 [WARN] DetailPanel:346 - Failed to get advertising image, set to default
2026-03-16 11:52:58,050 [FATAL] Updater:351 - Updater called before beeing initialized
2026-03-16 11:52:58,051 [FATAL] Updater:351 - Updater called before beeing initialized
2026-03-16 11:52:58,051 [FATAL] Updater:351 - Updater called before beeing initialized
2026-03-16 11:52:58,051 [WARN] DetailPanel:346 - Failed to get advertising image, set to default
2026-03-16 11:52:58,051 [FATAL] Updater:351 - Updater called before beeing initialized
2026-03-16 11:52:58,074 [ERROR] Updater:1198 - MainUpdater not yet initialized. External WinMGr cannot be set.
2026-03-16 11:52:58,075 [INFO] Updater:1134 - Updater Version found : 6.15.0
2026-03-16 11:52:58,086 [INFO] ApplicationProperties:184 - Using Application install path: /opt/st/stm32cubeide_1.19.0/plugins/com.st.stm32cube.common.mx_6.15.0.202507011659
2026-03-16 11:52:58,464 [INFO] MainUpdater:2872 - connection check result : 10
2026-03-16 11:52:58,465 [INFO] MainUpdater:289 - Updater Check For Update Now.
2026-03-16 11:52:58,465 [INFO] MicroXplorer:498 - Change Database Version : DB.6.0.150
2026-03-16 11:52:58,467 [INFO] McuFinderGlobals:63 - Set McuFinder mode to 2 (CubeIDE integrated)
2026-03-16 11:52:58,468 [INFO] UserAuth:487 - Internet connection configuration mode: 1
2026-03-16 11:52:58,476 [INFO] JxBrowserEngine:152 - Initiate JxBrowser Engine with user profile folder
2026-03-16 11:52:58,619 [INFO] CheckServerUpdateThread:120 - End of CheckServer Thread
2026-03-16 11:52:58,943 [INFO] WebApp:169 - Instantiating new browser for Auth
2026-03-16 11:52:59,362 [INFO] WebApp:463 - Apply proxy settings
2026-03-16 11:52:59,362 [INFO] WebApp:548 - Chromium requires no authentication
2026-03-16 11:52:59,368 [INFO] WebApp:491 - Direct internet connection detected
2026-03-16 11:52:59,379 [INFO] WebApp:900 - Register for checkConnection events
2026-03-16 11:52:59,379 [INFO] WebApp:463 - Apply proxy settings
2026-03-16 11:52:59,379 [INFO] WebApp:548 - Chromium requires no authentication
2026-03-16 11:52:59,379 [INFO] WebApp:491 - Direct internet connection detected
2026-03-16 11:52:59,444 [INFO] WebApp:225 - Starting web application
2026-03-16 11:52:59,444 [INFO] WebApp:593 - Web application path used /opt/st/stm32cubeide_1.19.0/plugins/com.st.stm32cube.common.mx_6.15.0.202507011659/db/plugins/mcufinder/reactClient1/index.html
2026-03-16 11:52:59,505 [INFO] UserAuth:487 - Internet connection configuration mode: 1
2026-03-16 11:52:59,715 [INFO] WebApp:191 - Connection restablished
2026-03-16 11:53:00,380 [WARN] PackLoader:240 - Cannot read IP mode file for STMicroelectronics.X-CUBE-AZRTOS-H7.3.5.0
2026-03-16 11:53:00,386 [WARN] PackLoader:240 - Cannot read IP mode file for STMicroelectronics.FP-SNS-MOTENVWB1.1.4.0
2026-03-16 11:53:00,391 [WARN] PackLoader:240 - Cannot read IP mode file for STMicroelectronics.FP-ATR-ASTRA1.2.0.2
2026-03-16 11:53:00,396 [WARN] PackLoader:240 - Cannot read IP mode file for STMicroelectronics.X-CUBE-SMBUS.2.1.0
2026-03-16 11:53:00,400 [WARN] PackLoader:240 - Cannot read IP mode file for STMicroelectronics.X-CUBE-ST60.1.0.0
2026-03-16 11:53:00,420 [WARN] PackLoader:240 - Cannot read IP mode file for STMicroelectronics.X-CUBE-AZRTOS-F7.1.1.0
2026-03-16 11:53:00,426 [WARN] PackLoader:240 - Cannot read IP mode file for Cesanta.I-CUBE-Mongoose.7.19.0
2026-03-16 11:53:00,429 [WARN] PackLoader:240 - Cannot read IP mode file for STMicroelectronics.FP-SNS-MOTENV1.5.1.0
2026-03-16 11:53:00,438 [WARN] PackLoader:240 - Cannot read IP mode file for WES.I-CUBE-Cesium.1.4.0
2026-03-16 11:53:00,464 [WARN] PackLoader:240 - Cannot read IP mode file for Infineon.AIROC-Wi-Fi-Bluetooth-STM32.1.7.1
2026-03-16 11:53:00,483 [WARN] PackLoader:240 - Cannot read IP mode file for STMicroelectronics.X-CUBE-AZRTOS-H7.3.4.0
2026-03-16 11:53:00,494 [WARN] PackLoader:240 - Cannot read IP mode file for STMicroelectronics.X-CUBE-DISPLAY.3.0.0
2026-03-16 11:53:00,503 [WARN] PackLoader:240 - Cannot read IP mode file for STMicroelectronics.FP-SNS-MOTENVWB1.1.5.0
2026-03-16 11:53:00,510 [WARN] PackLoader:240 - Cannot read IP mode file for STMicroelectronics.X-CUBE-NFC10.1.0.0
2026-03-16 11:53:00,533 [WARN] PackLoader:240 - Cannot read IP mode file for STMicroelectronics.X-CUBE-ST60.1.1.0
2026-03-16 11:53:00,539 [WARN] PackLoader:240 - Cannot read IP mode file for emotas.I-CUBE-CANOPEN.1.3.0
2026-03-16 11:53:00,551 [WARN] PackLoader:240 - Cannot read IP mode file for STMicroelectronics.X-CUBE-GNSS1.7.1.0
2026-03-16 11:53:00,559 [WARN] PackLoader:240 - Cannot read IP mode file for STMicroelectronics.FP-SNS-SMARTAG2.1.2.0
2026-03-16 11:53:00,564 [WARN] PackLoader:240 - Cannot read IP mode file for STMicroelectronics.FP-SNS-FLIGHT1.5.1.0
2026-03-16 11:53:00,574 [INFO] LogOutputStream:77 - [STDOUT_REDIRECT] 1 : Invalid condition id : UX_CORESTACK_Condition cause : null
2026-03-16 11:53:00,574 [INFO] LogOutputStream:77 - [STDOUT_REDIRECT] 1 : Invalid condition id : UX_CORESTACK_Condition cause : null
2026-03-16 11:53:00,575 [INFO] LogOutputStream:77 - [STDOUT_REDIRECT] 1 : Invalid condition id : UX_CORESTACK_Condition cause : null
2026-03-16 11:53:00,575 [INFO] LogOutputStream:77 - [STDOUT_REDIRECT] 1 : Invalid condition id : UX_CORESTACK_Condition cause : null
2026-03-16 11:53:00,575 [INFO] LogOutputStream:77 - [STDOUT_REDIRECT] 1 : Invalid condition id : UX_CORESTACK_Condition cause : null
2026-03-16 11:53:00,579 [WARN] PackLoader:240 - Cannot read IP mode file for STMicroelectronics.X-CUBE-AZRTOS-WL.2.0.0
2026-03-16 11:53:00,583 [WARN] PackLoader:240 - Cannot read IP mode file for STMicroelectronics.FP-SNS-MOTENV1.5.0.0
2026-03-16 11:53:00,604 [WARN] PackLoader:240 - Cannot read IP mode file for STMicroelectronics.X-CUBE-AZRTOS-H7RS.1.2.0
2026-03-16 11:53:00,612 [WARN] PackLoader:240 - Cannot read IP mode file for STMicroelectronics.X-CUBE-BLE2.3.3.0
2026-03-16 11:53:00,630 [WARN] PackLoader:240 - Cannot read IP mode file for STMicroelectronics.X-CUBE-NFC9.1.0.0
2026-03-16 11:53:00,636 [WARN] PackLoader:240 - Cannot read IP mode file for wolfSSL.I-CUBE-wolfSSL.5.8.2
2026-03-16 11:53:00,640 [WARN] PackLoader:240 - Cannot read IP mode file for STMicroelectronics.X-CUBE-BLE1.7.1.0
2026-03-16 11:53:00,644 [WARN] PackLoader:240 - Cannot read IP mode file for wolfSSL.I-CUBE-wolfMQTT.1.19.2
2026-03-16 11:53:00,648 [WARN] PackLoader:240 - Cannot read IP mode file for STMicroelectronics.X-CUBE-FREERTOS.1.4.0
2026-03-16 11:53:00,654 [WARN] PackLoader:240 - Cannot read IP mode file for STMicroelectronics.X-CUBE-EEPRMA1.5.2.0
2026-03-16 11:53:00,661 [WARN] PackLoader:240 - Cannot read IP mode file for STMicroelectronics.X-CUBE-ST67W61.1.1.0
2026-03-16 11:53:00,704 [WARN] PackLoader:240 - Cannot read IP mode file for STMicroelectronics.X-CUBE-MEMS1.12.0.0
2026-03-16 11:53:00,786 [WARN] PackLoader:240 - Cannot read IP mode file for STMicroelectronics.X-CUBE-AZRTOS-G0.1.1.0
2026-03-16 11:53:00,792 [WARN] PackLoader:240 - Cannot read IP mode file for STMicroelectronics.X-CUBE-SAFEA1.1.2.2
2026-03-16 11:53:00,795 [WARN] PackLoader:240 - Cannot read IP mode file for STMicroelectronics.X-CUBE-NFC4.3.0.0
2026-03-16 11:53:00,801 [WARN] PackLoader:240 - Cannot read IP mode file for EmbeddedOffice.I-CUBE-FS-RTOS.1.0.1
2026-03-16 11:53:00,805 [WARN] PackLoader:240 - Cannot read IP mode file for STMicroelectronics.X-CUBE-WB05N.2.0.0
2026-03-16 11:53:00,808 [WARN] PackLoader:240 - Cannot read IP mode file for wolfSSL.I-CUBE-wolfTPM.3.8.0
2026-03-16 11:53:00,811 [WARN] PackLoader:240 - Cannot read IP mode file for STMicroelectronics.X-CUBE-TCPP.4.2.0
2026-03-16 11:53:00,815 [WARN] PackLoader:240 - Cannot read IP mode file for RealThread.X-CUBE-RT-Thread_Nano.4.1.1
2026-03-16 11:53:00,817 [WARN] PackLoader:240 - Cannot read IP mode file for STMicroelectronics.FP-ATR-SIGFOX1.3.2.0
2026-03-16 11:53:00,820 [WARN] PackLoader:240 - Cannot read IP mode file for STMicroelectronics.X-CUBE-FREERTOS.1.5.0
2026-03-16 11:53:00,823 [WARN] PackLoader:240 - Cannot read IP mode file for ITTIA_DB.I-CUBE-ITTIADB.8.9.0
2026-03-16 11:53:00,827 [WARN] PackLoader:240 - Cannot read IP mode file for STMicroelectronics.X-CUBE-NFC6.3.2.0
2026-03-16 11:53:00,841 [WARN] PackLoader:240 - Cannot read IP mode file for SEGGER.I-CUBE-embOS.1.3.1
2026-03-16 11:53:00,880 [WARN] PackLoader:240 - Cannot read IP mode file for STMicroelectronics.X-CUBE-ALGOBUILD.1.4.0
2026-03-16 11:53:00,910 [WARN] PackLoader:240 - Cannot read IP mode file for STMicroelectronics.X-CUBE-MEMS1.11.3.0
2026-03-16 11:53:00,983 [WARN] PackLoader:240 - Cannot read IP mode file for STMicroelectronics.X-CUBE-PM33A1.1.0.0
2026-03-16 11:53:00,992 [WARN] PackLoader:240 - Cannot read IP mode file for STMicroelectronics.X-CUBE-AZRTOS-F4.1.1.0
2026-03-16 11:53:00,997 [WARN] PackLoader:240 - Cannot read IP mode file for STMicroelectronics.X-CUBE-ISPU.2.1.0
2026-03-16 11:53:01,011 [WARN] PackLoader:240 - Cannot read IP mode file for STMicroelectronics.X-CUBE-IPS.3.2.0
2026-03-16 11:53:01,022 [WARN] PackLoader:240 - Cannot read IP mode file for STMicroelectronics.X-CUBE-NFC12.1.0.0
2026-03-16 11:53:01,035 [WARN] PackLoader:240 - Cannot read IP mode file for STMicroelectronics.X-CUBE-AZRTOS-L5.2.0.0
2026-03-16 11:53:01,041 [WARN] PackLoader:240 - Cannot read IP mode file for STMicroelectronics.X-CUBE-NFC6.3.1.0
2026-03-16 11:53:01,046 [WARN] PackLoader:240 - Cannot read IP mode file for STMicroelectronics.X-CUBE-FREERTOS.1.3.1
2026-03-16 11:53:01,050 [WARN] PackLoader:240 - Cannot read IP mode file for STMicroelectronics.X-CUBE-TOUCHGFX.4.26.0
2026-03-16 11:53:01,052 [WARN] PackLoader:240 - Cannot read IP mode file for STMicroelectronics.X-CUBE-TOUCHGFX.4.26.1
2026-03-16 11:53:01,055 [WARN] PackLoader:240 - Cannot read IP mode file for STMicroelectronics.X-CUBE-DPower.1.3.0
2026-03-16 11:53:01,079 [WARN] ConditionMgr:438 - getConditionDescription Invalid condition id : LAN8742 Phy interface Condition cause : null
2026-03-16 11:53:01,080 [WARN] PackLoader:240 - Cannot read IP mode file for STMicroelectronics.X-CUBE-AZRTOS-L4.2.0.0
2026-03-16 11:53:01,081 [WARN] ConditionMgr:1044 - genDependencies : Invalid condition id : LAN8742 Phy interface Condition cause : null
2026-03-16 11:53:01,081 [WARN] ConditionMgr:1044 - genDependencies : Invalid condition id : LAN8742 Phy interface Condition cause : null
2026-03-16 11:53:01,082 [WARN] ConditionMgr:1044 - genDependencies : Invalid condition id : LAN8742 Phy interface Condition cause : null
2026-03-16 11:53:01,088 [WARN] PackLoader:240 - Cannot read IP mode file for STMicroelectronics.X-CUBE-SFXS2LP1.4.0.0
2026-03-16 11:53:01,093 [WARN] PackLoader:240 - Cannot read IP mode file for STMicroelectronics.X-CUBE-ST67W61.1.2.0
2026-03-16 11:53:01,102 [WARN] PackLoader:240 - Cannot read IP mode file for STMicroelectronics.X-CUBE-BLEMGR.4.1.0
2026-03-16 11:53:01,112 [WARN] ConditionMgr:438 - getConditionDescription Invalid condition id : UX DEVICE CLASS RTOS Condition cause : null
2026-03-16 11:53:01,112 [WARN] ConditionMgr:438 - getConditionDescription Invalid condition id : UX DEVICE CLASS RTOS Condition cause : null
2026-03-16 11:53:01,113 [WARN] PackLoader:240 - Cannot read IP mode file for STMicroelectronics.X-CUBE-AZRTOS-WB.2.0.0
2026-03-16 11:53:01,114 [WARN] ConditionMgr:1044 - genDependencies : Invalid condition id : UX DEVICE CLASS RTOS Condition cause : null
2026-03-16 11:53:01,114 [WARN] ConditionMgr:1044 - genDependencies : Invalid condition id : UX DEVICE CLASS RTOS Condition cause : null
2026-03-16 11:53:01,114 [WARN] ConditionMgr:1044 - genDependencies : Invalid condition id : UX DEVICE CLASS RTOS Condition cause : null
2026-03-16 11:53:01,114 [WARN] ConditionMgr:1044 - genDependencies : Invalid condition id : UX DEVICE CLASS RTOS Condition cause : null
2026-03-16 11:53:01,114 [WARN] ConditionMgr:1044 - genDependencies : Invalid condition id : UX DEVICE CLASS RTOS Condition cause : null
2026-03-16 11:53:01,118 [WARN] PackLoader:240 - Cannot read IP mode file for STMicroelectronics.X-CUBE-GNSS1.7.0.1
2026-03-16 11:53:01,120 [WARN] ConditionMgr:438 - getConditionDescription Invalid condition id : Cortex-A Device cause : null
2026-03-16 11:53:01,127 [WARN] ConditionMgr:1044 - genDependencies : Invalid condition id : Cortex-A Device cause : null
2026-03-16 11:53:01,127 [WARN] ConditionMgr:1044 - genDependencies : Invalid condition id : Cortex-A Device cause : null
2026-03-16 11:53:01,127 [WARN] ConditionMgr:1044 - genDependencies : Invalid condition id : Cortex-A Device cause : null
2026-03-16 11:53:01,133 [WARN] PackLoader:240 - Cannot read IP mode file for STMicroelectronics.X-CUBE-STSE01.2.0.0
2026-03-16 11:53:01,140 [WARN] PackLoader:240 - Cannot read IP mode file for STMicroelectronics.X-CUBE-SUBG2.5.0.0
2026-03-16 11:53:01,155 [WARN] PackLoader:240 - Cannot read IP mode file for STMicroelectronics.X-CUBE-AZRTOS-H7RS.1.1.0
2026-03-16 11:53:01,165 [WARN] PackLoader:240 - Cannot read IP mode file for STMicroelectronics.X-CUBE-AZRTOS-G4.2.0.0
2026-03-16 11:53:01,170 [WARN] PackLoader:240 - Cannot read IP mode file for wolfSSL.I-CUBE-wolfSSH.1.4.20
2026-03-16 11:53:01,173 [WARN] PackLoader:240 - Cannot read IP mode file for STMicroelectronics.X-CUBE-NFC7.2.0.0
2026-03-16 11:53:01,177 [WARN] PackLoader:240 - Cannot read IP mode file for STMicroelectronics.X-CUBE-ALS.1.0.2
2026-03-16 11:53:01,183 [WARN] PackLoader:240 - Cannot read IP mode file for STMicroelectronics.X-CUBE-STSE01.1.0.0
2026-03-16 11:53:01,192 [WARN] PackLoader:240 - Cannot read IP mode file for STMicroelectronics.X-CUBE-TOF1.3.4.3
2026-03-16 11:53:01,200 [INFO] ThirdParty:978 - Integrity check success = true
2026-03-16 11:53:01,200 [INFO] IntegrityCheckThread:100 - exiting critical section [integrity check]
2026-03-16 11:53:01,200 [INFO] IntegrityCheckThread:103 - End integrity checks thread
2026-03-16 12:02:18,066 [INFO] WebApp:194 - Connection lost
2026-03-16 12:02:29,485 [INFO] WebApp:191 - Connection restablished
2026-03-16 13:27:42,115 [INFO] WebApp:194 - Connection lost
2026-03-16 13:27:49,959 [INFO] WebApp:191 - Connection restablished
2026-03-16 13:27:55,026 [ERROR] LogOutputStream:75 - [STDERR_REDIRECT] SWT SessionManagerDBus: Failed to UnregisterClient: GDBus.Error:org.freedesktop.DBus.Error.NoReply: Message recipient disconnected from message bus without replying
2026-03-16 19:30:24,968 [INFO] Activator:176 - 


2026-03-16 19:30:24,970 [INFO] Activator:177 - !SESSION log4j initialized
2026-03-16 19:30:27,992 [INFO] LogOutputStream:77 - [STDOUT_REDIRECT] 
2026-03-16 19:30:28,613 [INFO] ApplicationProperties:184 - Using Application install path: /opt/st/stm32cubeide_1.19.0/plugins/com.st.stm32cube.common.mx_6.15.0.202507011659
2026-03-16 19:30:28,630 [INFO] DbMcusXml:78 - Set database path to: /opt/st/stm32cubeide_1.19.0/plugins/com.st.stm32cube.common.mx_6.15.0.202507011659//db//mcu/
2026-03-16 19:30:28,630 [INFO] ApiDb:274 - Set plugin database path to: /opt/st/stm32cubeide_1.19.0/plugins/com.st.stm32cube.common.mx_6.15.0.202507011659//db//plugins/boardmanager/
2026-03-16 19:30:28,630 [WARN] ApiDb:259 - Overriding images path with different value:  => /opt/st/stm32cubeide_1.19.0/plugins/com.st.stm32cube.common.mx_6.15.0.202507011659//db//plugins/mcufinder/images/
2026-03-16 19:30:28,634 [INFO] ApiDb:250 - Set database path to: /home/kamil/.stmcufinder/plugins/mcufinder//mcu/
2026-03-16 19:30:28,635 [INFO] DbMcusAds:125 - Set database path to: /home/kamil/.stmcufinder/plugins/mcufinder//mcu/
2026-03-16 19:30:28,637 [INFO] CrossReferenceDbSqlite:203 - Set database path to: /home/kamil/.stmcufinder/plugins/mcufinder//mcu/cs/
2026-03-16 19:30:28,734 [INFO] RulesReader:64 - Compatibility file has been processed (317 Rules)
2026-03-16 19:30:28,781 [INFO] DbMcusXml:78 - Set database path to: /opt/st/stm32cubeide_1.19.0/plugins/com.st.stm32cube.common.mx_6.15.0.202507011659//db//mcu/
2026-03-16 19:30:28,781 [INFO] ApiDb:274 - Set plugin database path to: /opt/st/stm32cubeide_1.19.0/plugins/com.st.stm32cube.common.mx_6.15.0.202507011659//db//plugins/boardmanager/
2026-03-16 19:30:28,781 [INFO] ApiDb:261 - Set plugin images path to: /opt/st/stm32cubeide_1.19.0/plugins/com.st.stm32cube.common.mx_6.15.0.202507011659//db//plugins/mcufinder/images/
2026-03-16 19:30:28,781 [WARN] DbFile:41 - Overriding database path with different value: /home/kamil/.stmcufinder/plugins/mcufinder/ => /home/kamil/.stmcufinder/plugins/mcufinder
2026-03-16 19:30:28,781 [INFO] ApiDb:250 - Set database path to: /home/kamil/.stmcufinder/plugins/mcufinder//mcu/
2026-03-16 19:30:28,782 [WARN] DbFile:41 - Overriding database path with different value: /home/kamil/.stmcufinder/plugins/mcufinder/ => /home/kamil/.stmcufinder/plugins/mcufinder
2026-03-16 19:30:28,782 [INFO] DbMcusAds:125 - Set database path to: /home/kamil/.stmcufinder/plugins/mcufinder//mcu/
2026-03-16 19:30:28,782 [WARN] DbFile:41 - Overriding database path with different value: /home/kamil/.stmcufinder/plugins/mcufinder/ => /home/kamil/.stmcufinder/plugins/mcufinder
2026-03-16 19:30:28,782 [WARN] DbFile:41 - Overriding database path with different value: /home/kamil/.stmcufinder/plugins/mcufinder/ => /home/kamil/.stmcufinder/plugins/mcufinder
2026-03-16 19:30:28,782 [INFO] CrossReferenceDbSqlite:203 - Set database path to: /home/kamil/.stmcufinder/plugins/mcufinder//mcu/cs/
2026-03-16 19:30:28,826 [INFO] MainPanel:274 - HeapMemory: 268435456
2026-03-16 19:30:28,928 [INFO] DbMcusXml:78 - Set database path to: /opt/st/stm32cubeide_1.19.0/plugins/com.st.stm32cube.common.mx_6.15.0.202507011659//db//mcu/
2026-03-16 19:30:28,928 [INFO] ApiDb:274 - Set plugin database path to: /opt/st/stm32cubeide_1.19.0/plugins/com.st.stm32cube.common.mx_6.15.0.202507011659//db//plugins/boardmanager/
2026-03-16 19:30:28,928 [INFO] ApiDb:261 - Set plugin images path to: /opt/st/stm32cubeide_1.19.0/plugins/com.st.stm32cube.common.mx_6.15.0.202507011659//db//plugins/mcufinder/images/
2026-03-16 19:30:28,929 [WARN] DbFile:41 - Overriding database path with different value: /home/kamil/.stmcufinder/plugins/mcufinder/ => /home/kamil/.stmcufinder/plugins/mcufinder
2026-03-16 19:30:28,929 [INFO] ApiDb:250 - Set database path to: /home/kamil/.stmcufinder/plugins/mcufinder//mcu/
2026-03-16 19:30:28,929 [WARN] DbFile:41 - Overriding database path with different value: /home/kamil/.stmcufinder/plugins/mcufinder/ => /home/kamil/.stmcufinder/plugins/mcufinder
2026-03-16 19:30:28,929 [INFO] DbMcusAds:125 - Set database path to: /home/kamil/.stmcufinder/plugins/mcufinder//mcu/
2026-03-16 19:30:28,929 [WARN] DbFile:41 - Overriding database path with different value: /home/kamil/.stmcufinder/plugins/mcufinder/ => /home/kamil/.stmcufinder/plugins/mcufinder
2026-03-16 19:30:28,929 [WARN] DbFile:41 - Overriding database path with different value: /home/kamil/.stmcufinder/plugins/mcufinder/ => /home/kamil/.stmcufinder/plugins/mcufinder
2026-03-16 19:30:28,929 [INFO] CrossReferenceDbSqlite:203 - Set database path to: /home/kamil/.stmcufinder/plugins/mcufinder//mcu/cs/
2026-03-16 19:30:28,938 [INFO] ApplicationProperties:184 - Using Application install path: /opt/st/stm32cubeide_1.19.0/plugins/com.st.stm32cube.common.mx_6.15.0.202507011659
2026-03-16 19:30:28,939 [INFO] PluginManage:196 - Search for loadable plugins [exclusion list=, ]
2026-03-16 19:30:28,940 [INFO] PluginManage:310 - Check plugin analytics
2026-03-16 19:30:29,029 [INFO] AnalyticsPlugin:253 - Accepted Software Licenses: 
2026-03-16 19:30:29,029 [INFO] AnalyticsPlugin:255 - Accepted CMSIS Pack Licenses: 
2026-03-16 19:30:29,029 [INFO] AnalyticsPlugin:257 - Accepted Firmware Licenses: FW.F4.1.28.0
2026-03-16 19:30:29,031 [INFO] PluginManage:359 - Loaded plugin analytics (category:tool,tabindex:-1)
2026-03-16 19:30:29,031 [INFO] PluginManage:310 - Check plugin cadmodel
2026-03-16 19:30:29,035 [INFO] CADModel:105 - Init CAD model plugin
2026-03-16 19:30:29,035 [INFO] PluginManage:359 - Loaded plugin cadmodel (category:power,tabindex:5)
2026-03-16 19:30:29,035 [INFO] PluginManage:310 - Check plugin clock
2026-03-16 19:30:29,041 [INFO] PluginManage:359 - Loaded plugin clock (category:base,tabindex:2)
2026-03-16 19:30:29,041 [INFO] PluginManage:310 - Check plugin ddr
2026-03-16 19:30:29,043 [INFO] PluginManage:359 - Loaded plugin ddr (category:tool,tabindex:6)
2026-03-16 19:30:29,043 [INFO] PluginManage:310 - Check plugin filemanager
2026-03-16 19:30:29,155 [INFO] PluginManage:359 - Loaded plugin filemanager (category:base,tabindex:10)
2026-03-16 19:30:29,156 [INFO] PluginManage:310 - Check plugin ipmanager
2026-03-16 19:30:29,161 [INFO] PluginManage:359 - Loaded plugin ipmanager (category:base,tabindex:5)
2026-03-16 19:30:29,161 [INFO] PluginManage:310 - Check plugin lpbam
2026-03-16 19:30:29,170 [INFO] PluginManage:359 - Loaded plugin lpbam (category:base,tabindex:0)
2026-03-16 19:30:29,170 [INFO] PluginManage:310 - Check plugin memorymap
2026-03-16 19:30:29,181 [INFO] PluginManage:359 - Loaded plugin memorymap (category:base,tabindex:4)
2026-03-16 19:30:29,181 [INFO] PluginManage:310 - Check plugin pinoutandconfiguration
2026-03-16 19:30:29,189 [INFO] PluginManage:359 - Loaded plugin pinoutandconfiguration (category:base,tabindex:1)
2026-03-16 19:30:29,189 [INFO] PluginManage:310 - Check plugin pinoutconfig
2026-03-16 19:30:29,271 [WARN] SupportedApi:132 - Cannot load RTOS API schema: s4s-elt-must-match.1: The content of 'definitions' must match (annotation?, (simpleType | complexType)?, (unique | key | keyref)*)). A problem was found starting at: attribute.
2026-03-16 19:30:29,403 [INFO] PluginManage:359 - Loaded plugin pinoutconfig (category:base,tabindex:0)
2026-03-16 19:30:29,403 [INFO] PluginManage:310 - Check plugin power
2026-03-16 19:30:29,413 [INFO] PluginManage:359 - Loaded plugin power (category:power,tabindex:4)
2026-03-16 19:30:29,413 [INFO] PluginManage:310 - Check plugin projectmanager
2026-03-16 19:30:29,427 [INFO] PluginManage:359 - Loaded plugin projectmanager (category:projectmanager,tabindex:4)
2026-03-16 19:30:29,427 [INFO] PluginManage:310 - Check plugin rif
2026-03-16 19:30:29,435 [INFO] PluginManage:359 - Loaded plugin rif (category:base,tabindex:3)
2026-03-16 19:30:29,435 [INFO] PluginManage:310 - Check plugin thirdparty
2026-03-16 19:30:29,545 [INFO] PluginManage:359 - Loaded plugin thirdparty (category:base,tabindex:-1)
2026-03-16 19:30:29,546 [INFO] PluginManage:310 - Check plugin tools
2026-03-16 19:30:29,545 [WARN] IntegrityCheckThread:84 - waiting for thirdparty lock release [integrity check]
2026-03-16 19:30:29,546 [INFO] IntegrityCheckThread:86 - entering critical section [integrity check]
2026-03-16 19:30:29,546 [INFO] ThirdPartyUpdaterWithRetryManager:70 - Updater plugin not ready yet. [1/15]
2026-03-16 19:30:29,548 [INFO] PluginManage:359 - Loaded plugin tools (category:base,tabindex:7)
2026-03-16 19:30:29,548 [INFO] PluginManage:310 - Check plugin tutovideos
2026-03-16 19:30:29,674 [INFO] PluginManage:359 - Loaded plugin tutovideos (category:base,tabindex:-1)
2026-03-16 19:30:29,674 [INFO] PluginManage:310 - Check plugin updater
2026-03-16 19:30:29,693 [INFO] PluginManage:359 - Loaded plugin updater (category:base,tabindex:12)
2026-03-16 19:30:29,694 [INFO] PluginManage:310 - Check plugin userauth
2026-03-16 19:30:29,698 [INFO] UserAuth:118 - Init User Auth plugin
2026-03-16 19:30:29,698 [INFO] PluginManage:359 - Loaded plugin userauth (category:base,tabindex:14)
2026-03-16 19:30:29,698 [INFO] PluginManage:283 - PluginManage : Loaded plugins [18]
2026-03-16 19:30:29,813 [INFO] PinOutPanel:1589 - setPackage(No Configuration,No Configuration)
2026-03-16 19:30:29,854 [INFO] CADModel:165 - CPN selected for project level
2026-03-16 19:30:29,854 [INFO] CADModel:114 - Register for checkConnection events
2026-03-16 19:30:29,860 [INFO] IPUIPlugin:80 - create IPUIPlugin
2026-03-16 19:30:29,860 [INFO] PluginManager:220 - loadIPPluginJar : add tracer_emb
2026-03-16 19:30:29,861 [INFO] IPUIPlugin:80 - create IPUIPlugin
2026-03-16 19:30:29,862 [INFO] PluginManager:220 - loadIPPluginJar : add radio
2026-03-16 19:30:29,865 [INFO] IPUIPlugin:80 - create IPUIPlugin
2026-03-16 19:30:29,865 [INFO] PluginManager:220 - loadIPPluginJar : add ddr_ctrl_phy
2026-03-16 19:30:29,868 [INFO] IPUIPlugin:80 - create IPUIPlugin
2026-03-16 19:30:29,869 [INFO] PluginManager:220 - loadIPPluginJar : add mdma
2026-03-16 19:30:29,870 [INFO] IPUIPlugin:80 - create IPUIPlugin
2026-03-16 19:30:29,870 [INFO] PluginManager:220 - loadIPPluginJar : add touchsensing
2026-03-16 19:30:29,871 [INFO] IPUIPlugin:80 - create IPUIPlugin
2026-03-16 19:30:29,871 [INFO] PluginManager:220 - loadIPPluginJar : add ucpd
2026-03-16 19:30:29,875 [INFO] IPUIPlugin:80 - create IPUIPlugin
2026-03-16 19:30:29,876 [INFO] PluginManager:220 - loadIPPluginJar : add plateformsettings
2026-03-16 19:30:29,878 [INFO] IPUIPlugin:80 - create IPUIPlugin
2026-03-16 19:30:29,878 [INFO] PluginManager:220 - loadIPPluginJar : add ipddr
2026-03-16 19:30:29,881 [INFO] IPUIPlugin:80 - create IPUIPlugin
2026-03-16 19:30:29,881 [INFO] PluginManager:220 - loadIPPluginJar : add resmgrutility
2026-03-16 19:30:29,882 [INFO] IPUIPlugin:80 - create IPUIPlugin
2026-03-16 19:30:29,882 [INFO] PluginManager:220 - loadIPPluginJar : add ts
2026-03-16 19:30:29,883 [INFO] IPUIPlugin:80 - create IPUIPlugin
2026-03-16 19:30:29,884 [INFO] PluginManager:220 - loadIPPluginJar : add dma3
2026-03-16 19:30:29,885 [INFO] IPUIPlugin:80 - create IPUIPlugin
2026-03-16 19:30:29,886 [INFO] PluginManager:220 - loadIPPluginJar : add openamp
2026-03-16 19:30:29,887 [INFO] IPUIPlugin:80 - create IPUIPlugin
2026-03-16 19:30:29,887 [INFO] PluginManager:220 - loadIPPluginJar : add opamp
2026-03-16 19:30:29,888 [INFO] IPUIPlugin:80 - create IPUIPlugin
2026-03-16 19:30:29,889 [INFO] PluginManager:220 - loadIPPluginJar : add pdm2pcm
2026-03-16 19:30:29,890 [INFO] IPUIPlugin:80 - create IPUIPlugin
2026-03-16 19:30:29,890 [INFO] PluginManager:220 - loadIPPluginJar : add gfxmmu
2026-03-16 19:30:29,891 [INFO] IPUIPlugin:80 - create IPUIPlugin
2026-03-16 19:30:29,891 [INFO] PluginManager:220 - loadIPPluginJar : add aes
2026-03-16 19:30:29,893 [INFO] IPUIPlugin:80 - create IPUIPlugin
2026-03-16 19:30:29,893 [INFO] PluginManager:220 - loadIPPluginJar : add gtzc
2026-03-16 19:30:29,895 [INFO] IPUIPlugin:80 - create IPUIPlugin
2026-03-16 19:30:29,895 [INFO] PluginManager:220 - loadIPPluginJar : add sai
2026-03-16 19:30:29,895 [INFO] IPUIPlugin:80 - create IPUIPlugin
2026-03-16 19:30:29,895 [INFO] PluginManager:220 - loadIPPluginJar : add tsc
2026-03-16 19:30:29,897 [INFO] IPUIPlugin:80 - create IPUIPlugin
2026-03-16 19:30:29,897 [INFO] PluginManager:220 - loadIPPluginJar : add usbx
2026-03-16 19:30:29,898 [INFO] IPUIPlugin:80 - create IPUIPlugin
2026-03-16 19:30:29,898 [INFO] PluginManager:220 - loadIPPluginJar : add can
2026-03-16 19:30:29,900 [INFO] IPUIPlugin:80 - create IPUIPlugin
2026-03-16 19:30:29,900 [INFO] PluginManager:220 - loadIPPluginJar : add i2c
2026-03-16 19:30:29,902 [INFO] IPUIPlugin:80 - create IPUIPlugin
2026-03-16 19:30:29,902 [INFO] PluginManager:220 - loadIPPluginJar : add lorawan
2026-03-16 19:30:29,903 [INFO] IPUIPlugin:80 - create IPUIPlugin
2026-03-16 19:30:29,903 [INFO] PluginManager:220 - loadIPPluginJar : add spi
2026-03-16 19:30:29,908 [INFO] IPUIPlugin:80 - create IPUIPlugin
2026-03-16 19:30:29,908 [INFO] PluginManager:220 - loadIPPluginJar : add linkedlist
2026-03-16 19:30:29,910 [INFO] IPUIPlugin:80 - create IPUIPlugin
2026-03-16 19:30:29,910 [INFO] PluginManager:220 - loadIPPluginJar : add fmc
2026-03-16 19:30:29,912 [INFO] IPUIPlugin:80 - create IPUIPlugin
2026-03-16 19:30:29,912 [INFO] PluginManager:220 - loadIPPluginJar : add i3c
2026-03-16 19:30:29,913 [INFO] IPUIPlugin:80 - create IPUIPlugin
2026-03-16 19:30:29,913 [INFO] PluginManager:220 - loadIPPluginJar : add ltdc
2026-03-16 19:30:29,916 [INFO] IPUIPlugin:80 - create IPUIPlugin
2026-03-16 19:30:29,916 [INFO] PluginManager:220 - loadIPPluginJar : add dma
2026-03-16 19:30:29,919 [INFO] IPUIPlugin:80 - create IPUIPlugin
2026-03-16 19:30:29,920 [INFO] PluginManager:220 - loadIPPluginJar : add freertos
2026-03-16 19:30:29,921 [INFO] IPUIPlugin:80 - create IPUIPlugin
2026-03-16 19:30:29,921 [INFO] PluginManager:220 - loadIPPluginJar : add hash
2026-03-16 19:30:29,925 [INFO] IPUIPlugin:80 - create IPUIPlugin
2026-03-16 19:30:29,925 [INFO] PluginManager:220 - loadIPPluginJar : add adc
2026-03-16 19:30:29,927 [INFO] IPUIPlugin:80 - create IPUIPlugin
2026-03-16 19:30:29,927 [INFO] PluginManager:220 - loadIPPluginJar : add usart
2026-03-16 19:30:29,931 [INFO] IPUIPlugin:80 - create IPUIPlugin
2026-03-16 19:30:29,931 [INFO] PluginManager:220 - loadIPPluginJar : add stm32_wpan
2026-03-16 19:30:29,932 [INFO] IPUIPlugin:80 - create IPUIPlugin
2026-03-16 19:30:29,932 [INFO] PluginManager:220 - loadIPPluginJar : add genericplugin
2026-03-16 19:30:29,935 [INFO] IPUIPlugin:80 - create IPUIPlugin
2026-03-16 19:30:29,935 [INFO] PluginManager:220 - loadIPPluginJar : add gpio
2026-03-16 19:30:29,938 [INFO] IPUIPlugin:80 - create IPUIPlugin
2026-03-16 19:30:29,938 [INFO] PluginManager:220 - loadIPPluginJar : add nvic
2026-03-16 19:30:29,940 [INFO] IPUIPlugin:80 - create IPUIPlugin
2026-03-16 19:30:29,940 [INFO] PluginManager:220 - loadIPPluginJar : add dfsdm
2026-03-16 19:30:29,941 [INFO] IPUIPlugin:80 - create IPUIPlugin
2026-03-16 19:30:29,941 [INFO] PluginManager:220 - loadIPPluginJar : add fatfs
2026-03-16 19:30:29,942 [INFO] IPUIPlugin:80 - create IPUIPlugin
2026-03-16 19:30:29,942 [INFO] PluginManager:220 - loadIPPluginJar : add comp
2026-03-16 19:30:29,944 [INFO] IPUIPlugin:80 - create IPUIPlugin
2026-03-16 19:30:29,944 [INFO] PluginManager:220 - loadIPPluginJar : add i2s
2026-03-16 19:30:29,945 [INFO] IPUIPlugin:80 - create IPUIPlugin
2026-03-16 19:30:29,945 [INFO] PluginManager:220 - loadIPPluginJar : add cryp
2026-03-16 19:30:29,947 [INFO] IPUIPlugin:80 - create IPUIPlugin
2026-03-16 19:30:29,947 [INFO] PluginManager:220 - loadIPPluginJar : add quadspi
2026-03-16 19:30:29,952 [INFO] IPUIPlugin:80 - create IPUIPlugin
2026-03-16 19:30:29,952 [INFO] PluginManager:220 - loadIPPluginJar : add gic
2026-03-16 19:30:29,953 [INFO] IPUIPlugin:80 - create IPUIPlugin
2026-03-16 19:30:29,953 [INFO] PluginManager:220 - loadIPPluginJar : add tim
2026-03-16 19:30:29,955 [INFO] IPUIPlugin:80 - create IPUIPlugin
2026-03-16 19:30:29,955 [INFO] PluginManager:220 - loadIPPluginJar : add extmemmanager
2026-03-16 19:30:30,054 [FATAL] Updater:351 - Updater called before beeing initialized
2026-03-16 19:30:30,079 [INFO] RulesReader:64 - Compatibility file has been processed (317 Rules)
2026-03-16 19:30:30,086 [INFO] RulesReader:64 - Compatibility file has been processed (317 Rules)
2026-03-16 19:30:30,090 [INFO] CADModel:165 - CPN selected for project level
2026-03-16 19:30:30,091 [INFO] CADModel:114 - Register for checkConnection events
2026-03-16 19:30:30,091 [FATAL] Updater:351 - Updater called before beeing initialized
2026-03-16 19:30:30,091 [ERROR] CADModel:125 - Updater not yet initialized, retry later 
2026-03-16 19:30:30,178 [FATAL] Updater:351 - Updater called before beeing initialized
2026-03-16 19:30:30,179 [INFO] CADModel:165 - CPN selected for project level
2026-03-16 19:30:30,179 [INFO] CADModel:114 - Register for checkConnection events
2026-03-16 19:30:30,179 [FATAL] Updater:351 - Updater called before beeing initialized
2026-03-16 19:30:30,179 [ERROR] CADModel:125 - Updater not yet initialized, retry later 
2026-03-16 19:30:30,182 [FATAL] Updater:351 - Updater called before beeing initialized
2026-03-16 19:30:30,252 [FATAL] Updater:351 - Updater called before beeing initialized
2026-03-16 19:30:30,255 [INFO] DbMcusAds:53 - JSON generation date=Wed Feb 18 15:32:49 CET 2026 (1771425169371)
2026-03-16 19:30:30,255 [FATAL] Updater:351 - Updater called before beeing initialized
2026-03-16 19:30:30,275 [WARN] DetailPanel:346 - Failed to get advertising image, set to default
2026-03-16 19:30:30,322 [FATAL] Updater:351 - Updater called before beeing initialized
2026-03-16 19:30:30,323 [FATAL] Updater:351 - Updater called before beeing initialized
2026-03-16 19:30:30,324 [FATAL] Updater:351 - Updater called before beeing initialized
2026-03-16 19:30:30,324 [WARN] DetailPanel:346 - Failed to get advertising image, set to default
2026-03-16 19:30:30,324 [FATAL] Updater:351 - Updater called before beeing initialized
2026-03-16 19:30:30,343 [ERROR] Updater:1198 - MainUpdater not yet initialized. External WinMGr cannot be set.
2026-03-16 19:30:30,345 [INFO] Updater:1134 - Updater Version found : 6.15.0
2026-03-16 19:30:30,354 [INFO] ApplicationProperties:184 - Using Application install path: /opt/st/stm32cubeide_1.19.0/plugins/com.st.stm32cube.common.mx_6.15.0.202507011659
2026-03-16 19:30:30,546 [INFO] MainUpdater:2872 - connection check result : 10
2026-03-16 19:30:30,547 [INFO] MainUpdater:3604 - Updater definition file requires update
2026-03-16 19:30:30,547 [INFO] MainUpdater:289 - Updater Check For Update Now.
2026-03-16 19:30:30,547 [INFO] MicroXplorer:498 - Change Database Version : DB.6.0.150
2026-03-16 19:30:30,550 [INFO] McuFinderGlobals:63 - Set McuFinder mode to 2 (CubeIDE integrated)
2026-03-16 19:30:30,551 [INFO] UserAuth:487 - Internet connection configuration mode: 1
2026-03-16 19:30:30,563 [INFO] JxBrowserEngine:152 - Initiate JxBrowser Engine with user profile folder
2026-03-16 19:30:30,567 [INFO] ServerAccessManage:452 - Complete download http(s) 200
2026-03-16 19:30:30,567 [INFO] ServerAccessManage:509 - Download File updaters.zip
2026-03-16 19:30:30,637 [INFO] FileExtend:248 - Unzip File : updaters.zip
2026-03-16 19:30:30,638 [INFO] FileExtend:263 - Standard Zip Deflate
2026-03-16 19:30:30,802 [INFO] ServerAccessManage:452 - Complete download http(s) 200
2026-03-16 19:30:30,803 [INFO] ServerAccessManage:509 - Download File PacksControlFlags.xml
2026-03-16 19:30:30,854 [INFO] ServerAccessManage:452 - Complete download http(s) 200
2026-03-16 19:30:30,854 [INFO] ServerAccessManage:509 - Download File cubemx.pidx
2026-03-16 19:30:30,941 [INFO] LoadServerUpdatesThread:375 - End of LoadServerUpdate Thread
2026-03-16 19:30:31,097 [INFO] CheckServerUpdateThread:120 - End of CheckServer Thread
2026-03-16 19:30:31,254 [INFO] WebApp:169 - Instantiating new browser for Auth
2026-03-16 19:30:31,683 [INFO] WebApp:463 - Apply proxy settings
2026-03-16 19:30:31,683 [INFO] WebApp:548 - Chromium requires no authentication
2026-03-16 19:30:31,687 [INFO] WebApp:491 - Direct internet connection detected
2026-03-16 19:30:31,697 [INFO] WebApp:900 - Register for checkConnection events
2026-03-16 19:30:31,697 [INFO] WebApp:463 - Apply proxy settings
2026-03-16 19:30:31,697 [INFO] WebApp:548 - Chromium requires no authentication
2026-03-16 19:30:31,698 [INFO] WebApp:491 - Direct internet connection detected
2026-03-16 19:30:31,768 [INFO] WebApp:225 - Starting web application
2026-03-16 19:30:31,768 [INFO] WebApp:593 - Web application path used /opt/st/stm32cubeide_1.19.0/plugins/com.st.stm32cube.common.mx_6.15.0.202507011659/db/plugins/mcufinder/reactClient1/index.html
2026-03-16 19:30:31,835 [INFO] UserAuth:487 - Internet connection configuration mode: 1
2026-03-16 19:30:31,895 [INFO] WebApp:191 - Connection restablished
2026-03-16 19:30:32,676 [WARN] PackLoader:240 - Cannot read IP mode file for STMicroelectronics.X-CUBE-AZRTOS-H7.3.5.0
2026-03-16 19:30:32,685 [WARN] PackLoader:240 - Cannot read IP mode file for STMicroelectronics.FP-SNS-MOTENVWB1.1.4.0
2026-03-16 19:30:32,691 [WARN] PackLoader:240 - Cannot read IP mode file for STMicroelectronics.FP-ATR-ASTRA1.2.0.2
2026-03-16 19:30:32,696 [WARN] PackLoader:240 - Cannot read IP mode file for STMicroelectronics.X-CUBE-SMBUS.2.1.0
2026-03-16 19:30:32,700 [WARN] PackLoader:240 - Cannot read IP mode file for STMicroelectronics.X-CUBE-ST60.1.0.0
2026-03-16 19:30:32,717 [WARN] PackLoader:240 - Cannot read IP mode file for STMicroelectronics.X-CUBE-AZRTOS-F7.1.1.0
2026-03-16 19:30:32,723 [WARN] PackLoader:240 - Cannot read IP mode file for Cesanta.I-CUBE-Mongoose.7.19.0
2026-03-16 19:30:32,726 [WARN] PackLoader:240 - Cannot read IP mode file for STMicroelectronics.FP-SNS-MOTENV1.5.1.0
2026-03-16 19:30:32,741 [WARN] PackLoader:240 - Cannot read IP mode file for WES.I-CUBE-Cesium.1.4.0
2026-03-16 19:30:32,757 [WARN] PackLoader:240 - Cannot read IP mode file for Infineon.AIROC-Wi-Fi-Bluetooth-STM32.1.7.1
2026-03-16 19:30:32,776 [WARN] PackLoader:240 - Cannot read IP mode file for STMicroelectronics.X-CUBE-AZRTOS-H7.3.4.0
2026-03-16 19:30:32,787 [WARN] PackLoader:240 - Cannot read IP mode file for STMicroelectronics.X-CUBE-DISPLAY.3.0.0
2026-03-16 19:30:32,793 [WARN] PackLoader:240 - Cannot read IP mode file for STMicroelectronics.FP-SNS-MOTENVWB1.1.5.0
2026-03-16 19:30:32,798 [WARN] PackLoader:240 - Cannot read IP mode file for STMicroelectronics.X-CUBE-NFC10.1.0.0
2026-03-16 19:30:32,803 [WARN] PackLoader:240 - Cannot read IP mode file for STMicroelectronics.X-CUBE-ST60.1.1.0
2026-03-16 19:30:32,807 [WARN] PackLoader:240 - Cannot read IP mode file for emotas.I-CUBE-CANOPEN.1.3.0
2026-03-16 19:30:32,811 [WARN] PackLoader:240 - Cannot read IP mode file for STMicroelectronics.X-CUBE-GNSS1.7.1.0
2026-03-16 19:30:32,815 [WARN] PackLoader:240 - Cannot read IP mode file for STMicroelectronics.FP-SNS-SMARTAG2.1.2.0
2026-03-16 19:30:32,819 [WARN] PackLoader:240 - Cannot read IP mode file for STMicroelectronics.FP-SNS-FLIGHT1.5.1.0
2026-03-16 19:30:32,826 [INFO] LogOutputStream:77 - [STDOUT_REDIRECT] 1 : Invalid condition id : UX_CORESTACK_Condition cause : null
2026-03-16 19:30:32,826 [INFO] LogOutputStream:77 - [STDOUT_REDIRECT] 1 : Invalid condition id : UX_CORESTACK_Condition cause : null
2026-03-16 19:30:32,826 [INFO] LogOutputStream:77 - [STDOUT_REDIRECT] 1 : Invalid condition id : UX_CORESTACK_Condition cause : null
2026-03-16 19:30:32,826 [INFO] LogOutputStream:77 - [STDOUT_REDIRECT] 1 : Invalid condition id : UX_CORESTACK_Condition cause : null
2026-03-16 19:30:32,827 [INFO] LogOutputStream:77 - [STDOUT_REDIRECT] 1 : Invalid condition id : UX_CORESTACK_Condition cause : null
2026-03-16 19:30:32,830 [WARN] PackLoader:240 - Cannot read IP mode file for STMicroelectronics.X-CUBE-AZRTOS-WL.2.0.0
2026-03-16 19:30:32,833 [WARN] PackLoader:240 - Cannot read IP mode file for STMicroelectronics.FP-SNS-MOTENV1.5.0.0
2026-03-16 19:30:32,848 [WARN] PackLoader:240 - Cannot read IP mode file for STMicroelectronics.X-CUBE-AZRTOS-H7RS.1.2.0
2026-03-16 19:30:32,853 [WARN] PackLoader:240 - Cannot read IP mode file for STMicroelectronics.X-CUBE-BLE2.3.3.0
2026-03-16 19:30:32,867 [WARN] PackLoader:240 - Cannot read IP mode file for STMicroelectronics.X-CUBE-NFC9.1.0.0
2026-03-16 19:30:32,872 [WARN] PackLoader:240 - Cannot read IP mode file for wolfSSL.I-CUBE-wolfSSL.5.8.2
2026-03-16 19:30:32,876 [WARN] PackLoader:240 - Cannot read IP mode file for STMicroelectronics.X-CUBE-BLE1.7.1.0
2026-03-16 19:30:32,879 [WARN] PackLoader:240 - Cannot read IP mode file for wolfSSL.I-CUBE-wolfMQTT.1.19.2
2026-03-16 19:30:32,883 [WARN] PackLoader:240 - Cannot read IP mode file for STMicroelectronics.X-CUBE-FREERTOS.1.4.0
2026-03-16 19:30:32,888 [WARN] PackLoader:240 - Cannot read IP mode file for STMicroelectronics.X-CUBE-EEPRMA1.5.2.0
2026-03-16 19:30:32,894 [WARN] PackLoader:240 - Cannot read IP mode file for STMicroelectronics.X-CUBE-ST67W61.1.1.0
2026-03-16 19:30:32,928 [WARN] PackLoader:240 - Cannot read IP mode file for STMicroelectronics.X-CUBE-MEMS1.12.0.0
2026-03-16 19:30:33,015 [WARN] PackLoader:240 - Cannot read IP mode file for STMicroelectronics.X-CUBE-AZRTOS-G0.1.1.0
2026-03-16 19:30:33,019 [WARN] PackLoader:240 - Cannot read IP mode file for STMicroelectronics.X-CUBE-SAFEA1.1.2.2
2026-03-16 19:30:33,023 [WARN] PackLoader:240 - Cannot read IP mode file for STMicroelectronics.X-CUBE-NFC4.3.0.0
2026-03-16 19:30:33,028 [WARN] PackLoader:240 - Cannot read IP mode file for EmbeddedOffice.I-CUBE-FS-RTOS.1.0.1
2026-03-16 19:30:33,030 [WARN] PackLoader:240 - Cannot read IP mode file for STMicroelectronics.X-CUBE-WB05N.2.0.0
2026-03-16 19:30:33,033 [WARN] PackLoader:240 - Cannot read IP mode file for wolfSSL.I-CUBE-wolfTPM.3.8.0
2026-03-16 19:30:33,036 [WARN] PackLoader:240 - Cannot read IP mode file for STMicroelectronics.X-CUBE-TCPP.4.2.0
2026-03-16 19:30:33,038 [WARN] PackLoader:240 - Cannot read IP mode file for RealThread.X-CUBE-RT-Thread_Nano.4.1.1
2026-03-16 19:30:33,041 [WARN] PackLoader:240 - Cannot read IP mode file for STMicroelectronics.FP-ATR-SIGFOX1.3.2.0
2026-03-16 19:30:33,044 [WARN] PackLoader:240 - Cannot read IP mode file for STMicroelectronics.X-CUBE-FREERTOS.1.5.0
2026-03-16 19:30:33,048 [WARN] PackLoader:240 - Cannot read IP mode file for ITTIA_DB.I-CUBE-ITTIADB.8.9.0
2026-03-16 19:30:33,051 [WARN] PackLoader:240 - Cannot read IP mode file for STMicroelectronics.X-CUBE-NFC6.3.2.0
2026-03-16 19:30:33,076 [WARN] PackLoader:240 - Cannot read IP mode file for SEGGER.I-CUBE-embOS.1.3.1
2026-03-16 19:30:33,110 [WARN] PackLoader:240 - Cannot read IP mode file for STMicroelectronics.X-CUBE-ALGOBUILD.1.4.0
2026-03-16 19:30:33,146 [WARN] PackLoader:240 - Cannot read IP mode file for STMicroelectronics.X-CUBE-MEMS1.11.3.0
2026-03-16 19:30:33,215 [WARN] PackLoader:240 - Cannot read IP mode file for STMicroelectronics.X-CUBE-PM33A1.1.0.0
2026-03-16 19:30:33,220 [WARN] PackLoader:240 - Cannot read IP mode file for STMicroelectronics.X-CUBE-AZRTOS-F4.1.1.0
2026-03-16 19:30:33,223 [WARN] PackLoader:240 - Cannot read IP mode file for STMicroelectronics.X-CUBE-ISPU.2.1.0
2026-03-16 19:30:33,228 [WARN] PackLoader:240 - Cannot read IP mode file for STMicroelectronics.X-CUBE-IPS.3.2.0
2026-03-16 19:30:33,233 [WARN] PackLoader:240 - Cannot read IP mode file for STMicroelectronics.X-CUBE-NFC12.1.0.0
2026-03-16 19:30:33,248 [WARN] PackLoader:240 - Cannot read IP mode file for STMicroelectronics.X-CUBE-AZRTOS-L5.2.0.0
2026-03-16 19:30:33,251 [WARN] PackLoader:240 - Cannot read IP mode file for STMicroelectronics.X-CUBE-NFC6.3.1.0
2026-03-16 19:30:33,254 [WARN] PackLoader:240 - Cannot read IP mode file for STMicroelectronics.X-CUBE-FREERTOS.1.3.1
2026-03-16 19:30:33,256 [WARN] PackLoader:240 - Cannot read IP mode file for STMicroelectronics.X-CUBE-TOUCHGFX.4.26.0
2026-03-16 19:30:33,257 [WARN] PackLoader:240 - Cannot read IP mode file for STMicroelectronics.X-CUBE-TOUCHGFX.4.26.1
2026-03-16 19:30:33,260 [WARN] PackLoader:240 - Cannot read IP mode file for STMicroelectronics.X-CUBE-DPower.1.3.0
2026-03-16 19:30:33,266 [WARN] ConditionMgr:438 - getConditionDescription Invalid condition id : LAN8742 Phy interface Condition cause : null
2026-03-16 19:30:33,266 [WARN] PackLoader:240 - Cannot read IP mode file for STMicroelectronics.X-CUBE-AZRTOS-L4.2.0.0
2026-03-16 19:30:33,267 [WARN] ConditionMgr:1044 - genDependencies : Invalid condition id : LAN8742 Phy interface Condition cause : null
2026-03-16 19:30:33,267 [WARN] ConditionMgr:1044 - genDependencies : Invalid condition id : LAN8742 Phy interface Condition cause : null
2026-03-16 19:30:33,267 [WARN] ConditionMgr:1044 - genDependencies : Invalid condition id : LAN8742 Phy interface Condition cause : null
2026-03-16 19:30:33,270 [WARN] PackLoader:240 - Cannot read IP mode file for STMicroelectronics.X-CUBE-SFXS2LP1.4.0.0
2026-03-16 19:30:33,273 [WARN] PackLoader:240 - Cannot read IP mode file for STMicroelectronics.X-CUBE-ST67W61.1.2.0
2026-03-16 19:30:33,277 [WARN] PackLoader:240 - Cannot read IP mode file for STMicroelectronics.X-CUBE-BLEMGR.4.1.0
2026-03-16 19:30:33,283 [WARN] ConditionMgr:438 - getConditionDescription Invalid condition id : UX DEVICE CLASS RTOS Condition cause : null
2026-03-16 19:30:33,283 [WARN] ConditionMgr:438 - getConditionDescription Invalid condition id : UX DEVICE CLASS RTOS Condition cause : null
2026-03-16 19:30:33,284 [WARN] PackLoader:240 - Cannot read IP mode file for STMicroelectronics.X-CUBE-AZRTOS-WB.2.0.0
2026-03-16 19:30:33,284 [WARN] ConditionMgr:1044 - genDependencies : Invalid condition id : UX DEVICE CLASS RTOS Condition cause : null
2026-03-16 19:30:33,284 [WARN] ConditionMgr:1044 - genDependencies : Invalid condition id : UX DEVICE CLASS RTOS Condition cause : null
2026-03-16 19:30:33,285 [WARN] ConditionMgr:1044 - genDependencies : Invalid condition id : UX DEVICE CLASS RTOS Condition cause : null
2026-03-16 19:30:33,285 [WARN] ConditionMgr:1044 - genDependencies : Invalid condition id : UX DEVICE CLASS RTOS Condition cause : null
2026-03-16 19:30:33,285 [WARN] ConditionMgr:1044 - genDependencies : Invalid condition id : UX DEVICE CLASS RTOS Condition cause : null
2026-03-16 19:30:33,288 [WARN] PackLoader:240 - Cannot read IP mode file for STMicroelectronics.X-CUBE-GNSS1.7.0.1
2026-03-16 19:30:33,291 [WARN] ConditionMgr:438 - getConditionDescription Invalid condition id : Cortex-A Device cause : null
2026-03-16 19:30:33,294 [WARN] ConditionMgr:1044 - genDependencies : Invalid condition id : Cortex-A Device cause : null
2026-03-16 19:30:33,294 [WARN] ConditionMgr:1044 - genDependencies : Invalid condition id : Cortex-A Device cause : null
2026-03-16 19:30:33,294 [WARN] ConditionMgr:1044 - genDependencies : Invalid condition id : Cortex-A Device cause : null
2026-03-16 19:30:33,298 [WARN] PackLoader:240 - Cannot read IP mode file for STMicroelectronics.X-CUBE-STSE01.2.0.0
2026-03-16 19:30:33,303 [WARN] PackLoader:240 - Cannot read IP mode file for STMicroelectronics.X-CUBE-SUBG2.5.0.0
2026-03-16 19:30:33,315 [WARN] PackLoader:240 - Cannot read IP mode file for STMicroelectronics.X-CUBE-AZRTOS-H7RS.1.1.0
2026-03-16 19:30:33,323 [WARN] PackLoader:240 - Cannot read IP mode file for STMicroelectronics.X-CUBE-AZRTOS-G4.2.0.0
2026-03-16 19:30:33,326 [WARN] PackLoader:240 - Cannot read IP mode file for wolfSSL.I-CUBE-wolfSSH.1.4.20
2026-03-16 19:30:33,328 [WARN] PackLoader:240 - Cannot read IP mode file for STMicroelectronics.X-CUBE-NFC7.2.0.0
2026-03-16 19:30:33,330 [WARN] PackLoader:240 - Cannot read IP mode file for STMicroelectronics.X-CUBE-ALS.1.0.2
2026-03-16 19:30:33,334 [WARN] PackLoader:240 - Cannot read IP mode file for STMicroelectronics.X-CUBE-STSE01.1.0.0
2026-03-16 19:30:33,340 [WARN] PackLoader:240 - Cannot read IP mode file for STMicroelectronics.X-CUBE-TOF1.3.4.3
2026-03-16 19:30:33,346 [INFO] ThirdParty:978 - Integrity check success = true
2026-03-16 19:30:33,346 [INFO] IntegrityCheckThread:100 - exiting critical section [integrity check]
2026-03-16 19:30:33,346 [INFO] IntegrityCheckThread:103 - End integrity checks thread
2026-03-16 19:30:42,742 [INFO] McuFinderGlobals:63 - Set McuFinder mode to 2 (CubeIDE integrated)
2026-03-16 19:30:42,745 [INFO] MainUpdater:2872 - connection check result : 10
2026-03-16 19:30:42,745 [INFO] MainUpdater:2872 - connection check result : 10
2026-03-16 19:30:42,762 [INFO] MicroXplorer:468 - Change Database Path : 
2026-03-16 19:30:42,762 [INFO] MicroXplorer:498 - Change Database Version : DB.6.0.150
2026-03-16 19:30:42,769 [WARN] ThirdParty:871 - waiting for thirdparty lock release [close project]
2026-03-16 19:30:42,769 [INFO] ThirdParty:873 - entering critical section [close project]
2026-03-16 19:30:42,770 [INFO] ThirdParty:883 - exiting critical section [close project]
2026-03-16 19:30:42,771 [INFO] PinOutPanel:1589 - setPackage(No Configuration,No Configuration)
2026-03-16 19:30:42,772 [INFO] UtilMem:75 - Begin LoadConfig() Used Memory: 296812272 Bytes (584056832)
2026-03-16 19:30:42,772 [INFO] MicroXplorer:468 - Change Database Path : 
2026-03-16 19:30:42,773 [INFO] MicroXplorer:498 - Change Database Version : DB.6.0.150
2026-03-16 19:30:42,773 [INFO] OpenFileManager:355 - Change cursor
2026-03-16 19:30:42,785 [INFO] Mcu:2029 - Initializing MCU STM32F446R(C-E)Tx STM32F446RETx STM32F446RET6
2026-03-16 19:30:43,599 [INFO] Context:786 - Trying to add GPIOservice into a context  which must be forbidden
2026-03-16 19:30:43,990 [INFO] ImportTextPane:234 - (OptionalMessage_ERROR) Pin21 (VP_RIF_VS_RIF1) cannot be retrieved for this MCU
2026-03-16 19:30:44,092 [INFO] RtosManager:558 - Registered RTOS mode: class=CMSIS, group=RTOS, mode=CMSIS_V1, owner=FREERTOS
2026-03-16 19:30:44,092 [INFO] RtosManager:558 - Registered RTOS mode: class=CMSIS, group=RTOS2, mode=CMSIS_V2, owner=FREERTOS
2026-03-16 19:30:44,092 [INFO] RtosManager:558 - Registered RTOS mode: class=RTOS, group=Core, mode=CMSIS_V1, owner=FREERTOS
2026-03-16 19:30:44,092 [INFO] RtosManager:558 - Registered RTOS mode: class=RTOS, group=Core, mode=CMSIS_V2, owner=FREERTOS
2026-03-16 19:30:44,092 [WARN] ModelIntegratedComponent:184 - Missing modes for component STMicroelectronics:FreeRTOS:0.0.1:STMicroelectronics:RTOS:FreeRTOS:Core:::10.2.0:
2026-03-16 19:30:44,109 [WARN] ModelIntegratedComponent:63 - No mode defined for component null
2026-03-16 19:30:44,109 [WARN] ModelIntegratedComponent:63 - No mode defined for component null
2026-03-16 19:30:44,109 [WARN] ModelIntegratedComponent:63 - No mode defined for component null
2026-03-16 19:30:44,109 [WARN] ModelIntegratedComponent:63 - No mode defined for component null
2026-03-16 19:30:44,109 [WARN] ModelIntegratedComponent:63 - No mode defined for component null
2026-03-16 19:30:44,109 [WARN] ModelIntegratedComponent:63 - No mode defined for component null
2026-03-16 19:30:44,109 [WARN] ModelIntegratedComponent:63 - No mode defined for component null
2026-03-16 19:30:44,109 [WARN] ModelIntegratedComponent:63 - No mode defined for component null
2026-03-16 19:30:44,109 [WARN] ModelIntegratedComponent:63 - No mode defined for component null
2026-03-16 19:30:44,109 [WARN] ModelIntegratedComponent:63 - No mode defined for component null
2026-03-16 19:30:44,109 [WARN] ModelIntegratedComponent:63 - No mode defined for component null
2026-03-16 19:30:44,109 [WARN] ModelIntegratedComponent:63 - No mode defined for component null
2026-03-16 19:30:44,109 [WARN] ModelIntegratedComponent:63 - No mode defined for component null
2026-03-16 19:30:44,109 [WARN] ModelIntegratedComponent:63 - No mode defined for component null
2026-03-16 19:30:44,109 [WARN] ModelIntegratedComponent:63 - No mode defined for component null
2026-03-16 19:30:44,109 [WARN] ModelIntegratedComponent:63 - No mode defined for component null
2026-03-16 19:30:44,109 [WARN] ModelIntegratedComponent:63 - No mode defined for component null
2026-03-16 19:30:44,109 [WARN] ModelIntegratedComponent:63 - No mode defined for component null
2026-03-16 19:30:44,109 [WARN] ModelIntegratedComponent:63 - No mode defined for component null
2026-03-16 19:30:44,109 [WARN] ModelIntegratedComponent:63 - No mode defined for component null
2026-03-16 19:30:44,109 [WARN] ModelIntegratedComponent:63 - No mode defined for component null
2026-03-16 19:30:44,109 [WARN] ModelIntegratedComponent:63 - No mode defined for component null
2026-03-16 19:30:44,109 [WARN] ModelIntegratedComponent:63 - No mode defined for component null
2026-03-16 19:30:44,109 [WARN] ModelIntegratedComponent:63 - No mode defined for component null
2026-03-16 19:30:44,109 [WARN] ModelIntegratedComponent:63 - No mode defined for component null
2026-03-16 19:30:44,109 [WARN] ModelIntegratedComponent:63 - No mode defined for component null
2026-03-16 19:30:44,109 [WARN] ModelIntegratedComponent:63 - No mode defined for component null
2026-03-16 19:30:44,110 [WARN] ModelIntegratedComponent:63 - No mode defined for component null
2026-03-16 19:30:44,110 [WARN] ModelIntegratedComponent:63 - No mode defined for component null
2026-03-16 19:30:44,110 [WARN] ModelIntegratedComponent:63 - No mode defined for component null
2026-03-16 19:30:44,110 [WARN] ModelIntegratedComponent:63 - No mode defined for component null
2026-03-16 19:30:44,110 [WARN] ModelIntegratedComponent:63 - No mode defined for component null
2026-03-16 19:30:44,110 [WARN] ModelIntegratedComponent:63 - No mode defined for component null
2026-03-16 19:30:44,110 [WARN] ModelIntegratedComponent:63 - No mode defined for component null
2026-03-16 19:30:44,110 [WARN] ModelIntegratedComponent:63 - No mode defined for component null
2026-03-16 19:30:44,110 [WARN] ModelPack:524 - Component already loaded: STMicroelectronics:HAL Drivers:0.0.0:STMicroelectronics:Device:STMicro_Driver:XSPI:HAL::0.0.1:HAL_XSPI
2026-03-16 19:30:44,165 [INFO] ThirdPartyModel:298 - Start build external matchings
2026-03-16 19:30:44,426 [INFO] ThirdPartyModel:316 - End build external matchings
2026-03-16 19:30:44,443 [INFO] ImportTextPane:234 - (OptionalMessage_ERROR) IP (DMA) : Parameter (Instance) has Id (I2C1_RX) currently not set
2026-03-16 19:30:44,443 [INFO] ImportTextPane:234 - (OptionalMessage_ERROR) IP (DMA) : Parameter (Channel) has Id (I2C1_RX) currently not set
2026-03-16 19:30:44,443 [INFO] ImportTextPane:234 - (OptionalMessage_ERROR) IP (DMA) : Parameter (Direction) has Id (I2C1_RX) currently not set
2026-03-16 19:30:44,443 [INFO] ImportTextPane:234 - (OptionalMessage_ERROR) IP (DMA) : Parameter (PeriphInc) has Id (I2C1_RX) currently not set
2026-03-16 19:30:44,443 [INFO] ImportTextPane:234 - (OptionalMessage_ERROR) IP (DMA) : Parameter (MemInc) has Id (I2C1_RX) currently not set
2026-03-16 19:30:44,443 [INFO] ImportTextPane:234 - (OptionalMessage_ERROR) IP (DMA) : Parameter (PeriphDataAlignment) has Id (I2C1_RX) currently not set
2026-03-16 19:30:44,444 [INFO] ImportTextPane:234 - (OptionalMessage_ERROR) IP (DMA) : Parameter (MemDataAlignment) has Id (I2C1_RX) currently not set
2026-03-16 19:30:44,444 [INFO] ImportTextPane:234 - (OptionalMessage_ERROR) IP (DMA) : Parameter (Mode) has Id (I2C1_RX) currently not set
2026-03-16 19:30:44,444 [INFO] ImportTextPane:234 - (OptionalMessage_ERROR) IP (DMA) : Parameter (Priority) has Id (I2C1_RX) currently not set
2026-03-16 19:30:44,444 [INFO] ImportTextPane:234 - (OptionalMessage_ERROR) IP (DMA) : Parameter (FIFOMode) has Id (I2C1_RX) currently not set
2026-03-16 19:30:44,456 [WARN] IP:2250 - I2C_Coeff_DF not found: check if there is a RefParameter without a condition.
2026-03-16 19:30:44,456 [WARN] IP:2250 - Analog_Filter not found: check if there is a RefParameter without a condition.
2026-03-16 19:30:44,457 [INFO] ImportTextPane:234 - (OptionalMessage_ERROR) IP (RCC) : Invalid parameter (48MHZClocksFreq_Value)
2026-03-16 19:30:44,457 [INFO] ImportTextPane:234 - (OptionalMessage_ERROR) IP (RCC) : Invalid parameter (EthernetFreq_Value)
2026-03-16 19:30:44,458 [INFO] ImportTextPane:234 - (OptionalMessage_ERROR) IP (RCC) : Parameter (FLatency) has Id (AdvancedSettings) currently not set
2026-03-16 19:30:44,458 [INFO] ImportTextPane:234 - (OptionalMessage_ERROR) IP (RCC) : Invalid parameter (FamilyName)
2026-03-16 19:30:44,458 [INFO] ImportTextPane:234 - (OptionalMessage_ERROR) IP (RCC) : Invalid parameter (I2SClocksFreq_Value)
2026-03-16 19:30:44,459 [INFO] ImportTextPane:234 - (OptionalMessage_ERROR) IP (RCC) : Invalid parameter (VCOInputMFreq_Value)
2026-03-16 19:30:44,460 [INFO] ImportTextPane:234 - (OptionalMessage_ERROR) IP (RCC) : Invalid parameter (VcooutputI2S)
2026-03-16 19:30:44,660 [INFO] ApiDb:581 - Connected to CubeFinder SQLite database (/home/kamil/.stmcufinder/plugins/mcufinder/mcu/cube-finder-db.db)
2026-03-16 19:30:44,706 [INFO] ApiDb:668 - CubeFinder database Data Model version=2.1
2026-03-16 19:30:44,706 [INFO] ApiDb:669 - CubeFinder database Configuration version=3.0.42
2026-03-16 19:30:44,706 [INFO] ApiDb:670 - CubeFinder database generation date=2026-02-13 (1770995876)
2026-03-16 19:30:44,706 [INFO] ApiDb:671 - CubeFinder database FW Pack versions=[FP-ATR-ASTRA1_V2.0.0, FP-SNS-FLIGHT1_V5.1.0, FP-SNS-MOTENV1_V5.1.0, FP-SNS-MOTENVWB1_V1.4.0, FP-SNS-SMARTAG2_V1.2.0, FP-SNS-STBOX1_V2.1.0, STM32Cube_FW_C0_V1.4.0, STM32Cube_FW_F4_V1.28.3, STM32Cube_FW_F7_V1.17.4, STM32Cube_FW_G0_V1.6.2, STM32Cube_FW_G4_V1.6.1, STM32Cube_FW_H5_V1.6.0, STM32Cube_FW_H7RS_V1.3.0, STM32Cube_FW_H7_V1.13.0, STM32Cube_FW_L0_V1.12.2, STM32Cube_FW_L4_V1.18.2, STM32Cube_FW_L5_V1.6.0, STM32Cube_FW_N6_V1.3.0, STM32Cube_FW_U0_V1.3.0, STM32Cube_FW_U3_V1.3.0, STM32Cube_FW_U5_V1.8.0, STM32Cube_FW_WB0_V1.4.0, STM32Cube_FW_WBA_V1.9.0, STM32Cube_FW_WB_V1.24.0, STM32Cube_FW_WL3_V1.4.0, STM32Cube_FW_WL_V1.5.0, X-CUBE-ALGOBUILD_V1.4.0, X-CUBE-ALS_V1.0.2, X-CUBE-AZRTOS-F4_V1.1.0, X-CUBE-AZRTOS-F7_V1.1.0, X-CUBE-AZRTOS-G0_V1.1.0, X-CUBE-AZRTOS-G4_V2.0.0, X-CUBE-AZRTOS-H7RS_V1.1.0, X-CUBE-AZRTOS-H7_V3.4.0, X-CUBE-AZRTOS-L4_V2.0.0, X-CUBE-AZRTOS-L5_V2.0.0, X-CUBE-AZRTOS-WB_V2.0.0, X-CUBE-AZRTOS-WL_V2.0.0, X-CUBE-BLE1_V7.1.0, X-CUBE-BLE2_V3.3.0, X-CUBE-BLEMGR_V4.1.0, X-CUBE-EEPRMA1_V5.2.0, X-CUBE-FREERTOS_V1.3.1, X-CUBE-GNSS1_V6.0.0, X-CUBE-MEMS1_V12.0.0, X-CUBE-NFC4_V3.0.0, X-CUBE-NFC7_V2.0.0, X-CUBE-SFXS2LP1_V4.0.0, X-CUBE-ST67W61_V1.1.0, X-CUBE-SUBG2_V5.0.0, X-CUBE-TOF1_V3.4.3]
2026-03-16 19:30:44,771 [INFO] DbBoardsSqlite:226 - include board P-NUCLEO-WB55-NUCLEO as a kit item of type 'Nucleo-64'
2026-03-16 19:30:44,771 [INFO] DbBoardsSqlite:226 - include board P-NUCLEO-WB55-USBDONGLE as a kit item of type 'Nucleo USB Dongle'
2026-03-16 19:30:44,772 [INFO] DbBoardsSqlite:226 - include board STEVAL-IDP005V1 as a kit item of type 'Evaluation Board'
2026-03-16 19:30:44,772 [INFO] DbBoardsSqlite:226 - include board STEVAL-IDP005V2 as a kit item of type 'Evaluation Board'
2026-03-16 19:30:44,838 [INFO] ApiDb:240 - Found 880 in-development CPN: [B-G473E-ZEST1S, B-WB1M-WPAN1, B-WBA5M-WPAN, B-WL5M-SUBG1, NUCLEO-C031C6, NUCLEO-C051C8, NUCLEO-C071RB, NUCLEO-C092RC, NUCLEO-H503RB, NUCLEO-H533RE, NUCLEO-H563ZI, NUCLEO-H7S3L8, NUCLEO-N657X0-Q, NUCLEO-U031R8, NUCLEO-U083RC, NUCLEO-U385RG-Q, NUCLEO-U545RE-Q, NUCLEO-U5A5ZJ-Q, NUCLEO-WB05KZ, NUCLEO-WB07CC, NUCLEO-WB09KE, NUCLEO-WBA52CG, NUCLEO-WBA55CG, NUCLEO-WL33CC1, NUCLEO-WL33CC2, STEVAL-PROTEUS1, STEVAL-SMARTAG2, STEVAL-STWINBX1, STM320518-EVAL, STM32C0116-DK, STM32C011D6Y3TR, STM32C011D6Y6TR, STM32C011F4P3, STM32C011F4P6, STM32C011F4U3, STM32C011F4U6TR, STM32C011F6P3, STM32C011F6P6, STM32C011F6U3, STM32C011F6U6TR, STM32C011J4M3, STM32C011J4M6, STM32C011J6M3, STM32C011J6M6, STM32C0316-DK, STM32C031C4T3, STM32C031C4T6, STM32C031C4U3, STM32C031C4U6, STM32C031C6T3, STM32C031C6T6, STM32C031C6U3, STM32C031C6U6, STM32C031F4P3, STM32C031F4P6, STM32C031F6P3, STM32C031F6P6, STM32C031G4U3, STM32C031G4U6, STM32C031G6U3, STM32C031G6U6, STM32C031K4T3, STM32C031K4T6, STM32C031K4U3, STM32C031K4U6, STM32C031K6T3, STM32C031K6T6, STM32C031K6U3, STM32C031K6U6, STM32C051C6T6, STM32C051C6U6, STM32C051C8T6, STM32C051C8U6, STM32C051D8Y6TR, STM32C051F6P6, STM32C051F8P6, STM32C051G6U6, STM32C051G8U6, STM32C051K6T6, STM32C051K6U6, STM32C051K8T6, STM32C071C8T6, STM32C071C8T6N, STM32C071C8U6, STM32C071C8U6N, STM32C071CBT6, STM32C071CBT6N, STM32C071CBU6, STM32C071CBU6N, STM32C071F8P6, STM32C071F8P6N, STM32C071FBP6, STM32C071FBP6N, STM32C071FBY6TR, STM32C071G8U6, STM32C071G8U6N, STM32C071GBU6, STM32C071GBU6N, STM32C071K8T6, STM32C071K8T6N, STM32C071K8U6, STM32C071K8U6N, STM32C071KBT6, STM32C071KBT6N, STM32C071KBU6, STM32C071KBU6N, STM32C071R8T6, STM32C071R8T6N, STM32C071RBI6N, STM32C071RBT6, STM32C071RBT6N, STM32C091CBT6, STM32C091CBU6, STM32C091CCT6, STM32C091CCU6, STM32C091ECY6TR, STM32C091FBP6, STM32C091FCP6, STM32C091GBU6, STM32C091GCU6, STM32C091KBT6, STM32C091KBU6, STM32C091KCT6, STM32C091KCU6, STM32C091RBT6, STM32C091RCI6, STM32C091RCT6, STM32C092CBT6, STM32C092CBU6, STM32C092CCT6, STM32C092CCU6, STM32C092ECY6TR, STM32C092FBP6, STM32C092FCP6, STM32C092GBU6, STM32C092GCU6, STM32C092KBT6, STM32C092KBU6, STM32C092KCT6, STM32C092KCU6, STM32C092RBT6, STM32C092RCI6, STM32C092RCT6, STM32G071K8TXN, STM32G071K8UXN, STM32G081GBU6N, STM32G081KBT6N, STM32G081KBUXN, STM32G0B1CCT6N, STM32G0B1KCT6, STM32G0B1NEY6TR, STM32G0B1RCT6N, STM32G0C1CCT6, STM32G0C1CCT6N, STM32G0C1CCU6N, STM32G0C1CET6N, STM32G0C1CEU6N, STM32G0C1KCT6, STM32G0C1NEY6TR, STM32G0C1RCI6N, STM32G0C1RCT6N, STM32G0C1REI6N, STM32G0C1RET6N, STM32G0C1VCI6, STM32G0C1VEI6, STM32G411C6T3, STM32G411C6T6, STM32G411C6U3, STM32G411C6U6, STM32G411C8T3, STM32G411C8T6, STM32G411C8U3, STM32G411C8U6, STM32G411CBT3, STM32G411CBT6, STM32G411CBU3, STM32G411CBU6, STM32G411K6T3, STM32G411K6T6, STM32G411K6U3, STM32G411K6U6, STM32G411K8T3, STM32G411K8T6, STM32G411K8U3, STM32G411K8U6, STM32G411KBT3, STM32G411KBT6, STM32G411KBU3, STM32G411KBU6, STM32G411M6T3, STM32G411M6T6, STM32G411M8T3, STM32G411M8T6, STM32G411MBT3, STM32G411MBT6, STM32G411R6T3, STM32G411R6T6, STM32G411R8T3, STM32G411R8T6, STM32G411RBT3, STM32G411RBT6, STM32G414CBT3, STM32G414CBT6, STM32G414CBU3, STM32G414CBU6, STM32G414CCT3, STM32G414CCT6, STM32G414CCU3, STM32G414CCU6, STM32G414MBT3, STM32G414MBT6, STM32G414MCT3, STM32G414MCT6, STM32G414RBT3, STM32G414RBT6, STM32G414RCT3, STM32G414RCT6, STM32G414VBT3, STM32G414VBT6, STM32G414VCT3, STM32G414VCT6, STM32G431CBT3Z, STM32G431RBT3Z, STM32G471CCT6, STM32G471CCU6, STM32G471CET3, STM32G471CET6, STM32G471CEU3, STM32G471CEU6, STM32G471MCT6, STM32G471MET3, STM32G471MET6, STM32G471MEY6TR, STM32G471QCT6, STM32G471QET3, STM32G471RCT6, STM32G471RET3, STM32G471RET6, STM32G471VCH6, STM32G471VCI6, STM32G471VCT6, STM32G471VEH3, STM32G471VEH6, STM32G471VEI3, STM32G471VEI6, STM32G471VET3, STM32G471VET6, STM32G473QET3Z, STM32G473RET3Z, STM32G474CCT6, STM32G491RET3Z, STM32H503CBT6, STM32H503CBU6, STM32H503EBY6TR, STM32H503KBU6, STM32H503RBT6, STM32H523CCT6, STM32H523CCU6, STM32H523CET6, STM32H523CEU6, STM32H523HEY6TR, STM32H523RCT6, STM32H523RET6, STM32H523VCI6, STM32H523VCT6, STM32H523VEI6, STM32H523VET6, STM32H523ZCJ6, STM32H523ZCT6, STM32H523ZEJ6, STM32H523ZET6, STM32H533CET6, STM32H533CEU6, STM32H533HEY6TR, STM32H533RET6, STM32H533VEI6, STM32H533VET6, STM32H533ZEJ6, STM32H533ZET6, STM32H562AGI6, STM32H562AII6, STM32H562IGK6, STM32H562IGT6, STM32H562IIK6, STM32H562IIT6, STM32H562RGT6, STM32H562RGV6, STM32H562RIT6, STM32H562RIV6, STM32H562VGT6, STM32H562VIT6, STM32H562ZGT6, STM32H562ZIT6, STM32H563AGI6, STM32H563AII3Q, STM32H563AII6, STM32H563IGK6, STM32H563IGT6, STM32H563IIK3Q, STM32H563IIK6, STM32H563IIT3Q, STM32H563IIT6, STM32H563MIY3QTR, STM32H563RGT6, STM32H563RGV6, STM32H563RIT6, STM32H563RIV6, STM32H563VGT6, STM32H563VIT3Q, STM32H563VIT6, STM32H563ZGT6, STM32H563ZIT3Q, STM32H563ZIT6, STM32H573AII3Q, STM32H573AII6, STM32H573I-DK, STM32H573IIK3Q, STM32H573IIK6, STM32H573IIT3Q, STM32H573IIT6, STM32H573MIY3QTR, STM32H573RIT6, STM32H573RIV6, STM32H573VIT3Q, STM32H573VIT6, STM32H573ZIT3Q, STM32H573ZIT6, STM32H7R3A8I6, STM32H7R3I8K6, STM32H7R3I8T6, STM32H7R3L8H6, STM32H7R3L8H6H, STM32H7R3R8V6, STM32H7R3V8H6, STM32H7R3V8T6, STM32H7R3V8Y6TR, STM32H7R3Z8J6, STM32H7R3Z8T6, STM32H7R7A8I6, STM32H7R7I8K6, STM32H7R7I8T6, STM32H7R7L8H6, STM32H7R7L8H6H, STM32H7R7Z8J6, STM32H7S3A8I6, STM32H7S3I8K6, STM32H7S3I8T6, STM32H7S3L8H6, STM32H7S3L8H6H, STM32H7S3R8V6, STM32H7S3V8H6, STM32H7S3V8T6, STM32H7S3V8Y6TR, STM32H7S3Z8J6, STM32H7S3Z8T6, STM32H7S78-DK, STM32H7S7A8I6, STM32H7S7I8K6, STM32H7S7I8T6, STM32H7S7L8H6, STM32H7S7L8H6H, STM32H7S7Z8J6, STM32L4R5QGI6STR, STM32MP131AAE3, STM32MP131AAF3, STM32MP131AAG3, STM32MP131CAE3, STM32MP131CAF3, STM32MP131CAG3, STM32MP131DAE7, STM32MP131DAF7, STM32MP131DAG7, STM32MP131FAE7, STM32MP131FAF7, STM32MP131FAG7, STM32MP133AAE3, STM32MP133AAF3, STM32MP133AAG3, STM32MP133CAE3, STM32MP133CAF3, STM32MP133CAG3, STM32MP133DAE7, STM32MP133DAF7, STM32MP133DAG7, STM32MP133FAE7, STM32MP133FAF7, STM32MP133FAG7, STM32MP135AAE3, STM32MP135AAF3, STM32MP135AAG3, STM32MP135CAE3, STM32MP135CAF3, STM32MP135CAG3, STM32MP135DAE7, STM32MP135DAF7, STM32MP135DAG7, STM32MP135F-DK, STM32MP135FAE7, STM32MP135FAF7, STM32MP135FAF7T, STM32MP135FAF7U, STM32MP135FAG7, STM32MP211AAL3, STM32MP211AAM3, STM32MP211AAN3, STM32MP211AAO3, STM32MP211CAL3, STM32MP211CAM3, STM32MP211CAN3, STM32MP211CAO3, STM32MP211DAL3, STM32MP211DAM3, STM32MP211DAN3, STM32MP211DAO3, STM32MP211FAL3, STM32MP211FAM3, STM32MP211FAN3, STM32MP211FAO3, STM32MP213AAL3, STM32MP213AAM3, STM32MP213AAN3, STM32MP213AAO3, STM32MP213CAL3, STM32MP213CAM3, STM32MP213CAN3, STM32MP213CAO3, STM32MP213DAL3, STM32MP213DAM3, STM32MP213DAN3, STM32MP213DAO3, STM32MP213FAL3, STM32MP213FAM3, STM32MP213FAN3, STM32MP213FAO3, STM32MP215AAL3, STM32MP215AAM3, STM32MP215AAN3, STM32MP215AAO3, STM32MP215CAL3, STM32MP215CAM3, STM32MP215CAN3, STM32MP215CAO3, STM32MP215DAL3, STM32MP215DAM3, STM32MP215DAN3, STM32MP215DAO3, STM32MP215F-DK, STM32MP215FAL3, STM32MP215FAM3, STM32MP215FAN3, STM32MP215FAO3, STM32MP231AAJ3, STM32MP231AAK3, STM32MP231AAL3, STM32MP231CAJ3, STM32MP231CAK3, STM32MP231CAL3, STM32MP231DAJ3, STM32MP231DAK3, STM32MP231DAL3, STM32MP231FAJ3, STM32MP231FAK3, STM32MP231FAL3, STM32MP233AAJ3, STM32MP233AAK3, STM32MP233AAL3, STM32MP233CAJ3, STM32MP233CAK3, STM32MP233CAL3, STM32MP233DAJ3, STM32MP233DAK3, STM32MP233DAL3, STM32MP233FAJ3, STM32MP233FAK3, STM32MP233FAL3, STM32MP235AAJ3, STM32MP235AAK3, STM32MP235AAL3, STM32MP235CAJ3, STM32MP235CAK3, STM32MP235CAL3, STM32MP235DAJ3, STM32MP235DAK3, STM32MP235DAL3, STM32MP235FAJ3, STM32MP235FAK3, STM32MP235FAL3, STM32MP251AAI3, STM32MP251AAK3, STM32MP251AAL3, STM32MP251CAI3, STM32MP251CAK3, STM32MP251CAL3, STM32MP251DAI3, STM32MP251DAK3, STM32MP251DAL3, STM32MP251FAI3, STM32MP251FAK3, STM32MP251FAL3, STM32MP253AAI3, STM32MP253AAK3, STM32MP253AAL3, STM32MP253CAI3, STM32MP253CAK3, STM32MP253CAL3, STM32MP253DAI3, STM32MP253DAK3, STM32MP253DAL3, STM32MP253FAI3, STM32MP253FAK3, STM32MP253FAL3, STM32MP255AAI3, STM32MP255AAK3, STM32MP255AAL3, STM32MP255CAI3, STM32MP255CAK3, STM32MP255CAL3, STM32MP255DAI3, STM32MP255DAK3, STM32MP255DAL3, STM32MP255FAI3, STM32MP255FAK3, STM32MP255FAL3, STM32MP257AAI3, STM32MP257AAK3, STM32MP257AAL3, STM32MP257CAI3, STM32MP257CAK3, STM32MP257CAL3, STM32MP257DAI3, STM32MP257DAK3, STM32MP257DAL3, STM32MP257F-DK, STM32MP257F-EV1, STM32MP257FAI3, STM32MP257FAK3, STM32MP257FAL3, STM32N645A0H3Q, STM32N645B0H3Q, STM32N645I0H3Q, STM32N645L0H3Q, STM32N645X0H3Q, STM32N645Z0H3Q, STM32N647A0H3Q, STM32N647B0H3Q, STM32N647I0H3Q, STM32N647L0H3Q, STM32N647X0H3Q, STM32N647Z0H3Q, STM32N655A0H3Q, STM32N655B0H3Q, STM32N655I0H3Q, STM32N655L0H3Q, STM32N655X0H3Q, STM32N655Z0H3Q, STM32N6570-DK, STM32N657A0H3Q, STM32N657B0H3Q, STM32N657I0H3Q, STM32N657L0H3Q, STM32N657X0H3Q, STM32N657Z0H3Q, STM32U031C6T6, STM32U031C6U6, STM32U031C8T6, STM32U031C8U6, STM32U031F4P6, STM32U031F6P6, STM32U031F8P6, STM32U031G6Y6TR, STM32U031G8Y6TR, STM32U031K4U6, STM32U031K6U6, STM32U031K8U6, STM32U031R6I6, STM32U031R6T6, STM32U031R8I6, STM32U031R8T6, STM32U073C8T6, STM32U073C8U6, STM32U073CBT6, STM32U073CBU6, STM32U073CCT6, STM32U073CCU6, STM32U073H8Y6TR, STM32U073HBY6TR, STM32U073HCY6TR, STM32U073K8U6, STM32U073KBU6, STM32U073KCU6, STM32U073M8I6, STM32U073M8T6, STM32U073MBI6, STM32U073MBT6, STM32U073MCI6, STM32U073MCT6, STM32U073R8I6, STM32U073R8T6, STM32U073RBI6, STM32U073RBT6, STM32U073RCI6, STM32U073RCT6, STM32U083C-DK, STM32U083CCT6, STM32U083CCU6, STM32U083HCY6TR, STM32U083KCU6, STM32U083MCI6, STM32U083MCT6, STM32U083RCI6, STM32U083RCT6, STM32U375CET6, STM32U375CET6Q, STM32U375CEU6, STM32U375CEU6Q, STM32U375CEY6QTR, STM32U375CGT6, STM32U375CGT6Q, STM32U375CGU6, STM32U375CGU6Q, STM32U375CGY6QTR, STM32U375KEU6, STM32U375KGU6, STM32U375REI6, STM32U375REI6Q, STM32U375RET6, STM32U375RET6Q, STM32U375REY6GTR, STM32U375REY6QTR, STM32U375RGI6, STM32U375RGI6Q, STM32U375RGT6, STM32U375RGT6Q, STM32U375RGY6GTR, STM32U375RGY6QTR, STM32U375VEI6, STM32U375VEI6Q, STM32U375VET6, STM32U375VET6Q, STM32U375VGI6, STM32U375VGI6Q, STM32U375VGT6, STM32U375VGT6Q, STM32U385CGT6, STM32U385CGT6Q, STM32U385CGU6, STM32U385CGU6Q, STM32U385CGY6QTR, STM32U385KGU6, STM32U385RGI6, STM32U385RGI6Q, STM32U385RGT6, STM32U385RGT6Q, STM32U385RGY6GTR, STM32U385RGY6QTR, STM32U385VGI6, STM32U385VGI6Q, STM32U385VGT6, STM32U385VGT6Q, STM32U535CBT6, STM32U535CBT6Q, STM32U535CBU6, STM32U535CBU6Q, STM32U535CCT6, STM32U535CCT6Q, STM32U535CCU6, STM32U535CCU6Q, STM32U535CET6, STM32U535CET6Q, STM32U535CEU6, STM32U535CEU6Q, STM32U535JEY6QTR, STM32U535NCY6QTR, STM32U535NEY6QTR, STM32U535RBI6, STM32U535RBI6Q, STM32U535RBT6, STM32U535RBT6Q, STM32U535RCI6, STM32U535RCI6Q, STM32U535RCT6, STM32U535RCT6Q, STM32U535REI6, STM32U535REI6Q, STM32U535RET6, STM32U535RET6Q, STM32U535VCI6, STM32U535VCI6Q, STM32U535VCT6, STM32U535VCT6Q, STM32U535VEI6, STM32U535VEI6Q, STM32U535VET6, STM32U535VET6Q, STM32U545CET6, STM32U545CET6Q, STM32U545CEU6, STM32U545CEU6Q, STM32U545JEY6QTR, STM32U545NEY6QTR, STM32U545REI6, STM32U545REI6Q, STM32U545RET6, STM32U545RET6Q, STM32U545VEI6, STM32U545VEI6Q, STM32U545VET6, STM32U545VET6Q, STM32U595AIH6, STM32U595AIH6Q, STM32U595AJH6, STM32U595AJH6Q, STM32U595QII6, STM32U595QII6Q, STM32U595QJI6, STM32U595QJI6Q, STM32U595RIT6, STM32U595RIT6Q, STM32U595RJT6, STM32U595RJT6Q, STM32U595VIT6, STM32U595VIT6Q, STM32U595VJT6, STM32U595VJT6Q, STM32U595ZIT6, STM32U595ZIT6Q, STM32U595ZIY6QTR, STM32U595ZJT6, STM32U595ZJT6Q, STM32U595ZJY6QTR, STM32U599BJY6QTR, STM32U599NIH6Q, STM32U599NJH6Q, STM32U599VIT6Q, STM32U599VJT6, STM32U599VJT6Q, STM32U599ZIT6Q, STM32U599ZIY6QTR, STM32U599ZJT6Q, STM32U599ZJY6QTR, STM32U5A5AJH6, STM32U5A5AJH6Q, STM32U5A5QII3Q , STM32U5A5QJI6, STM32U5A5QJI6Q, STM32U5A5RJT6, STM32U5A5RJT6Q, STM32U5A5VJT6, STM32U5A5VJT6Q, STM32U5A5ZJT6, STM32U5A5ZJT6Q, STM32U5A5ZJY6QTR, STM32U5A9BJY6QTR, STM32U5A9J-DK, STM32U5A9NJH6Q, STM32U5A9VJT6Q, STM32U5A9ZJT6Q, STM32U5A9ZJY6QTR, STM32U5F7VIT6, STM32U5F7VIT6Q, STM32U5F7VJT6, STM32U5F7VJT6Q, STM32U5F9BJY6QTR, STM32U5F9NJH6Q, STM32U5F9VIT6Q, STM32U5F9VJT6Q, STM32U5F9ZIJ6QTR, STM32U5F9ZIT6Q, STM32U5F9ZJJ6QTR, STM32U5F9ZJT6Q, STM32U5G7VJT6, STM32U5G7VJT6Q, STM32U5G9BJY6QTR, STM32U5G9J-DK1, STM32U5G9J-DK2, STM32U5G9NJH6Q, STM32U5G9VJT6Q, STM32U5G9ZJJ6QTR, STM32U5G9ZJT6Q, STM32WB05KZV6TR, STM32WB05KZV7TR, STM32WB05TZF6TR, STM32WB05TZF7TR, STM32WB06CCF6TR, STM32WB06CCF7TR, STM32WB06CCV6TR, STM32WB06CCV7TR, STM32WB06KCV6TR, STM32WB06KCV7TR, STM32WB07CCF6TR, STM32WB07CCF7TR, STM32WB07CCV6TR, STM32WB07CCV7TR, STM32WB07KCV6TR, STM32WB07KCV7TR, STM32WB09KEV6TR, STM32WB09KEV7TR, STM32WB09TEF6TR, STM32WB09TEF7TR, STM32WB1MMCH6, STM32WBA50KGU6, STM32WBA50KGU6TR, STM32WBA52CEU6, STM32WBA52CEU6TR, STM32WBA52CEU7, STM32WBA52CEU7TR, STM32WBA52CGU6, STM32WBA52CGU6TR, STM32WBA52CGU6U, STM32WBA52CGU7, STM32WBA52CGU7TR, STM32WBA52KEU6, STM32WBA52KEU6TR, STM32WBA52KGU6, STM32WBA52KGU6TR, STM32WBA54CEU6, STM32WBA54CEU6TR, STM32WBA54CEU7, STM32WBA54CEU7TR, STM32WBA54CGU6, STM32WBA54CGU6TR, STM32WBA54CGU7, STM32WBA54CGU7TR, STM32WBA54KEU6, STM32WBA54KEU6TR, STM32WBA54KEU7, STM32WBA54KEU7TR, STM32WBA54KGU6, STM32WBA54KGU6TR, STM32WBA54KGU7, STM32WBA54KGU7TR, STM32WBA55CEU6, STM32WBA55CEU6TR, STM32WBA55CEU7, STM32WBA55CEU7TR, STM32WBA55CGU6, STM32WBA55CGU6TR, STM32WBA55CGU6U, STM32WBA55CGU7, STM32WBA55CGU7TR, STM32WBA55G-DK1, STM32WBA55HEF6, STM32WBA55HEF7, STM32WBA55HGF6, STM32WBA55HGF7, STM32WBA55UEI6, STM32WBA55UEI6TR, STM32WBA55UEI7, STM32WBA55UEI7TR, STM32WBA55UGI6, STM32WBA55UGI6TR, STM32WBA55UGI7, STM32WBA55UGI7TR, STM32WBA5MMGH6TR, STM32WBA62MGF6, STM32WBA62MIF6, STM32WBA65MGF7, STM32WBA65MIF6, STM32WBA65MIF7, STM32WL30K8V6, STM32WL30KBV6, STM32WL31C8V6, STM32WL31CBV6, STM32WL31K8V6, STM32WL31KBV6, STM32WL33C8V6, STM32WL33C8V6X, STM32WL33CBV6, STM32WL33CBV6X, STM32WL33CCV6, STM32WL33CCV6A, STM32WL33CCV6X, STM32WL33K8V7, STM32WL33K8V7X, STM32WL33KBV7 , STM32WL33KBV7X, STM32WL33KCV7, STM32WL33KCV7X, STM32WL5MOCH6, STM32WL5MOCH6TR]
2026-03-16 19:30:44,841 [INFO] ApiDb:668 - CubeFinder database Data Model version=2.1
2026-03-16 19:30:44,841 [INFO] ApiDb:669 - CubeFinder database Configuration version=3.0.42
2026-03-16 19:30:44,841 [INFO] ApiDb:670 - CubeFinder database generation date=2026-02-13 (1770995876)
2026-03-16 19:30:44,841 [INFO] ApiDb:671 - CubeFinder database FW Pack versions=[FP-ATR-ASTRA1_V2.0.0, FP-SNS-FLIGHT1_V5.1.0, FP-SNS-MOTENV1_V5.1.0, FP-SNS-MOTENVWB1_V1.4.0, FP-SNS-SMARTAG2_V1.2.0, FP-SNS-STBOX1_V2.1.0, STM32Cube_FW_C0_V1.4.0, STM32Cube_FW_F4_V1.28.3, STM32Cube_FW_F7_V1.17.4, STM32Cube_FW_G0_V1.6.2, STM32Cube_FW_G4_V1.6.1, STM32Cube_FW_H5_V1.6.0, STM32Cube_FW_H7RS_V1.3.0, STM32Cube_FW_H7_V1.13.0, STM32Cube_FW_L0_V1.12.2, STM32Cube_FW_L4_V1.18.2, STM32Cube_FW_L5_V1.6.0, STM32Cube_FW_N6_V1.3.0, STM32Cube_FW_U0_V1.3.0, STM32Cube_FW_U3_V1.3.0, STM32Cube_FW_U5_V1.8.0, STM32Cube_FW_WB0_V1.4.0, STM32Cube_FW_WBA_V1.9.0, STM32Cube_FW_WB_V1.24.0, STM32Cube_FW_WL3_V1.4.0, STM32Cube_FW_WL_V1.5.0, X-CUBE-ALGOBUILD_V1.4.0, X-CUBE-ALS_V1.0.2, X-CUBE-AZRTOS-F4_V1.1.0, X-CUBE-AZRTOS-F7_V1.1.0, X-CUBE-AZRTOS-G0_V1.1.0, X-CUBE-AZRTOS-G4_V2.0.0, X-CUBE-AZRTOS-H7RS_V1.1.0, X-CUBE-AZRTOS-H7_V3.4.0, X-CUBE-AZRTOS-L4_V2.0.0, X-CUBE-AZRTOS-L5_V2.0.0, X-CUBE-AZRTOS-WB_V2.0.0, X-CUBE-AZRTOS-WL_V2.0.0, X-CUBE-BLE1_V7.1.0, X-CUBE-BLE2_V3.3.0, X-CUBE-BLEMGR_V4.1.0, X-CUBE-EEPRMA1_V5.2.0, X-CUBE-FREERTOS_V1.3.1, X-CUBE-GNSS1_V6.0.0, X-CUBE-MEMS1_V12.0.0, X-CUBE-NFC4_V3.0.0, X-CUBE-NFC7_V2.0.0, X-CUBE-SFXS2LP1_V4.0.0, X-CUBE-ST67W61_V1.1.0, X-CUBE-SUBG2_V5.0.0, X-CUBE-TOF1_V3.4.3]
2026-03-16 19:30:46,405 [INFO] ApiDb:240 - Found 880 in-development CPN: [B-G473E-ZEST1S, B-WB1M-WPAN1, B-WBA5M-WPAN, B-WL5M-SUBG1, NUCLEO-C031C6, NUCLEO-C051C8, NUCLEO-C071RB, NUCLEO-C092RC, NUCLEO-H503RB, NUCLEO-H533RE, NUCLEO-H563ZI, NUCLEO-H7S3L8, NUCLEO-N657X0-Q, NUCLEO-U031R8, NUCLEO-U083RC, NUCLEO-U385RG-Q, NUCLEO-U545RE-Q, NUCLEO-U5A5ZJ-Q, NUCLEO-WB05KZ, NUCLEO-WB07CC, NUCLEO-WB09KE, NUCLEO-WBA52CG, NUCLEO-WBA55CG, NUCLEO-WL33CC1, NUCLEO-WL33CC2, STEVAL-PROTEUS1, STEVAL-SMARTAG2, STEVAL-STWINBX1, STM320518-EVAL, STM32C0116-DK, STM32C011D6Y3TR, STM32C011D6Y6TR, STM32C011F4P3, STM32C011F4P6, STM32C011F4U3, STM32C011F4U6TR, STM32C011F6P3, STM32C011F6P6, STM32C011F6U3, STM32C011F6U6TR, STM32C011J4M3, STM32C011J4M6, STM32C011J6M3, STM32C011J6M6, STM32C0316-DK, STM32C031C4T3, STM32C031C4T6, STM32C031C4U3, STM32C031C4U6, STM32C031C6T3, STM32C031C6T6, STM32C031C6U3, STM32C031C6U6, STM32C031F4P3, STM32C031F4P6, STM32C031F6P3, STM32C031F6P6, STM32C031G4U3, STM32C031G4U6, STM32C031G6U3, STM32C031G6U6, STM32C031K4T3, STM32C031K4T6, STM32C031K4U3, STM32C031K4U6, STM32C031K6T3, STM32C031K6T6, STM32C031K6U3, STM32C031K6U6, STM32C051C6T6, STM32C051C6U6, STM32C051C8T6, STM32C051C8U6, STM32C051D8Y6TR, STM32C051F6P6, STM32C051F8P6, STM32C051G6U6, STM32C051G8U6, STM32C051K6T6, STM32C051K6U6, STM32C051K8T6, STM32C071C8T6, STM32C071C8T6N, STM32C071C8U6, STM32C071C8U6N, STM32C071CBT6, STM32C071CBT6N, STM32C071CBU6, STM32C071CBU6N, STM32C071F8P6, STM32C071F8P6N, STM32C071FBP6, STM32C071FBP6N, STM32C071FBY6TR, STM32C071G8U6, STM32C071G8U6N, STM32C071GBU6, STM32C071GBU6N, STM32C071K8T6, STM32C071K8T6N, STM32C071K8U6, STM32C071K8U6N, STM32C071KBT6, STM32C071KBT6N, STM32C071KBU6, STM32C071KBU6N, STM32C071R8T6, STM32C071R8T6N, STM32C071RBI6N, STM32C071RBT6, STM32C071RBT6N, STM32C091CBT6, STM32C091CBU6, STM32C091CCT6, STM32C091CCU6, STM32C091ECY6TR, STM32C091FBP6, STM32C091FCP6, STM32C091GBU6, STM32C091GCU6, STM32C091KBT6, STM32C091KBU6, STM32C091KCT6, STM32C091KCU6, STM32C091RBT6, STM32C091RCI6, STM32C091RCT6, STM32C092CBT6, STM32C092CBU6, STM32C092CCT6, STM32C092CCU6, STM32C092ECY6TR, STM32C092FBP6, STM32C092FCP6, STM32C092GBU6, STM32C092GCU6, STM32C092KBT6, STM32C092KBU6, STM32C092KCT6, STM32C092KCU6, STM32C092RBT6, STM32C092RCI6, STM32C092RCT6, STM32G071K8TXN, STM32G071K8UXN, STM32G081GBU6N, STM32G081KBT6N, STM32G081KBUXN, STM32G0B1CCT6N, STM32G0B1KCT6, STM32G0B1NEY6TR, STM32G0B1RCT6N, STM32G0C1CCT6, STM32G0C1CCT6N, STM32G0C1CCU6N, STM32G0C1CET6N, STM32G0C1CEU6N, STM32G0C1KCT6, STM32G0C1NEY6TR, STM32G0C1RCI6N, STM32G0C1RCT6N, STM32G0C1REI6N, STM32G0C1RET6N, STM32G0C1VCI6, STM32G0C1VEI6, STM32G411C6T3, STM32G411C6T6, STM32G411C6U3, STM32G411C6U6, STM32G411C8T3, STM32G411C8T6, STM32G411C8U3, STM32G411C8U6, STM32G411CBT3, STM32G411CBT6, STM32G411CBU3, STM32G411CBU6, STM32G411K6T3, STM32G411K6T6, STM32G411K6U3, STM32G411K6U6, STM32G411K8T3, STM32G411K8T6, STM32G411K8U3, STM32G411K8U6, STM32G411KBT3, STM32G411KBT6, STM32G411KBU3, STM32G411KBU6, STM32G411M6T3, STM32G411M6T6, STM32G411M8T3, STM32G411M8T6, STM32G411MBT3, STM32G411MBT6, STM32G411R6T3, STM32G411R6T6, STM32G411R8T3, STM32G411R8T6, STM32G411RBT3, STM32G411RBT6, STM32G414CBT3, STM32G414CBT6, STM32G414CBU3, STM32G414CBU6, STM32G414CCT3, STM32G414CCT6, STM32G414CCU3, STM32G414CCU6, STM32G414MBT3, STM32G414MBT6, STM32G414MCT3, STM32G414MCT6, STM32G414RBT3, STM32G414RBT6, STM32G414RCT3, STM32G414RCT6, STM32G414VBT3, STM32G414VBT6, STM32G414VCT3, STM32G414VCT6, STM32G431CBT3Z, STM32G431RBT3Z, STM32G471CCT6, STM32G471CCU6, STM32G471CET3, STM32G471CET6, STM32G471CEU3, STM32G471CEU6, STM32G471MCT6, STM32G471MET3, STM32G471MET6, STM32G471MEY6TR, STM32G471QCT6, STM32G471QET3, STM32G471RCT6, STM32G471RET3, STM32G471RET6, STM32G471VCH6, STM32G471VCI6, STM32G471VCT6, STM32G471VEH3, STM32G471VEH6, STM32G471VEI3, STM32G471VEI6, STM32G471VET3, STM32G471VET6, STM32G473QET3Z, STM32G473RET3Z, STM32G474CCT6, STM32G491RET3Z, STM32H503CBT6, STM32H503CBU6, STM32H503EBY6TR, STM32H503KBU6, STM32H503RBT6, STM32H523CCT6, STM32H523CCU6, STM32H523CET6, STM32H523CEU6, STM32H523HEY6TR, STM32H523RCT6, STM32H523RET6, STM32H523VCI6, STM32H523VCT6, STM32H523VEI6, STM32H523VET6, STM32H523ZCJ6, STM32H523ZCT6, STM32H523ZEJ6, STM32H523ZET6, STM32H533CET6, STM32H533CEU6, STM32H533HEY6TR, STM32H533RET6, STM32H533VEI6, STM32H533VET6, STM32H533ZEJ6, STM32H533ZET6, STM32H562AGI6, STM32H562AII6, STM32H562IGK6, STM32H562IGT6, STM32H562IIK6, STM32H562IIT6, STM32H562RGT6, STM32H562RGV6, STM32H562RIT6, STM32H562RIV6, STM32H562VGT6, STM32H562VIT6, STM32H562ZGT6, STM32H562ZIT6, STM32H563AGI6, STM32H563AII3Q, STM32H563AII6, STM32H563IGK6, STM32H563IGT6, STM32H563IIK3Q, STM32H563IIK6, STM32H563IIT3Q, STM32H563IIT6, STM32H563MIY3QTR, STM32H563RGT6, STM32H563RGV6, STM32H563RIT6, STM32H563RIV6, STM32H563VGT6, STM32H563VIT3Q, STM32H563VIT6, STM32H563ZGT6, STM32H563ZIT3Q, STM32H563ZIT6, STM32H573AII3Q, STM32H573AII6, STM32H573I-DK, STM32H573IIK3Q, STM32H573IIK6, STM32H573IIT3Q, STM32H573IIT6, STM32H573MIY3QTR, STM32H573RIT6, STM32H573RIV6, STM32H573VIT3Q, STM32H573VIT6, STM32H573ZIT3Q, STM32H573ZIT6, STM32H7R3A8I6, STM32H7R3I8K6, STM32H7R3I8T6, STM32H7R3L8H6, STM32H7R3L8H6H, STM32H7R3R8V6, STM32H7R3V8H6, STM32H7R3V8T6, STM32H7R3V8Y6TR, STM32H7R3Z8J6, STM32H7R3Z8T6, STM32H7R7A8I6, STM32H7R7I8K6, STM32H7R7I8T6, STM32H7R7L8H6, STM32H7R7L8H6H, STM32H7R7Z8J6, STM32H7S3A8I6, STM32H7S3I8K6, STM32H7S3I8T6, STM32H7S3L8H6, STM32H7S3L8H6H, STM32H7S3R8V6, STM32H7S3V8H6, STM32H7S3V8T6, STM32H7S3V8Y6TR, STM32H7S3Z8J6, STM32H7S3Z8T6, STM32H7S78-DK, STM32H7S7A8I6, STM32H7S7I8K6, STM32H7S7I8T6, STM32H7S7L8H6, STM32H7S7L8H6H, STM32H7S7Z8J6, STM32L4R5QGI6STR, STM32MP131AAE3, STM32MP131AAF3, STM32MP131AAG3, STM32MP131CAE3, STM32MP131CAF3, STM32MP131CAG3, STM32MP131DAE7, STM32MP131DAF7, STM32MP131DAG7, STM32MP131FAE7, STM32MP131FAF7, STM32MP131FAG7, STM32MP133AAE3, STM32MP133AAF3, STM32MP133AAG3, STM32MP133CAE3, STM32MP133CAF3, STM32MP133CAG3, STM32MP133DAE7, STM32MP133DAF7, STM32MP133DAG7, STM32MP133FAE7, STM32MP133FAF7, STM32MP133FAG7, STM32MP135AAE3, STM32MP135AAF3, STM32MP135AAG3, STM32MP135CAE3, STM32MP135CAF3, STM32MP135CAG3, STM32MP135DAE7, STM32MP135DAF7, STM32MP135DAG7, STM32MP135F-DK, STM32MP135FAE7, STM32MP135FAF7, STM32MP135FAF7T, STM32MP135FAF7U, STM32MP135FAG7, STM32MP211AAL3, STM32MP211AAM3, STM32MP211AAN3, STM32MP211AAO3, STM32MP211CAL3, STM32MP211CAM3, STM32MP211CAN3, STM32MP211CAO3, STM32MP211DAL3, STM32MP211DAM3, STM32MP211DAN3, STM32MP211DAO3, STM32MP211FAL3, STM32MP211FAM3, STM32MP211FAN3, STM32MP211FAO3, STM32MP213AAL3, STM32MP213AAM3, STM32MP213AAN3, STM32MP213AAO3, STM32MP213CAL3, STM32MP213CAM3, STM32MP213CAN3, STM32MP213CAO3, STM32MP213DAL3, STM32MP213DAM3, STM32MP213DAN3, STM32MP213DAO3, STM32MP213FAL3, STM32MP213FAM3, STM32MP213FAN3, STM32MP213FAO3, STM32MP215AAL3, STM32MP215AAM3, STM32MP215AAN3, STM32MP215AAO3, STM32MP215CAL3, STM32MP215CAM3, STM32MP215CAN3, STM32MP215CAO3, STM32MP215DAL3, STM32MP215DAM3, STM32MP215DAN3, STM32MP215DAO3, STM32MP215F-DK, STM32MP215FAL3, STM32MP215FAM3, STM32MP215FAN3, STM32MP215FAO3, STM32MP231AAJ3, STM32MP231AAK3, STM32MP231AAL3, STM32MP231CAJ3, STM32MP231CAK3, STM32MP231CAL3, STM32MP231DAJ3, STM32MP231DAK3, STM32MP231DAL3, STM32MP231FAJ3, STM32MP231FAK3, STM32MP231FAL3, STM32MP233AAJ3, STM32MP233AAK3, STM32MP233AAL3, STM32MP233CAJ3, STM32MP233CAK3, STM32MP233CAL3, STM32MP233DAJ3, STM32MP233DAK3, STM32MP233DAL3, STM32MP233FAJ3, STM32MP233FAK3, STM32MP233FAL3, STM32MP235AAJ3, STM32MP235AAK3, STM32MP235AAL3, STM32MP235CAJ3, STM32MP235CAK3, STM32MP235CAL3, STM32MP235DAJ3, STM32MP235DAK3, STM32MP235DAL3, STM32MP235FAJ3, STM32MP235FAK3, STM32MP235FAL3, STM32MP251AAI3, STM32MP251AAK3, STM32MP251AAL3, STM32MP251CAI3, STM32MP251CAK3, STM32MP251CAL3, STM32MP251DAI3, STM32MP251DAK3, STM32MP251DAL3, STM32MP251FAI3, STM32MP251FAK3, STM32MP251FAL3, STM32MP253AAI3, STM32MP253AAK3, STM32MP253AAL3, STM32MP253CAI3, STM32MP253CAK3, STM32MP253CAL3, STM32MP253DAI3, STM32MP253DAK3, STM32MP253DAL3, STM32MP253FAI3, STM32MP253FAK3, STM32MP253FAL3, STM32MP255AAI3, STM32MP255AAK3, STM32MP255AAL3, STM32MP255CAI3, STM32MP255CAK3, STM32MP255CAL3, STM32MP255DAI3, STM32MP255DAK3, STM32MP255DAL3, STM32MP255FAI3, STM32MP255FAK3, STM32MP255FAL3, STM32MP257AAI3, STM32MP257AAK3, STM32MP257AAL3, STM32MP257CAI3, STM32MP257CAK3, STM32MP257CAL3, STM32MP257DAI3, STM32MP257DAK3, STM32MP257DAL3, STM32MP257F-DK, STM32MP257F-EV1, STM32MP257FAI3, STM32MP257FAK3, STM32MP257FAL3, STM32N645A0H3Q, STM32N645B0H3Q, STM32N645I0H3Q, STM32N645L0H3Q, STM32N645X0H3Q, STM32N645Z0H3Q, STM32N647A0H3Q, STM32N647B0H3Q, STM32N647I0H3Q, STM32N647L0H3Q, STM32N647X0H3Q, STM32N647Z0H3Q, STM32N655A0H3Q, STM32N655B0H3Q, STM32N655I0H3Q, STM32N655L0H3Q, STM32N655X0H3Q, STM32N655Z0H3Q, STM32N6570-DK, STM32N657A0H3Q, STM32N657B0H3Q, STM32N657I0H3Q, STM32N657L0H3Q, STM32N657X0H3Q, STM32N657Z0H3Q, STM32U031C6T6, STM32U031C6U6, STM32U031C8T6, STM32U031C8U6, STM32U031F4P6, STM32U031F6P6, STM32U031F8P6, STM32U031G6Y6TR, STM32U031G8Y6TR, STM32U031K4U6, STM32U031K6U6, STM32U031K8U6, STM32U031R6I6, STM32U031R6T6, STM32U031R8I6, STM32U031R8T6, STM32U073C8T6, STM32U073C8U6, STM32U073CBT6, STM32U073CBU6, STM32U073CCT6, STM32U073CCU6, STM32U073H8Y6TR, STM32U073HBY6TR, STM32U073HCY6TR, STM32U073K8U6, STM32U073KBU6, STM32U073KCU6, STM32U073M8I6, STM32U073M8T6, STM32U073MBI6, STM32U073MBT6, STM32U073MCI6, STM32U073MCT6, STM32U073R8I6, STM32U073R8T6, STM32U073RBI6, STM32U073RBT6, STM32U073RCI6, STM32U073RCT6, STM32U083C-DK, STM32U083CCT6, STM32U083CCU6, STM32U083HCY6TR, STM32U083KCU6, STM32U083MCI6, STM32U083MCT6, STM32U083RCI6, STM32U083RCT6, STM32U375CET6, STM32U375CET6Q, STM32U375CEU6, STM32U375CEU6Q, STM32U375CEY6QTR, STM32U375CGT6, STM32U375CGT6Q, STM32U375CGU6, STM32U375CGU6Q, STM32U375CGY6QTR, STM32U375KEU6, STM32U375KGU6, STM32U375REI6, STM32U375REI6Q, STM32U375RET6, STM32U375RET6Q, STM32U375REY6GTR, STM32U375REY6QTR, STM32U375RGI6, STM32U375RGI6Q, STM32U375RGT6, STM32U375RGT6Q, STM32U375RGY6GTR, STM32U375RGY6QTR, STM32U375VEI6, STM32U375VEI6Q, STM32U375VET6, STM32U375VET6Q, STM32U375VGI6, STM32U375VGI6Q, STM32U375VGT6, STM32U375VGT6Q, STM32U385CGT6, STM32U385CGT6Q, STM32U385CGU6, STM32U385CGU6Q, STM32U385CGY6QTR, STM32U385KGU6, STM32U385RGI6, STM32U385RGI6Q, STM32U385RGT6, STM32U385RGT6Q, STM32U385RGY6GTR, STM32U385RGY6QTR, STM32U385VGI6, STM32U385VGI6Q, STM32U385VGT6, STM32U385VGT6Q, STM32U535CBT6, STM32U535CBT6Q, STM32U535CBU6, STM32U535CBU6Q, STM32U535CCT6, STM32U535CCT6Q, STM32U535CCU6, STM32U535CCU6Q, STM32U535CET6, STM32U535CET6Q, STM32U535CEU6, STM32U535CEU6Q, STM32U535JEY6QTR, STM32U535NCY6QTR, STM32U535NEY6QTR, STM32U535RBI6, STM32U535RBI6Q, STM32U535RBT6, STM32U535RBT6Q, STM32U535RCI6, STM32U535RCI6Q, STM32U535RCT6, STM32U535RCT6Q, STM32U535REI6, STM32U535REI6Q, STM32U535RET6, STM32U535RET6Q, STM32U535VCI6, STM32U535VCI6Q, STM32U535VCT6, STM32U535VCT6Q, STM32U535VEI6, STM32U535VEI6Q, STM32U535VET6, STM32U535VET6Q, STM32U545CET6, STM32U545CET6Q, STM32U545CEU6, STM32U545CEU6Q, STM32U545JEY6QTR, STM32U545NEY6QTR, STM32U545REI6, STM32U545REI6Q, STM32U545RET6, STM32U545RET6Q, STM32U545VEI6, STM32U545VEI6Q, STM32U545VET6, STM32U545VET6Q, STM32U595AIH6, STM32U595AIH6Q, STM32U595AJH6, STM32U595AJH6Q, STM32U595QII6, STM32U595QII6Q, STM32U595QJI6, STM32U595QJI6Q, STM32U595RIT6, STM32U595RIT6Q, STM32U595RJT6, STM32U595RJT6Q, STM32U595VIT6, STM32U595VIT6Q, STM32U595VJT6, STM32U595VJT6Q, STM32U595ZIT6, STM32U595ZIT6Q, STM32U595ZIY6QTR, STM32U595ZJT6, STM32U595ZJT6Q, STM32U595ZJY6QTR, STM32U599BJY6QTR, STM32U599NIH6Q, STM32U599NJH6Q, STM32U599VIT6Q, STM32U599VJT6, STM32U599VJT6Q, STM32U599ZIT6Q, STM32U599ZIY6QTR, STM32U599ZJT6Q, STM32U599ZJY6QTR, STM32U5A5AJH6, STM32U5A5AJH6Q, STM32U5A5QII3Q , STM32U5A5QJI6, STM32U5A5QJI6Q, STM32U5A5RJT6, STM32U5A5RJT6Q, STM32U5A5VJT6, STM32U5A5VJT6Q, STM32U5A5ZJT6, STM32U5A5ZJT6Q, STM32U5A5ZJY6QTR, STM32U5A9BJY6QTR, STM32U5A9J-DK, STM32U5A9NJH6Q, STM32U5A9VJT6Q, STM32U5A9ZJT6Q, STM32U5A9ZJY6QTR, STM32U5F7VIT6, STM32U5F7VIT6Q, STM32U5F7VJT6, STM32U5F7VJT6Q, STM32U5F9BJY6QTR, STM32U5F9NJH6Q, STM32U5F9VIT6Q, STM32U5F9VJT6Q, STM32U5F9ZIJ6QTR, STM32U5F9ZIT6Q, STM32U5F9ZJJ6QTR, STM32U5F9ZJT6Q, STM32U5G7VJT6, STM32U5G7VJT6Q, STM32U5G9BJY6QTR, STM32U5G9J-DK1, STM32U5G9J-DK2, STM32U5G9NJH6Q, STM32U5G9VJT6Q, STM32U5G9ZJJ6QTR, STM32U5G9ZJT6Q, STM32WB05KZV6TR, STM32WB05KZV7TR, STM32WB05TZF6TR, STM32WB05TZF7TR, STM32WB06CCF6TR, STM32WB06CCF7TR, STM32WB06CCV6TR, STM32WB06CCV7TR, STM32WB06KCV6TR, STM32WB06KCV7TR, STM32WB07CCF6TR, STM32WB07CCF7TR, STM32WB07CCV6TR, STM32WB07CCV7TR, STM32WB07KCV6TR, STM32WB07KCV7TR, STM32WB09KEV6TR, STM32WB09KEV7TR, STM32WB09TEF6TR, STM32WB09TEF7TR, STM32WB1MMCH6, STM32WBA50KGU6, STM32WBA50KGU6TR, STM32WBA52CEU6, STM32WBA52CEU6TR, STM32WBA52CEU7, STM32WBA52CEU7TR, STM32WBA52CGU6, STM32WBA52CGU6TR, STM32WBA52CGU6U, STM32WBA52CGU7, STM32WBA52CGU7TR, STM32WBA52KEU6, STM32WBA52KEU6TR, STM32WBA52KGU6, STM32WBA52KGU6TR, STM32WBA54CEU6, STM32WBA54CEU6TR, STM32WBA54CEU7, STM32WBA54CEU7TR, STM32WBA54CGU6, STM32WBA54CGU6TR, STM32WBA54CGU7, STM32WBA54CGU7TR, STM32WBA54KEU6, STM32WBA54KEU6TR, STM32WBA54KEU7, STM32WBA54KEU7TR, STM32WBA54KGU6, STM32WBA54KGU6TR, STM32WBA54KGU7, STM32WBA54KGU7TR, STM32WBA55CEU6, STM32WBA55CEU6TR, STM32WBA55CEU7, STM32WBA55CEU7TR, STM32WBA55CGU6, STM32WBA55CGU6TR, STM32WBA55CGU6U, STM32WBA55CGU7, STM32WBA55CGU7TR, STM32WBA55G-DK1, STM32WBA55HEF6, STM32WBA55HEF7, STM32WBA55HGF6, STM32WBA55HGF7, STM32WBA55UEI6, STM32WBA55UEI6TR, STM32WBA55UEI7, STM32WBA55UEI7TR, STM32WBA55UGI6, STM32WBA55UGI6TR, STM32WBA55UGI7, STM32WBA55UGI7TR, STM32WBA5MMGH6TR, STM32WBA62MGF6, STM32WBA62MIF6, STM32WBA65MGF7, STM32WBA65MIF6, STM32WBA65MIF7, STM32WL30K8V6, STM32WL30KBV6, STM32WL31C8V6, STM32WL31CBV6, STM32WL31K8V6, STM32WL31KBV6, STM32WL33C8V6, STM32WL33C8V6X, STM32WL33CBV6, STM32WL33CBV6X, STM32WL33CCV6, STM32WL33CCV6A, STM32WL33CCV6X, STM32WL33K8V7, STM32WL33K8V7X, STM32WL33KBV7 , STM32WL33KBV7X, STM32WL33KCV7, STM32WL33KCV7X, STM32WL5MOCH6, STM32WL5MOCH6TR]
2026-03-16 19:30:46,409 [INFO] DbMcus:218 - Found 4922 MCUs, 4922 are supported
2026-03-16 19:30:46,410 [INFO] ApiDb:423 - Load user favorites file /home/kamil/.stm32cubeide/favorites.mcus.txt: 0 item(s)
2026-03-16 19:30:46,410 [INFO] ApiDb:427 - User favorites MCUs=[]
2026-03-16 19:30:46,410 [INFO] DbMcus:224 - Set 0 / 0 favorites MCUs
2026-03-16 19:30:46,718 [INFO] BoardInfo:889 - No configuration file found for board P-NUCLEO-WB55
2026-03-16 19:30:46,718 [INFO] DbBoards:161 - Kit is not supported: P-NUCLEO-WB55
2026-03-16 19:30:46,720 [INFO] BoardInfo:889 - No configuration file found for board STEVAL-BFA001V1B
2026-03-16 19:30:46,720 [INFO] DbBoards:161 - Kit is not supported: STEVAL-BFA001V1B
2026-03-16 19:30:46,721 [INFO] BoardInfo:889 - No configuration file found for board STEVAL-BFA001V2B
2026-03-16 19:30:46,721 [INFO] DbBoards:161 - Kit is not supported: STEVAL-BFA001V2B
2026-03-16 19:30:46,775 [INFO] DbBoards:168 - Found 212 boards, 209 are supported
2026-03-16 19:30:46,775 [INFO] DbBoards:169 - Found 212 boards, 43 of them is supported for  Bsp
2026-03-16 19:30:46,779 [INFO] ApiDb:423 - Load user favorites file /home/kamil/.stm32cubeide/favorites.boards.txt: 0 item(s)
2026-03-16 19:30:46,779 [INFO] ApiDb:427 - User favorites Boards=[]
2026-03-16 19:30:46,779 [INFO] DbBoards:198 - Set 0 / 0 favorites Boards
2026-03-16 19:30:46,822 [INFO] UtilMem:75 - End LoadConfig() Used Memory: 464592464 Bytes (584056832)
2026-03-16 19:30:46,923 [WARN] ThirdParty:833 - waiting for thirdparty lock release [change project]
2026-03-16 19:30:46,923 [INFO] ThirdParty:835 - entering critical section [change project]
2026-03-16 19:30:46,923 [INFO] ThirdParty:1030 - CMSIS Pack Vendor :STMicroelectronics X-CUBE-AZRTOS-H7 3.5.0
2026-03-16 19:30:46,923 [INFO] ThirdParty:1030 - CMSIS Pack Vendor :STMicroelectronics X-CUBE-PM33A1 1.0.0
2026-03-16 19:30:46,923 [INFO] ThirdParty:1030 - CMSIS Pack Vendor :STMicroelectronics USBPD 4.1
2026-03-16 19:30:46,923 [INFO] ThirdParty:1030 - CMSIS Pack Vendor :STMicroelectronics X-CUBE-NFC9 1.0.0
2026-03-16 19:30:46,923 [INFO] ThirdParty:1030 - CMSIS Pack Vendor :STMicroelectronics USB_HOST 2.0.0
2026-03-16 19:30:46,923 [INFO] ThirdParty:1030 - CMSIS Pack Vendor :STMicroelectronics FP-SNS-MOTENVWB1 1.4.0
2026-03-16 19:30:46,923 [INFO] ThirdParty:1030 - CMSIS Pack Vendor :STMicroelectronics X-CUBE-AZRTOS-F4 1.1.0
2026-03-16 19:30:46,923 [INFO] ThirdParty:1030 - CMSIS Pack Vendor :STMicroelectronics LIBJPEG 8.0.0
2026-03-16 19:30:46,923 [INFO] ThirdParty:1030 - CMSIS Pack Vendor :STMicroelectronics FP-ATR-ASTRA1 2.0.2
2026-03-16 19:30:46,923 [INFO] ThirdParty:1030 - CMSIS Pack Vendor :wolfSSL I-CUBE-wolfSSL 5.8.2
2026-03-16 19:30:46,923 [INFO] ThirdParty:1030 - CMSIS Pack Vendor :STMicroelectronics X-CUBE-BLE1 7.1.0
2026-03-16 19:30:46,923 [INFO] ThirdParty:1030 - CMSIS Pack Vendor :STMicroelectronics X-CUBE-SMBUS 2.1.0
2026-03-16 19:30:46,923 [INFO] ThirdParty:1030 - CMSIS Pack Vendor :wolfSSL I-CUBE-wolfMQTT 1.19.2
2026-03-16 19:30:46,923 [INFO] ThirdParty:1030 - CMSIS Pack Vendor :STMicroelectronics USB_DEVICE 3.0.0
2026-03-16 19:30:46,923 [INFO] ThirdParty:1030 - CMSIS Pack Vendor :STMicroelectronics X-CUBE-ISPU 2.1.0
2026-03-16 19:30:46,924 [INFO] ThirdParty:1030 - CMSIS Pack Vendor :STMicroelectronics X-CUBE-FREERTOS 1.4.0
2026-03-16 19:30:46,924 [INFO] ThirdParty:1030 - CMSIS Pack Vendor :STMicroelectronics X-CUBE-EEPRMA1 5.2.0
2026-03-16 19:30:46,924 [INFO] ThirdParty:1030 - CMSIS Pack Vendor :STMicroelectronics X-CUBE-IPS 3.2.0
2026-03-16 19:30:46,924 [INFO] ThirdParty:1030 - CMSIS Pack Vendor :STMicroelectronics X-CUBE-BLEMGR 4.1.0
2026-03-16 19:30:46,924 [INFO] ThirdParty:1030 - CMSIS Pack Vendor :STMicroelectronics X-CUBE-AZRTOS-WB 2.0.0
2026-03-16 19:30:46,924 [INFO] ThirdParty:1030 - CMSIS Pack Vendor :STMicroelectronics X-CUBE-ST60 1.0.0
2026-03-16 19:30:46,924 [INFO] ThirdParty:1030 - CMSIS Pack Vendor :STMicroelectronics X-CUBE-GNSS1 7.0.1
2026-03-16 19:30:46,924 [INFO] ThirdParty:1030 - CMSIS Pack Vendor :STMicroelectronics X-CUBE-NFC12 1.0.0
2026-03-16 19:30:46,924 [INFO] ThirdParty:1030 - CMSIS Pack Vendor :STMicroelectronics X-CUBE-AZRTOS-F7 1.1.0
2026-03-16 19:30:46,924 [INFO] ThirdParty:1030 - CMSIS Pack Vendor :STMicroelectronics X-CUBE-AZRTOS-L5 2.0.0
2026-03-16 19:30:46,924 [INFO] ThirdParty:1030 - CMSIS Pack Vendor :STMicroelectronics USB_DEVICE 2.0.0
2026-03-16 19:30:46,924 [INFO] ThirdParty:1030 - CMSIS Pack Vendor :STMicroelectronics X-CUBE-NFC6 3.1.0
2026-03-16 19:30:46,924 [INFO] ThirdParty:1030 - CMSIS Pack Vendor :STMicroelectronics X-CUBE-ST67W61 1.1.0
2026-03-16 19:30:46,924 [INFO] ThirdParty:1030 - CMSIS Pack Vendor :Cesanta I-CUBE-Mongoose 7.19.0
2026-03-16 19:30:46,924 [INFO] ThirdParty:1030 - CMSIS Pack Vendor :quantropi X-CUBE-qispace-sdk-base 2.1.0
2026-03-16 19:30:46,924 [INFO] ThirdParty:1030 - CMSIS Pack Vendor :STMicroelectronics X-CUBE-MEMS1 12.0.0
2026-03-16 19:30:46,924 [INFO] ThirdParty:1030 - CMSIS Pack Vendor :STMicroelectronics X-CUBE-STSE01 2.0.0
2026-03-16 19:30:46,924 [INFO] ThirdParty:1030 - CMSIS Pack Vendor :STMicroelectronics FP-SNS-MOTENV1 5.1.0
2026-03-16 19:30:46,924 [INFO] ThirdParty:1030 - CMSIS Pack Vendor :STMicroelectronics FreeRTOS 0.0.1
2026-03-16 19:30:46,924 [INFO] ThirdParty:1030 - CMSIS Pack Vendor :STMicroelectronics X-CUBE-AZRTOS-G0 1.1.0
2026-03-16 19:30:46,924 [INFO] ThirdParty:1030 - CMSIS Pack Vendor :STMicroelectronics X-CUBE-SAFEA1 1.2.2
2026-03-16 19:30:46,924 [INFO] ThirdParty:1030 - CMSIS Pack Vendor :STMicroelectronics X-CUBE-NFC4 3.0.0
2026-03-16 19:30:46,924 [INFO] ThirdParty:1030 - CMSIS Pack Vendor :STMicroelectronics X-CUBE-SUBG2 5.0.0
2026-03-16 19:30:46,924 [INFO] ThirdParty:1030 - CMSIS Pack Vendor :STMicroelectronics X-CUBE-AZRTOS-H7RS 1.1.0
2026-03-16 19:30:46,924 [INFO] ThirdParty:1030 - CMSIS Pack Vendor :STMicroelectronics STM32_WPAN 1.0.0
2026-03-16 19:30:46,924 [INFO] ThirdParty:1030 - CMSIS Pack Vendor :EmbeddedOffice I-CUBE-FS-RTOS 1.0.1
2026-03-16 19:30:46,924 [INFO] ThirdParty:1030 - CMSIS Pack Vendor :STMicroelectronics lwIP 2.0.3
2026-03-16 19:30:46,924 [INFO] ThirdParty:1030 - CMSIS Pack Vendor :WES I-CUBE-Cesium 1.4.0
2026-03-16 19:30:46,924 [INFO] ThirdParty:1030 - CMSIS Pack Vendor :STMicroelectronics USB_HOST 1.0.0
2026-03-16 19:30:46,924 [INFO] ThirdParty:1030 - CMSIS Pack Vendor :Infineon AIROC-Wi-Fi-Bluetooth-STM32 1.7.1
2026-03-16 19:30:46,924 [INFO] ThirdParty:1030 - CMSIS Pack Vendor :STMicroelectronics X-CUBE-AZRTOS-G4 2.0.0
2026-03-16 19:30:46,924 [INFO] ThirdParty:1030 - CMSIS Pack Vendor :STMicroelectronics X-CUBE-WB05N 2.0.0
2026-03-16 19:30:46,924 [INFO] ThirdParty:1030 - CMSIS Pack Vendor :STMicroelectronics PDM2PCM 3.1.0
2026-03-16 19:30:46,924 [INFO] ThirdParty:1030 - CMSIS Pack Vendor :STMicroelectronics PDM2PCM 3.3.0
2026-03-16 19:30:46,924 [INFO] ThirdParty:1030 - CMSIS Pack Vendor :wolfSSL I-CUBE-wolfTPM 3.8.0
2026-03-16 19:30:46,924 [INFO] ThirdParty:1030 - CMSIS Pack Vendor :STMicroelectronics X-CUBE-AZRTOS-H7 3.4.0
2026-03-16 19:30:46,924 [INFO] ThirdParty:1030 - CMSIS Pack Vendor :STMicroelectronics X-CUBE-DISPLAY 3.0.0
2026-03-16 19:30:46,924 [INFO] ThirdParty:1030 - CMSIS Pack Vendor :wolfSSL I-CUBE-wolfSSH 1.4.20
2026-03-16 19:30:46,924 [INFO] ThirdParty:1030 - CMSIS Pack Vendor :STMicroelectronics X-CUBE-NFC7 2.0.0
2026-03-16 19:30:46,924 [INFO] ThirdParty:1030 - CMSIS Pack Vendor :STMicroelectronics FP-SNS-MOTENVWB1 1.5.0
2026-03-16 19:30:46,924 [INFO] ThirdParty:1030 - CMSIS Pack Vendor :STMicroelectronics X-CUBE-TCPP 4.2.0
2026-03-16 19:30:46,924 [INFO] ThirdParty:1030 - CMSIS Pack Vendor :RealThread X-CUBE-RT-Thread_Nano 4.1.1
2026-03-16 19:30:46,924 [INFO] ThirdParty:1030 - CMSIS Pack Vendor :STMicroelectronics FP-ATR-SIGFOX1 3.2.0
2026-03-16 19:30:46,924 [INFO] ThirdParty:1030 - CMSIS Pack Vendor :STMicroelectronics X-CUBE-NFC10 1.0.0
2026-03-16 19:30:46,924 [INFO] ThirdParty:1030 - CMSIS Pack Vendor :STMicroelectronics X-CUBE-FREERTOS 1.3.1
2026-03-16 19:30:46,924 [INFO] ThirdParty:1030 - CMSIS Pack Vendor :STMicroelectronics HAL Drivers 0.0.0
2026-03-16 19:30:46,924 [INFO] ThirdParty:1030 - CMSIS Pack Vendor :STMicroelectronics X-CUBE-FREERTOS 1.5.0
2026-03-16 19:30:46,924 [INFO] ThirdParty:1030 - CMSIS Pack Vendor :STMicroelectronics MBEDTLS 2.16.2
2026-03-16 19:30:46,924 [INFO] ThirdParty:1030 - CMSIS Pack Vendor :STMicroelectronics X-CUBE-ST60 1.1.0
2026-03-16 19:30:46,924 [INFO] ThirdParty:1030 - CMSIS Pack Vendor :STMicroelectronics X-CUBE-ALS 1.0.2
2026-03-16 19:30:46,924 [INFO] ThirdParty:1030 - CMSIS Pack Vendor :emotas I-CUBE-CANOPEN 1.3.0
2026-03-16 19:30:46,924 [INFO] ThirdParty:1030 - CMSIS Pack Vendor :STMicroelectronics MBEDTLS 2.14.1
2026-03-16 19:30:46,924 [INFO] ThirdParty:1030 - CMSIS Pack Vendor :STMicroelectronics X-CUBE-GNSS1 7.1.0
2026-03-16 19:30:46,924 [INFO] ThirdParty:1030 - CMSIS Pack Vendor :ITTIA_DB I-CUBE-ITTIADB 8.9.0
2026-03-16 19:30:46,924 [INFO] ThirdParty:1030 - CMSIS Pack Vendor :STMicroelectronics X-CUBE-TOUCHGFX 4.26.0
2026-03-16 19:30:46,924 [INFO] ThirdParty:1030 - CMSIS Pack Vendor :STMicroelectronics X-CUBE-STSE01 1.0.0
2026-03-16 19:30:46,924 [INFO] ThirdParty:1030 - CMSIS Pack Vendor :STMicroelectronics X-CUBE-TOUCHGFX 4.26.1
2026-03-16 19:30:46,924 [INFO] ThirdParty:1030 - CMSIS Pack Vendor :STMicroelectronics X-CUBE-NFC6 3.2.0
2026-03-16 19:30:46,924 [INFO] ThirdParty:1030 - CMSIS Pack Vendor :STMicroelectronics ThreadX 1.0.0
2026-03-16 19:30:46,924 [INFO] ThirdParty:1030 - CMSIS Pack Vendor :STMicroelectronics FP-SNS-SMARTAG2 1.2.0
2026-03-16 19:30:46,924 [INFO] ThirdParty:1030 - CMSIS Pack Vendor :STMicroelectronics FP-SNS-FLIGHT1 5.1.0
2026-03-16 19:30:46,924 [INFO] ThirdParty:1030 - CMSIS Pack Vendor :STMicroelectronics X-CUBE-AZRTOS-WL 2.0.0
2026-03-16 19:30:46,924 [INFO] ThirdParty:1030 - CMSIS Pack Vendor :SEGGER I-CUBE-embOS 1.3.1
2026-03-16 19:30:46,924 [INFO] ThirdParty:1030 - CMSIS Pack Vendor :STMicroelectronics X-CUBE-ALGOBUILD 1.4.0
2026-03-16 19:30:46,925 [INFO] ThirdParty:1030 - CMSIS Pack Vendor :STMicroelectronics X-CUBE-DPower 1.3.0
2026-03-16 19:30:46,925 [INFO] ThirdParty:1030 - CMSIS Pack Vendor :STMicroelectronics X-CUBE-MEMS1 11.3.0
2026-03-16 19:30:46,925 [INFO] ThirdParty:1030 - CMSIS Pack Vendor :STMicroelectronics FP-SNS-MOTENV1 5.0.0
2026-03-16 19:30:46,925 [INFO] ThirdParty:1030 - CMSIS Pack Vendor :STMicroelectronics USB_DEVICE 1.0.0
2026-03-16 19:30:46,925 [INFO] ThirdParty:1030 - CMSIS Pack Vendor :STMicroelectronics X-CUBE-AZRTOS-H7RS 1.2.0
2026-03-16 19:30:46,925 [INFO] ThirdParty:1030 - CMSIS Pack Vendor :STMicroelectronics X-CUBE-AZRTOS-L4 2.0.0
2026-03-16 19:30:46,925 [INFO] ThirdParty:1030 - CMSIS Pack Vendor :STMicroelectronics ThreadX 0.0.2
2026-03-16 19:30:46,925 [INFO] ThirdParty:1030 - CMSIS Pack Vendor :STMicroelectronics lwIP 2.1.2
2026-03-16 19:30:46,925 [INFO] ThirdParty:1030 - CMSIS Pack Vendor :STMicroelectronics X-CUBE-SFXS2LP1 4.0.0
2026-03-16 19:30:46,925 [INFO] ThirdParty:1030 - CMSIS Pack Vendor :STMicroelectronics X-CUBE-BLE2 3.3.0
2026-03-16 19:30:46,925 [INFO] ThirdParty:1030 - CMSIS Pack Vendor :Avnet-IOTCONNECT X-CUBE-iotc-st67-sdk 1.0.0
2026-03-16 19:30:46,925 [INFO] ThirdParty:1030 - CMSIS Pack Vendor :STMicroelectronics X-CUBE-TOF1 3.4.3
2026-03-16 19:30:46,925 [INFO] ThirdParty:1030 - CMSIS Pack Vendor :STMicroelectronics PDM2PCM 3.2.0
2026-03-16 19:30:46,925 [INFO] ThirdParty:1030 - CMSIS Pack Vendor :STMicroelectronics X-CUBE-ST67W61 1.2.0
2026-03-16 19:30:46,925 [INFO] ThirdParty:841 - exiting critical section [change project]
2026-03-16 19:30:47,218 [INFO] PinOutPanel:1589 - setPackage(No Configuration,No Configuration)
2026-03-16 19:30:47,219 [INFO] PinOutPanel:1589 - setPackage(STM32F446RETx,LQFP64)
2026-03-16 19:30:47,515 [INFO] UtilMem:75 - Before build in PCC Used Memory: 250364600 Bytes (584056832)
2026-03-16 19:30:47,914 [INFO] UtilMem:75 - After build in PCC Used Memory: 388250296 Bytes (584056832)
2026-03-16 19:30:47,936 [INFO] IPUIPlugin:80 - create IPUIPlugin
2026-03-16 19:30:47,936 [INFO] IPUIPlugin:80 - create IPUIPlugin
2026-03-16 19:30:47,936 [INFO] IPUIPlugin:80 - create IPUIPlugin
2026-03-16 19:30:47,936 [INFO] IPUIPlugin:80 - create IPUIPlugin
2026-03-16 19:30:47,936 [INFO] IPUIPlugin:80 - create IPUIPlugin
2026-03-16 19:30:47,936 [INFO] IPUIPlugin:80 - create IPUIPlugin
2026-03-16 19:30:47,936 [INFO] IPUIPlugin:80 - create IPUIPlugin
2026-03-16 19:30:47,936 [INFO] IPUIPlugin:80 - create IPUIPlugin
2026-03-16 19:30:47,936 [INFO] IPUIPlugin:80 - create IPUIPlugin
2026-03-16 19:30:47,936 [INFO] IPUIPlugin:80 - create IPUIPlugin
2026-03-16 19:30:47,936 [INFO] IPUIPlugin:80 - create IPUIPlugin
2026-03-16 19:30:47,937 [INFO] IPUIPlugin:80 - create IPUIPlugin
2026-03-16 19:30:47,937 [INFO] IPUIPlugin:80 - create IPUIPlugin
2026-03-16 19:30:47,937 [INFO] IPUIPlugin:80 - create IPUIPlugin
2026-03-16 19:30:47,937 [INFO] IPUIPlugin:80 - create IPUIPlugin
2026-03-16 19:30:47,937 [INFO] IPUIPlugin:80 - create IPUIPlugin
2026-03-16 19:30:47,937 [INFO] IPUIPlugin:80 - create IPUIPlugin
2026-03-16 19:30:47,937 [INFO] IPUIPlugin:80 - create IPUIPlugin
2026-03-16 19:30:47,937 [INFO] IPUIPlugin:80 - create IPUIPlugin
2026-03-16 19:30:47,937 [INFO] IPUIPlugin:80 - create IPUIPlugin
2026-03-16 19:30:47,937 [INFO] IPUIPlugin:80 - create IPUIPlugin
2026-03-16 19:30:47,937 [INFO] IPUIPlugin:80 - create IPUIPlugin
2026-03-16 19:30:47,938 [INFO] IPUIPlugin:80 - create IPUIPlugin
2026-03-16 19:30:47,938 [INFO] IPUIPlugin:80 - create IPUIPlugin
2026-03-16 19:30:47,938 [INFO] IPUIPlugin:80 - create IPUIPlugin
2026-03-16 19:30:47,938 [INFO] IPUIPlugin:80 - create IPUIPlugin
2026-03-16 19:30:47,938 [INFO] IPUIPlugin:80 - create IPUIPlugin
2026-03-16 19:30:47,938 [INFO] IPUIPlugin:80 - create IPUIPlugin
2026-03-16 19:30:47,938 [INFO] IPUIPlugin:80 - create IPUIPlugin
2026-03-16 19:30:47,938 [INFO] IPUIPlugin:80 - create IPUIPlugin
2026-03-16 19:30:47,939 [INFO] IPUIPlugin:80 - create IPUIPlugin
2026-03-16 19:30:47,939 [INFO] IPUIPlugin:80 - create IPUIPlugin
2026-03-16 19:30:47,939 [INFO] IPUIPlugin:80 - create IPUIPlugin
2026-03-16 19:30:47,939 [INFO] IPUIPlugin:80 - create IPUIPlugin
2026-03-16 19:30:47,939 [INFO] IPUIPlugin:80 - create IPUIPlugin
2026-03-16 19:30:47,939 [INFO] IPUIPlugin:80 - create IPUIPlugin
2026-03-16 19:30:47,939 [INFO] IPUIPlugin:80 - create IPUIPlugin
2026-03-16 19:30:47,939 [INFO] IPUIPlugin:80 - create IPUIPlugin
2026-03-16 19:30:47,939 [INFO] IPUIPlugin:80 - create IPUIPlugin
2026-03-16 19:30:47,940 [INFO] IPUIPlugin:80 - create IPUIPlugin
2026-03-16 19:30:47,940 [INFO] IPUIPlugin:80 - create IPUIPlugin
2026-03-16 19:30:47,940 [INFO] IPUIPlugin:80 - create IPUIPlugin
2026-03-16 19:30:47,940 [INFO] IPUIPlugin:80 - create IPUIPlugin
2026-03-16 19:30:47,940 [INFO] IPUIPlugin:80 - create IPUIPlugin
2026-03-16 19:30:47,940 [INFO] IPUIPlugin:80 - create IPUIPlugin
2026-03-16 19:30:47,940 [INFO] IPUIPlugin:80 - create IPUIPlugin
2026-03-16 19:30:47,941 [INFO] IPUIPlugin:80 - create IPUIPlugin
2026-03-16 19:30:47,941 [INFO] IPUIPlugin:80 - create IPUIPlugin
2026-03-16 19:30:47,941 [INFO] IPUIPlugin:80 - create IPUIPlugin
2026-03-16 19:30:47,941 [INFO] IPUIPlugin:80 - create IPUIPlugin
2026-03-16 19:30:47,941 [INFO] IPUIPlugin:80 - create IPUIPlugin
2026-03-16 19:30:47,941 [INFO] IPUIPlugin:80 - create IPUIPlugin
2026-03-16 19:30:47,942 [INFO] IPUIPlugin:80 - create IPUIPlugin
2026-03-16 19:30:47,942 [INFO] IPUIPlugin:80 - create IPUIPlugin
2026-03-16 19:30:47,942 [INFO] IPUIPlugin:80 - create IPUIPlugin
2026-03-16 19:30:47,942 [INFO] IPUIPlugin:80 - create IPUIPlugin
2026-03-16 19:30:47,942 [INFO] IPUIPlugin:80 - create IPUIPlugin
2026-03-16 19:30:47,942 [INFO] IPUIPlugin:80 - create IPUIPlugin
2026-03-16 19:30:47,943 [INFO] IPUIPlugin:80 - create IPUIPlugin
2026-03-16 19:30:47,943 [INFO] IPUIPlugin:80 - create IPUIPlugin
2026-03-16 19:30:47,962 [INFO] ApiDbMcu:532 - Load IP Config File for PDM2PCM
2026-03-16 19:30:47,967 [INFO] Can:71 - Can Add PropertyChangeListener com.st.microxplorer.plugins.ip.can.Can@337e91f6
2026-03-16 19:30:47,968 [WARN] IP:2250 - I2C_Coeff_DF not found: check if there is a RefParameter without a condition.
2026-03-16 19:30:47,968 [WARN] IP:2250 - Analog_Filter not found: check if there is a RefParameter without a condition.
2026-03-16 19:30:48,062 [INFO] CADModel:165 - CPN selected for project levelSTM32F446RET6
2026-03-16 19:30:48,062 [INFO] CADModel:114 - Register for checkConnection events
2026-03-16 19:30:48,100 [INFO] OpenFileManager:386 - Restore cursor
2026-03-16 19:30:48,277 [WARN] IP:2250 - I2C_Coeff_DF not found: check if there is a RefParameter without a condition.
2026-03-16 19:30:48,278 [WARN] IP:2250 - Analog_Filter not found: check if there is a RefParameter without a condition.
2026-03-16 19:30:48,278 [WARN] IP:2250 - I2C_Coeff_DF not found: check if there is a RefParameter without a condition.
2026-03-16 19:30:48,278 [WARN] IP:2250 - Analog_Filter not found: check if there is a RefParameter without a condition.
2026-03-16 21:22:44,071 [INFO] WebApp:194 - Connection lost
2026-03-16 21:22:52,025 [INFO] WebApp:191 - Connection restablished
2026-03-16 22:02:17,156 [ERROR] LogOutputStream:75 - [STDERR_REDIRECT] 
