2026-03-13 11:51:26,707 [INFO] Activator:176 - 


2026-03-13 11:51:26,709 [INFO] Activator:177 - !SESSION log4j initialized
2026-03-13 11:51:29,806 [INFO] LogOutputStream:77 - [STDOUT_REDIRECT] 
2026-03-13 11:51:30,402 [INFO] ApplicationProperties:184 - Using Application install path: /opt/st/stm32cubeide_1.19.0/plugins/com.st.stm32cube.common.mx_6.15.0.202507011659
2026-03-13 11:51:30,413 [INFO] DbMcusXml:78 - Set database path to: /opt/st/stm32cubeide_1.19.0/plugins/com.st.stm32cube.common.mx_6.15.0.202507011659//db//mcu/
2026-03-13 11:51:30,413 [INFO] ApiDb:274 - Set plugin database path to: /opt/st/stm32cubeide_1.19.0/plugins/com.st.stm32cube.common.mx_6.15.0.202507011659//db//plugins/boardmanager/
2026-03-13 11:51:30,413 [WARN] ApiDb:259 - Overriding images path with different value:  => /opt/st/stm32cubeide_1.19.0/plugins/com.st.stm32cube.common.mx_6.15.0.202507011659//db//plugins/mcufinder/images/
2026-03-13 11:51:30,417 [INFO] ApiDb:250 - Set database path to: /home/kamil/.stmcufinder/plugins/mcufinder//mcu/
2026-03-13 11:51:30,418 [INFO] DbMcusAds:125 - Set database path to: /home/kamil/.stmcufinder/plugins/mcufinder//mcu/
2026-03-13 11:51:30,420 [INFO] CrossReferenceDbSqlite:203 - Set database path to: /home/kamil/.stmcufinder/plugins/mcufinder//mcu/cs/
2026-03-13 11:51:30,485 [INFO] RulesReader:64 - Compatibility file has been processed (317 Rules)
2026-03-13 11:51:30,521 [INFO] DbMcusXml:78 - Set database path to: /opt/st/stm32cubeide_1.19.0/plugins/com.st.stm32cube.common.mx_6.15.0.202507011659//db//mcu/
2026-03-13 11:51:30,521 [INFO] ApiDb:274 - Set plugin database path to: /opt/st/stm32cubeide_1.19.0/plugins/com.st.stm32cube.common.mx_6.15.0.202507011659//db//plugins/boardmanager/
2026-03-13 11:51:30,521 [INFO] ApiDb:261 - Set plugin images path to: /opt/st/stm32cubeide_1.19.0/plugins/com.st.stm32cube.common.mx_6.15.0.202507011659//db//plugins/mcufinder/images/
2026-03-13 11:51:30,521 [WARN] DbFile:41 - Overriding database path with different value: /home/kamil/.stmcufinder/plugins/mcufinder/ => /home/kamil/.stmcufinder/plugins/mcufinder
2026-03-13 11:51:30,521 [INFO] ApiDb:250 - Set database path to: /home/kamil/.stmcufinder/plugins/mcufinder//mcu/
2026-03-13 11:51:30,521 [WARN] DbFile:41 - Overriding database path with different value: /home/kamil/.stmcufinder/plugins/mcufinder/ => /home/kamil/.stmcufinder/plugins/mcufinder
2026-03-13 11:51:30,521 [INFO] DbMcusAds:125 - Set database path to: /home/kamil/.stmcufinder/plugins/mcufinder//mcu/
2026-03-13 11:51:30,521 [WARN] DbFile:41 - Overriding database path with different value: /home/kamil/.stmcufinder/plugins/mcufinder/ => /home/kamil/.stmcufinder/plugins/mcufinder
2026-03-13 11:51:30,521 [WARN] DbFile:41 - Overriding database path with different value: /home/kamil/.stmcufinder/plugins/mcufinder/ => /home/kamil/.stmcufinder/plugins/mcufinder
2026-03-13 11:51:30,521 [INFO] CrossReferenceDbSqlite:203 - Set database path to: /home/kamil/.stmcufinder/plugins/mcufinder//mcu/cs/
2026-03-13 11:51:30,561 [INFO] MainPanel:274 - HeapMemory: 268435456
2026-03-13 11:51:30,646 [INFO] DbMcusXml:78 - Set database path to: /opt/st/stm32cubeide_1.19.0/plugins/com.st.stm32cube.common.mx_6.15.0.202507011659//db//mcu/
2026-03-13 11:51:30,646 [INFO] ApiDb:274 - Set plugin database path to: /opt/st/stm32cubeide_1.19.0/plugins/com.st.stm32cube.common.mx_6.15.0.202507011659//db//plugins/boardmanager/
2026-03-13 11:51:30,646 [INFO] ApiDb:261 - Set plugin images path to: /opt/st/stm32cubeide_1.19.0/plugins/com.st.stm32cube.common.mx_6.15.0.202507011659//db//plugins/mcufinder/images/
2026-03-13 11:51:30,647 [WARN] DbFile:41 - Overriding database path with different value: /home/kamil/.stmcufinder/plugins/mcufinder/ => /home/kamil/.stmcufinder/plugins/mcufinder
2026-03-13 11:51:30,647 [INFO] ApiDb:250 - Set database path to: /home/kamil/.stmcufinder/plugins/mcufinder//mcu/
2026-03-13 11:51:30,647 [WARN] DbFile:41 - Overriding database path with different value: /home/kamil/.stmcufinder/plugins/mcufinder/ => /home/kamil/.stmcufinder/plugins/mcufinder
2026-03-13 11:51:30,647 [INFO] DbMcusAds:125 - Set database path to: /home/kamil/.stmcufinder/plugins/mcufinder//mcu/
2026-03-13 11:51:30,647 [WARN] DbFile:41 - Overriding database path with different value: /home/kamil/.stmcufinder/plugins/mcufinder/ => /home/kamil/.stmcufinder/plugins/mcufinder
2026-03-13 11:51:30,647 [WARN] DbFile:41 - Overriding database path with different value: /home/kamil/.stmcufinder/plugins/mcufinder/ => /home/kamil/.stmcufinder/plugins/mcufinder
2026-03-13 11:51:30,647 [INFO] CrossReferenceDbSqlite:203 - Set database path to: /home/kamil/.stmcufinder/plugins/mcufinder//mcu/cs/
2026-03-13 11:51:30,657 [INFO] ApplicationProperties:184 - Using Application install path: /opt/st/stm32cubeide_1.19.0/plugins/com.st.stm32cube.common.mx_6.15.0.202507011659
2026-03-13 11:51:30,658 [INFO] PluginManage:196 - Search for loadable plugins [exclusion list=, ]
2026-03-13 11:51:30,659 [INFO] PluginManage:310 - Check plugin analytics
2026-03-13 11:51:30,739 [INFO] AnalyticsPlugin:253 - Accepted Software Licenses: 
2026-03-13 11:51:30,739 [INFO] AnalyticsPlugin:255 - Accepted CMSIS Pack Licenses: 
2026-03-13 11:51:30,739 [INFO] AnalyticsPlugin:257 - Accepted Firmware Licenses: FW.F4.1.28.0
2026-03-13 11:51:30,741 [INFO] PluginManage:359 - Loaded plugin analytics (category:tool,tabindex:-1)
2026-03-13 11:51:30,741 [INFO] PluginManage:310 - Check plugin cadmodel
2026-03-13 11:51:30,744 [INFO] CADModel:105 - Init CAD model plugin
2026-03-13 11:51:30,744 [INFO] PluginManage:359 - Loaded plugin cadmodel (category:power,tabindex:5)
2026-03-13 11:51:30,744 [INFO] PluginManage:310 - Check plugin clock
2026-03-13 11:51:30,749 [INFO] PluginManage:359 - Loaded plugin clock (category:base,tabindex:2)
2026-03-13 11:51:30,749 [INFO] PluginManage:310 - Check plugin ddr
2026-03-13 11:51:30,750 [INFO] PluginManage:359 - Loaded plugin ddr (category:tool,tabindex:6)
2026-03-13 11:51:30,750 [INFO] PluginManage:310 - Check plugin filemanager
2026-03-13 11:51:30,828 [INFO] PluginManage:359 - Loaded plugin filemanager (category:base,tabindex:10)
2026-03-13 11:51:30,828 [INFO] PluginManage:310 - Check plugin ipmanager
2026-03-13 11:51:30,832 [INFO] PluginManage:359 - Loaded plugin ipmanager (category:base,tabindex:5)
2026-03-13 11:51:30,832 [INFO] PluginManage:310 - Check plugin lpbam
2026-03-13 11:51:30,838 [INFO] PluginManage:359 - Loaded plugin lpbam (category:base,tabindex:0)
2026-03-13 11:51:30,838 [INFO] PluginManage:310 - Check plugin memorymap
2026-03-13 11:51:30,844 [INFO] PluginManage:359 - Loaded plugin memorymap (category:base,tabindex:4)
2026-03-13 11:51:30,845 [INFO] PluginManage:310 - Check plugin pinoutandconfiguration
2026-03-13 11:51:30,849 [INFO] PluginManage:359 - Loaded plugin pinoutandconfiguration (category:base,tabindex:1)
2026-03-13 11:51:30,850 [INFO] PluginManage:310 - Check plugin pinoutconfig
2026-03-13 11:51:30,897 [WARN] SupportedApi:132 - Cannot load RTOS API schema: s4s-elt-must-match.1: The content of 'definitions' must match (annotation?, (simpleType | complexType)?, (unique | key | keyref)*)). A problem was found starting at: attribute.
2026-03-13 11:51:30,989 [INFO] PluginManage:359 - Loaded plugin pinoutconfig (category:base,tabindex:0)
2026-03-13 11:51:30,990 [INFO] PluginManage:310 - Check plugin power
2026-03-13 11:51:30,996 [INFO] PluginManage:359 - Loaded plugin power (category:power,tabindex:4)
2026-03-13 11:51:30,997 [INFO] PluginManage:310 - Check plugin projectmanager
2026-03-13 11:51:31,005 [INFO] PluginManage:359 - Loaded plugin projectmanager (category:projectmanager,tabindex:4)
2026-03-13 11:51:31,005 [INFO] PluginManage:310 - Check plugin rif
2026-03-13 11:51:31,010 [INFO] PluginManage:359 - Loaded plugin rif (category:base,tabindex:3)
2026-03-13 11:51:31,010 [INFO] PluginManage:310 - Check plugin thirdparty
2026-03-13 11:51:31,095 [INFO] PluginManage:359 - Loaded plugin thirdparty (category:base,tabindex:-1)
2026-03-13 11:51:31,095 [INFO] PluginManage:310 - Check plugin tools
2026-03-13 11:51:31,095 [WARN] IntegrityCheckThread:84 - waiting for thirdparty lock release [integrity check]
2026-03-13 11:51:31,095 [INFO] IntegrityCheckThread:86 - entering critical section [integrity check]
2026-03-13 11:51:31,096 [INFO] ThirdPartyUpdaterWithRetryManager:70 - Updater plugin not ready yet. [1/15]
2026-03-13 11:51:31,097 [INFO] PluginManage:359 - Loaded plugin tools (category:base,tabindex:7)
2026-03-13 11:51:31,097 [INFO] PluginManage:310 - Check plugin tutovideos
2026-03-13 11:51:31,214 [INFO] PluginManage:359 - Loaded plugin tutovideos (category:base,tabindex:-1)
2026-03-13 11:51:31,214 [INFO] PluginManage:310 - Check plugin updater
2026-03-13 11:51:31,233 [INFO] PluginManage:359 - Loaded plugin updater (category:base,tabindex:12)
2026-03-13 11:51:31,234 [INFO] PluginManage:310 - Check plugin userauth
2026-03-13 11:51:31,237 [INFO] UserAuth:118 - Init User Auth plugin
2026-03-13 11:51:31,238 [INFO] PluginManage:359 - Loaded plugin userauth (category:base,tabindex:14)
2026-03-13 11:51:31,238 [INFO] PluginManage:283 - PluginManage : Loaded plugins [18]
2026-03-13 11:51:31,341 [INFO] PinOutPanel:1589 - setPackage(No Configuration,No Configuration)
2026-03-13 11:51:31,384 [INFO] CADModel:165 - CPN selected for project level
2026-03-13 11:51:31,384 [INFO] CADModel:114 - Register for checkConnection events
2026-03-13 11:51:31,390 [INFO] IPUIPlugin:80 - create IPUIPlugin
2026-03-13 11:51:31,391 [INFO] PluginManager:220 - loadIPPluginJar : add tracer_emb
2026-03-13 11:51:31,392 [INFO] IPUIPlugin:80 - create IPUIPlugin
2026-03-13 11:51:31,392 [INFO] PluginManager:220 - loadIPPluginJar : add radio
2026-03-13 11:51:31,395 [INFO] IPUIPlugin:80 - create IPUIPlugin
2026-03-13 11:51:31,396 [INFO] PluginManager:220 - loadIPPluginJar : add ddr_ctrl_phy
2026-03-13 11:51:31,402 [INFO] IPUIPlugin:80 - create IPUIPlugin
2026-03-13 11:51:31,402 [INFO] PluginManager:220 - loadIPPluginJar : add mdma
2026-03-13 11:51:31,404 [INFO] IPUIPlugin:80 - create IPUIPlugin
2026-03-13 11:51:31,404 [INFO] PluginManager:220 - loadIPPluginJar : add touchsensing
2026-03-13 11:51:31,405 [INFO] IPUIPlugin:80 - create IPUIPlugin
2026-03-13 11:51:31,405 [INFO] PluginManager:220 - loadIPPluginJar : add ucpd
2026-03-13 11:51:31,409 [INFO] IPUIPlugin:80 - create IPUIPlugin
2026-03-13 11:51:31,411 [INFO] PluginManager:220 - loadIPPluginJar : add plateformsettings
2026-03-13 11:51:31,413 [INFO] IPUIPlugin:80 - create IPUIPlugin
2026-03-13 11:51:31,413 [INFO] PluginManager:220 - loadIPPluginJar : add ipddr
2026-03-13 11:51:31,417 [INFO] IPUIPlugin:80 - create IPUIPlugin
2026-03-13 11:51:31,417 [INFO] PluginManager:220 - loadIPPluginJar : add resmgrutility
2026-03-13 11:51:31,418 [INFO] IPUIPlugin:80 - create IPUIPlugin
2026-03-13 11:51:31,418 [INFO] PluginManager:220 - loadIPPluginJar : add ts
2026-03-13 11:51:31,419 [INFO] IPUIPlugin:80 - create IPUIPlugin
2026-03-13 11:51:31,419 [INFO] PluginManager:220 - loadIPPluginJar : add dma3
2026-03-13 11:51:31,420 [INFO] IPUIPlugin:80 - create IPUIPlugin
2026-03-13 11:51:31,420 [INFO] PluginManager:220 - loadIPPluginJar : add openamp
2026-03-13 11:51:31,422 [INFO] IPUIPlugin:80 - create IPUIPlugin
2026-03-13 11:51:31,422 [INFO] PluginManager:220 - loadIPPluginJar : add opamp
2026-03-13 11:51:31,423 [INFO] IPUIPlugin:80 - create IPUIPlugin
2026-03-13 11:51:31,423 [INFO] PluginManager:220 - loadIPPluginJar : add pdm2pcm
2026-03-13 11:51:31,424 [INFO] IPUIPlugin:80 - create IPUIPlugin
2026-03-13 11:51:31,424 [INFO] PluginManager:220 - loadIPPluginJar : add gfxmmu
2026-03-13 11:51:31,425 [INFO] IPUIPlugin:80 - create IPUIPlugin
2026-03-13 11:51:31,425 [INFO] PluginManager:220 - loadIPPluginJar : add aes
2026-03-13 11:51:31,427 [INFO] IPUIPlugin:80 - create IPUIPlugin
2026-03-13 11:51:31,427 [INFO] PluginManager:220 - loadIPPluginJar : add gtzc
2026-03-13 11:51:31,429 [INFO] IPUIPlugin:80 - create IPUIPlugin
2026-03-13 11:51:31,429 [INFO] PluginManager:220 - loadIPPluginJar : add sai
2026-03-13 11:51:31,430 [INFO] IPUIPlugin:80 - create IPUIPlugin
2026-03-13 11:51:31,430 [INFO] PluginManager:220 - loadIPPluginJar : add tsc
2026-03-13 11:51:31,432 [INFO] IPUIPlugin:80 - create IPUIPlugin
2026-03-13 11:51:31,432 [INFO] PluginManager:220 - loadIPPluginJar : add usbx
2026-03-13 11:51:31,434 [INFO] IPUIPlugin:80 - create IPUIPlugin
2026-03-13 11:51:31,434 [INFO] PluginManager:220 - loadIPPluginJar : add can
2026-03-13 11:51:31,435 [INFO] IPUIPlugin:80 - create IPUIPlugin
2026-03-13 11:51:31,435 [INFO] PluginManager:220 - loadIPPluginJar : add i2c
2026-03-13 11:51:31,437 [INFO] IPUIPlugin:80 - create IPUIPlugin
2026-03-13 11:51:31,437 [INFO] PluginManager:220 - loadIPPluginJar : add lorawan
2026-03-13 11:51:31,438 [INFO] IPUIPlugin:80 - create IPUIPlugin
2026-03-13 11:51:31,438 [INFO] PluginManager:220 - loadIPPluginJar : add spi
2026-03-13 11:51:31,442 [INFO] IPUIPlugin:80 - create IPUIPlugin
2026-03-13 11:51:31,442 [INFO] PluginManager:220 - loadIPPluginJar : add linkedlist
2026-03-13 11:51:31,446 [INFO] IPUIPlugin:80 - create IPUIPlugin
2026-03-13 11:51:31,446 [INFO] PluginManager:220 - loadIPPluginJar : add fmc
2026-03-13 11:51:31,447 [INFO] IPUIPlugin:80 - create IPUIPlugin
2026-03-13 11:51:31,447 [INFO] PluginManager:220 - loadIPPluginJar : add i3c
2026-03-13 11:51:31,448 [INFO] IPUIPlugin:80 - create IPUIPlugin
2026-03-13 11:51:31,448 [INFO] PluginManager:220 - loadIPPluginJar : add ltdc
2026-03-13 11:51:31,452 [INFO] IPUIPlugin:80 - create IPUIPlugin
2026-03-13 11:51:31,453 [INFO] PluginManager:220 - loadIPPluginJar : add dma
2026-03-13 11:51:31,457 [INFO] IPUIPlugin:80 - create IPUIPlugin
2026-03-13 11:51:31,457 [INFO] PluginManager:220 - loadIPPluginJar : add freertos
2026-03-13 11:51:31,459 [INFO] IPUIPlugin:80 - create IPUIPlugin
2026-03-13 11:51:31,459 [INFO] PluginManager:220 - loadIPPluginJar : add hash
2026-03-13 11:51:31,463 [INFO] IPUIPlugin:80 - create IPUIPlugin
2026-03-13 11:51:31,463 [INFO] PluginManager:220 - loadIPPluginJar : add adc
2026-03-13 11:51:31,465 [INFO] IPUIPlugin:80 - create IPUIPlugin
2026-03-13 11:51:31,465 [INFO] PluginManager:220 - loadIPPluginJar : add usart
2026-03-13 11:51:31,470 [INFO] IPUIPlugin:80 - create IPUIPlugin
2026-03-13 11:51:31,470 [INFO] PluginManager:220 - loadIPPluginJar : add stm32_wpan
2026-03-13 11:51:31,471 [INFO] IPUIPlugin:80 - create IPUIPlugin
2026-03-13 11:51:31,471 [INFO] PluginManager:220 - loadIPPluginJar : add genericplugin
2026-03-13 11:51:31,475 [INFO] IPUIPlugin:80 - create IPUIPlugin
2026-03-13 11:51:31,475 [INFO] PluginManager:220 - loadIPPluginJar : add gpio
2026-03-13 11:51:31,478 [INFO] IPUIPlugin:80 - create IPUIPlugin
2026-03-13 11:51:31,479 [INFO] PluginManager:220 - loadIPPluginJar : add nvic
2026-03-13 11:51:31,481 [INFO] IPUIPlugin:80 - create IPUIPlugin
2026-03-13 11:51:31,481 [INFO] PluginManager:220 - loadIPPluginJar : add dfsdm
2026-03-13 11:51:31,482 [INFO] IPUIPlugin:80 - create IPUIPlugin
2026-03-13 11:51:31,482 [INFO] PluginManager:220 - loadIPPluginJar : add fatfs
2026-03-13 11:51:31,483 [INFO] IPUIPlugin:80 - create IPUIPlugin
2026-03-13 11:51:31,483 [INFO] PluginManager:220 - loadIPPluginJar : add comp
2026-03-13 11:51:31,484 [INFO] IPUIPlugin:80 - create IPUIPlugin
2026-03-13 11:51:31,484 [INFO] PluginManager:220 - loadIPPluginJar : add i2s
2026-03-13 11:51:31,486 [INFO] IPUIPlugin:80 - create IPUIPlugin
2026-03-13 11:51:31,486 [INFO] PluginManager:220 - loadIPPluginJar : add cryp
2026-03-13 11:51:31,487 [INFO] IPUIPlugin:80 - create IPUIPlugin
2026-03-13 11:51:31,487 [INFO] PluginManager:220 - loadIPPluginJar : add quadspi
2026-03-13 11:51:31,490 [INFO] IPUIPlugin:80 - create IPUIPlugin
2026-03-13 11:51:31,490 [INFO] PluginManager:220 - loadIPPluginJar : add gic
2026-03-13 11:51:31,492 [INFO] IPUIPlugin:80 - create IPUIPlugin
2026-03-13 11:51:31,492 [INFO] PluginManager:220 - loadIPPluginJar : add tim
2026-03-13 11:51:31,493 [INFO] IPUIPlugin:80 - create IPUIPlugin
2026-03-13 11:51:31,493 [INFO] PluginManager:220 - loadIPPluginJar : add extmemmanager
2026-03-13 11:51:31,584 [FATAL] Updater:351 - Updater called before beeing initialized
2026-03-13 11:51:31,608 [INFO] RulesReader:64 - Compatibility file has been processed (317 Rules)
2026-03-13 11:51:31,614 [INFO] RulesReader:64 - Compatibility file has been processed (317 Rules)
2026-03-13 11:51:31,619 [INFO] CADModel:165 - CPN selected for project level
2026-03-13 11:51:31,619 [INFO] CADModel:114 - Register for checkConnection events
2026-03-13 11:51:31,619 [FATAL] Updater:351 - Updater called before beeing initialized
2026-03-13 11:51:31,619 [ERROR] CADModel:125 - Updater not yet initialized, retry later 
2026-03-13 11:51:31,713 [FATAL] Updater:351 - Updater called before beeing initialized
2026-03-13 11:51:31,715 [INFO] CADModel:165 - CPN selected for project level
2026-03-13 11:51:31,715 [INFO] CADModel:114 - Register for checkConnection events
2026-03-13 11:51:31,715 [FATAL] Updater:351 - Updater called before beeing initialized
2026-03-13 11:51:31,715 [ERROR] CADModel:125 - Updater not yet initialized, retry later 
2026-03-13 11:51:31,717 [FATAL] Updater:351 - Updater called before beeing initialized
2026-03-13 11:51:31,801 [FATAL] Updater:351 - Updater called before beeing initialized
2026-03-13 11:51:31,804 [INFO] DbMcusAds:53 - JSON generation date=Wed Feb 18 15:32:49 CET 2026 (1771425169371)
2026-03-13 11:51:31,805 [FATAL] Updater:351 - Updater called before beeing initialized
2026-03-13 11:51:31,831 [WARN] DetailPanel:346 - Failed to get advertising image, set to default
2026-03-13 11:51:31,882 [FATAL] Updater:351 - Updater called before beeing initialized
2026-03-13 11:51:31,883 [FATAL] Updater:351 - Updater called before beeing initialized
2026-03-13 11:51:31,883 [FATAL] Updater:351 - Updater called before beeing initialized
2026-03-13 11:51:31,883 [WARN] DetailPanel:346 - Failed to get advertising image, set to default
2026-03-13 11:51:31,884 [FATAL] Updater:351 - Updater called before beeing initialized
2026-03-13 11:51:31,903 [ERROR] Updater:1198 - MainUpdater not yet initialized. External WinMGr cannot be set.
2026-03-13 11:51:31,904 [INFO] Updater:1134 - Updater Version found : 6.15.0
2026-03-13 11:51:31,914 [INFO] ApplicationProperties:184 - Using Application install path: /opt/st/stm32cubeide_1.19.0/plugins/com.st.stm32cube.common.mx_6.15.0.202507011659
2026-03-13 11:51:32,202 [INFO] MainUpdater:2872 - connection check result : 10
2026-03-13 11:51:32,203 [INFO] MainUpdater:289 - Updater Check For Update Now.
2026-03-13 11:51:32,203 [INFO] MicroXplorer:498 - Change Database Version : DB.6.0.150
2026-03-13 11:51:32,207 [INFO] McuFinderGlobals:63 - Set McuFinder mode to 2 (CubeIDE integrated)
2026-03-13 11:51:32,207 [INFO] UserAuth:487 - Internet connection configuration mode: 1
2026-03-13 11:51:32,220 [INFO] JxBrowserEngine:152 - Initiate JxBrowser Engine with user profile folder
2026-03-13 11:51:32,359 [INFO] CheckServerUpdateThread:120 - End of CheckServer Thread
2026-03-13 11:51:32,769 [INFO] WebApp:169 - Instantiating new browser for Auth
2026-03-13 11:51:33,201 [INFO] WebApp:463 - Apply proxy settings
2026-03-13 11:51:33,202 [INFO] WebApp:548 - Chromium requires no authentication
2026-03-13 11:51:33,207 [INFO] WebApp:491 - Direct internet connection detected
2026-03-13 11:51:33,220 [INFO] WebApp:900 - Register for checkConnection events
2026-03-13 11:51:33,220 [INFO] WebApp:463 - Apply proxy settings
2026-03-13 11:51:33,221 [INFO] WebApp:548 - Chromium requires no authentication
2026-03-13 11:51:33,221 [INFO] WebApp:491 - Direct internet connection detected
2026-03-13 11:51:33,285 [INFO] WebApp:225 - Starting web application
2026-03-13 11:51:33,285 [INFO] WebApp:593 - Web application path used /opt/st/stm32cubeide_1.19.0/plugins/com.st.stm32cube.common.mx_6.15.0.202507011659/db/plugins/mcufinder/reactClient1/index.html
2026-03-13 11:51:33,347 [INFO] UserAuth:487 - Internet connection configuration mode: 1
2026-03-13 11:51:33,657 [INFO] WebApp:191 - Connection restablished
2026-03-13 11:51:34,210 [WARN] PackLoader:240 - Cannot read IP mode file for STMicroelectronics.X-CUBE-AZRTOS-H7.3.5.0
2026-03-13 11:51:34,218 [WARN] PackLoader:240 - Cannot read IP mode file for STMicroelectronics.FP-SNS-MOTENVWB1.1.4.0
2026-03-13 11:51:34,222 [WARN] PackLoader:240 - Cannot read IP mode file for STMicroelectronics.FP-ATR-ASTRA1.2.0.2
2026-03-13 11:51:34,227 [WARN] PackLoader:240 - Cannot read IP mode file for STMicroelectronics.X-CUBE-SMBUS.2.1.0
2026-03-13 11:51:34,230 [WARN] PackLoader:240 - Cannot read IP mode file for STMicroelectronics.X-CUBE-ST60.1.0.0
2026-03-13 11:51:34,243 [WARN] PackLoader:240 - Cannot read IP mode file for STMicroelectronics.X-CUBE-AZRTOS-F7.1.1.0
2026-03-13 11:51:34,248 [WARN] PackLoader:240 - Cannot read IP mode file for Cesanta.I-CUBE-Mongoose.7.19.0
2026-03-13 11:51:34,250 [WARN] PackLoader:240 - Cannot read IP mode file for STMicroelectronics.FP-SNS-MOTENV1.5.1.0
2026-03-13 11:51:34,257 [WARN] PackLoader:240 - Cannot read IP mode file for WES.I-CUBE-Cesium.1.4.0
2026-03-13 11:51:34,277 [WARN] PackLoader:240 - Cannot read IP mode file for Infineon.AIROC-Wi-Fi-Bluetooth-STM32.1.7.1
2026-03-13 11:51:34,296 [WARN] PackLoader:240 - Cannot read IP mode file for STMicroelectronics.X-CUBE-AZRTOS-H7.3.4.0
2026-03-13 11:51:34,305 [WARN] PackLoader:240 - Cannot read IP mode file for STMicroelectronics.X-CUBE-DISPLAY.3.0.0
2026-03-13 11:51:34,312 [WARN] PackLoader:240 - Cannot read IP mode file for STMicroelectronics.FP-SNS-MOTENVWB1.1.5.0
2026-03-13 11:51:34,317 [WARN] PackLoader:240 - Cannot read IP mode file for STMicroelectronics.X-CUBE-NFC10.1.0.0
2026-03-13 11:51:34,321 [WARN] PackLoader:240 - Cannot read IP mode file for STMicroelectronics.X-CUBE-ST60.1.1.0
2026-03-13 11:51:34,325 [WARN] PackLoader:240 - Cannot read IP mode file for emotas.I-CUBE-CANOPEN.1.3.0
2026-03-13 11:51:34,328 [WARN] PackLoader:240 - Cannot read IP mode file for STMicroelectronics.X-CUBE-GNSS1.7.1.0
2026-03-13 11:51:34,332 [WARN] PackLoader:240 - Cannot read IP mode file for STMicroelectronics.FP-SNS-SMARTAG2.1.2.0
2026-03-13 11:51:34,335 [WARN] PackLoader:240 - Cannot read IP mode file for STMicroelectronics.FP-SNS-FLIGHT1.5.1.0
2026-03-13 11:51:34,340 [INFO] LogOutputStream:77 - [STDOUT_REDIRECT] 1 : Invalid condition id : UX_CORESTACK_Condition cause : null
2026-03-13 11:51:34,340 [INFO] LogOutputStream:77 - [STDOUT_REDIRECT] 1 : Invalid condition id : UX_CORESTACK_Condition cause : null
2026-03-13 11:51:34,340 [INFO] LogOutputStream:77 - [STDOUT_REDIRECT] 1 : Invalid condition id : UX_CORESTACK_Condition cause : null
2026-03-13 11:51:34,341 [INFO] LogOutputStream:77 - [STDOUT_REDIRECT] 1 : Invalid condition id : UX_CORESTACK_Condition cause : null
2026-03-13 11:51:34,341 [INFO] LogOutputStream:77 - [STDOUT_REDIRECT] 1 : Invalid condition id : UX_CORESTACK_Condition cause : null
2026-03-13 11:51:34,342 [WARN] PackLoader:240 - Cannot read IP mode file for STMicroelectronics.X-CUBE-AZRTOS-WL.2.0.0
2026-03-13 11:51:34,346 [WARN] PackLoader:240 - Cannot read IP mode file for STMicroelectronics.FP-SNS-MOTENV1.5.0.0
2026-03-13 11:51:34,357 [WARN] PackLoader:240 - Cannot read IP mode file for STMicroelectronics.X-CUBE-AZRTOS-H7RS.1.2.0
2026-03-13 11:51:34,363 [WARN] PackLoader:240 - Cannot read IP mode file for STMicroelectronics.X-CUBE-BLE2.3.3.0
2026-03-13 11:51:34,377 [WARN] PackLoader:240 - Cannot read IP mode file for STMicroelectronics.X-CUBE-NFC9.1.0.0
2026-03-13 11:51:34,380 [WARN] PackLoader:240 - Cannot read IP mode file for wolfSSL.I-CUBE-wolfSSL.5.8.2
2026-03-13 11:51:34,384 [WARN] PackLoader:240 - Cannot read IP mode file for STMicroelectronics.X-CUBE-BLE1.7.1.0
2026-03-13 11:51:34,385 [WARN] PackLoader:240 - Cannot read IP mode file for wolfSSL.I-CUBE-wolfMQTT.1.19.2
2026-03-13 11:51:34,388 [WARN] PackLoader:240 - Cannot read IP mode file for STMicroelectronics.X-CUBE-FREERTOS.1.4.0
2026-03-13 11:51:34,391 [WARN] PackLoader:240 - Cannot read IP mode file for STMicroelectronics.X-CUBE-EEPRMA1.5.2.0
2026-03-13 11:51:34,394 [WARN] PackLoader:240 - Cannot read IP mode file for STMicroelectronics.X-CUBE-ST67W61.1.1.0
2026-03-13 11:51:34,416 [WARN] PackLoader:240 - Cannot read IP mode file for STMicroelectronics.X-CUBE-MEMS1.12.0.0
2026-03-13 11:51:34,462 [INFO] McuFinderGlobals:63 - Set McuFinder mode to 2 (CubeIDE integrated)
2026-03-13 11:51:34,466 [INFO] MainUpdater:2872 - connection check result : 10
2026-03-13 11:51:34,466 [INFO] MainUpdater:2872 - connection check result : 10
2026-03-13 11:51:34,508 [WARN] PackLoader:240 - Cannot read IP mode file for STMicroelectronics.X-CUBE-AZRTOS-G0.1.1.0
2026-03-13 11:51:34,511 [INFO] MicroXplorer:468 - Change Database Path : 
2026-03-13 11:51:34,512 [INFO] MicroXplorer:498 - Change Database Version : DB.6.0.150
2026-03-13 11:51:34,515 [WARN] PackLoader:240 - Cannot read IP mode file for STMicroelectronics.X-CUBE-SAFEA1.1.2.2
2026-03-13 11:51:34,521 [WARN] PackLoader:240 - Cannot read IP mode file for STMicroelectronics.X-CUBE-NFC4.3.0.0
2026-03-13 11:51:34,522 [WARN] ThirdParty:871 - waiting for thirdparty lock release [close project]
2026-03-13 11:51:34,530 [WARN] PackLoader:240 - Cannot read IP mode file for EmbeddedOffice.I-CUBE-FS-RTOS.1.0.1
2026-03-13 11:51:34,536 [WARN] PackLoader:240 - Cannot read IP mode file for STMicroelectronics.X-CUBE-WB05N.2.0.0
2026-03-13 11:51:34,540 [WARN] PackLoader:240 - Cannot read IP mode file for wolfSSL.I-CUBE-wolfTPM.3.8.0
2026-03-13 11:51:34,544 [WARN] PackLoader:240 - Cannot read IP mode file for STMicroelectronics.X-CUBE-TCPP.4.2.0
2026-03-13 11:51:34,549 [WARN] PackLoader:240 - Cannot read IP mode file for RealThread.X-CUBE-RT-Thread_Nano.4.1.1
2026-03-13 11:51:34,552 [WARN] PackLoader:240 - Cannot read IP mode file for STMicroelectronics.FP-ATR-SIGFOX1.3.2.0
2026-03-13 11:51:34,556 [WARN] PackLoader:240 - Cannot read IP mode file for STMicroelectronics.X-CUBE-FREERTOS.1.5.0
2026-03-13 11:51:34,560 [WARN] PackLoader:240 - Cannot read IP mode file for ITTIA_DB.I-CUBE-ITTIADB.8.9.0
2026-03-13 11:51:34,571 [WARN] PackLoader:240 - Cannot read IP mode file for STMicroelectronics.X-CUBE-NFC6.3.2.0
2026-03-13 11:51:34,587 [WARN] PackLoader:240 - Cannot read IP mode file for SEGGER.I-CUBE-embOS.1.3.1
2026-03-13 11:51:34,617 [WARN] PackLoader:240 - Cannot read IP mode file for STMicroelectronics.X-CUBE-ALGOBUILD.1.4.0
2026-03-13 11:51:34,647 [WARN] PackLoader:240 - Cannot read IP mode file for STMicroelectronics.X-CUBE-MEMS1.11.3.0
2026-03-13 11:51:34,695 [WARN] PackLoader:240 - Cannot read IP mode file for STMicroelectronics.X-CUBE-PM33A1.1.0.0
2026-03-13 11:51:34,708 [WARN] PackLoader:240 - Cannot read IP mode file for STMicroelectronics.X-CUBE-AZRTOS-F4.1.1.0
2026-03-13 11:51:34,711 [WARN] PackLoader:240 - Cannot read IP mode file for STMicroelectronics.X-CUBE-ISPU.2.1.0
2026-03-13 11:51:34,719 [WARN] PackLoader:240 - Cannot read IP mode file for STMicroelectronics.X-CUBE-IPS.3.2.0
2026-03-13 11:51:34,727 [WARN] PackLoader:240 - Cannot read IP mode file for STMicroelectronics.X-CUBE-NFC12.1.0.0
2026-03-13 11:51:34,736 [WARN] PackLoader:240 - Cannot read IP mode file for STMicroelectronics.X-CUBE-AZRTOS-L5.2.0.0
2026-03-13 11:51:34,741 [WARN] PackLoader:240 - Cannot read IP mode file for STMicroelectronics.X-CUBE-NFC6.3.1.0
2026-03-13 11:51:34,745 [WARN] PackLoader:240 - Cannot read IP mode file for STMicroelectronics.X-CUBE-FREERTOS.1.3.1
2026-03-13 11:51:34,749 [WARN] PackLoader:240 - Cannot read IP mode file for STMicroelectronics.X-CUBE-TOUCHGFX.4.26.0
2026-03-13 11:51:34,750 [WARN] PackLoader:240 - Cannot read IP mode file for STMicroelectronics.X-CUBE-TOUCHGFX.4.26.1
2026-03-13 11:51:34,753 [WARN] PackLoader:240 - Cannot read IP mode file for STMicroelectronics.X-CUBE-DPower.1.3.0
2026-03-13 11:51:34,762 [WARN] ConditionMgr:438 - getConditionDescription Invalid condition id : LAN8742 Phy interface Condition cause : null
2026-03-13 11:51:34,763 [WARN] PackLoader:240 - Cannot read IP mode file for STMicroelectronics.X-CUBE-AZRTOS-L4.2.0.0
2026-03-13 11:51:34,764 [WARN] ConditionMgr:1044 - genDependencies : Invalid condition id : LAN8742 Phy interface Condition cause : null
2026-03-13 11:51:34,764 [WARN] ConditionMgr:1044 - genDependencies : Invalid condition id : LAN8742 Phy interface Condition cause : null
2026-03-13 11:51:34,764 [WARN] ConditionMgr:1044 - genDependencies : Invalid condition id : LAN8742 Phy interface Condition cause : null
2026-03-13 11:51:34,768 [WARN] PackLoader:240 - Cannot read IP mode file for STMicroelectronics.X-CUBE-SFXS2LP1.4.0.0
2026-03-13 11:51:34,772 [WARN] PackLoader:240 - Cannot read IP mode file for STMicroelectronics.X-CUBE-ST67W61.1.2.0
2026-03-13 11:51:34,778 [WARN] PackLoader:240 - Cannot read IP mode file for STMicroelectronics.X-CUBE-BLEMGR.4.1.0
2026-03-13 11:51:34,786 [WARN] ConditionMgr:438 - getConditionDescription Invalid condition id : UX DEVICE CLASS RTOS Condition cause : null
2026-03-13 11:51:34,786 [WARN] ConditionMgr:438 - getConditionDescription Invalid condition id : UX DEVICE CLASS RTOS Condition cause : null
2026-03-13 11:51:34,787 [WARN] PackLoader:240 - Cannot read IP mode file for STMicroelectronics.X-CUBE-AZRTOS-WB.2.0.0
2026-03-13 11:51:34,787 [WARN] ConditionMgr:1044 - genDependencies : Invalid condition id : UX DEVICE CLASS RTOS Condition cause : null
2026-03-13 11:51:34,787 [WARN] ConditionMgr:1044 - genDependencies : Invalid condition id : UX DEVICE CLASS RTOS Condition cause : null
2026-03-13 11:51:34,787 [WARN] ConditionMgr:1044 - genDependencies : Invalid condition id : UX DEVICE CLASS RTOS Condition cause : null
2026-03-13 11:51:34,787 [WARN] ConditionMgr:1044 - genDependencies : Invalid condition id : UX DEVICE CLASS RTOS Condition cause : null
2026-03-13 11:51:34,788 [WARN] ConditionMgr:1044 - genDependencies : Invalid condition id : UX DEVICE CLASS RTOS Condition cause : null
2026-03-13 11:51:34,791 [WARN] PackLoader:240 - Cannot read IP mode file for STMicroelectronics.X-CUBE-GNSS1.7.0.1
2026-03-13 11:51:34,795 [WARN] ConditionMgr:438 - getConditionDescription Invalid condition id : Cortex-A Device cause : null
2026-03-13 11:51:34,799 [WARN] ConditionMgr:1044 - genDependencies : Invalid condition id : Cortex-A Device cause : null
2026-03-13 11:51:34,799 [WARN] ConditionMgr:1044 - genDependencies : Invalid condition id : Cortex-A Device cause : null
2026-03-13 11:51:34,799 [WARN] ConditionMgr:1044 - genDependencies : Invalid condition id : Cortex-A Device cause : null
2026-03-13 11:51:34,803 [WARN] PackLoader:240 - Cannot read IP mode file for STMicroelectronics.X-CUBE-STSE01.2.0.0
2026-03-13 11:51:34,809 [WARN] PackLoader:240 - Cannot read IP mode file for STMicroelectronics.X-CUBE-SUBG2.5.0.0
2026-03-13 11:51:34,819 [WARN] PackLoader:240 - Cannot read IP mode file for STMicroelectronics.X-CUBE-AZRTOS-H7RS.1.1.0
2026-03-13 11:51:34,827 [WARN] PackLoader:240 - Cannot read IP mode file for STMicroelectronics.X-CUBE-AZRTOS-G4.2.0.0
2026-03-13 11:51:34,830 [WARN] PackLoader:240 - Cannot read IP mode file for wolfSSL.I-CUBE-wolfSSH.1.4.20
2026-03-13 11:51:34,831 [WARN] PackLoader:240 - Cannot read IP mode file for STMicroelectronics.X-CUBE-NFC7.2.0.0
2026-03-13 11:51:34,834 [WARN] PackLoader:240 - Cannot read IP mode file for STMicroelectronics.X-CUBE-ALS.1.0.2
2026-03-13 11:51:34,838 [WARN] PackLoader:240 - Cannot read IP mode file for STMicroelectronics.X-CUBE-STSE01.1.0.0
2026-03-13 11:51:34,844 [WARN] PackLoader:240 - Cannot read IP mode file for STMicroelectronics.X-CUBE-TOF1.3.4.3
2026-03-13 11:51:34,849 [INFO] ThirdParty:978 - Integrity check success = true
2026-03-13 11:51:34,849 [INFO] IntegrityCheckThread:100 - exiting critical section [integrity check]
2026-03-13 11:51:34,849 [INFO] IntegrityCheckThread:103 - End integrity checks thread
2026-03-13 11:51:34,849 [INFO] ThirdParty:873 - entering critical section [close project]
2026-03-13 11:51:34,850 [INFO] ThirdParty:883 - exiting critical section [close project]
2026-03-13 11:51:34,852 [INFO] PinOutPanel:1589 - setPackage(No Configuration,No Configuration)
2026-03-13 11:51:34,853 [INFO] UtilMem:75 - Begin LoadConfig() Used Memory: 274849456 Bytes (346030080)
2026-03-13 11:51:34,854 [INFO] MicroXplorer:468 - Change Database Path : 
2026-03-13 11:51:34,854 [INFO] MicroXplorer:498 - Change Database Version : DB.6.0.150
2026-03-13 11:51:34,854 [INFO] OpenFileManager:355 - Change cursor
2026-03-13 11:51:34,869 [INFO] Mcu:2029 - Initializing MCU STM32F446R(C-E)Tx STM32F446RETx STM32F446RET6
2026-03-13 11:51:35,820 [INFO] Context:786 - Trying to add GPIOservice into a context  which must be forbidden
2026-03-13 11:51:36,177 [INFO] ImportTextPane:234 - (OptionalMessage_ERROR) Pin14 (VP_RIF_VS_RIF1) cannot be retrieved for this MCU
2026-03-13 11:51:36,283 [INFO] RtosManager:558 - Registered RTOS mode: class=CMSIS, group=RTOS, mode=CMSIS_V1, owner=FREERTOS
2026-03-13 11:51:36,283 [INFO] RtosManager:558 - Registered RTOS mode: class=CMSIS, group=RTOS2, mode=CMSIS_V2, owner=FREERTOS
2026-03-13 11:51:36,283 [INFO] RtosManager:558 - Registered RTOS mode: class=RTOS, group=Core, mode=CMSIS_V1, owner=FREERTOS
2026-03-13 11:51:36,283 [INFO] RtosManager:558 - Registered RTOS mode: class=RTOS, group=Core, mode=CMSIS_V2, owner=FREERTOS
2026-03-13 11:51:36,283 [WARN] ModelIntegratedComponent:184 - Missing modes for component STMicroelectronics:FreeRTOS:0.0.1:STMicroelectronics:RTOS:FreeRTOS:Core:::10.2.0:
2026-03-13 11:51:36,301 [WARN] ModelIntegratedComponent:63 - No mode defined for component null
2026-03-13 11:51:36,301 [WARN] ModelIntegratedComponent:63 - No mode defined for component null
2026-03-13 11:51:36,301 [WARN] ModelIntegratedComponent:63 - No mode defined for component null
2026-03-13 11:51:36,301 [WARN] ModelIntegratedComponent:63 - No mode defined for component null
2026-03-13 11:51:36,301 [WARN] ModelIntegratedComponent:63 - No mode defined for component null
2026-03-13 11:51:36,301 [WARN] ModelIntegratedComponent:63 - No mode defined for component null
2026-03-13 11:51:36,301 [WARN] ModelIntegratedComponent:63 - No mode defined for component null
2026-03-13 11:51:36,301 [WARN] ModelIntegratedComponent:63 - No mode defined for component null
2026-03-13 11:51:36,301 [WARN] ModelIntegratedComponent:63 - No mode defined for component null
2026-03-13 11:51:36,301 [WARN] ModelIntegratedComponent:63 - No mode defined for component null
2026-03-13 11:51:36,301 [WARN] ModelIntegratedComponent:63 - No mode defined for component null
2026-03-13 11:51:36,301 [WARN] ModelIntegratedComponent:63 - No mode defined for component null
2026-03-13 11:51:36,301 [WARN] ModelIntegratedComponent:63 - No mode defined for component null
2026-03-13 11:51:36,301 [WARN] ModelIntegratedComponent:63 - No mode defined for component null
2026-03-13 11:51:36,301 [WARN] ModelIntegratedComponent:63 - No mode defined for component null
2026-03-13 11:51:36,301 [WARN] ModelIntegratedComponent:63 - No mode defined for component null
2026-03-13 11:51:36,301 [WARN] ModelIntegratedComponent:63 - No mode defined for component null
2026-03-13 11:51:36,301 [WARN] ModelIntegratedComponent:63 - No mode defined for component null
2026-03-13 11:51:36,301 [WARN] ModelIntegratedComponent:63 - No mode defined for component null
2026-03-13 11:51:36,302 [WARN] ModelIntegratedComponent:63 - No mode defined for component null
2026-03-13 11:51:36,302 [WARN] ModelIntegratedComponent:63 - No mode defined for component null
2026-03-13 11:51:36,302 [WARN] ModelIntegratedComponent:63 - No mode defined for component null
2026-03-13 11:51:36,302 [WARN] ModelIntegratedComponent:63 - No mode defined for component null
2026-03-13 11:51:36,302 [WARN] ModelIntegratedComponent:63 - No mode defined for component null
2026-03-13 11:51:36,302 [WARN] ModelIntegratedComponent:63 - No mode defined for component null
2026-03-13 11:51:36,302 [WARN] ModelIntegratedComponent:63 - No mode defined for component null
2026-03-13 11:51:36,302 [WARN] ModelIntegratedComponent:63 - No mode defined for component null
2026-03-13 11:51:36,302 [WARN] ModelIntegratedComponent:63 - No mode defined for component null
2026-03-13 11:51:36,302 [WARN] ModelIntegratedComponent:63 - No mode defined for component null
2026-03-13 11:51:36,302 [WARN] ModelIntegratedComponent:63 - No mode defined for component null
2026-03-13 11:51:36,302 [WARN] ModelIntegratedComponent:63 - No mode defined for component null
2026-03-13 11:51:36,302 [WARN] ModelIntegratedComponent:63 - No mode defined for component null
2026-03-13 11:51:36,302 [WARN] ModelIntegratedComponent:63 - No mode defined for component null
2026-03-13 11:51:36,302 [WARN] ModelIntegratedComponent:63 - No mode defined for component null
2026-03-13 11:51:36,302 [WARN] ModelIntegratedComponent:63 - No mode defined for component null
2026-03-13 11:51:36,302 [WARN] ModelPack:524 - Component already loaded: STMicroelectronics:HAL Drivers:0.0.0:STMicroelectronics:Device:STMicro_Driver:XSPI:HAL::0.0.1:HAL_XSPI
2026-03-13 11:51:36,366 [INFO] ThirdPartyModel:298 - Start build external matchings
2026-03-13 11:51:36,648 [INFO] ThirdPartyModel:316 - End build external matchings
2026-03-13 11:51:36,664 [INFO] ImportTextPane:234 - (OptionalMessage_ERROR) IP (DMA) : Parameter (Instance) has Id (I2C3_RX) currently not set
2026-03-13 11:51:36,664 [INFO] ImportTextPane:234 - (OptionalMessage_ERROR) IP (DMA) : Parameter (Channel) has Id (I2C3_RX) currently not set
2026-03-13 11:51:36,664 [INFO] ImportTextPane:234 - (OptionalMessage_ERROR) IP (DMA) : Parameter (Direction) has Id (I2C3_RX) currently not set
2026-03-13 11:51:36,664 [INFO] ImportTextPane:234 - (OptionalMessage_ERROR) IP (DMA) : Parameter (PeriphInc) has Id (I2C3_RX) currently not set
2026-03-13 11:51:36,664 [INFO] ImportTextPane:234 - (OptionalMessage_ERROR) IP (DMA) : Parameter (MemInc) has Id (I2C3_RX) currently not set
2026-03-13 11:51:36,664 [INFO] ImportTextPane:234 - (OptionalMessage_ERROR) IP (DMA) : Parameter (PeriphDataAlignment) has Id (I2C3_RX) currently not set
2026-03-13 11:51:36,664 [INFO] ImportTextPane:234 - (OptionalMessage_ERROR) IP (DMA) : Parameter (MemDataAlignment) has Id (I2C3_RX) currently not set
2026-03-13 11:51:36,664 [INFO] ImportTextPane:234 - (OptionalMessage_ERROR) IP (DMA) : Parameter (Mode) has Id (I2C3_RX) currently not set
2026-03-13 11:51:36,664 [INFO] ImportTextPane:234 - (OptionalMessage_ERROR) IP (DMA) : Parameter (Priority) has Id (I2C3_RX) currently not set
2026-03-13 11:51:36,664 [INFO] ImportTextPane:234 - (OptionalMessage_ERROR) IP (DMA) : Parameter (FIFOMode) has Id (I2C3_RX) currently not set
2026-03-13 11:51:36,665 [WARN] IP:2250 - I2C_Coeff_DF not found: check if there is a RefParameter without a condition.
2026-03-13 11:51:36,665 [WARN] IP:2250 - Analog_Filter not found: check if there is a RefParameter without a condition.
2026-03-13 11:51:36,666 [INFO] ImportTextPane:234 - (OptionalMessage_ERROR) IP (RCC) : Invalid parameter (FamilyName)
2026-03-13 11:51:36,846 [INFO] ApiDb:581 - Connected to CubeFinder SQLite database (/home/kamil/.stmcufinder/plugins/mcufinder/mcu/cube-finder-db.db)
2026-03-13 11:51:36,894 [INFO] ApiDb:668 - CubeFinder database Data Model version=2.1
2026-03-13 11:51:36,894 [INFO] ApiDb:669 - CubeFinder database Configuration version=3.0.42
2026-03-13 11:51:36,895 [INFO] ApiDb:670 - CubeFinder database generation date=2026-02-13 (1770995876)
2026-03-13 11:51:36,895 [INFO] ApiDb:671 - CubeFinder database FW Pack versions=[FP-ATR-ASTRA1_V2.0.0, FP-SNS-FLIGHT1_V5.1.0, FP-SNS-MOTENV1_V5.1.0, FP-SNS-MOTENVWB1_V1.4.0, FP-SNS-SMARTAG2_V1.2.0, FP-SNS-STBOX1_V2.1.0, STM32Cube_FW_C0_V1.4.0, STM32Cube_FW_F4_V1.28.3, STM32Cube_FW_F7_V1.17.4, STM32Cube_FW_G0_V1.6.2, STM32Cube_FW_G4_V1.6.1, STM32Cube_FW_H5_V1.6.0, STM32Cube_FW_H7RS_V1.3.0, STM32Cube_FW_H7_V1.13.0, STM32Cube_FW_L0_V1.12.2, STM32Cube_FW_L4_V1.18.2, STM32Cube_FW_L5_V1.6.0, STM32Cube_FW_N6_V1.3.0, STM32Cube_FW_U0_V1.3.0, STM32Cube_FW_U3_V1.3.0, STM32Cube_FW_U5_V1.8.0, STM32Cube_FW_WB0_V1.4.0, STM32Cube_FW_WBA_V1.9.0, STM32Cube_FW_WB_V1.24.0, STM32Cube_FW_WL3_V1.4.0, STM32Cube_FW_WL_V1.5.0, X-CUBE-ALGOBUILD_V1.4.0, X-CUBE-ALS_V1.0.2, X-CUBE-AZRTOS-F4_V1.1.0, X-CUBE-AZRTOS-F7_V1.1.0, X-CUBE-AZRTOS-G0_V1.1.0, X-CUBE-AZRTOS-G4_V2.0.0, X-CUBE-AZRTOS-H7RS_V1.1.0, X-CUBE-AZRTOS-H7_V3.4.0, X-CUBE-AZRTOS-L4_V2.0.0, X-CUBE-AZRTOS-L5_V2.0.0, X-CUBE-AZRTOS-WB_V2.0.0, X-CUBE-AZRTOS-WL_V2.0.0, X-CUBE-BLE1_V7.1.0, X-CUBE-BLE2_V3.3.0, X-CUBE-BLEMGR_V4.1.0, X-CUBE-EEPRMA1_V5.2.0, X-CUBE-FREERTOS_V1.3.1, X-CUBE-GNSS1_V6.0.0, X-CUBE-MEMS1_V12.0.0, X-CUBE-NFC4_V3.0.0, X-CUBE-NFC7_V2.0.0, X-CUBE-SFXS2LP1_V4.0.0, X-CUBE-ST67W61_V1.1.0, X-CUBE-SUBG2_V5.0.0, X-CUBE-TOF1_V3.4.3]
2026-03-13 11:51:36,957 [INFO] DbBoardsSqlite:226 - include board P-NUCLEO-WB55-NUCLEO as a kit item of type 'Nucleo-64'
2026-03-13 11:51:36,957 [INFO] DbBoardsSqlite:226 - include board P-NUCLEO-WB55-USBDONGLE as a kit item of type 'Nucleo USB Dongle'
2026-03-13 11:51:36,958 [INFO] DbBoardsSqlite:226 - include board STEVAL-IDP005V1 as a kit item of type 'Evaluation Board'
2026-03-13 11:51:36,958 [INFO] DbBoardsSqlite:226 - include board STEVAL-IDP005V2 as a kit item of type 'Evaluation Board'
2026-03-13 11:51:37,024 [INFO] ApiDb:240 - Found 880 in-development CPN: [B-G473E-ZEST1S, B-WB1M-WPAN1, B-WBA5M-WPAN, B-WL5M-SUBG1, NUCLEO-C031C6, NUCLEO-C051C8, NUCLEO-C071RB, NUCLEO-C092RC, NUCLEO-H503RB, NUCLEO-H533RE, NUCLEO-H563ZI, NUCLEO-H7S3L8, NUCLEO-N657X0-Q, NUCLEO-U031R8, NUCLEO-U083RC, NUCLEO-U385RG-Q, NUCLEO-U545RE-Q, NUCLEO-U5A5ZJ-Q, NUCLEO-WB05KZ, NUCLEO-WB07CC, NUCLEO-WB09KE, NUCLEO-WBA52CG, NUCLEO-WBA55CG, NUCLEO-WL33CC1, NUCLEO-WL33CC2, STEVAL-PROTEUS1, STEVAL-SMARTAG2, STEVAL-STWINBX1, STM320518-EVAL, STM32C0116-DK, STM32C011D6Y3TR, STM32C011D6Y6TR, STM32C011F4P3, STM32C011F4P6, STM32C011F4U3, STM32C011F4U6TR, STM32C011F6P3, STM32C011F6P6, STM32C011F6U3, STM32C011F6U6TR, STM32C011J4M3, STM32C011J4M6, STM32C011J6M3, STM32C011J6M6, STM32C0316-DK, STM32C031C4T3, STM32C031C4T6, STM32C031C4U3, STM32C031C4U6, STM32C031C6T3, STM32C031C6T6, STM32C031C6U3, STM32C031C6U6, STM32C031F4P3, STM32C031F4P6, STM32C031F6P3, STM32C031F6P6, STM32C031G4U3, STM32C031G4U6, STM32C031G6U3, STM32C031G6U6, STM32C031K4T3, STM32C031K4T6, STM32C031K4U3, STM32C031K4U6, STM32C031K6T3, STM32C031K6T6, STM32C031K6U3, STM32C031K6U6, STM32C051C6T6, STM32C051C6U6, STM32C051C8T6, STM32C051C8U6, STM32C051D8Y6TR, STM32C051F6P6, STM32C051F8P6, STM32C051G6U6, STM32C051G8U6, STM32C051K6T6, STM32C051K6U6, STM32C051K8T6, STM32C071C8T6, STM32C071C8T6N, STM32C071C8U6, STM32C071C8U6N, STM32C071CBT6, STM32C071CBT6N, STM32C071CBU6, STM32C071CBU6N, STM32C071F8P6, STM32C071F8P6N, STM32C071FBP6, STM32C071FBP6N, STM32C071FBY6TR, STM32C071G8U6, STM32C071G8U6N, STM32C071GBU6, STM32C071GBU6N, STM32C071K8T6, STM32C071K8T6N, STM32C071K8U6, STM32C071K8U6N, STM32C071KBT6, STM32C071KBT6N, STM32C071KBU6, STM32C071KBU6N, STM32C071R8T6, STM32C071R8T6N, STM32C071RBI6N, STM32C071RBT6, STM32C071RBT6N, STM32C091CBT6, STM32C091CBU6, STM32C091CCT6, STM32C091CCU6, STM32C091ECY6TR, STM32C091FBP6, STM32C091FCP6, STM32C091GBU6, STM32C091GCU6, STM32C091KBT6, STM32C091KBU6, STM32C091KCT6, STM32C091KCU6, STM32C091RBT6, STM32C091RCI6, STM32C091RCT6, STM32C092CBT6, STM32C092CBU6, STM32C092CCT6, STM32C092CCU6, STM32C092ECY6TR, STM32C092FBP6, STM32C092FCP6, STM32C092GBU6, STM32C092GCU6, STM32C092KBT6, STM32C092KBU6, STM32C092KCT6, STM32C092KCU6, STM32C092RBT6, STM32C092RCI6, STM32C092RCT6, STM32G071K8TXN, STM32G071K8UXN, STM32G081GBU6N, STM32G081KBT6N, STM32G081KBUXN, STM32G0B1CCT6N, STM32G0B1KCT6, STM32G0B1NEY6TR, STM32G0B1RCT6N, STM32G0C1CCT6, STM32G0C1CCT6N, STM32G0C1CCU6N, STM32G0C1CET6N, STM32G0C1CEU6N, STM32G0C1KCT6, STM32G0C1NEY6TR, STM32G0C1RCI6N, STM32G0C1RCT6N, STM32G0C1REI6N, STM32G0C1RET6N, STM32G0C1VCI6, STM32G0C1VEI6, STM32G411C6T3, STM32G411C6T6, STM32G411C6U3, STM32G411C6U6, STM32G411C8T3, STM32G411C8T6, STM32G411C8U3, STM32G411C8U6, STM32G411CBT3, STM32G411CBT6, STM32G411CBU3, STM32G411CBU6, STM32G411K6T3, STM32G411K6T6, STM32G411K6U3, STM32G411K6U6, STM32G411K8T3, STM32G411K8T6, STM32G411K8U3, STM32G411K8U6, STM32G411KBT3, STM32G411KBT6, STM32G411KBU3, STM32G411KBU6, STM32G411M6T3, STM32G411M6T6, STM32G411M8T3, STM32G411M8T6, STM32G411MBT3, STM32G411MBT6, STM32G411R6T3, STM32G411R6T6, STM32G411R8T3, STM32G411R8T6, STM32G411RBT3, STM32G411RBT6, STM32G414CBT3, STM32G414CBT6, STM32G414CBU3, STM32G414CBU6, STM32G414CCT3, STM32G414CCT6, STM32G414CCU3, STM32G414CCU6, STM32G414MBT3, STM32G414MBT6, STM32G414MCT3, STM32G414MCT6, STM32G414RBT3, STM32G414RBT6, STM32G414RCT3, STM32G414RCT6, STM32G414VBT3, STM32G414VBT6, STM32G414VCT3, STM32G414VCT6, STM32G431CBT3Z, STM32G431RBT3Z, STM32G471CCT6, STM32G471CCU6, STM32G471CET3, STM32G471CET6, STM32G471CEU3, STM32G471CEU6, STM32G471MCT6, STM32G471MET3, STM32G471MET6, STM32G471MEY6TR, STM32G471QCT6, STM32G471QET3, STM32G471RCT6, STM32G471RET3, STM32G471RET6, STM32G471VCH6, STM32G471VCI6, STM32G471VCT6, STM32G471VEH3, STM32G471VEH6, STM32G471VEI3, STM32G471VEI6, STM32G471VET3, STM32G471VET6, STM32G473QET3Z, STM32G473RET3Z, STM32G474CCT6, STM32G491RET3Z, STM32H503CBT6, STM32H503CBU6, STM32H503EBY6TR, STM32H503KBU6, STM32H503RBT6, STM32H523CCT6, STM32H523CCU6, STM32H523CET6, STM32H523CEU6, STM32H523HEY6TR, STM32H523RCT6, STM32H523RET6, STM32H523VCI6, STM32H523VCT6, STM32H523VEI6, STM32H523VET6, STM32H523ZCJ6, STM32H523ZCT6, STM32H523ZEJ6, STM32H523ZET6, STM32H533CET6, STM32H533CEU6, STM32H533HEY6TR, STM32H533RET6, STM32H533VEI6, STM32H533VET6, STM32H533ZEJ6, STM32H533ZET6, STM32H562AGI6, STM32H562AII6, STM32H562IGK6, STM32H562IGT6, STM32H562IIK6, STM32H562IIT6, STM32H562RGT6, STM32H562RGV6, STM32H562RIT6, STM32H562RIV6, STM32H562VGT6, STM32H562VIT6, STM32H562ZGT6, STM32H562ZIT6, STM32H563AGI6, STM32H563AII3Q, STM32H563AII6, STM32H563IGK6, STM32H563IGT6, STM32H563IIK3Q, STM32H563IIK6, STM32H563IIT3Q, STM32H563IIT6, STM32H563MIY3QTR, STM32H563RGT6, STM32H563RGV6, STM32H563RIT6, STM32H563RIV6, STM32H563VGT6, STM32H563VIT3Q, STM32H563VIT6, STM32H563ZGT6, STM32H563ZIT3Q, STM32H563ZIT6, STM32H573AII3Q, STM32H573AII6, STM32H573I-DK, STM32H573IIK3Q, STM32H573IIK6, STM32H573IIT3Q, STM32H573IIT6, STM32H573MIY3QTR, STM32H573RIT6, STM32H573RIV6, STM32H573VIT3Q, STM32H573VIT6, STM32H573ZIT3Q, STM32H573ZIT6, STM32H7R3A8I6, STM32H7R3I8K6, STM32H7R3I8T6, STM32H7R3L8H6, STM32H7R3L8H6H, STM32H7R3R8V6, STM32H7R3V8H6, STM32H7R3V8T6, STM32H7R3V8Y6TR, STM32H7R3Z8J6, STM32H7R3Z8T6, STM32H7R7A8I6, STM32H7R7I8K6, STM32H7R7I8T6, STM32H7R7L8H6, STM32H7R7L8H6H, STM32H7R7Z8J6, STM32H7S3A8I6, STM32H7S3I8K6, STM32H7S3I8T6, STM32H7S3L8H6, STM32H7S3L8H6H, STM32H7S3R8V6, STM32H7S3V8H6, STM32H7S3V8T6, STM32H7S3V8Y6TR, STM32H7S3Z8J6, STM32H7S3Z8T6, STM32H7S78-DK, STM32H7S7A8I6, STM32H7S7I8K6, STM32H7S7I8T6, STM32H7S7L8H6, STM32H7S7L8H6H, STM32H7S7Z8J6, STM32L4R5QGI6STR, STM32MP131AAE3, STM32MP131AAF3, STM32MP131AAG3, STM32MP131CAE3, STM32MP131CAF3, STM32MP131CAG3, STM32MP131DAE7, STM32MP131DAF7, STM32MP131DAG7, STM32MP131FAE7, STM32MP131FAF7, STM32MP131FAG7, STM32MP133AAE3, STM32MP133AAF3, STM32MP133AAG3, STM32MP133CAE3, STM32MP133CAF3, STM32MP133CAG3, STM32MP133DAE7, STM32MP133DAF7, STM32MP133DAG7, STM32MP133FAE7, STM32MP133FAF7, STM32MP133FAG7, STM32MP135AAE3, STM32MP135AAF3, STM32MP135AAG3, STM32MP135CAE3, STM32MP135CAF3, STM32MP135CAG3, STM32MP135DAE7, STM32MP135DAF7, STM32MP135DAG7, STM32MP135F-DK, STM32MP135FAE7, STM32MP135FAF7, STM32MP135FAF7T, STM32MP135FAF7U, STM32MP135FAG7, STM32MP211AAL3, STM32MP211AAM3, STM32MP211AAN3, STM32MP211AAO3, STM32MP211CAL3, STM32MP211CAM3, STM32MP211CAN3, STM32MP211CAO3, STM32MP211DAL3, STM32MP211DAM3, STM32MP211DAN3, STM32MP211DAO3, STM32MP211FAL3, STM32MP211FAM3, STM32MP211FAN3, STM32MP211FAO3, STM32MP213AAL3, STM32MP213AAM3, STM32MP213AAN3, STM32MP213AAO3, STM32MP213CAL3, STM32MP213CAM3, STM32MP213CAN3, STM32MP213CAO3, STM32MP213DAL3, STM32MP213DAM3, STM32MP213DAN3, STM32MP213DAO3, STM32MP213FAL3, STM32MP213FAM3, STM32MP213FAN3, STM32MP213FAO3, STM32MP215AAL3, STM32MP215AAM3, STM32MP215AAN3, STM32MP215AAO3, STM32MP215CAL3, STM32MP215CAM3, STM32MP215CAN3, STM32MP215CAO3, STM32MP215DAL3, STM32MP215DAM3, STM32MP215DAN3, STM32MP215DAO3, STM32MP215F-DK, STM32MP215FAL3, STM32MP215FAM3, STM32MP215FAN3, STM32MP215FAO3, STM32MP231AAJ3, STM32MP231AAK3, STM32MP231AAL3, STM32MP231CAJ3, STM32MP231CAK3, STM32MP231CAL3, STM32MP231DAJ3, STM32MP231DAK3, STM32MP231DAL3, STM32MP231FAJ3, STM32MP231FAK3, STM32MP231FAL3, STM32MP233AAJ3, STM32MP233AAK3, STM32MP233AAL3, STM32MP233CAJ3, STM32MP233CAK3, STM32MP233CAL3, STM32MP233DAJ3, STM32MP233DAK3, STM32MP233DAL3, STM32MP233FAJ3, STM32MP233FAK3, STM32MP233FAL3, STM32MP235AAJ3, STM32MP235AAK3, STM32MP235AAL3, STM32MP235CAJ3, STM32MP235CAK3, STM32MP235CAL3, STM32MP235DAJ3, STM32MP235DAK3, STM32MP235DAL3, STM32MP235FAJ3, STM32MP235FAK3, STM32MP235FAL3, STM32MP251AAI3, STM32MP251AAK3, STM32MP251AAL3, STM32MP251CAI3, STM32MP251CAK3, STM32MP251CAL3, STM32MP251DAI3, STM32MP251DAK3, STM32MP251DAL3, STM32MP251FAI3, STM32MP251FAK3, STM32MP251FAL3, STM32MP253AAI3, STM32MP253AAK3, STM32MP253AAL3, STM32MP253CAI3, STM32MP253CAK3, STM32MP253CAL3, STM32MP253DAI3, STM32MP253DAK3, STM32MP253DAL3, STM32MP253FAI3, STM32MP253FAK3, STM32MP253FAL3, STM32MP255AAI3, STM32MP255AAK3, STM32MP255AAL3, STM32MP255CAI3, STM32MP255CAK3, STM32MP255CAL3, STM32MP255DAI3, STM32MP255DAK3, STM32MP255DAL3, STM32MP255FAI3, STM32MP255FAK3, STM32MP255FAL3, STM32MP257AAI3, STM32MP257AAK3, STM32MP257AAL3, STM32MP257CAI3, STM32MP257CAK3, STM32MP257CAL3, STM32MP257DAI3, STM32MP257DAK3, STM32MP257DAL3, STM32MP257F-DK, STM32MP257F-EV1, STM32MP257FAI3, STM32MP257FAK3, STM32MP257FAL3, STM32N645A0H3Q, STM32N645B0H3Q, STM32N645I0H3Q, STM32N645L0H3Q, STM32N645X0H3Q, STM32N645Z0H3Q, STM32N647A0H3Q, STM32N647B0H3Q, STM32N647I0H3Q, STM32N647L0H3Q, STM32N647X0H3Q, STM32N647Z0H3Q, STM32N655A0H3Q, STM32N655B0H3Q, STM32N655I0H3Q, STM32N655L0H3Q, STM32N655X0H3Q, STM32N655Z0H3Q, STM32N6570-DK, STM32N657A0H3Q, STM32N657B0H3Q, STM32N657I0H3Q, STM32N657L0H3Q, STM32N657X0H3Q, STM32N657Z0H3Q, STM32U031C6T6, STM32U031C6U6, STM32U031C8T6, STM32U031C8U6, STM32U031F4P6, STM32U031F6P6, STM32U031F8P6, STM32U031G6Y6TR, STM32U031G8Y6TR, STM32U031K4U6, STM32U031K6U6, STM32U031K8U6, STM32U031R6I6, STM32U031R6T6, STM32U031R8I6, STM32U031R8T6, STM32U073C8T6, STM32U073C8U6, STM32U073CBT6, STM32U073CBU6, STM32U073CCT6, STM32U073CCU6, STM32U073H8Y6TR, STM32U073HBY6TR, STM32U073HCY6TR, STM32U073K8U6, STM32U073KBU6, STM32U073KCU6, STM32U073M8I6, STM32U073M8T6, STM32U073MBI6, STM32U073MBT6, STM32U073MCI6, STM32U073MCT6, STM32U073R8I6, STM32U073R8T6, STM32U073RBI6, STM32U073RBT6, STM32U073RCI6, STM32U073RCT6, STM32U083C-DK, STM32U083CCT6, STM32U083CCU6, STM32U083HCY6TR, STM32U083KCU6, STM32U083MCI6, STM32U083MCT6, STM32U083RCI6, STM32U083RCT6, STM32U375CET6, STM32U375CET6Q, STM32U375CEU6, STM32U375CEU6Q, STM32U375CEY6QTR, STM32U375CGT6, STM32U375CGT6Q, STM32U375CGU6, STM32U375CGU6Q, STM32U375CGY6QTR, STM32U375KEU6, STM32U375KGU6, STM32U375REI6, STM32U375REI6Q, STM32U375RET6, STM32U375RET6Q, STM32U375REY6GTR, STM32U375REY6QTR, STM32U375RGI6, STM32U375RGI6Q, STM32U375RGT6, STM32U375RGT6Q, STM32U375RGY6GTR, STM32U375RGY6QTR, STM32U375VEI6, STM32U375VEI6Q, STM32U375VET6, STM32U375VET6Q, STM32U375VGI6, STM32U375VGI6Q, STM32U375VGT6, STM32U375VGT6Q, STM32U385CGT6, STM32U385CGT6Q, STM32U385CGU6, STM32U385CGU6Q, STM32U385CGY6QTR, STM32U385KGU6, STM32U385RGI6, STM32U385RGI6Q, STM32U385RGT6, STM32U385RGT6Q, STM32U385RGY6GTR, STM32U385RGY6QTR, STM32U385VGI6, STM32U385VGI6Q, STM32U385VGT6, STM32U385VGT6Q, STM32U535CBT6, STM32U535CBT6Q, STM32U535CBU6, STM32U535CBU6Q, STM32U535CCT6, STM32U535CCT6Q, STM32U535CCU6, STM32U535CCU6Q, STM32U535CET6, STM32U535CET6Q, STM32U535CEU6, STM32U535CEU6Q, STM32U535JEY6QTR, STM32U535NCY6QTR, STM32U535NEY6QTR, STM32U535RBI6, STM32U535RBI6Q, STM32U535RBT6, STM32U535RBT6Q, STM32U535RCI6, STM32U535RCI6Q, STM32U535RCT6, STM32U535RCT6Q, STM32U535REI6, STM32U535REI6Q, STM32U535RET6, STM32U535RET6Q, STM32U535VCI6, STM32U535VCI6Q, STM32U535VCT6, STM32U535VCT6Q, STM32U535VEI6, STM32U535VEI6Q, STM32U535VET6, STM32U535VET6Q, STM32U545CET6, STM32U545CET6Q, STM32U545CEU6, STM32U545CEU6Q, STM32U545JEY6QTR, STM32U545NEY6QTR, STM32U545REI6, STM32U545REI6Q, STM32U545RET6, STM32U545RET6Q, STM32U545VEI6, STM32U545VEI6Q, STM32U545VET6, STM32U545VET6Q, STM32U595AIH6, STM32U595AIH6Q, STM32U595AJH6, STM32U595AJH6Q, STM32U595QII6, STM32U595QII6Q, STM32U595QJI6, STM32U595QJI6Q, STM32U595RIT6, STM32U595RIT6Q, STM32U595RJT6, STM32U595RJT6Q, STM32U595VIT6, STM32U595VIT6Q, STM32U595VJT6, STM32U595VJT6Q, STM32U595ZIT6, STM32U595ZIT6Q, STM32U595ZIY6QTR, STM32U595ZJT6, STM32U595ZJT6Q, STM32U595ZJY6QTR, STM32U599BJY6QTR, STM32U599NIH6Q, STM32U599NJH6Q, STM32U599VIT6Q, STM32U599VJT6, STM32U599VJT6Q, STM32U599ZIT6Q, STM32U599ZIY6QTR, STM32U599ZJT6Q, STM32U599ZJY6QTR, STM32U5A5AJH6, STM32U5A5AJH6Q, STM32U5A5QII3Q , STM32U5A5QJI6, STM32U5A5QJI6Q, STM32U5A5RJT6, STM32U5A5RJT6Q, STM32U5A5VJT6, STM32U5A5VJT6Q, STM32U5A5ZJT6, STM32U5A5ZJT6Q, STM32U5A5ZJY6QTR, STM32U5A9BJY6QTR, STM32U5A9J-DK, STM32U5A9NJH6Q, STM32U5A9VJT6Q, STM32U5A9ZJT6Q, STM32U5A9ZJY6QTR, STM32U5F7VIT6, STM32U5F7VIT6Q, STM32U5F7VJT6, STM32U5F7VJT6Q, STM32U5F9BJY6QTR, STM32U5F9NJH6Q, STM32U5F9VIT6Q, STM32U5F9VJT6Q, STM32U5F9ZIJ6QTR, STM32U5F9ZIT6Q, STM32U5F9ZJJ6QTR, STM32U5F9ZJT6Q, STM32U5G7VJT6, STM32U5G7VJT6Q, STM32U5G9BJY6QTR, STM32U5G9J-DK1, STM32U5G9J-DK2, STM32U5G9NJH6Q, STM32U5G9VJT6Q, STM32U5G9ZJJ6QTR, STM32U5G9ZJT6Q, STM32WB05KZV6TR, STM32WB05KZV7TR, STM32WB05TZF6TR, STM32WB05TZF7TR, STM32WB06CCF6TR, STM32WB06CCF7TR, STM32WB06CCV6TR, STM32WB06CCV7TR, STM32WB06KCV6TR, STM32WB06KCV7TR, STM32WB07CCF6TR, STM32WB07CCF7TR, STM32WB07CCV6TR, STM32WB07CCV7TR, STM32WB07KCV6TR, STM32WB07KCV7TR, STM32WB09KEV6TR, STM32WB09KEV7TR, STM32WB09TEF6TR, STM32WB09TEF7TR, STM32WB1MMCH6, STM32WBA50KGU6, STM32WBA50KGU6TR, STM32WBA52CEU6, STM32WBA52CEU6TR, STM32WBA52CEU7, STM32WBA52CEU7TR, STM32WBA52CGU6, STM32WBA52CGU6TR, STM32WBA52CGU6U, STM32WBA52CGU7, STM32WBA52CGU7TR, STM32WBA52KEU6, STM32WBA52KEU6TR, STM32WBA52KGU6, STM32WBA52KGU6TR, STM32WBA54CEU6, STM32WBA54CEU6TR, STM32WBA54CEU7, STM32WBA54CEU7TR, STM32WBA54CGU6, STM32WBA54CGU6TR, STM32WBA54CGU7, STM32WBA54CGU7TR, STM32WBA54KEU6, STM32WBA54KEU6TR, STM32WBA54KEU7, STM32WBA54KEU7TR, STM32WBA54KGU6, STM32WBA54KGU6TR, STM32WBA54KGU7, STM32WBA54KGU7TR, STM32WBA55CEU6, STM32WBA55CEU6TR, STM32WBA55CEU7, STM32WBA55CEU7TR, STM32WBA55CGU6, STM32WBA55CGU6TR, STM32WBA55CGU6U, STM32WBA55CGU7, STM32WBA55CGU7TR, STM32WBA55G-DK1, STM32WBA55HEF6, STM32WBA55HEF7, STM32WBA55HGF6, STM32WBA55HGF7, STM32WBA55UEI6, STM32WBA55UEI6TR, STM32WBA55UEI7, STM32WBA55UEI7TR, STM32WBA55UGI6, STM32WBA55UGI6TR, STM32WBA55UGI7, STM32WBA55UGI7TR, STM32WBA5MMGH6TR, STM32WBA62MGF6, STM32WBA62MIF6, STM32WBA65MGF7, STM32WBA65MIF6, STM32WBA65MIF7, STM32WL30K8V6, STM32WL30KBV6, STM32WL31C8V6, STM32WL31CBV6, STM32WL31K8V6, STM32WL31KBV6, STM32WL33C8V6, STM32WL33C8V6X, STM32WL33CBV6, STM32WL33CBV6X, STM32WL33CCV6, STM32WL33CCV6A, STM32WL33CCV6X, STM32WL33K8V7, STM32WL33K8V7X, STM32WL33KBV7 , STM32WL33KBV7X, STM32WL33KCV7, STM32WL33KCV7X, STM32WL5MOCH6, STM32WL5MOCH6TR]
2026-03-13 11:51:37,026 [INFO] ApiDb:668 - CubeFinder database Data Model version=2.1
2026-03-13 11:51:37,026 [INFO] ApiDb:669 - CubeFinder database Configuration version=3.0.42
2026-03-13 11:51:37,026 [INFO] ApiDb:670 - CubeFinder database generation date=2026-02-13 (1770995876)
2026-03-13 11:51:37,027 [INFO] ApiDb:671 - CubeFinder database FW Pack versions=[FP-ATR-ASTRA1_V2.0.0, FP-SNS-FLIGHT1_V5.1.0, FP-SNS-MOTENV1_V5.1.0, FP-SNS-MOTENVWB1_V1.4.0, FP-SNS-SMARTAG2_V1.2.0, FP-SNS-STBOX1_V2.1.0, STM32Cube_FW_C0_V1.4.0, STM32Cube_FW_F4_V1.28.3, STM32Cube_FW_F7_V1.17.4, STM32Cube_FW_G0_V1.6.2, STM32Cube_FW_G4_V1.6.1, STM32Cube_FW_H5_V1.6.0, STM32Cube_FW_H7RS_V1.3.0, STM32Cube_FW_H7_V1.13.0, STM32Cube_FW_L0_V1.12.2, STM32Cube_FW_L4_V1.18.2, STM32Cube_FW_L5_V1.6.0, STM32Cube_FW_N6_V1.3.0, STM32Cube_FW_U0_V1.3.0, STM32Cube_FW_U3_V1.3.0, STM32Cube_FW_U5_V1.8.0, STM32Cube_FW_WB0_V1.4.0, STM32Cube_FW_WBA_V1.9.0, STM32Cube_FW_WB_V1.24.0, STM32Cube_FW_WL3_V1.4.0, STM32Cube_FW_WL_V1.5.0, X-CUBE-ALGOBUILD_V1.4.0, X-CUBE-ALS_V1.0.2, X-CUBE-AZRTOS-F4_V1.1.0, X-CUBE-AZRTOS-F7_V1.1.0, X-CUBE-AZRTOS-G0_V1.1.0, X-CUBE-AZRTOS-G4_V2.0.0, X-CUBE-AZRTOS-H7RS_V1.1.0, X-CUBE-AZRTOS-H7_V3.4.0, X-CUBE-AZRTOS-L4_V2.0.0, X-CUBE-AZRTOS-L5_V2.0.0, X-CUBE-AZRTOS-WB_V2.0.0, X-CUBE-AZRTOS-WL_V2.0.0, X-CUBE-BLE1_V7.1.0, X-CUBE-BLE2_V3.3.0, X-CUBE-BLEMGR_V4.1.0, X-CUBE-EEPRMA1_V5.2.0, X-CUBE-FREERTOS_V1.3.1, X-CUBE-GNSS1_V6.0.0, X-CUBE-MEMS1_V12.0.0, X-CUBE-NFC4_V3.0.0, X-CUBE-NFC7_V2.0.0, X-CUBE-SFXS2LP1_V4.0.0, X-CUBE-ST67W61_V1.1.0, X-CUBE-SUBG2_V5.0.0, X-CUBE-TOF1_V3.4.3]
2026-03-13 11:51:38,822 [INFO] ApiDb:240 - Found 880 in-development CPN: [B-G473E-ZEST1S, B-WB1M-WPAN1, B-WBA5M-WPAN, B-WL5M-SUBG1, NUCLEO-C031C6, NUCLEO-C051C8, NUCLEO-C071RB, NUCLEO-C092RC, NUCLEO-H503RB, NUCLEO-H533RE, NUCLEO-H563ZI, NUCLEO-H7S3L8, NUCLEO-N657X0-Q, NUCLEO-U031R8, NUCLEO-U083RC, NUCLEO-U385RG-Q, NUCLEO-U545RE-Q, NUCLEO-U5A5ZJ-Q, NUCLEO-WB05KZ, NUCLEO-WB07CC, NUCLEO-WB09KE, NUCLEO-WBA52CG, NUCLEO-WBA55CG, NUCLEO-WL33CC1, NUCLEO-WL33CC2, STEVAL-PROTEUS1, STEVAL-SMARTAG2, STEVAL-STWINBX1, STM320518-EVAL, STM32C0116-DK, STM32C011D6Y3TR, STM32C011D6Y6TR, STM32C011F4P3, STM32C011F4P6, STM32C011F4U3, STM32C011F4U6TR, STM32C011F6P3, STM32C011F6P6, STM32C011F6U3, STM32C011F6U6TR, STM32C011J4M3, STM32C011J4M6, STM32C011J6M3, STM32C011J6M6, STM32C0316-DK, STM32C031C4T3, STM32C031C4T6, STM32C031C4U3, STM32C031C4U6, STM32C031C6T3, STM32C031C6T6, STM32C031C6U3, STM32C031C6U6, STM32C031F4P3, STM32C031F4P6, STM32C031F6P3, STM32C031F6P6, STM32C031G4U3, STM32C031G4U6, STM32C031G6U3, STM32C031G6U6, STM32C031K4T3, STM32C031K4T6, STM32C031K4U3, STM32C031K4U6, STM32C031K6T3, STM32C031K6T6, STM32C031K6U3, STM32C031K6U6, STM32C051C6T6, STM32C051C6U6, STM32C051C8T6, STM32C051C8U6, STM32C051D8Y6TR, STM32C051F6P6, STM32C051F8P6, STM32C051G6U6, STM32C051G8U6, STM32C051K6T6, STM32C051K6U6, STM32C051K8T6, STM32C071C8T6, STM32C071C8T6N, STM32C071C8U6, STM32C071C8U6N, STM32C071CBT6, STM32C071CBT6N, STM32C071CBU6, STM32C071CBU6N, STM32C071F8P6, STM32C071F8P6N, STM32C071FBP6, STM32C071FBP6N, STM32C071FBY6TR, STM32C071G8U6, STM32C071G8U6N, STM32C071GBU6, STM32C071GBU6N, STM32C071K8T6, STM32C071K8T6N, STM32C071K8U6, STM32C071K8U6N, STM32C071KBT6, STM32C071KBT6N, STM32C071KBU6, STM32C071KBU6N, STM32C071R8T6, STM32C071R8T6N, STM32C071RBI6N, STM32C071RBT6, STM32C071RBT6N, STM32C091CBT6, STM32C091CBU6, STM32C091CCT6, STM32C091CCU6, STM32C091ECY6TR, STM32C091FBP6, STM32C091FCP6, STM32C091GBU6, STM32C091GCU6, STM32C091KBT6, STM32C091KBU6, STM32C091KCT6, STM32C091KCU6, STM32C091RBT6, STM32C091RCI6, STM32C091RCT6, STM32C092CBT6, STM32C092CBU6, STM32C092CCT6, STM32C092CCU6, STM32C092ECY6TR, STM32C092FBP6, STM32C092FCP6, STM32C092GBU6, STM32C092GCU6, STM32C092KBT6, STM32C092KBU6, STM32C092KCT6, STM32C092KCU6, STM32C092RBT6, STM32C092RCI6, STM32C092RCT6, STM32G071K8TXN, STM32G071K8UXN, STM32G081GBU6N, STM32G081KBT6N, STM32G081KBUXN, STM32G0B1CCT6N, STM32G0B1KCT6, STM32G0B1NEY6TR, STM32G0B1RCT6N, STM32G0C1CCT6, STM32G0C1CCT6N, STM32G0C1CCU6N, STM32G0C1CET6N, STM32G0C1CEU6N, STM32G0C1KCT6, STM32G0C1NEY6TR, STM32G0C1RCI6N, STM32G0C1RCT6N, STM32G0C1REI6N, STM32G0C1RET6N, STM32G0C1VCI6, STM32G0C1VEI6, STM32G411C6T3, STM32G411C6T6, STM32G411C6U3, STM32G411C6U6, STM32G411C8T3, STM32G411C8T6, STM32G411C8U3, STM32G411C8U6, STM32G411CBT3, STM32G411CBT6, STM32G411CBU3, STM32G411CBU6, STM32G411K6T3, STM32G411K6T6, STM32G411K6U3, STM32G411K6U6, STM32G411K8T3, STM32G411K8T6, STM32G411K8U3, STM32G411K8U6, STM32G411KBT3, STM32G411KBT6, STM32G411KBU3, STM32G411KBU6, STM32G411M6T3, STM32G411M6T6, STM32G411M8T3, STM32G411M8T6, STM32G411MBT3, STM32G411MBT6, STM32G411R6T3, STM32G411R6T6, STM32G411R8T3, STM32G411R8T6, STM32G411RBT3, STM32G411RBT6, STM32G414CBT3, STM32G414CBT6, STM32G414CBU3, STM32G414CBU6, STM32G414CCT3, STM32G414CCT6, STM32G414CCU3, STM32G414CCU6, STM32G414MBT3, STM32G414MBT6, STM32G414MCT3, STM32G414MCT6, STM32G414RBT3, STM32G414RBT6, STM32G414RCT3, STM32G414RCT6, STM32G414VBT3, STM32G414VBT6, STM32G414VCT3, STM32G414VCT6, STM32G431CBT3Z, STM32G431RBT3Z, STM32G471CCT6, STM32G471CCU6, STM32G471CET3, STM32G471CET6, STM32G471CEU3, STM32G471CEU6, STM32G471MCT6, STM32G471MET3, STM32G471MET6, STM32G471MEY6TR, STM32G471QCT6, STM32G471QET3, STM32G471RCT6, STM32G471RET3, STM32G471RET6, STM32G471VCH6, STM32G471VCI6, STM32G471VCT6, STM32G471VEH3, STM32G471VEH6, STM32G471VEI3, STM32G471VEI6, STM32G471VET3, STM32G471VET6, STM32G473QET3Z, STM32G473RET3Z, STM32G474CCT6, STM32G491RET3Z, STM32H503CBT6, STM32H503CBU6, STM32H503EBY6TR, STM32H503KBU6, STM32H503RBT6, STM32H523CCT6, STM32H523CCU6, STM32H523CET6, STM32H523CEU6, STM32H523HEY6TR, STM32H523RCT6, STM32H523RET6, STM32H523VCI6, STM32H523VCT6, STM32H523VEI6, STM32H523VET6, STM32H523ZCJ6, STM32H523ZCT6, STM32H523ZEJ6, STM32H523ZET6, STM32H533CET6, STM32H533CEU6, STM32H533HEY6TR, STM32H533RET6, STM32H533VEI6, STM32H533VET6, STM32H533ZEJ6, STM32H533ZET6, STM32H562AGI6, STM32H562AII6, STM32H562IGK6, STM32H562IGT6, STM32H562IIK6, STM32H562IIT6, STM32H562RGT6, STM32H562RGV6, STM32H562RIT6, STM32H562RIV6, STM32H562VGT6, STM32H562VIT6, STM32H562ZGT6, STM32H562ZIT6, STM32H563AGI6, STM32H563AII3Q, STM32H563AII6, STM32H563IGK6, STM32H563IGT6, STM32H563IIK3Q, STM32H563IIK6, STM32H563IIT3Q, STM32H563IIT6, STM32H563MIY3QTR, STM32H563RGT6, STM32H563RGV6, STM32H563RIT6, STM32H563RIV6, STM32H563VGT6, STM32H563VIT3Q, STM32H563VIT6, STM32H563ZGT6, STM32H563ZIT3Q, STM32H563ZIT6, STM32H573AII3Q, STM32H573AII6, STM32H573I-DK, STM32H573IIK3Q, STM32H573IIK6, STM32H573IIT3Q, STM32H573IIT6, STM32H573MIY3QTR, STM32H573RIT6, STM32H573RIV6, STM32H573VIT3Q, STM32H573VIT6, STM32H573ZIT3Q, STM32H573ZIT6, STM32H7R3A8I6, STM32H7R3I8K6, STM32H7R3I8T6, STM32H7R3L8H6, STM32H7R3L8H6H, STM32H7R3R8V6, STM32H7R3V8H6, STM32H7R3V8T6, STM32H7R3V8Y6TR, STM32H7R3Z8J6, STM32H7R3Z8T6, STM32H7R7A8I6, STM32H7R7I8K6, STM32H7R7I8T6, STM32H7R7L8H6, STM32H7R7L8H6H, STM32H7R7Z8J6, STM32H7S3A8I6, STM32H7S3I8K6, STM32H7S3I8T6, STM32H7S3L8H6, STM32H7S3L8H6H, STM32H7S3R8V6, STM32H7S3V8H6, STM32H7S3V8T6, STM32H7S3V8Y6TR, STM32H7S3Z8J6, STM32H7S3Z8T6, STM32H7S78-DK, STM32H7S7A8I6, STM32H7S7I8K6, STM32H7S7I8T6, STM32H7S7L8H6, STM32H7S7L8H6H, STM32H7S7Z8J6, STM32L4R5QGI6STR, STM32MP131AAE3, STM32MP131AAF3, STM32MP131AAG3, STM32MP131CAE3, STM32MP131CAF3, STM32MP131CAG3, STM32MP131DAE7, STM32MP131DAF7, STM32MP131DAG7, STM32MP131FAE7, STM32MP131FAF7, STM32MP131FAG7, STM32MP133AAE3, STM32MP133AAF3, STM32MP133AAG3, STM32MP133CAE3, STM32MP133CAF3, STM32MP133CAG3, STM32MP133DAE7, STM32MP133DAF7, STM32MP133DAG7, STM32MP133FAE7, STM32MP133FAF7, STM32MP133FAG7, STM32MP135AAE3, STM32MP135AAF3, STM32MP135AAG3, STM32MP135CAE3, STM32MP135CAF3, STM32MP135CAG3, STM32MP135DAE7, STM32MP135DAF7, STM32MP135DAG7, STM32MP135F-DK, STM32MP135FAE7, STM32MP135FAF7, STM32MP135FAF7T, STM32MP135FAF7U, STM32MP135FAG7, STM32MP211AAL3, STM32MP211AAM3, STM32MP211AAN3, STM32MP211AAO3, STM32MP211CAL3, STM32MP211CAM3, STM32MP211CAN3, STM32MP211CAO3, STM32MP211DAL3, STM32MP211DAM3, STM32MP211DAN3, STM32MP211DAO3, STM32MP211FAL3, STM32MP211FAM3, STM32MP211FAN3, STM32MP211FAO3, STM32MP213AAL3, STM32MP213AAM3, STM32MP213AAN3, STM32MP213AAO3, STM32MP213CAL3, STM32MP213CAM3, STM32MP213CAN3, STM32MP213CAO3, STM32MP213DAL3, STM32MP213DAM3, STM32MP213DAN3, STM32MP213DAO3, STM32MP213FAL3, STM32MP213FAM3, STM32MP213FAN3, STM32MP213FAO3, STM32MP215AAL3, STM32MP215AAM3, STM32MP215AAN3, STM32MP215AAO3, STM32MP215CAL3, STM32MP215CAM3, STM32MP215CAN3, STM32MP215CAO3, STM32MP215DAL3, STM32MP215DAM3, STM32MP215DAN3, STM32MP215DAO3, STM32MP215F-DK, STM32MP215FAL3, STM32MP215FAM3, STM32MP215FAN3, STM32MP215FAO3, STM32MP231AAJ3, STM32MP231AAK3, STM32MP231AAL3, STM32MP231CAJ3, STM32MP231CAK3, STM32MP231CAL3, STM32MP231DAJ3, STM32MP231DAK3, STM32MP231DAL3, STM32MP231FAJ3, STM32MP231FAK3, STM32MP231FAL3, STM32MP233AAJ3, STM32MP233AAK3, STM32MP233AAL3, STM32MP233CAJ3, STM32MP233CAK3, STM32MP233CAL3, STM32MP233DAJ3, STM32MP233DAK3, STM32MP233DAL3, STM32MP233FAJ3, STM32MP233FAK3, STM32MP233FAL3, STM32MP235AAJ3, STM32MP235AAK3, STM32MP235AAL3, STM32MP235CAJ3, STM32MP235CAK3, STM32MP235CAL3, STM32MP235DAJ3, STM32MP235DAK3, STM32MP235DAL3, STM32MP235FAJ3, STM32MP235FAK3, STM32MP235FAL3, STM32MP251AAI3, STM32MP251AAK3, STM32MP251AAL3, STM32MP251CAI3, STM32MP251CAK3, STM32MP251CAL3, STM32MP251DAI3, STM32MP251DAK3, STM32MP251DAL3, STM32MP251FAI3, STM32MP251FAK3, STM32MP251FAL3, STM32MP253AAI3, STM32MP253AAK3, STM32MP253AAL3, STM32MP253CAI3, STM32MP253CAK3, STM32MP253CAL3, STM32MP253DAI3, STM32MP253DAK3, STM32MP253DAL3, STM32MP253FAI3, STM32MP253FAK3, STM32MP253FAL3, STM32MP255AAI3, STM32MP255AAK3, STM32MP255AAL3, STM32MP255CAI3, STM32MP255CAK3, STM32MP255CAL3, STM32MP255DAI3, STM32MP255DAK3, STM32MP255DAL3, STM32MP255FAI3, STM32MP255FAK3, STM32MP255FAL3, STM32MP257AAI3, STM32MP257AAK3, STM32MP257AAL3, STM32MP257CAI3, STM32MP257CAK3, STM32MP257CAL3, STM32MP257DAI3, STM32MP257DAK3, STM32MP257DAL3, STM32MP257F-DK, STM32MP257F-EV1, STM32MP257FAI3, STM32MP257FAK3, STM32MP257FAL3, STM32N645A0H3Q, STM32N645B0H3Q, STM32N645I0H3Q, STM32N645L0H3Q, STM32N645X0H3Q, STM32N645Z0H3Q, STM32N647A0H3Q, STM32N647B0H3Q, STM32N647I0H3Q, STM32N647L0H3Q, STM32N647X0H3Q, STM32N647Z0H3Q, STM32N655A0H3Q, STM32N655B0H3Q, STM32N655I0H3Q, STM32N655L0H3Q, STM32N655X0H3Q, STM32N655Z0H3Q, STM32N6570-DK, STM32N657A0H3Q, STM32N657B0H3Q, STM32N657I0H3Q, STM32N657L0H3Q, STM32N657X0H3Q, STM32N657Z0H3Q, STM32U031C6T6, STM32U031C6U6, STM32U031C8T6, STM32U031C8U6, STM32U031F4P6, STM32U031F6P6, STM32U031F8P6, STM32U031G6Y6TR, STM32U031G8Y6TR, STM32U031K4U6, STM32U031K6U6, STM32U031K8U6, STM32U031R6I6, STM32U031R6T6, STM32U031R8I6, STM32U031R8T6, STM32U073C8T6, STM32U073C8U6, STM32U073CBT6, STM32U073CBU6, STM32U073CCT6, STM32U073CCU6, STM32U073H8Y6TR, STM32U073HBY6TR, STM32U073HCY6TR, STM32U073K8U6, STM32U073KBU6, STM32U073KCU6, STM32U073M8I6, STM32U073M8T6, STM32U073MBI6, STM32U073MBT6, STM32U073MCI6, STM32U073MCT6, STM32U073R8I6, STM32U073R8T6, STM32U073RBI6, STM32U073RBT6, STM32U073RCI6, STM32U073RCT6, STM32U083C-DK, STM32U083CCT6, STM32U083CCU6, STM32U083HCY6TR, STM32U083KCU6, STM32U083MCI6, STM32U083MCT6, STM32U083RCI6, STM32U083RCT6, STM32U375CET6, STM32U375CET6Q, STM32U375CEU6, STM32U375CEU6Q, STM32U375CEY6QTR, STM32U375CGT6, STM32U375CGT6Q, STM32U375CGU6, STM32U375CGU6Q, STM32U375CGY6QTR, STM32U375KEU6, STM32U375KGU6, STM32U375REI6, STM32U375REI6Q, STM32U375RET6, STM32U375RET6Q, STM32U375REY6GTR, STM32U375REY6QTR, STM32U375RGI6, STM32U375RGI6Q, STM32U375RGT6, STM32U375RGT6Q, STM32U375RGY6GTR, STM32U375RGY6QTR, STM32U375VEI6, STM32U375VEI6Q, STM32U375VET6, STM32U375VET6Q, STM32U375VGI6, STM32U375VGI6Q, STM32U375VGT6, STM32U375VGT6Q, STM32U385CGT6, STM32U385CGT6Q, STM32U385CGU6, STM32U385CGU6Q, STM32U385CGY6QTR, STM32U385KGU6, STM32U385RGI6, STM32U385RGI6Q, STM32U385RGT6, STM32U385RGT6Q, STM32U385RGY6GTR, STM32U385RGY6QTR, STM32U385VGI6, STM32U385VGI6Q, STM32U385VGT6, STM32U385VGT6Q, STM32U535CBT6, STM32U535CBT6Q, STM32U535CBU6, STM32U535CBU6Q, STM32U535CCT6, STM32U535CCT6Q, STM32U535CCU6, STM32U535CCU6Q, STM32U535CET6, STM32U535CET6Q, STM32U535CEU6, STM32U535CEU6Q, STM32U535JEY6QTR, STM32U535NCY6QTR, STM32U535NEY6QTR, STM32U535RBI6, STM32U535RBI6Q, STM32U535RBT6, STM32U535RBT6Q, STM32U535RCI6, STM32U535RCI6Q, STM32U535RCT6, STM32U535RCT6Q, STM32U535REI6, STM32U535REI6Q, STM32U535RET6, STM32U535RET6Q, STM32U535VCI6, STM32U535VCI6Q, STM32U535VCT6, STM32U535VCT6Q, STM32U535VEI6, STM32U535VEI6Q, STM32U535VET6, STM32U535VET6Q, STM32U545CET6, STM32U545CET6Q, STM32U545CEU6, STM32U545CEU6Q, STM32U545JEY6QTR, STM32U545NEY6QTR, STM32U545REI6, STM32U545REI6Q, STM32U545RET6, STM32U545RET6Q, STM32U545VEI6, STM32U545VEI6Q, STM32U545VET6, STM32U545VET6Q, STM32U595AIH6, STM32U595AIH6Q, STM32U595AJH6, STM32U595AJH6Q, STM32U595QII6, STM32U595QII6Q, STM32U595QJI6, STM32U595QJI6Q, STM32U595RIT6, STM32U595RIT6Q, STM32U595RJT6, STM32U595RJT6Q, STM32U595VIT6, STM32U595VIT6Q, STM32U595VJT6, STM32U595VJT6Q, STM32U595ZIT6, STM32U595ZIT6Q, STM32U595ZIY6QTR, STM32U595ZJT6, STM32U595ZJT6Q, STM32U595ZJY6QTR, STM32U599BJY6QTR, STM32U599NIH6Q, STM32U599NJH6Q, STM32U599VIT6Q, STM32U599VJT6, STM32U599VJT6Q, STM32U599ZIT6Q, STM32U599ZIY6QTR, STM32U599ZJT6Q, STM32U599ZJY6QTR, STM32U5A5AJH6, STM32U5A5AJH6Q, STM32U5A5QII3Q , STM32U5A5QJI6, STM32U5A5QJI6Q, STM32U5A5RJT6, STM32U5A5RJT6Q, STM32U5A5VJT6, STM32U5A5VJT6Q, STM32U5A5ZJT6, STM32U5A5ZJT6Q, STM32U5A5ZJY6QTR, STM32U5A9BJY6QTR, STM32U5A9J-DK, STM32U5A9NJH6Q, STM32U5A9VJT6Q, STM32U5A9ZJT6Q, STM32U5A9ZJY6QTR, STM32U5F7VIT6, STM32U5F7VIT6Q, STM32U5F7VJT6, STM32U5F7VJT6Q, STM32U5F9BJY6QTR, STM32U5F9NJH6Q, STM32U5F9VIT6Q, STM32U5F9VJT6Q, STM32U5F9ZIJ6QTR, STM32U5F9ZIT6Q, STM32U5F9ZJJ6QTR, STM32U5F9ZJT6Q, STM32U5G7VJT6, STM32U5G7VJT6Q, STM32U5G9BJY6QTR, STM32U5G9J-DK1, STM32U5G9J-DK2, STM32U5G9NJH6Q, STM32U5G9VJT6Q, STM32U5G9ZJJ6QTR, STM32U5G9ZJT6Q, STM32WB05KZV6TR, STM32WB05KZV7TR, STM32WB05TZF6TR, STM32WB05TZF7TR, STM32WB06CCF6TR, STM32WB06CCF7TR, STM32WB06CCV6TR, STM32WB06CCV7TR, STM32WB06KCV6TR, STM32WB06KCV7TR, STM32WB07CCF6TR, STM32WB07CCF7TR, STM32WB07CCV6TR, STM32WB07CCV7TR, STM32WB07KCV6TR, STM32WB07KCV7TR, STM32WB09KEV6TR, STM32WB09KEV7TR, STM32WB09TEF6TR, STM32WB09TEF7TR, STM32WB1MMCH6, STM32WBA50KGU6, STM32WBA50KGU6TR, STM32WBA52CEU6, STM32WBA52CEU6TR, STM32WBA52CEU7, STM32WBA52CEU7TR, STM32WBA52CGU6, STM32WBA52CGU6TR, STM32WBA52CGU6U, STM32WBA52CGU7, STM32WBA52CGU7TR, STM32WBA52KEU6, STM32WBA52KEU6TR, STM32WBA52KGU6, STM32WBA52KGU6TR, STM32WBA54CEU6, STM32WBA54CEU6TR, STM32WBA54CEU7, STM32WBA54CEU7TR, STM32WBA54CGU6, STM32WBA54CGU6TR, STM32WBA54CGU7, STM32WBA54CGU7TR, STM32WBA54KEU6, STM32WBA54KEU6TR, STM32WBA54KEU7, STM32WBA54KEU7TR, STM32WBA54KGU6, STM32WBA54KGU6TR, STM32WBA54KGU7, STM32WBA54KGU7TR, STM32WBA55CEU6, STM32WBA55CEU6TR, STM32WBA55CEU7, STM32WBA55CEU7TR, STM32WBA55CGU6, STM32WBA55CGU6TR, STM32WBA55CGU6U, STM32WBA55CGU7, STM32WBA55CGU7TR, STM32WBA55G-DK1, STM32WBA55HEF6, STM32WBA55HEF7, STM32WBA55HGF6, STM32WBA55HGF7, STM32WBA55UEI6, STM32WBA55UEI6TR, STM32WBA55UEI7, STM32WBA55UEI7TR, STM32WBA55UGI6, STM32WBA55UGI6TR, STM32WBA55UGI7, STM32WBA55UGI7TR, STM32WBA5MMGH6TR, STM32WBA62MGF6, STM32WBA62MIF6, STM32WBA65MGF7, STM32WBA65MIF6, STM32WBA65MIF7, STM32WL30K8V6, STM32WL30KBV6, STM32WL31C8V6, STM32WL31CBV6, STM32WL31K8V6, STM32WL31KBV6, STM32WL33C8V6, STM32WL33C8V6X, STM32WL33CBV6, STM32WL33CBV6X, STM32WL33CCV6, STM32WL33CCV6A, STM32WL33CCV6X, STM32WL33K8V7, STM32WL33K8V7X, STM32WL33KBV7 , STM32WL33KBV7X, STM32WL33KCV7, STM32WL33KCV7X, STM32WL5MOCH6, STM32WL5MOCH6TR]
2026-03-13 11:51:38,826 [INFO] DbMcus:218 - Found 4922 MCUs, 4922 are supported
2026-03-13 11:51:38,826 [INFO] ApiDb:423 - Load user favorites file /home/kamil/.stm32cubeide/favorites.mcus.txt: 0 item(s)
2026-03-13 11:51:38,826 [INFO] ApiDb:427 - User favorites MCUs=[]
2026-03-13 11:51:38,826 [INFO] DbMcus:224 - Set 0 / 0 favorites MCUs
2026-03-13 11:51:39,131 [INFO] BoardInfo:889 - No configuration file found for board P-NUCLEO-WB55
2026-03-13 11:51:39,131 [INFO] DbBoards:161 - Kit is not supported: P-NUCLEO-WB55
2026-03-13 11:51:39,133 [INFO] BoardInfo:889 - No configuration file found for board STEVAL-BFA001V1B
2026-03-13 11:51:39,133 [INFO] DbBoards:161 - Kit is not supported: STEVAL-BFA001V1B
2026-03-13 11:51:39,134 [INFO] BoardInfo:889 - No configuration file found for board STEVAL-BFA001V2B
2026-03-13 11:51:39,134 [INFO] DbBoards:161 - Kit is not supported: STEVAL-BFA001V2B
2026-03-13 11:51:39,198 [INFO] DbBoards:168 - Found 212 boards, 209 are supported
2026-03-13 11:51:39,198 [INFO] DbBoards:169 - Found 212 boards, 43 of them is supported for  Bsp
2026-03-13 11:51:39,200 [INFO] ApiDb:423 - Load user favorites file /home/kamil/.stm32cubeide/favorites.boards.txt: 0 item(s)
2026-03-13 11:51:39,200 [INFO] ApiDb:427 - User favorites Boards=[]
2026-03-13 11:51:39,200 [INFO] DbBoards:198 - Set 0 / 0 favorites Boards
2026-03-13 11:51:39,248 [INFO] UtilMem:75 - End LoadConfig() Used Memory: 215998848 Bytes (395313152)
2026-03-13 11:51:39,330 [WARN] ThirdParty:833 - waiting for thirdparty lock release [change project]
2026-03-13 11:51:39,331 [INFO] ThirdParty:835 - entering critical section [change project]
2026-03-13 11:51:39,331 [INFO] ThirdParty:1030 - CMSIS Pack Vendor :STMicroelectronics X-CUBE-AZRTOS-H7 3.5.0
2026-03-13 11:51:39,331 [INFO] ThirdParty:1030 - CMSIS Pack Vendor :STMicroelectronics X-CUBE-PM33A1 1.0.0
2026-03-13 11:51:39,331 [INFO] ThirdParty:1030 - CMSIS Pack Vendor :STMicroelectronics USBPD 4.1
2026-03-13 11:51:39,331 [INFO] ThirdParty:1030 - CMSIS Pack Vendor :STMicroelectronics X-CUBE-NFC9 1.0.0
2026-03-13 11:51:39,331 [INFO] ThirdParty:1030 - CMSIS Pack Vendor :STMicroelectronics USB_HOST 2.0.0
2026-03-13 11:51:39,331 [INFO] ThirdParty:1030 - CMSIS Pack Vendor :STMicroelectronics FP-SNS-MOTENVWB1 1.4.0
2026-03-13 11:51:39,331 [INFO] ThirdParty:1030 - CMSIS Pack Vendor :STMicroelectronics X-CUBE-AZRTOS-F4 1.1.0
2026-03-13 11:51:39,331 [INFO] ThirdParty:1030 - CMSIS Pack Vendor :STMicroelectronics LIBJPEG 8.0.0
2026-03-13 11:51:39,331 [INFO] ThirdParty:1030 - CMSIS Pack Vendor :STMicroelectronics FP-ATR-ASTRA1 2.0.2
2026-03-13 11:51:39,331 [INFO] ThirdParty:1030 - CMSIS Pack Vendor :wolfSSL I-CUBE-wolfSSL 5.8.2
2026-03-13 11:51:39,331 [INFO] ThirdParty:1030 - CMSIS Pack Vendor :STMicroelectronics X-CUBE-BLE1 7.1.0
2026-03-13 11:51:39,331 [INFO] ThirdParty:1030 - CMSIS Pack Vendor :STMicroelectronics X-CUBE-SMBUS 2.1.0
2026-03-13 11:51:39,331 [INFO] ThirdParty:1030 - CMSIS Pack Vendor :wolfSSL I-CUBE-wolfMQTT 1.19.2
2026-03-13 11:51:39,331 [INFO] ThirdParty:1030 - CMSIS Pack Vendor :STMicroelectronics USB_DEVICE 3.0.0
2026-03-13 11:51:39,331 [INFO] ThirdParty:1030 - CMSIS Pack Vendor :STMicroelectronics X-CUBE-ISPU 2.1.0
2026-03-13 11:51:39,331 [INFO] ThirdParty:1030 - CMSIS Pack Vendor :STMicroelectronics X-CUBE-FREERTOS 1.4.0
2026-03-13 11:51:39,331 [INFO] ThirdParty:1030 - CMSIS Pack Vendor :STMicroelectronics X-CUBE-EEPRMA1 5.2.0
2026-03-13 11:51:39,331 [INFO] ThirdParty:1030 - CMSIS Pack Vendor :STMicroelectronics X-CUBE-IPS 3.2.0
2026-03-13 11:51:39,331 [INFO] ThirdParty:1030 - CMSIS Pack Vendor :STMicroelectronics X-CUBE-BLEMGR 4.1.0
2026-03-13 11:51:39,331 [INFO] ThirdParty:1030 - CMSIS Pack Vendor :STMicroelectronics X-CUBE-AZRTOS-WB 2.0.0
2026-03-13 11:51:39,331 [INFO] ThirdParty:1030 - CMSIS Pack Vendor :STMicroelectronics X-CUBE-ST60 1.0.0
2026-03-13 11:51:39,331 [INFO] ThirdParty:1030 - CMSIS Pack Vendor :STMicroelectronics X-CUBE-GNSS1 7.0.1
2026-03-13 11:51:39,331 [INFO] ThirdParty:1030 - CMSIS Pack Vendor :STMicroelectronics X-CUBE-NFC12 1.0.0
2026-03-13 11:51:39,331 [INFO] ThirdParty:1030 - CMSIS Pack Vendor :STMicroelectronics X-CUBE-AZRTOS-F7 1.1.0
2026-03-13 11:51:39,331 [INFO] ThirdParty:1030 - CMSIS Pack Vendor :STMicroelectronics X-CUBE-AZRTOS-L5 2.0.0
2026-03-13 11:51:39,331 [INFO] ThirdParty:1030 - CMSIS Pack Vendor :STMicroelectronics USB_DEVICE 2.0.0
2026-03-13 11:51:39,331 [INFO] ThirdParty:1030 - CMSIS Pack Vendor :STMicroelectronics X-CUBE-NFC6 3.1.0
2026-03-13 11:51:39,331 [INFO] ThirdParty:1030 - CMSIS Pack Vendor :STMicroelectronics X-CUBE-ST67W61 1.1.0
2026-03-13 11:51:39,331 [INFO] ThirdParty:1030 - CMSIS Pack Vendor :Cesanta I-CUBE-Mongoose 7.19.0
2026-03-13 11:51:39,331 [INFO] ThirdParty:1030 - CMSIS Pack Vendor :quantropi X-CUBE-qispace-sdk-base 2.1.0
2026-03-13 11:51:39,331 [INFO] ThirdParty:1030 - CMSIS Pack Vendor :STMicroelectronics X-CUBE-MEMS1 12.0.0
2026-03-13 11:51:39,331 [INFO] ThirdParty:1030 - CMSIS Pack Vendor :STMicroelectronics X-CUBE-STSE01 2.0.0
2026-03-13 11:51:39,331 [INFO] ThirdParty:1030 - CMSIS Pack Vendor :STMicroelectronics FP-SNS-MOTENV1 5.1.0
2026-03-13 11:51:39,331 [INFO] ThirdParty:1030 - CMSIS Pack Vendor :STMicroelectronics FreeRTOS 0.0.1
2026-03-13 11:51:39,331 [INFO] ThirdParty:1030 - CMSIS Pack Vendor :STMicroelectronics X-CUBE-AZRTOS-G0 1.1.0
2026-03-13 11:51:39,331 [INFO] ThirdParty:1030 - CMSIS Pack Vendor :STMicroelectronics X-CUBE-SAFEA1 1.2.2
2026-03-13 11:51:39,331 [INFO] ThirdParty:1030 - CMSIS Pack Vendor :STMicroelectronics X-CUBE-NFC4 3.0.0
2026-03-13 11:51:39,331 [INFO] ThirdParty:1030 - CMSIS Pack Vendor :STMicroelectronics X-CUBE-SUBG2 5.0.0
2026-03-13 11:51:39,331 [INFO] ThirdParty:1030 - CMSIS Pack Vendor :STMicroelectronics X-CUBE-AZRTOS-H7RS 1.1.0
2026-03-13 11:51:39,331 [INFO] ThirdParty:1030 - CMSIS Pack Vendor :STMicroelectronics STM32_WPAN 1.0.0
2026-03-13 11:51:39,331 [INFO] ThirdParty:1030 - CMSIS Pack Vendor :EmbeddedOffice I-CUBE-FS-RTOS 1.0.1
2026-03-13 11:51:39,331 [INFO] ThirdParty:1030 - CMSIS Pack Vendor :STMicroelectronics lwIP 2.0.3
2026-03-13 11:51:39,331 [INFO] ThirdParty:1030 - CMSIS Pack Vendor :WES I-CUBE-Cesium 1.4.0
2026-03-13 11:51:39,331 [INFO] ThirdParty:1030 - CMSIS Pack Vendor :STMicroelectronics USB_HOST 1.0.0
2026-03-13 11:51:39,331 [INFO] ThirdParty:1030 - CMSIS Pack Vendor :Infineon AIROC-Wi-Fi-Bluetooth-STM32 1.7.1
2026-03-13 11:51:39,331 [INFO] ThirdParty:1030 - CMSIS Pack Vendor :STMicroelectronics X-CUBE-AZRTOS-G4 2.0.0
2026-03-13 11:51:39,332 [INFO] ThirdParty:1030 - CMSIS Pack Vendor :STMicroelectronics X-CUBE-WB05N 2.0.0
2026-03-13 11:51:39,332 [INFO] ThirdParty:1030 - CMSIS Pack Vendor :STMicroelectronics PDM2PCM 3.1.0
2026-03-13 11:51:39,332 [INFO] ThirdParty:1030 - CMSIS Pack Vendor :STMicroelectronics PDM2PCM 3.3.0
2026-03-13 11:51:39,332 [INFO] ThirdParty:1030 - CMSIS Pack Vendor :wolfSSL I-CUBE-wolfTPM 3.8.0
2026-03-13 11:51:39,332 [INFO] ThirdParty:1030 - CMSIS Pack Vendor :STMicroelectronics X-CUBE-AZRTOS-H7 3.4.0
2026-03-13 11:51:39,332 [INFO] ThirdParty:1030 - CMSIS Pack Vendor :STMicroelectronics X-CUBE-DISPLAY 3.0.0
2026-03-13 11:51:39,332 [INFO] ThirdParty:1030 - CMSIS Pack Vendor :wolfSSL I-CUBE-wolfSSH 1.4.20
2026-03-13 11:51:39,332 [INFO] ThirdParty:1030 - CMSIS Pack Vendor :STMicroelectronics X-CUBE-NFC7 2.0.0
2026-03-13 11:51:39,332 [INFO] ThirdParty:1030 - CMSIS Pack Vendor :STMicroelectronics FP-SNS-MOTENVWB1 1.5.0
2026-03-13 11:51:39,332 [INFO] ThirdParty:1030 - CMSIS Pack Vendor :STMicroelectronics X-CUBE-TCPP 4.2.0
2026-03-13 11:51:39,332 [INFO] ThirdParty:1030 - CMSIS Pack Vendor :RealThread X-CUBE-RT-Thread_Nano 4.1.1
2026-03-13 11:51:39,332 [INFO] ThirdParty:1030 - CMSIS Pack Vendor :STMicroelectronics FP-ATR-SIGFOX1 3.2.0
2026-03-13 11:51:39,332 [INFO] ThirdParty:1030 - CMSIS Pack Vendor :STMicroelectronics X-CUBE-NFC10 1.0.0
2026-03-13 11:51:39,332 [INFO] ThirdParty:1030 - CMSIS Pack Vendor :STMicroelectronics X-CUBE-FREERTOS 1.3.1
2026-03-13 11:51:39,332 [INFO] ThirdParty:1030 - CMSIS Pack Vendor :STMicroelectronics HAL Drivers 0.0.0
2026-03-13 11:51:39,332 [INFO] ThirdParty:1030 - CMSIS Pack Vendor :STMicroelectronics X-CUBE-FREERTOS 1.5.0
2026-03-13 11:51:39,332 [INFO] ThirdParty:1030 - CMSIS Pack Vendor :STMicroelectronics MBEDTLS 2.16.2
2026-03-13 11:51:39,332 [INFO] ThirdParty:1030 - CMSIS Pack Vendor :STMicroelectronics X-CUBE-ST60 1.1.0
2026-03-13 11:51:39,332 [INFO] ThirdParty:1030 - CMSIS Pack Vendor :STMicroelectronics X-CUBE-ALS 1.0.2
2026-03-13 11:51:39,332 [INFO] ThirdParty:1030 - CMSIS Pack Vendor :emotas I-CUBE-CANOPEN 1.3.0
2026-03-13 11:51:39,332 [INFO] ThirdParty:1030 - CMSIS Pack Vendor :STMicroelectronics MBEDTLS 2.14.1
2026-03-13 11:51:39,332 [INFO] ThirdParty:1030 - CMSIS Pack Vendor :STMicroelectronics X-CUBE-GNSS1 7.1.0
2026-03-13 11:51:39,332 [INFO] ThirdParty:1030 - CMSIS Pack Vendor :ITTIA_DB I-CUBE-ITTIADB 8.9.0
2026-03-13 11:51:39,332 [INFO] ThirdParty:1030 - CMSIS Pack Vendor :STMicroelectronics X-CUBE-TOUCHGFX 4.26.0
2026-03-13 11:51:39,332 [INFO] ThirdParty:1030 - CMSIS Pack Vendor :STMicroelectronics X-CUBE-STSE01 1.0.0
2026-03-13 11:51:39,332 [INFO] ThirdParty:1030 - CMSIS Pack Vendor :STMicroelectronics X-CUBE-TOUCHGFX 4.26.1
2026-03-13 11:51:39,332 [INFO] ThirdParty:1030 - CMSIS Pack Vendor :STMicroelectronics X-CUBE-NFC6 3.2.0
2026-03-13 11:51:39,332 [INFO] ThirdParty:1030 - CMSIS Pack Vendor :STMicroelectronics ThreadX 1.0.0
2026-03-13 11:51:39,332 [INFO] ThirdParty:1030 - CMSIS Pack Vendor :STMicroelectronics FP-SNS-SMARTAG2 1.2.0
2026-03-13 11:51:39,332 [INFO] ThirdParty:1030 - CMSIS Pack Vendor :STMicroelectronics FP-SNS-FLIGHT1 5.1.0
2026-03-13 11:51:39,332 [INFO] ThirdParty:1030 - CMSIS Pack Vendor :STMicroelectronics X-CUBE-AZRTOS-WL 2.0.0
2026-03-13 11:51:39,332 [INFO] ThirdParty:1030 - CMSIS Pack Vendor :SEGGER I-CUBE-embOS 1.3.1
2026-03-13 11:51:39,332 [INFO] ThirdParty:1030 - CMSIS Pack Vendor :STMicroelectronics X-CUBE-ALGOBUILD 1.4.0
2026-03-13 11:51:39,332 [INFO] ThirdParty:1030 - CMSIS Pack Vendor :STMicroelectronics X-CUBE-DPower 1.3.0
2026-03-13 11:51:39,332 [INFO] ThirdParty:1030 - CMSIS Pack Vendor :STMicroelectronics X-CUBE-MEMS1 11.3.0
2026-03-13 11:51:39,332 [INFO] ThirdParty:1030 - CMSIS Pack Vendor :STMicroelectronics FP-SNS-MOTENV1 5.0.0
2026-03-13 11:51:39,332 [INFO] ThirdParty:1030 - CMSIS Pack Vendor :STMicroelectronics USB_DEVICE 1.0.0
2026-03-13 11:51:39,332 [INFO] ThirdParty:1030 - CMSIS Pack Vendor :STMicroelectronics X-CUBE-AZRTOS-H7RS 1.2.0
2026-03-13 11:51:39,332 [INFO] ThirdParty:1030 - CMSIS Pack Vendor :STMicroelectronics X-CUBE-AZRTOS-L4 2.0.0
2026-03-13 11:51:39,332 [INFO] ThirdParty:1030 - CMSIS Pack Vendor :STMicroelectronics ThreadX 0.0.2
2026-03-13 11:51:39,332 [INFO] ThirdParty:1030 - CMSIS Pack Vendor :STMicroelectronics lwIP 2.1.2
2026-03-13 11:51:39,332 [INFO] ThirdParty:1030 - CMSIS Pack Vendor :STMicroelectronics X-CUBE-SFXS2LP1 4.0.0
2026-03-13 11:51:39,332 [INFO] ThirdParty:1030 - CMSIS Pack Vendor :STMicroelectronics X-CUBE-BLE2 3.3.0
2026-03-13 11:51:39,332 [INFO] ThirdParty:1030 - CMSIS Pack Vendor :Avnet-IOTCONNECT X-CUBE-iotc-st67-sdk 1.0.0
2026-03-13 11:51:39,332 [INFO] ThirdParty:1030 - CMSIS Pack Vendor :STMicroelectronics X-CUBE-TOF1 3.4.3
2026-03-13 11:51:39,332 [INFO] ThirdParty:1030 - CMSIS Pack Vendor :STMicroelectronics PDM2PCM 3.2.0
2026-03-13 11:51:39,332 [INFO] ThirdParty:1030 - CMSIS Pack Vendor :STMicroelectronics X-CUBE-ST67W61 1.2.0
2026-03-13 11:51:39,333 [INFO] ThirdParty:841 - exiting critical section [change project]
2026-03-13 11:51:39,622 [INFO] PinOutPanel:1589 - setPackage(No Configuration,No Configuration)
2026-03-13 11:51:39,623 [INFO] PinOutPanel:1589 - setPackage(STM32F446RETx,LQFP64)
2026-03-13 11:51:40,030 [INFO] UtilMem:75 - Before build in PCC Used Memory: 273096848 Bytes (429916160)
2026-03-13 11:51:40,392 [INFO] UtilMem:75 - After build in PCC Used Memory: 213812864 Bytes (429916160)
2026-03-13 11:51:40,416 [INFO] IPUIPlugin:80 - create IPUIPlugin
2026-03-13 11:51:40,416 [INFO] IPUIPlugin:80 - create IPUIPlugin
2026-03-13 11:51:40,416 [INFO] IPUIPlugin:80 - create IPUIPlugin
2026-03-13 11:51:40,417 [INFO] IPUIPlugin:80 - create IPUIPlugin
2026-03-13 11:51:40,417 [INFO] IPUIPlugin:80 - create IPUIPlugin
2026-03-13 11:51:40,417 [INFO] IPUIPlugin:80 - create IPUIPlugin
2026-03-13 11:51:40,417 [INFO] IPUIPlugin:80 - create IPUIPlugin
2026-03-13 11:51:40,417 [INFO] IPUIPlugin:80 - create IPUIPlugin
2026-03-13 11:51:40,417 [INFO] IPUIPlugin:80 - create IPUIPlugin
2026-03-13 11:51:40,418 [INFO] IPUIPlugin:80 - create IPUIPlugin
2026-03-13 11:51:40,418 [INFO] IPUIPlugin:80 - create IPUIPlugin
2026-03-13 11:51:40,418 [INFO] IPUIPlugin:80 - create IPUIPlugin
2026-03-13 11:51:40,418 [INFO] IPUIPlugin:80 - create IPUIPlugin
2026-03-13 11:51:40,418 [INFO] IPUIPlugin:80 - create IPUIPlugin
2026-03-13 11:51:40,419 [INFO] IPUIPlugin:80 - create IPUIPlugin
2026-03-13 11:51:40,419 [INFO] IPUIPlugin:80 - create IPUIPlugin
2026-03-13 11:51:40,419 [INFO] IPUIPlugin:80 - create IPUIPlugin
2026-03-13 11:51:40,419 [INFO] IPUIPlugin:80 - create IPUIPlugin
2026-03-13 11:51:40,419 [INFO] IPUIPlugin:80 - create IPUIPlugin
2026-03-13 11:51:40,419 [INFO] IPUIPlugin:80 - create IPUIPlugin
2026-03-13 11:51:40,420 [INFO] IPUIPlugin:80 - create IPUIPlugin
2026-03-13 11:51:40,420 [INFO] IPUIPlugin:80 - create IPUIPlugin
2026-03-13 11:51:40,420 [INFO] IPUIPlugin:80 - create IPUIPlugin
2026-03-13 11:51:40,421 [INFO] IPUIPlugin:80 - create IPUIPlugin
2026-03-13 11:51:40,421 [INFO] IPUIPlugin:80 - create IPUIPlugin
2026-03-13 11:51:40,421 [INFO] IPUIPlugin:80 - create IPUIPlugin
2026-03-13 11:51:40,421 [INFO] IPUIPlugin:80 - create IPUIPlugin
2026-03-13 11:51:40,422 [INFO] IPUIPlugin:80 - create IPUIPlugin
2026-03-13 11:51:40,422 [INFO] IPUIPlugin:80 - create IPUIPlugin
2026-03-13 11:51:40,422 [INFO] IPUIPlugin:80 - create IPUIPlugin
2026-03-13 11:51:40,422 [INFO] IPUIPlugin:80 - create IPUIPlugin
2026-03-13 11:51:40,423 [INFO] IPUIPlugin:80 - create IPUIPlugin
2026-03-13 11:51:40,423 [INFO] IPUIPlugin:80 - create IPUIPlugin
2026-03-13 11:51:40,423 [INFO] IPUIPlugin:80 - create IPUIPlugin
2026-03-13 11:51:40,423 [INFO] IPUIPlugin:80 - create IPUIPlugin
2026-03-13 11:51:40,424 [INFO] IPUIPlugin:80 - create IPUIPlugin
2026-03-13 11:51:40,424 [INFO] IPUIPlugin:80 - create IPUIPlugin
2026-03-13 11:51:40,424 [INFO] IPUIPlugin:80 - create IPUIPlugin
2026-03-13 11:51:40,424 [INFO] IPUIPlugin:80 - create IPUIPlugin
2026-03-13 11:51:40,424 [INFO] IPUIPlugin:80 - create IPUIPlugin
2026-03-13 11:51:40,425 [INFO] IPUIPlugin:80 - create IPUIPlugin
2026-03-13 11:51:40,425 [INFO] IPUIPlugin:80 - create IPUIPlugin
2026-03-13 11:51:40,425 [INFO] IPUIPlugin:80 - create IPUIPlugin
2026-03-13 11:51:40,425 [INFO] IPUIPlugin:80 - create IPUIPlugin
2026-03-13 11:51:40,425 [INFO] IPUIPlugin:80 - create IPUIPlugin
2026-03-13 11:51:40,426 [INFO] IPUIPlugin:80 - create IPUIPlugin
2026-03-13 11:51:40,426 [INFO] IPUIPlugin:80 - create IPUIPlugin
2026-03-13 11:51:40,426 [INFO] IPUIPlugin:80 - create IPUIPlugin
2026-03-13 11:51:40,426 [INFO] IPUIPlugin:80 - create IPUIPlugin
2026-03-13 11:51:40,426 [INFO] IPUIPlugin:80 - create IPUIPlugin
2026-03-13 11:51:40,426 [INFO] IPUIPlugin:80 - create IPUIPlugin
2026-03-13 11:51:40,426 [INFO] IPUIPlugin:80 - create IPUIPlugin
2026-03-13 11:51:40,426 [INFO] IPUIPlugin:80 - create IPUIPlugin
2026-03-13 11:51:40,427 [INFO] IPUIPlugin:80 - create IPUIPlugin
2026-03-13 11:51:40,427 [INFO] IPUIPlugin:80 - create IPUIPlugin
2026-03-13 11:51:40,427 [INFO] IPUIPlugin:80 - create IPUIPlugin
2026-03-13 11:51:40,427 [INFO] IPUIPlugin:80 - create IPUIPlugin
2026-03-13 11:51:40,427 [INFO] IPUIPlugin:80 - create IPUIPlugin
2026-03-13 11:51:40,428 [INFO] IPUIPlugin:80 - create IPUIPlugin
2026-03-13 11:51:40,428 [INFO] IPUIPlugin:80 - create IPUIPlugin
2026-03-13 11:51:40,457 [INFO] ApiDbMcu:532 - Load IP Config File for PDM2PCM
2026-03-13 11:51:40,463 [INFO] Can:71 - Can Add PropertyChangeListener com.st.microxplorer.plugins.ip.can.Can@3e3c9ebc
2026-03-13 11:51:40,465 [WARN] IP:2250 - I2C_Coeff_DF not found: check if there is a RefParameter without a condition.
2026-03-13 11:51:40,465 [WARN] IP:2250 - Analog_Filter not found: check if there is a RefParameter without a condition.
2026-03-13 11:51:40,582 [INFO] CADModel:165 - CPN selected for project levelSTM32F446RET6
2026-03-13 11:51:40,582 [INFO] CADModel:114 - Register for checkConnection events
2026-03-13 11:51:40,619 [INFO] OpenFileManager:386 - Restore cursor
2026-03-13 11:51:40,787 [WARN] IP:2250 - I2C_Coeff_DF not found: check if there is a RefParameter without a condition.
2026-03-13 11:51:40,788 [WARN] IP:2250 - Analog_Filter not found: check if there is a RefParameter without a condition.
2026-03-13 11:51:40,788 [WARN] IP:2250 - I2C_Coeff_DF not found: check if there is a RefParameter without a condition.
2026-03-13 11:51:40,788 [WARN] IP:2250 - Analog_Filter not found: check if there is a RefParameter without a condition.
2026-03-13 11:51:54,265 [INFO] Gpio:278 - dependency for GPIO [CAN1, I2C3, RCC, SYS, TIM9]
2026-03-13 11:51:55,595 [INFO] WebApp:194 - Connection lost
2026-03-13 11:51:55,779 [INFO] WebApp:191 - Connection restablished
2026-03-13 11:52:29,687 [INFO] UtilMem:75 - End SaveConfig() Used Memory: 749743584 Bytes (986710016)
2026-03-13 11:52:32,417 [INFO] UtilMem:75 - End SaveConfig() Used Memory: 809512416 Bytes (986710016)
2026-03-13 11:52:34,117 [INFO] UtilMem:75 - End SaveConfig() Used Memory: 647395360 Bytes (986710016)
2026-03-13 11:52:34,494 [INFO] BlockDiagram:2775 - set Specific Code input for plugin: TIM6_7
2026-03-13 11:52:34,494 [INFO] BlockDiagram:2775 - set Specific Code input for plugin: CAN
2026-03-13 11:52:34,494 [INFO] BlockDiagram:2775 - set Specific Code input for plugin: SYS
2026-03-13 11:52:34,495 [INFO] BlockDiagram:2775 - set Specific Code input for plugin: RCC
2026-03-13 11:52:34,495 [INFO] BlockDiagram:2775 - set Specific Code input for plugin: I2C
2026-03-13 11:52:34,495 [INFO] BlockDiagram:2775 - set Specific Code input for plugin: NVIC
2026-03-13 11:52:34,495 [INFO] BlockDiagram:2775 - set Specific Code input for plugin: TIM1_8
2026-03-13 11:52:34,495 [INFO] BlockDiagram:2775 - set Specific Code input for plugin: DMA
2026-03-13 11:52:34,495 [INFO] BlockDiagram:2775 - set Specific Code input for plugin: TIM1_8
2026-03-13 11:52:34,495 [INFO] BlockDiagram:2775 - set Specific Code input for plugin: GPIO
2026-03-13 11:52:34,495 [INFO] CodeGenerator:892 - code generatio: config db path: /opt/st/stm32cubeide_1.19.0/plugins/com.st.stm32cube.common.mx_6.15.0.202507011659//db/
2026-03-13 11:52:34,501 [WARN] IP:2250 - I2C_Coeff_DF not found: check if there is a RefParameter without a condition.
2026-03-13 11:52:34,501 [WARN] IP:2250 - Analog_Filter not found: check if there is a RefParameter without a condition.
2026-03-13 11:52:34,652 [INFO] CodeEngine:265 - oldGeneratedFile, /home/kamil/STM32CubeIDE/workspace_1.19.0/PCB_STM/MXTmpFiles/license.tmp_save
2026-03-13 11:52:34,902 [INFO] CodeEngine:289 - Generated code: /home/kamil/STM32CubeIDE/workspace_1.19.0/PCB_STM/MXTmpFiles/license.tmp
2026-03-13 11:52:34,974 [INFO] CodeEngine:265 - oldGeneratedFile, /home/kamil/STM32CubeIDE/workspace_1.19.0/PCB_STM/MXTmpFiles/gpio.tmp_save
2026-03-13 11:52:35,065 [INFO] CodeEngine:289 - Generated code: /home/kamil/STM32CubeIDE/workspace_1.19.0/PCB_STM/MXTmpFiles/gpio.tmp
2026-03-13 11:52:35,316 [INFO] CodeEngine:265 - oldGeneratedFile, /home/kamil/STM32CubeIDE/workspace_1.19.0/PCB_STM/MXTmpFiles/dma.tmp_save
2026-03-13 11:52:35,374 [INFO] CodeEngine:289 - Generated code: /home/kamil/STM32CubeIDE/workspace_1.19.0/PCB_STM/MXTmpFiles/dma.tmp
2026-03-13 11:52:35,376 [INFO] CodeEngine:265 - oldGeneratedFile, /home/kamil/STM32CubeIDE/workspace_1.19.0/PCB_STM/MXTmpFiles/dma_GV.tmp_save
2026-03-13 11:52:35,435 [INFO] CodeEngine:289 - Generated code: /home/kamil/STM32CubeIDE/workspace_1.19.0/PCB_STM/MXTmpFiles/dma_GV.tmp
2026-03-13 11:52:35,446 [INFO] CodeEngine:265 - oldGeneratedFile, /home/kamil/STM32CubeIDE/workspace_1.19.0/PCB_STM/Core/Src/stm32f4xx_it.c_save
2026-03-13 11:52:35,545 [INFO] CodeEngine:289 - Generated code: /home/kamil/STM32CubeIDE/workspace_1.19.0/PCB_STM/Core/Src/stm32f4xx_it.c
2026-03-13 11:52:35,547 [INFO] CodeEngine:265 - oldGeneratedFile, /home/kamil/STM32CubeIDE/workspace_1.19.0/PCB_STM/Core/Inc/stm32f4xx_it.h_save
2026-03-13 11:52:35,598 [INFO] CodeEngine:289 - Generated code: /home/kamil/STM32CubeIDE/workspace_1.19.0/PCB_STM/Core/Inc/stm32f4xx_it.h
2026-03-13 11:52:35,606 [INFO] CodeEngine:265 - oldGeneratedFile, /home/kamil/STM32CubeIDE/workspace_1.19.0/PCB_STM/Core/Src/stm32f4xx_hal_msp.c_save
2026-03-13 11:52:35,690 [INFO] CodeEngine:289 - Generated code: /home/kamil/STM32CubeIDE/workspace_1.19.0/PCB_STM/Core/Src/stm32f4xx_hal_msp.c
2026-03-13 11:52:35,692 [INFO] CodeEngine:265 - oldGeneratedFile, /home/kamil/STM32CubeIDE/workspace_1.19.0/PCB_STM/MXTmpFiles/system.tmp_save
2026-03-13 11:52:35,734 [INFO] CodeEngine:289 - Generated code: /home/kamil/STM32CubeIDE/workspace_1.19.0/PCB_STM/MXTmpFiles/system.tmp
2026-03-13 11:52:35,736 [INFO] CodeEngine:265 - oldGeneratedFile, /home/kamil/STM32CubeIDE/workspace_1.19.0/PCB_STM/Core/Inc/stm32_assert.h_save
2026-03-13 11:52:35,771 [INFO] CodeEngine:289 - Generated code: /home/kamil/STM32CubeIDE/workspace_1.19.0/PCB_STM/Core/Inc/stm32_assert.h
2026-03-13 11:52:35,773 [INFO] CodeEngine:321 - oldGeneratedFile, /home/kamil/STM32CubeIDE/workspace_1.19.0/PCB_STM/Core/Inc/stm32f4xx_hal_conf.h_save
2026-03-13 11:52:35,813 [INFO] CodeEngine:345 - Generated code: /home/kamil/STM32CubeIDE/workspace_1.19.0/PCB_STM/Core/Inc/stm32f4xx_hal_conf.h
2026-03-13 11:52:35,831 [WARN] IPConfigManager:3238 - Warning: the RefConfig PLL2P_FOR_MCO is not available in your config.xml file
2026-03-13 11:52:35,835 [INFO] ApiDbMcu:532 - Load IP Config File for CAN1
2026-03-13 11:52:35,837 [INFO] ApiDbMcu:532 - Load IP Config File for I2C3
2026-03-13 11:52:35,843 [INFO] ApiDbMcu:532 - Load IP Config File for TIM6
2026-03-13 11:52:35,849 [INFO] ApiDbMcu:532 - Load IP Config File for TIM9
2026-03-13 11:52:35,855 [INFO] ApiDbMcu:532 - Load IP Config File for TIM10
2026-03-13 11:52:35,857 [INFO] ApiDbMcu:532 - Load IP Config File for RCC
2026-03-13 11:52:35,859 [WARN] IPConfigManager:3811 - IP not found : TIM
2026-03-13 11:52:35,859 [WARN] CodeGenerator:4259 - IP not found : null
2026-03-13 11:52:35,863 [INFO] CodeEngine:265 - oldGeneratedFile, /home/kamil/STM32CubeIDE/workspace_1.19.0/PCB_STM/Core/Inc/main.h_save
2026-03-13 11:52:35,937 [INFO] CodeEngine:289 - Generated code: /home/kamil/STM32CubeIDE/workspace_1.19.0/PCB_STM/Core/Inc/main.h
2026-03-13 11:52:35,939 [INFO] CodeEngine:265 - oldGeneratedFile, /home/kamil/STM32CubeIDE/workspace_1.19.0/PCB_STM/Core/Src/main.c_save
2026-03-13 11:52:36,035 [INFO] CodeEngine:289 - Generated code: /home/kamil/STM32CubeIDE/workspace_1.19.0/PCB_STM/Core/Src/main.c
2026-03-13 11:52:36,248 [INFO] ProjectBuilder:3606 - Time for Copy HAL[1] : 51mS.
2026-03-13 11:52:36,252 [INFO] ProjectBuilder:5216 - Project Generator version: 4.7.0-B52
2026-03-13 11:52:36,344 [INFO] ConfigFileManager:1595 - The Die is : DIE421
2026-03-13 11:52:36,352 [INFO] ApiDbMcu:532 - Load IP Config File for FATFS
2026-03-13 11:52:36,355 [INFO] ApiDbMcu:532 - Load IP Config File for FREERTOS
2026-03-13 11:52:36,357 [INFO] ApiDbMcu:532 - Load IP Config File for LIBJPEG
2026-03-13 11:52:36,363 [INFO] ApiDbMcu:532 - Load IP Config File for MBEDTLS
2026-03-13 11:52:36,370 [INFO] ApiDbMcu:532 - Load IP Config File for USB_DEVICE
2026-03-13 11:52:36,373 [INFO] ApiDbMcu:532 - Load IP Config File for USB_HOST
2026-03-13 11:52:36,614 [INFO] LogOutputStream:77 - [STDOUT_REDIRECT] 
2026-03-13 11:52:37,074 [INFO] ProjectBuilder:5496 - Time for Generating toolchain IDE Files: 822mS.
2026-03-13 11:52:37,075 [INFO] ProjectBuilder:3463 - Time for Copy CMSIS : 0mS.
2026-03-13 11:52:37,075 [INFO] ProjectBuilder:3463 - Time for Copy CMSIS : 0mS.
2026-03-13 11:53:03,455 [INFO] WebApp:194 - Connection lost
2026-03-13 11:53:03,584 [INFO] WebApp:191 - Connection restablished
2026-03-13 11:55:20,710 [INFO] WebApp:194 - Connection lost
2026-03-13 11:55:20,946 [INFO] WebApp:191 - Connection restablished
2026-03-13 11:55:29,831 [INFO] Gpio:278 - dependency for GPIO [CAN1, I2C3, RCC, SYS, TIM9]
2026-03-13 11:55:29,943 [WARN] IP:2250 - I2C_Coeff_DF not found: check if there is a RefParameter without a condition.
2026-03-13 11:55:29,943 [WARN] IP:2250 - Analog_Filter not found: check if there is a RefParameter without a condition.
2026-03-13 11:55:29,943 [WARN] IP:2250 - I2C_Coeff_DF not found: check if there is a RefParameter without a condition.
2026-03-13 11:55:29,943 [WARN] IP:2250 - Analog_Filter not found: check if there is a RefParameter without a condition.
2026-03-13 11:55:29,981 [WARN] IP:2250 - I2C_Coeff_DF not found: check if there is a RefParameter without a condition.
2026-03-13 11:55:29,982 [WARN] IP:2250 - Analog_Filter not found: check if there is a RefParameter without a condition.
2026-03-13 11:55:30,016 [WARN] IP:2250 - I2C_Coeff_DF not found: check if there is a RefParameter without a condition.
2026-03-13 11:55:30,016 [WARN] IP:2250 - Analog_Filter not found: check if there is a RefParameter without a condition.
2026-03-13 11:55:30,040 [INFO] Gpio:278 - dependency for GPIO [CAN1, I2C3, RCC, SYS, TIM9]
2026-03-13 11:56:31,745 [INFO] WebApp:194 - Connection lost
2026-03-13 11:56:31,873 [INFO] WebApp:191 - Connection restablished
2026-03-13 11:58:48,027 [INFO] WebApp:194 - Connection lost
2026-03-13 11:58:48,170 [INFO] WebApp:191 - Connection restablished
2026-03-13 11:59:28,670 [INFO] WebApp:194 - Connection lost
2026-03-13 11:59:28,849 [INFO] WebApp:191 - Connection restablished
2026-03-13 12:04:40,814 [INFO] WebApp:194 - Connection lost
2026-03-13 12:04:42,442 [INFO] WebApp:191 - Connection restablished
2026-03-13 12:05:17,169 [INFO] WebApp:194 - Connection lost
2026-03-13 12:05:17,294 [INFO] WebApp:191 - Connection restablished
2026-03-13 12:05:52,944 [INFO] WebApp:194 - Connection lost
2026-03-13 12:05:53,067 [INFO] WebApp:191 - Connection restablished
2026-03-13 12:23:52,475 [INFO] WebApp:194 - Connection lost
2026-03-13 12:24:03,833 [INFO] WebApp:191 - Connection restablished
2026-03-13 12:25:41,645 [INFO] WebApp:194 - Connection lost
2026-03-13 12:25:42,247 [INFO] WebApp:191 - Connection restablished
2026-03-13 12:26:06,807 [WARN] IP:2250 - DEVICE_SERIAL0_CDC_FS not found: check if there is a RefParameter without a condition.
2026-03-13 12:26:06,807 [WARN] IP:2250 - DEVICE_SERIAL1_CDC_FS not found: check if there is a RefParameter without a condition.
2026-03-13 12:26:06,807 [WARN] IP:2250 - DEVICE_SERIAL2_CDC_FS not found: check if there is a RefParameter without a condition.
2026-03-13 12:26:06,808 [WARN] IP:2250 - DEVICE_SERIAL0_CDC_FS not found: check if there is a RefParameter without a condition.
2026-03-13 12:26:06,808 [WARN] IP:2250 - DEVICE_SERIAL1_CDC_FS not found: check if there is a RefParameter without a condition.
2026-03-13 12:26:06,808 [WARN] IP:2250 - DEVICE_SERIAL2_CDC_FS not found: check if there is a RefParameter without a condition.
2026-03-13 12:26:06,831 [WARN] IP:2250 - DEVICE_SERIAL0_CDC_FS not found: check if there is a RefParameter without a condition.
2026-03-13 12:26:06,831 [WARN] IP:2250 - DEVICE_SERIAL1_CDC_FS not found: check if there is a RefParameter without a condition.
2026-03-13 12:26:06,831 [WARN] IP:2250 - DEVICE_SERIAL2_CDC_FS not found: check if there is a RefParameter without a condition.
2026-03-13 12:26:11,337 [INFO] UtilMem:75 - End SaveConfig() Used Memory: 621180904 Bytes (1073741824)
2026-03-13 12:26:13,004 [INFO] UtilMem:75 - End SaveConfig() Used Memory: 668366824 Bytes (1073741824)
2026-03-13 12:26:15,306 [INFO] WebApp:194 - Connection lost
2026-03-13 12:26:15,436 [INFO] WebApp:191 - Connection restablished
2026-03-13 12:26:15,575 [INFO] UtilMem:75 - End SaveConfig() Used Memory: 787382248 Bytes (1073741824)
2026-03-13 12:26:15,689 [INFO] BlockDiagram:2775 - set Specific Code input for plugin: TIM6_7
2026-03-13 12:26:15,689 [INFO] BlockDiagram:2775 - set Specific Code input for plugin: CAN
2026-03-13 12:26:15,689 [INFO] BlockDiagram:2775 - set Specific Code input for plugin: USB_DEVICE
2026-03-13 12:26:15,689 [INFO] BlockDiagram:2775 - set Specific Code input for plugin: SYS
2026-03-13 12:26:15,689 [INFO] BlockDiagram:2775 - set Specific Code input for plugin: RCC
2026-03-13 12:26:15,689 [INFO] BlockDiagram:2775 - set Specific Code input for plugin: I2C
2026-03-13 12:26:15,689 [INFO] BlockDiagram:2775 - set Specific Code input for plugin: USB_OTG_FS
2026-03-13 12:26:15,689 [INFO] BlockDiagram:2775 - set Specific Code input for plugin: NVIC
2026-03-13 12:26:15,689 [INFO] BlockDiagram:2775 - set Specific Code input for plugin: TIM1_8
2026-03-13 12:26:15,689 [INFO] BlockDiagram:2775 - set Specific Code input for plugin: DMA
2026-03-13 12:26:15,689 [INFO] BlockDiagram:2775 - set Specific Code input for plugin: TIM1_8
2026-03-13 12:26:15,689 [INFO] BlockDiagram:2775 - set Specific Code input for plugin: GPIO
2026-03-13 12:26:15,689 [INFO] CodeGenerator:892 - code generatio: config db path: /opt/st/stm32cubeide_1.19.0/plugins/com.st.stm32cube.common.mx_6.15.0.202507011659//db/
2026-03-13 12:26:15,693 [WARN] IP:2250 - I2C_Coeff_DF not found: check if there is a RefParameter without a condition.
2026-03-13 12:26:15,693 [WARN] IP:2250 - Analog_Filter not found: check if there is a RefParameter without a condition.
2026-03-13 12:26:15,694 [INFO] Argument:325 - Argument : hdmavalue: null
2026-03-13 12:26:15,694 [INFO] Argument:327 - 	 sub Args: 
2026-03-13 12:26:15,694 [INFO] Argument:325 - Argument : Instancevalue: DMA1_Stream2
2026-03-13 12:26:15,694 [INFO] Argument:335 - Argument : Instancevalue: DMA1_Stream2
2026-03-13 12:26:15,694 [INFO] Argument:325 - Argument : Initvalue: null
2026-03-13 12:26:15,694 [INFO] Argument:327 - 	 sub Args: 
2026-03-13 12:26:15,694 [INFO] Argument:325 - Argument : Channelvalue: DMA_CHANNEL_3
2026-03-13 12:26:15,694 [INFO] Argument:335 - Argument : Channelvalue: DMA_CHANNEL_3
2026-03-13 12:26:15,694 [INFO] Argument:325 - Argument : Directionvalue: DMA_PERIPH_TO_MEMORY
2026-03-13 12:26:15,694 [INFO] Argument:335 - Argument : Directionvalue: DMA_PERIPH_TO_MEMORY
2026-03-13 12:26:15,694 [INFO] Argument:325 - Argument : PeriphIncvalue: DMA_PINC_DISABLE
2026-03-13 12:26:15,694 [INFO] Argument:335 - Argument : PeriphIncvalue: DMA_PINC_DISABLE
2026-03-13 12:26:15,694 [INFO] Argument:325 - Argument : MemIncvalue: DMA_MINC_ENABLE
2026-03-13 12:26:15,694 [INFO] Argument:335 - Argument : MemIncvalue: DMA_MINC_ENABLE
2026-03-13 12:26:15,694 [INFO] Argument:325 - Argument : PeriphDataAlignmentvalue: DMA_PDATAALIGN_BYTE
2026-03-13 12:26:15,694 [INFO] Argument:335 - Argument : PeriphDataAlignmentvalue: DMA_PDATAALIGN_BYTE
2026-03-13 12:26:15,694 [INFO] Argument:325 - Argument : MemDataAlignmentvalue: DMA_MDATAALIGN_BYTE
2026-03-13 12:26:15,694 [INFO] Argument:335 - Argument : MemDataAlignmentvalue: DMA_MDATAALIGN_BYTE
2026-03-13 12:26:15,694 [INFO] Argument:325 - Argument : Modevalue: DMA_NORMAL
2026-03-13 12:26:15,694 [INFO] Argument:335 - Argument : Modevalue: DMA_NORMAL
2026-03-13 12:26:15,694 [INFO] Argument:325 - Argument : Priorityvalue: DMA_PRIORITY_HIGH
2026-03-13 12:26:15,694 [INFO] Argument:335 - Argument : Priorityvalue: DMA_PRIORITY_HIGH
2026-03-13 12:26:15,694 [INFO] Argument:325 - Argument : FIFOModevalue: DMA_FIFOMODE_DISABLE
2026-03-13 12:26:15,694 [INFO] Argument:335 - Argument : FIFOModevalue: DMA_FIFOMODE_DISABLE
2026-03-13 12:26:15,694 [INFO] Argument:325 - Argument : FIFOThresholdvalue: null
2026-03-13 12:26:15,694 [INFO] Argument:335 - Argument : FIFOThresholdvalue: null
2026-03-13 12:26:15,694 [INFO] Argument:325 - Argument : MemBurstvalue: null
2026-03-13 12:26:15,694 [INFO] Argument:335 - Argument : MemBurstvalue: null
2026-03-13 12:26:15,694 [INFO] Argument:325 - Argument : PeriphBurstvalue: null
2026-03-13 12:26:15,694 [INFO] Argument:335 - Argument : PeriphBurstvalue: null
2026-03-13 12:26:15,694 [INFO] Argument:325 - Argument : Lockvalue: null
2026-03-13 12:26:15,694 [INFO] Argument:335 - Argument : Lockvalue: null
2026-03-13 12:26:15,694 [INFO] Argument:325 - Argument : Statevalue: null
2026-03-13 12:26:15,694 [INFO] Argument:335 - Argument : Statevalue: null
2026-03-13 12:26:15,694 [INFO] Argument:325 - Argument : Parentvalue: null
2026-03-13 12:26:15,694 [INFO] Argument:335 - Argument : Parentvalue: null
2026-03-13 12:26:15,694 [INFO] Argument:325 - Argument : XferCpltCallbackvalue: null
2026-03-13 12:26:15,694 [INFO] Argument:335 - Argument : XferCpltCallbackvalue: null
2026-03-13 12:26:15,694 [INFO] Argument:325 - Argument : XferHalfCpltCallbackvalue: null
2026-03-13 12:26:15,694 [INFO] Argument:335 - Argument : XferHalfCpltCallbackvalue: null
2026-03-13 12:26:15,694 [INFO] Argument:325 - Argument : XferM1CpltCallbackvalue: null
2026-03-13 12:26:15,694 [INFO] Argument:335 - Argument : XferM1CpltCallbackvalue: null
2026-03-13 12:26:15,694 [INFO] Argument:325 - Argument : XferErrorCallbackvalue: null
2026-03-13 12:26:15,694 [INFO] Argument:335 - Argument : XferErrorCallbackvalue: null
2026-03-13 12:26:15,694 [INFO] Argument:325 - Argument : ErrorCodevalue: null
2026-03-13 12:26:15,694 [INFO] Argument:335 - Argument : ErrorCodevalue: null
2026-03-13 12:26:15,712 [WARN] IP:2250 - DEVICE_SERIAL0_CDC_FS not found: check if there is a RefParameter without a condition.
2026-03-13 12:26:15,712 [WARN] IP:2250 - DEVICE_SERIAL1_CDC_FS not found: check if there is a RefParameter without a condition.
2026-03-13 12:26:15,712 [WARN] IP:2250 - DEVICE_SERIAL2_CDC_FS not found: check if there is a RefParameter without a condition.
2026-03-13 12:26:15,761 [INFO] CodeEngine:265 - oldGeneratedFile, /home/kamil/STM32CubeIDE/workspace_1.19.0/PCB_STM/MXTmpFiles/license.tmp_save
2026-03-13 12:26:15,918 [INFO] CodeEngine:289 - Generated code: /home/kamil/STM32CubeIDE/workspace_1.19.0/PCB_STM/MXTmpFiles/license.tmp
2026-03-13 12:26:15,957 [INFO] CodeEngine:265 - oldGeneratedFile, /home/kamil/STM32CubeIDE/workspace_1.19.0/PCB_STM/MXTmpFiles/gpio.tmp_save
2026-03-13 12:26:16,037 [INFO] CodeEngine:289 - Generated code: /home/kamil/STM32CubeIDE/workspace_1.19.0/PCB_STM/MXTmpFiles/gpio.tmp
2026-03-13 12:26:16,084 [WARN] IPConfigManager:3238 - Warning: the RefConfig PWREx_EnableUSBVoltageDetector is not available in your config.xml file
2026-03-13 12:26:16,090 [INFO] CodeEngine:265 - oldGeneratedFile, /home/kamil/STM32CubeIDE/workspace_1.19.0/PCB_STM/MXTmpFiles/usb_otg_fs_vars.tmp_save
2026-03-13 12:26:16,162 [INFO] CodeEngine:289 - Generated code: /home/kamil/STM32CubeIDE/workspace_1.19.0/PCB_STM/MXTmpFiles/usb_otg_fs_vars.tmp
2026-03-13 12:26:16,164 [INFO] CodeEngine:265 - oldGeneratedFile, /home/kamil/STM32CubeIDE/workspace_1.19.0/PCB_STM/MXTmpFiles/usb_otg_fs_inc.tmp_save
2026-03-13 12:26:16,212 [INFO] CodeEngine:289 - Generated code: /home/kamil/STM32CubeIDE/workspace_1.19.0/PCB_STM/MXTmpFiles/usb_otg_fs_inc.tmp
2026-03-13 12:26:16,215 [INFO] CodeEngine:265 - oldGeneratedFile, /home/kamil/STM32CubeIDE/workspace_1.19.0/PCB_STM/MXTmpFiles/usb_otg_fs_HalInit.tmp_save
2026-03-13 12:26:16,276 [INFO] CodeEngine:289 - Generated code: /home/kamil/STM32CubeIDE/workspace_1.19.0/PCB_STM/MXTmpFiles/usb_otg_fs_HalInit.tmp
2026-03-13 12:26:16,279 [INFO] CodeEngine:265 - oldGeneratedFile, /home/kamil/STM32CubeIDE/workspace_1.19.0/PCB_STM/MXTmpFiles/usb_otg_fs_Msp.tmp_save
2026-03-13 12:26:16,342 [INFO] CodeEngine:289 - Generated code: /home/kamil/STM32CubeIDE/workspace_1.19.0/PCB_STM/MXTmpFiles/usb_otg_fs_Msp.tmp
2026-03-13 12:26:16,543 [INFO] Middleware:1452 - No code input for Bsp Dependency
2026-03-13 12:26:16,549 [INFO] CodeEngine:265 - oldGeneratedFile, /home/kamil/STM32CubeIDE/workspace_1.19.0/PCB_STM/MXTmpFiles/dma.tmp_save
2026-03-13 12:26:16,592 [INFO] CodeEngine:289 - Generated code: /home/kamil/STM32CubeIDE/workspace_1.19.0/PCB_STM/MXTmpFiles/dma.tmp
2026-03-13 12:26:16,594 [INFO] CodeEngine:265 - oldGeneratedFile, /home/kamil/STM32CubeIDE/workspace_1.19.0/PCB_STM/MXTmpFiles/dma_GV.tmp_save
2026-03-13 12:26:16,639 [INFO] CodeEngine:289 - Generated code: /home/kamil/STM32CubeIDE/workspace_1.19.0/PCB_STM/MXTmpFiles/dma_GV.tmp
2026-03-13 12:26:16,660 [INFO] Middleware:1452 - No code input for Bsp Dependency
2026-03-13 12:26:16,666 [INFO] CodeEngine:265 - oldGeneratedFile, /home/kamil/STM32CubeIDE/workspace_1.19.0/PCB_STM/USB_DEVICE/App/usb_device.c_save
2026-03-13 12:26:16,718 [INFO] CodeEngine:289 - Generated code: /home/kamil/STM32CubeIDE/workspace_1.19.0/PCB_STM/USB_DEVICE/App/usb_device.c
2026-03-13 12:26:16,720 [INFO] CodeEngine:265 - oldGeneratedFile, /home/kamil/STM32CubeIDE/workspace_1.19.0/PCB_STM/USB_DEVICE/App/usb_device.h_save
2026-03-13 12:26:16,759 [INFO] CodeEngine:289 - Generated code: /home/kamil/STM32CubeIDE/workspace_1.19.0/PCB_STM/USB_DEVICE/App/usb_device.h
2026-03-13 12:26:16,762 [INFO] CodeEngine:265 - oldGeneratedFile, /home/kamil/STM32CubeIDE/workspace_1.19.0/PCB_STM/USB_DEVICE/Target/usbd_conf.h_save
2026-03-13 12:26:16,805 [INFO] CodeEngine:289 - Generated code: /home/kamil/STM32CubeIDE/workspace_1.19.0/PCB_STM/USB_DEVICE/Target/usbd_conf.h
2026-03-13 12:26:16,807 [INFO] CodeEngine:265 - oldGeneratedFile, /home/kamil/STM32CubeIDE/workspace_1.19.0/PCB_STM/USB_DEVICE/Target/usbd_conf.c_save
2026-03-13 12:26:16,868 [INFO] CodeEngine:289 - Generated code: /home/kamil/STM32CubeIDE/workspace_1.19.0/PCB_STM/USB_DEVICE/Target/usbd_conf.c
2026-03-13 12:26:16,871 [INFO] CodeEngine:265 - oldGeneratedFile, /home/kamil/STM32CubeIDE/workspace_1.19.0/PCB_STM/USB_DEVICE/App/usbd_desc.h_save
2026-03-13 12:26:16,908 [INFO] CodeEngine:289 - Generated code: /home/kamil/STM32CubeIDE/workspace_1.19.0/PCB_STM/USB_DEVICE/App/usbd_desc.h
2026-03-13 12:26:16,910 [INFO] CodeEngine:265 - oldGeneratedFile, /home/kamil/STM32CubeIDE/workspace_1.19.0/PCB_STM/USB_DEVICE/App/usbd_desc.c_save
2026-03-13 12:26:16,956 [INFO] CodeEngine:289 - Generated code: /home/kamil/STM32CubeIDE/workspace_1.19.0/PCB_STM/USB_DEVICE/App/usbd_desc.c
2026-03-13 12:26:16,958 [INFO] CodeEngine:265 - oldGeneratedFile, /home/kamil/STM32CubeIDE/workspace_1.19.0/PCB_STM/USB_DEVICE/App/usbd_cdc_if.h_save
2026-03-13 12:26:16,995 [INFO] CodeEngine:289 - Generated code: /home/kamil/STM32CubeIDE/workspace_1.19.0/PCB_STM/USB_DEVICE/App/usbd_cdc_if.h
2026-03-13 12:26:16,997 [INFO] CodeEngine:265 - oldGeneratedFile, /home/kamil/STM32CubeIDE/workspace_1.19.0/PCB_STM/USB_DEVICE/App/usbd_cdc_if.c_save
2026-03-13 12:26:17,050 [INFO] CodeEngine:289 - Generated code: /home/kamil/STM32CubeIDE/workspace_1.19.0/PCB_STM/USB_DEVICE/App/usbd_cdc_if.c
2026-03-13 12:26:17,057 [INFO] CodeEngine:265 - oldGeneratedFile, /home/kamil/STM32CubeIDE/workspace_1.19.0/PCB_STM/Core/Src/stm32f4xx_it.c_save
2026-03-13 12:26:17,191 [INFO] CodeEngine:289 - Generated code: /home/kamil/STM32CubeIDE/workspace_1.19.0/PCB_STM/Core/Src/stm32f4xx_it.c
2026-03-13 12:26:17,192 [INFO] CodeEngine:265 - oldGeneratedFile, /home/kamil/STM32CubeIDE/workspace_1.19.0/PCB_STM/Core/Inc/stm32f4xx_it.h_save
2026-03-13 12:26:17,231 [INFO] CodeEngine:289 - Generated code: /home/kamil/STM32CubeIDE/workspace_1.19.0/PCB_STM/Core/Inc/stm32f4xx_it.h
2026-03-13 12:26:17,239 [INFO] CodeEngine:265 - oldGeneratedFile, /home/kamil/STM32CubeIDE/workspace_1.19.0/PCB_STM/Core/Src/stm32f4xx_hal_msp.c_save
2026-03-13 12:26:17,303 [INFO] CodeEngine:289 - Generated code: /home/kamil/STM32CubeIDE/workspace_1.19.0/PCB_STM/Core/Src/stm32f4xx_hal_msp.c
2026-03-13 12:26:17,304 [INFO] CodeEngine:265 - oldGeneratedFile, /home/kamil/STM32CubeIDE/workspace_1.19.0/PCB_STM/MXTmpFiles/system.tmp_save
2026-03-13 12:26:17,367 [INFO] CodeEngine:289 - Generated code: /home/kamil/STM32CubeIDE/workspace_1.19.0/PCB_STM/MXTmpFiles/system.tmp
2026-03-13 12:26:17,368 [INFO] CodeEngine:265 - oldGeneratedFile, /home/kamil/STM32CubeIDE/workspace_1.19.0/PCB_STM/Core/Inc/stm32_assert.h_save
2026-03-13 12:26:17,422 [INFO] CodeEngine:289 - Generated code: /home/kamil/STM32CubeIDE/workspace_1.19.0/PCB_STM/Core/Inc/stm32_assert.h
2026-03-13 12:26:17,425 [INFO] CodeEngine:321 - oldGeneratedFile, /home/kamil/STM32CubeIDE/workspace_1.19.0/PCB_STM/Core/Inc/stm32f4xx_hal_conf.h_save
2026-03-13 12:26:17,484 [INFO] CodeEngine:345 - Generated code: /home/kamil/STM32CubeIDE/workspace_1.19.0/PCB_STM/Core/Inc/stm32f4xx_hal_conf.h
2026-03-13 12:26:17,495 [WARN] IPConfigManager:3238 - Warning: the RefConfig PLL2P_FOR_MCO is not available in your config.xml file
2026-03-13 12:26:17,500 [WARN] IPConfigManager:3811 - IP not found : TIM
2026-03-13 12:26:17,500 [WARN] CodeGenerator:4259 - IP not found : null
2026-03-13 12:26:17,502 [INFO] CodeEngine:265 - oldGeneratedFile, /home/kamil/STM32CubeIDE/workspace_1.19.0/PCB_STM/Core/Inc/main.h_save
2026-03-13 12:26:17,559 [INFO] CodeEngine:289 - Generated code: /home/kamil/STM32CubeIDE/workspace_1.19.0/PCB_STM/Core/Inc/main.h
2026-03-13 12:26:17,561 [INFO] CodeEngine:265 - oldGeneratedFile, /home/kamil/STM32CubeIDE/workspace_1.19.0/PCB_STM/Core/Src/main.c_save
2026-03-13 12:26:17,642 [INFO] CodeEngine:289 - Generated code: /home/kamil/STM32CubeIDE/workspace_1.19.0/PCB_STM/Core/Src/main.c
2026-03-13 12:26:17,837 [INFO] ProjectBuilder:3606 - Time for Copy HAL[1] : 31mS.
2026-03-13 12:26:17,839 [INFO] ProjectBuilder:5216 - Project Generator version: 4.7.0-B52
2026-03-13 12:26:17,894 [INFO] ConfigFileManager:1595 - The Die is : DIE421
2026-03-13 12:26:18,470 [INFO] ProjectBuilder:5496 - Time for Generating toolchain IDE Files: 631mS.
2026-03-13 12:26:18,470 [INFO] ProjectBuilder:3463 - Time for Copy CMSIS : 0mS.
2026-03-13 12:26:18,471 [INFO] ProjectBuilder:3463 - Time for Copy CMSIS : 0mS.
2026-03-13 12:29:49,798 [ERROR] LogOutputStream:75 - [STDERR_REDIRECT] 
2026-03-13 12:29:53,383 [INFO] Activator:176 - 


2026-03-13 12:29:53,384 [INFO] Activator:177 - !SESSION log4j initialized
2026-03-13 12:29:55,198 [INFO] LogOutputStream:77 - [STDOUT_REDIRECT] 
2026-03-13 12:29:55,413 [ERROR] ConfigurationRetriever:142 - IOException on connection: sw-center.st.com
2026-03-13 12:29:55,413 [ERROR] ConfigurationRetriever:142 - IOException on connection: sw-center.st.com
2026-03-13 12:29:55,414 [ERROR] ConfigurationRetriever:142 - IOException on connection: sw-center.st.com
2026-03-13 12:29:55,696 [INFO] ApplicationProperties:184 - Using Application install path: /opt/st/stm32cubeide_1.19.0/plugins/com.st.stm32cube.common.mx_6.15.0.202507011659
2026-03-13 12:29:55,711 [INFO] DbMcusXml:78 - Set database path to: /opt/st/stm32cubeide_1.19.0/plugins/com.st.stm32cube.common.mx_6.15.0.202507011659//db//mcu/
2026-03-13 12:29:55,711 [INFO] ApiDb:274 - Set plugin database path to: /opt/st/stm32cubeide_1.19.0/plugins/com.st.stm32cube.common.mx_6.15.0.202507011659//db//plugins/boardmanager/
2026-03-13 12:29:55,711 [WARN] ApiDb:259 - Overriding images path with different value:  => /opt/st/stm32cubeide_1.19.0/plugins/com.st.stm32cube.common.mx_6.15.0.202507011659//db//plugins/mcufinder/images/
2026-03-13 12:29:55,714 [INFO] ApiDb:250 - Set database path to: /home/kamil/.stmcufinder/plugins/mcufinder//mcu/
2026-03-13 12:29:55,715 [INFO] DbMcusAds:125 - Set database path to: /home/kamil/.stmcufinder/plugins/mcufinder//mcu/
2026-03-13 12:29:55,716 [INFO] CrossReferenceDbSqlite:203 - Set database path to: /home/kamil/.stmcufinder/plugins/mcufinder//mcu/cs/
2026-03-13 12:29:55,809 [INFO] RulesReader:64 - Compatibility file has been processed (317 Rules)
2026-03-13 12:29:55,860 [INFO] DbMcusXml:78 - Set database path to: /opt/st/stm32cubeide_1.19.0/plugins/com.st.stm32cube.common.mx_6.15.0.202507011659//db//mcu/
2026-03-13 12:29:55,860 [INFO] ApiDb:274 - Set plugin database path to: /opt/st/stm32cubeide_1.19.0/plugins/com.st.stm32cube.common.mx_6.15.0.202507011659//db//plugins/boardmanager/
2026-03-13 12:29:55,860 [INFO] ApiDb:261 - Set plugin images path to: /opt/st/stm32cubeide_1.19.0/plugins/com.st.stm32cube.common.mx_6.15.0.202507011659//db//plugins/mcufinder/images/
2026-03-13 12:29:55,860 [WARN] DbFile:41 - Overriding database path with different value: /home/kamil/.stmcufinder/plugins/mcufinder/ => /home/kamil/.stmcufinder/plugins/mcufinder
2026-03-13 12:29:55,860 [INFO] ApiDb:250 - Set database path to: /home/kamil/.stmcufinder/plugins/mcufinder//mcu/
2026-03-13 12:29:55,860 [WARN] DbFile:41 - Overriding database path with different value: /home/kamil/.stmcufinder/plugins/mcufinder/ => /home/kamil/.stmcufinder/plugins/mcufinder
2026-03-13 12:29:55,860 [INFO] DbMcusAds:125 - Set database path to: /home/kamil/.stmcufinder/plugins/mcufinder//mcu/
2026-03-13 12:29:55,861 [WARN] DbFile:41 - Overriding database path with different value: /home/kamil/.stmcufinder/plugins/mcufinder/ => /home/kamil/.stmcufinder/plugins/mcufinder
2026-03-13 12:29:55,861 [WARN] DbFile:41 - Overriding database path with different value: /home/kamil/.stmcufinder/plugins/mcufinder/ => /home/kamil/.stmcufinder/plugins/mcufinder
2026-03-13 12:29:55,861 [INFO] CrossReferenceDbSqlite:203 - Set database path to: /home/kamil/.stmcufinder/plugins/mcufinder//mcu/cs/
2026-03-13 12:29:55,913 [INFO] MainPanel:274 - HeapMemory: 268435456
2026-03-13 12:29:56,010 [INFO] DbMcusXml:78 - Set database path to: /opt/st/stm32cubeide_1.19.0/plugins/com.st.stm32cube.common.mx_6.15.0.202507011659//db//mcu/
2026-03-13 12:29:56,010 [INFO] ApiDb:274 - Set plugin database path to: /opt/st/stm32cubeide_1.19.0/plugins/com.st.stm32cube.common.mx_6.15.0.202507011659//db//plugins/boardmanager/
2026-03-13 12:29:56,010 [INFO] ApiDb:261 - Set plugin images path to: /opt/st/stm32cubeide_1.19.0/plugins/com.st.stm32cube.common.mx_6.15.0.202507011659//db//plugins/mcufinder/images/
2026-03-13 12:29:56,010 [WARN] DbFile:41 - Overriding database path with different value: /home/kamil/.stmcufinder/plugins/mcufinder/ => /home/kamil/.stmcufinder/plugins/mcufinder
2026-03-13 12:29:56,010 [INFO] ApiDb:250 - Set database path to: /home/kamil/.stmcufinder/plugins/mcufinder//mcu/
2026-03-13 12:29:56,010 [WARN] DbFile:41 - Overriding database path with different value: /home/kamil/.stmcufinder/plugins/mcufinder/ => /home/kamil/.stmcufinder/plugins/mcufinder
2026-03-13 12:29:56,010 [INFO] DbMcusAds:125 - Set database path to: /home/kamil/.stmcufinder/plugins/mcufinder//mcu/
2026-03-13 12:29:56,010 [WARN] DbFile:41 - Overriding database path with different value: /home/kamil/.stmcufinder/plugins/mcufinder/ => /home/kamil/.stmcufinder/plugins/mcufinder
2026-03-13 12:29:56,010 [WARN] DbFile:41 - Overriding database path with different value: /home/kamil/.stmcufinder/plugins/mcufinder/ => /home/kamil/.stmcufinder/plugins/mcufinder
2026-03-13 12:29:56,010 [INFO] CrossReferenceDbSqlite:203 - Set database path to: /home/kamil/.stmcufinder/plugins/mcufinder//mcu/cs/
2026-03-13 12:29:56,025 [INFO] ApplicationProperties:184 - Using Application install path: /opt/st/stm32cubeide_1.19.0/plugins/com.st.stm32cube.common.mx_6.15.0.202507011659
2026-03-13 12:29:56,026 [INFO] PluginManage:196 - Search for loadable plugins [exclusion list=, ]
2026-03-13 12:29:56,027 [INFO] PluginManage:310 - Check plugin analytics
2026-03-13 12:29:56,154 [INFO] AnalyticsPlugin:253 - Accepted Software Licenses: 
2026-03-13 12:29:56,154 [INFO] AnalyticsPlugin:255 - Accepted CMSIS Pack Licenses: 
2026-03-13 12:29:56,154 [INFO] AnalyticsPlugin:257 - Accepted Firmware Licenses: FW.F4.1.28.0
2026-03-13 12:29:56,155 [INFO] PluginManage:359 - Loaded plugin analytics (category:tool,tabindex:-1)
2026-03-13 12:29:56,156 [INFO] PluginManage:310 - Check plugin cadmodel
2026-03-13 12:29:56,156 [ERROR] ConfigurationRetriever:142 - IOException on connection: sw-center.st.com
2026-03-13 12:29:56,157 [ERROR] ConfigurationRetriever:142 - IOException on connection: sw-center.st.com
2026-03-13 12:29:56,157 [ERROR] ConfigurationRetriever:142 - IOException on connection: sw-center.st.com
2026-03-13 12:29:56,158 [INFO] CADModel:105 - Init CAD model plugin
2026-03-13 12:29:56,158 [INFO] PluginManage:359 - Loaded plugin cadmodel (category:power,tabindex:5)
2026-03-13 12:29:56,158 [INFO] PluginManage:310 - Check plugin clock
2026-03-13 12:29:56,164 [INFO] PluginManage:359 - Loaded plugin clock (category:base,tabindex:2)
2026-03-13 12:29:56,164 [INFO] PluginManage:310 - Check plugin ddr
2026-03-13 12:29:56,166 [INFO] PluginManage:359 - Loaded plugin ddr (category:tool,tabindex:6)
2026-03-13 12:29:56,166 [INFO] PluginManage:310 - Check plugin filemanager
2026-03-13 12:29:56,270 [INFO] PluginManage:359 - Loaded plugin filemanager (category:base,tabindex:10)
2026-03-13 12:29:56,271 [INFO] PluginManage:310 - Check plugin ipmanager
2026-03-13 12:29:56,276 [INFO] PluginManage:359 - Loaded plugin ipmanager (category:base,tabindex:5)
2026-03-13 12:29:56,276 [INFO] PluginManage:310 - Check plugin lpbam
2026-03-13 12:29:56,282 [INFO] PluginManage:359 - Loaded plugin lpbam (category:base,tabindex:0)
2026-03-13 12:29:56,283 [INFO] PluginManage:310 - Check plugin memorymap
2026-03-13 12:29:56,292 [INFO] PluginManage:359 - Loaded plugin memorymap (category:base,tabindex:4)
2026-03-13 12:29:56,292 [INFO] PluginManage:310 - Check plugin pinoutandconfiguration
2026-03-13 12:29:56,297 [INFO] PluginManage:359 - Loaded plugin pinoutandconfiguration (category:base,tabindex:1)
2026-03-13 12:29:56,297 [INFO] PluginManage:310 - Check plugin pinoutconfig
2026-03-13 12:29:56,360 [WARN] SupportedApi:132 - Cannot load RTOS API schema: s4s-elt-must-match.1: The content of 'definitions' must match (annotation?, (simpleType | complexType)?, (unique | key | keyref)*)). A problem was found starting at: attribute.
2026-03-13 12:29:56,450 [INFO] PluginManage:359 - Loaded plugin pinoutconfig (category:base,tabindex:0)
2026-03-13 12:29:56,450 [INFO] PluginManage:310 - Check plugin power
2026-03-13 12:29:56,456 [INFO] PluginManage:359 - Loaded plugin power (category:power,tabindex:4)
2026-03-13 12:29:56,457 [INFO] PluginManage:310 - Check plugin projectmanager
2026-03-13 12:29:56,468 [INFO] PluginManage:359 - Loaded plugin projectmanager (category:projectmanager,tabindex:4)
2026-03-13 12:29:56,469 [INFO] PluginManage:310 - Check plugin rif
2026-03-13 12:29:56,476 [INFO] PluginManage:359 - Loaded plugin rif (category:base,tabindex:3)
2026-03-13 12:29:56,476 [INFO] PluginManage:310 - Check plugin thirdparty
2026-03-13 12:29:56,568 [INFO] PluginManage:359 - Loaded plugin thirdparty (category:base,tabindex:-1)
2026-03-13 12:29:56,568 [WARN] IntegrityCheckThread:84 - waiting for thirdparty lock release [integrity check]
2026-03-13 12:29:56,569 [INFO] PluginManage:310 - Check plugin tools
2026-03-13 12:29:56,569 [INFO] IntegrityCheckThread:86 - entering critical section [integrity check]
2026-03-13 12:29:56,569 [INFO] ThirdPartyUpdaterWithRetryManager:70 - Updater plugin not ready yet. [1/15]
2026-03-13 12:29:56,570 [INFO] PluginManage:359 - Loaded plugin tools (category:base,tabindex:7)
2026-03-13 12:29:56,570 [INFO] PluginManage:310 - Check plugin tutovideos
2026-03-13 12:29:56,682 [INFO] PluginManage:359 - Loaded plugin tutovideos (category:base,tabindex:-1)
2026-03-13 12:29:56,682 [INFO] PluginManage:310 - Check plugin updater
2026-03-13 12:29:56,699 [INFO] PluginManage:359 - Loaded plugin updater (category:base,tabindex:12)
2026-03-13 12:29:56,699 [INFO] PluginManage:310 - Check plugin userauth
2026-03-13 12:29:56,701 [INFO] UserAuth:118 - Init User Auth plugin
2026-03-13 12:29:56,702 [INFO] PluginManage:359 - Loaded plugin userauth (category:base,tabindex:14)
2026-03-13 12:29:56,702 [INFO] PluginManage:283 - PluginManage : Loaded plugins [18]
2026-03-13 12:29:56,812 [INFO] PinOutPanel:1589 - setPackage(No Configuration,No Configuration)
2026-03-13 12:29:56,859 [INFO] CADModel:165 - CPN selected for project level
2026-03-13 12:29:56,859 [INFO] CADModel:114 - Register for checkConnection events
2026-03-13 12:29:56,865 [INFO] IPUIPlugin:80 - create IPUIPlugin
2026-03-13 12:29:56,865 [INFO] PluginManager:220 - loadIPPluginJar : add tracer_emb
2026-03-13 12:29:56,866 [INFO] IPUIPlugin:80 - create IPUIPlugin
2026-03-13 12:29:56,866 [INFO] PluginManager:220 - loadIPPluginJar : add radio
2026-03-13 12:29:56,869 [INFO] IPUIPlugin:80 - create IPUIPlugin
2026-03-13 12:29:56,869 [INFO] PluginManager:220 - loadIPPluginJar : add ddr_ctrl_phy
2026-03-13 12:29:56,872 [INFO] IPUIPlugin:80 - create IPUIPlugin
2026-03-13 12:29:56,872 [INFO] PluginManager:220 - loadIPPluginJar : add mdma
2026-03-13 12:29:56,874 [INFO] IPUIPlugin:80 - create IPUIPlugin
2026-03-13 12:29:56,874 [INFO] PluginManager:220 - loadIPPluginJar : add touchsensing
2026-03-13 12:29:56,875 [INFO] IPUIPlugin:80 - create IPUIPlugin
2026-03-13 12:29:56,875 [INFO] PluginManager:220 - loadIPPluginJar : add ucpd
2026-03-13 12:29:56,878 [INFO] IPUIPlugin:80 - create IPUIPlugin
2026-03-13 12:29:56,879 [INFO] PluginManager:220 - loadIPPluginJar : add plateformsettings
2026-03-13 12:29:56,881 [INFO] IPUIPlugin:80 - create IPUIPlugin
2026-03-13 12:29:56,881 [INFO] PluginManager:220 - loadIPPluginJar : add ipddr
2026-03-13 12:29:56,883 [INFO] IPUIPlugin:80 - create IPUIPlugin
2026-03-13 12:29:56,884 [INFO] PluginManager:220 - loadIPPluginJar : add resmgrutility
2026-03-13 12:29:56,885 [INFO] IPUIPlugin:80 - create IPUIPlugin
2026-03-13 12:29:56,885 [INFO] PluginManager:220 - loadIPPluginJar : add ts
2026-03-13 12:29:56,886 [INFO] IPUIPlugin:80 - create IPUIPlugin
2026-03-13 12:29:56,886 [INFO] PluginManager:220 - loadIPPluginJar : add dma3
2026-03-13 12:29:56,887 [INFO] IPUIPlugin:80 - create IPUIPlugin
2026-03-13 12:29:56,887 [INFO] PluginManager:220 - loadIPPluginJar : add openamp
2026-03-13 12:29:56,888 [INFO] IPUIPlugin:80 - create IPUIPlugin
2026-03-13 12:29:56,888 [INFO] PluginManager:220 - loadIPPluginJar : add opamp
2026-03-13 12:29:56,889 [INFO] IPUIPlugin:80 - create IPUIPlugin
2026-03-13 12:29:56,889 [INFO] PluginManager:220 - loadIPPluginJar : add pdm2pcm
2026-03-13 12:29:56,890 [INFO] IPUIPlugin:80 - create IPUIPlugin
2026-03-13 12:29:56,890 [INFO] PluginManager:220 - loadIPPluginJar : add gfxmmu
2026-03-13 12:29:56,891 [INFO] IPUIPlugin:80 - create IPUIPlugin
2026-03-13 12:29:56,891 [INFO] PluginManager:220 - loadIPPluginJar : add aes
2026-03-13 12:29:56,893 [INFO] IPUIPlugin:80 - create IPUIPlugin
2026-03-13 12:29:56,893 [INFO] PluginManager:220 - loadIPPluginJar : add gtzc
2026-03-13 12:29:56,894 [INFO] IPUIPlugin:80 - create IPUIPlugin
2026-03-13 12:29:56,894 [INFO] PluginManager:220 - loadIPPluginJar : add sai
2026-03-13 12:29:56,895 [INFO] IPUIPlugin:80 - create IPUIPlugin
2026-03-13 12:29:56,895 [INFO] PluginManager:220 - loadIPPluginJar : add tsc
2026-03-13 12:29:56,897 [INFO] IPUIPlugin:80 - create IPUIPlugin
2026-03-13 12:29:56,897 [INFO] PluginManager:220 - loadIPPluginJar : add usbx
2026-03-13 12:29:56,898 [INFO] IPUIPlugin:80 - create IPUIPlugin
2026-03-13 12:29:56,898 [INFO] PluginManager:220 - loadIPPluginJar : add can
2026-03-13 12:29:56,900 [INFO] IPUIPlugin:80 - create IPUIPlugin
2026-03-13 12:29:56,900 [INFO] PluginManager:220 - loadIPPluginJar : add i2c
2026-03-13 12:29:56,901 [INFO] IPUIPlugin:80 - create IPUIPlugin
2026-03-13 12:29:56,901 [INFO] PluginManager:220 - loadIPPluginJar : add lorawan
2026-03-13 12:29:56,902 [INFO] IPUIPlugin:80 - create IPUIPlugin
2026-03-13 12:29:56,902 [INFO] PluginManager:220 - loadIPPluginJar : add spi
2026-03-13 12:29:56,907 [INFO] IPUIPlugin:80 - create IPUIPlugin
2026-03-13 12:29:56,907 [INFO] PluginManager:220 - loadIPPluginJar : add linkedlist
2026-03-13 12:29:56,909 [INFO] IPUIPlugin:80 - create IPUIPlugin
2026-03-13 12:29:56,909 [INFO] PluginManager:220 - loadIPPluginJar : add fmc
2026-03-13 12:29:56,910 [INFO] IPUIPlugin:80 - create IPUIPlugin
2026-03-13 12:29:56,910 [INFO] PluginManager:220 - loadIPPluginJar : add i3c
2026-03-13 12:29:56,911 [INFO] IPUIPlugin:80 - create IPUIPlugin
2026-03-13 12:29:56,911 [INFO] PluginManager:220 - loadIPPluginJar : add ltdc
2026-03-13 12:29:56,915 [INFO] IPUIPlugin:80 - create IPUIPlugin
2026-03-13 12:29:56,915 [INFO] PluginManager:220 - loadIPPluginJar : add dma
2026-03-13 12:29:56,917 [INFO] IPUIPlugin:80 - create IPUIPlugin
2026-03-13 12:29:56,918 [INFO] PluginManager:220 - loadIPPluginJar : add freertos
2026-03-13 12:29:56,919 [INFO] IPUIPlugin:80 - create IPUIPlugin
2026-03-13 12:29:56,919 [INFO] PluginManager:220 - loadIPPluginJar : add hash
2026-03-13 12:29:56,923 [INFO] IPUIPlugin:80 - create IPUIPlugin
2026-03-13 12:29:56,923 [INFO] PluginManager:220 - loadIPPluginJar : add adc
2026-03-13 12:29:56,924 [INFO] IPUIPlugin:80 - create IPUIPlugin
2026-03-13 12:29:56,924 [INFO] PluginManager:220 - loadIPPluginJar : add usart
2026-03-13 12:29:56,928 [INFO] IPUIPlugin:80 - create IPUIPlugin
2026-03-13 12:29:56,928 [INFO] PluginManager:220 - loadIPPluginJar : add stm32_wpan
2026-03-13 12:29:56,929 [INFO] IPUIPlugin:80 - create IPUIPlugin
2026-03-13 12:29:56,929 [INFO] PluginManager:220 - loadIPPluginJar : add genericplugin
2026-03-13 12:29:56,931 [INFO] IPUIPlugin:80 - create IPUIPlugin
2026-03-13 12:29:56,931 [INFO] PluginManager:220 - loadIPPluginJar : add gpio
2026-03-13 12:29:56,933 [INFO] IPUIPlugin:80 - create IPUIPlugin
2026-03-13 12:29:56,933 [INFO] PluginManager:220 - loadIPPluginJar : add nvic
2026-03-13 12:29:56,934 [INFO] IPUIPlugin:80 - create IPUIPlugin
2026-03-13 12:29:56,935 [INFO] PluginManager:220 - loadIPPluginJar : add dfsdm
2026-03-13 12:29:56,935 [INFO] IPUIPlugin:80 - create IPUIPlugin
2026-03-13 12:29:56,935 [INFO] PluginManager:220 - loadIPPluginJar : add fatfs
2026-03-13 12:29:56,936 [INFO] IPUIPlugin:80 - create IPUIPlugin
2026-03-13 12:29:56,936 [INFO] PluginManager:220 - loadIPPluginJar : add comp
2026-03-13 12:29:56,937 [INFO] IPUIPlugin:80 - create IPUIPlugin
2026-03-13 12:29:56,937 [INFO] PluginManager:220 - loadIPPluginJar : add i2s
2026-03-13 12:29:56,938 [INFO] IPUIPlugin:80 - create IPUIPlugin
2026-03-13 12:29:56,939 [INFO] PluginManager:220 - loadIPPluginJar : add cryp
2026-03-13 12:29:56,939 [INFO] IPUIPlugin:80 - create IPUIPlugin
2026-03-13 12:29:56,939 [INFO] PluginManager:220 - loadIPPluginJar : add quadspi
2026-03-13 12:29:56,942 [INFO] IPUIPlugin:80 - create IPUIPlugin
2026-03-13 12:29:56,942 [INFO] PluginManager:220 - loadIPPluginJar : add gic
2026-03-13 12:29:56,943 [INFO] IPUIPlugin:80 - create IPUIPlugin
2026-03-13 12:29:56,943 [INFO] PluginManager:220 - loadIPPluginJar : add tim
2026-03-13 12:29:56,953 [INFO] IPUIPlugin:80 - create IPUIPlugin
2026-03-13 12:29:56,953 [INFO] PluginManager:220 - loadIPPluginJar : add extmemmanager
2026-03-13 12:29:57,051 [FATAL] Updater:351 - Updater called before beeing initialized
2026-03-13 12:29:57,071 [INFO] RulesReader:64 - Compatibility file has been processed (317 Rules)
2026-03-13 12:29:57,080 [INFO] RulesReader:64 - Compatibility file has been processed (317 Rules)
2026-03-13 12:29:57,086 [INFO] CADModel:165 - CPN selected for project level
2026-03-13 12:29:57,086 [INFO] CADModel:114 - Register for checkConnection events
2026-03-13 12:29:57,086 [FATAL] Updater:351 - Updater called before beeing initialized
2026-03-13 12:29:57,086 [ERROR] CADModel:125 - Updater not yet initialized, retry later 
2026-03-13 12:29:57,177 [FATAL] Updater:351 - Updater called before beeing initialized
2026-03-13 12:29:57,178 [INFO] CADModel:165 - CPN selected for project level
2026-03-13 12:29:57,179 [INFO] CADModel:114 - Register for checkConnection events
2026-03-13 12:29:57,179 [FATAL] Updater:351 - Updater called before beeing initialized
2026-03-13 12:29:57,179 [ERROR] CADModel:125 - Updater not yet initialized, retry later 
2026-03-13 12:29:57,181 [FATAL] Updater:351 - Updater called before beeing initialized
2026-03-13 12:29:57,255 [FATAL] Updater:351 - Updater called before beeing initialized
2026-03-13 12:29:57,258 [INFO] DbMcusAds:53 - JSON generation date=Wed Feb 18 15:32:49 CET 2026 (1771425169371)
2026-03-13 12:29:57,258 [FATAL] Updater:351 - Updater called before beeing initialized
2026-03-13 12:29:57,277 [WARN] DetailPanel:346 - Failed to get advertising image, set to default
2026-03-13 12:29:57,324 [FATAL] Updater:351 - Updater called before beeing initialized
2026-03-13 12:29:57,325 [FATAL] Updater:351 - Updater called before beeing initialized
2026-03-13 12:29:57,325 [FATAL] Updater:351 - Updater called before beeing initialized
2026-03-13 12:29:57,326 [WARN] DetailPanel:346 - Failed to get advertising image, set to default
2026-03-13 12:29:57,326 [FATAL] Updater:351 - Updater called before beeing initialized
2026-03-13 12:29:57,348 [ERROR] Updater:1198 - MainUpdater not yet initialized. External WinMGr cannot be set.
2026-03-13 12:29:57,349 [INFO] Updater:1134 - Updater Version found : 6.15.0
2026-03-13 12:29:57,359 [INFO] ApplicationProperties:184 - Using Application install path: /opt/st/stm32cubeide_1.19.0/plugins/com.st.stm32cube.common.mx_6.15.0.202507011659
2026-03-13 12:29:57,471 [INFO] MainUpdater:2872 - connection check result : 22
2026-03-13 12:29:57,472 [INFO] MainUpdater:289 - Updater Check For Update Now.
2026-03-13 12:29:57,472 [INFO] MicroXplorer:498 - Change Database Version : DB.6.0.150
2026-03-13 12:29:57,476 [INFO] McuFinderGlobals:63 - Set McuFinder mode to 2 (CubeIDE integrated)
2026-03-13 12:29:57,476 [INFO] UserAuth:487 - Internet connection configuration mode: 2
2026-03-13 12:29:57,480 [INFO] UserAuth:487 - Internet connection configuration mode: 2
2026-03-13 12:29:57,630 [INFO] CheckServerUpdateThread:120 - End of CheckServer Thread
2026-03-13 12:29:59,645 [WARN] PackLoader:240 - Cannot read IP mode file for STMicroelectronics.X-CUBE-AZRTOS-H7.3.5.0
2026-03-13 12:29:59,655 [WARN] PackLoader:240 - Cannot read IP mode file for STMicroelectronics.FP-SNS-MOTENVWB1.1.4.0
2026-03-13 12:29:59,658 [WARN] PackLoader:240 - Cannot read IP mode file for STMicroelectronics.FP-ATR-ASTRA1.2.0.2
2026-03-13 12:29:59,661 [WARN] PackLoader:240 - Cannot read IP mode file for STMicroelectronics.X-CUBE-SMBUS.2.1.0
2026-03-13 12:29:59,664 [WARN] PackLoader:240 - Cannot read IP mode file for STMicroelectronics.X-CUBE-ST60.1.0.0
2026-03-13 12:29:59,675 [WARN] PackLoader:240 - Cannot read IP mode file for STMicroelectronics.X-CUBE-AZRTOS-F7.1.1.0
2026-03-13 12:29:59,679 [WARN] PackLoader:240 - Cannot read IP mode file for Cesanta.I-CUBE-Mongoose.7.19.0
2026-03-13 12:29:59,681 [WARN] PackLoader:240 - Cannot read IP mode file for STMicroelectronics.FP-SNS-MOTENV1.5.1.0
2026-03-13 12:29:59,686 [WARN] PackLoader:240 - Cannot read IP mode file for WES.I-CUBE-Cesium.1.4.0
2026-03-13 12:29:59,697 [WARN] PackLoader:240 - Cannot read IP mode file for Infineon.AIROC-Wi-Fi-Bluetooth-STM32.1.7.1
2026-03-13 12:29:59,710 [WARN] PackLoader:240 - Cannot read IP mode file for STMicroelectronics.X-CUBE-AZRTOS-H7.3.4.0
2026-03-13 12:29:59,715 [WARN] PackLoader:240 - Cannot read IP mode file for STMicroelectronics.X-CUBE-DISPLAY.3.0.0
2026-03-13 12:29:59,719 [WARN] PackLoader:240 - Cannot read IP mode file for STMicroelectronics.FP-SNS-MOTENVWB1.1.5.0
2026-03-13 12:29:59,722 [WARN] PackLoader:240 - Cannot read IP mode file for STMicroelectronics.X-CUBE-NFC10.1.0.0
2026-03-13 12:29:59,725 [WARN] PackLoader:240 - Cannot read IP mode file for STMicroelectronics.X-CUBE-ST60.1.1.0
2026-03-13 12:29:59,727 [WARN] PackLoader:240 - Cannot read IP mode file for emotas.I-CUBE-CANOPEN.1.3.0
2026-03-13 12:29:59,729 [WARN] PackLoader:240 - Cannot read IP mode file for STMicroelectronics.X-CUBE-GNSS1.7.1.0
2026-03-13 12:29:59,732 [WARN] PackLoader:240 - Cannot read IP mode file for STMicroelectronics.FP-SNS-SMARTAG2.1.2.0
2026-03-13 12:29:59,733 [WARN] PackLoader:240 - Cannot read IP mode file for STMicroelectronics.FP-SNS-FLIGHT1.5.1.0
2026-03-13 12:29:59,736 [INFO] LogOutputStream:77 - [STDOUT_REDIRECT] 1 : Invalid condition id : UX_CORESTACK_Condition cause : null
2026-03-13 12:29:59,737 [INFO] LogOutputStream:77 - [STDOUT_REDIRECT] 1 : Invalid condition id : UX_CORESTACK_Condition cause : null
2026-03-13 12:29:59,737 [INFO] LogOutputStream:77 - [STDOUT_REDIRECT] 1 : Invalid condition id : UX_CORESTACK_Condition cause : null
2026-03-13 12:29:59,737 [INFO] LogOutputStream:77 - [STDOUT_REDIRECT] 1 : Invalid condition id : UX_CORESTACK_Condition cause : null
2026-03-13 12:29:59,737 [INFO] LogOutputStream:77 - [STDOUT_REDIRECT] 1 : Invalid condition id : UX_CORESTACK_Condition cause : null
2026-03-13 12:29:59,739 [WARN] PackLoader:240 - Cannot read IP mode file for STMicroelectronics.X-CUBE-AZRTOS-WL.2.0.0
2026-03-13 12:29:59,741 [WARN] PackLoader:240 - Cannot read IP mode file for STMicroelectronics.FP-SNS-MOTENV1.5.0.0
2026-03-13 12:29:59,748 [WARN] PackLoader:240 - Cannot read IP mode file for STMicroelectronics.X-CUBE-AZRTOS-H7RS.1.2.0
2026-03-13 12:29:59,753 [WARN] PackLoader:240 - Cannot read IP mode file for STMicroelectronics.X-CUBE-BLE2.3.3.0
2026-03-13 12:29:59,761 [WARN] PackLoader:240 - Cannot read IP mode file for STMicroelectronics.X-CUBE-NFC9.1.0.0
2026-03-13 12:29:59,767 [WARN] PackLoader:240 - Cannot read IP mode file for wolfSSL.I-CUBE-wolfSSL.5.8.2
2026-03-13 12:29:59,770 [WARN] PackLoader:240 - Cannot read IP mode file for STMicroelectronics.X-CUBE-BLE1.7.1.0
2026-03-13 12:29:59,772 [WARN] PackLoader:240 - Cannot read IP mode file for wolfSSL.I-CUBE-wolfMQTT.1.19.2
2026-03-13 12:29:59,775 [WARN] PackLoader:240 - Cannot read IP mode file for STMicroelectronics.X-CUBE-FREERTOS.1.4.0
2026-03-13 12:29:59,779 [WARN] PackLoader:240 - Cannot read IP mode file for STMicroelectronics.X-CUBE-EEPRMA1.5.2.0
2026-03-13 12:29:59,782 [WARN] PackLoader:240 - Cannot read IP mode file for STMicroelectronics.X-CUBE-ST67W61.1.1.0
2026-03-13 12:29:59,806 [WARN] PackLoader:240 - Cannot read IP mode file for STMicroelectronics.X-CUBE-MEMS1.12.0.0
2026-03-13 12:29:59,871 [WARN] PackLoader:240 - Cannot read IP mode file for STMicroelectronics.X-CUBE-AZRTOS-G0.1.1.0
2026-03-13 12:29:59,880 [WARN] PackLoader:240 - Cannot read IP mode file for STMicroelectronics.X-CUBE-SAFEA1.1.2.2
2026-03-13 12:29:59,885 [WARN] PackLoader:240 - Cannot read IP mode file for STMicroelectronics.X-CUBE-NFC4.3.0.0
2026-03-13 12:29:59,891 [WARN] PackLoader:240 - Cannot read IP mode file for EmbeddedOffice.I-CUBE-FS-RTOS.1.0.1
2026-03-13 12:29:59,894 [WARN] PackLoader:240 - Cannot read IP mode file for STMicroelectronics.X-CUBE-WB05N.2.0.0
2026-03-13 12:29:59,897 [WARN] PackLoader:240 - Cannot read IP mode file for wolfSSL.I-CUBE-wolfTPM.3.8.0
2026-03-13 12:29:59,900 [WARN] PackLoader:240 - Cannot read IP mode file for STMicroelectronics.X-CUBE-TCPP.4.2.0
2026-03-13 12:29:59,904 [WARN] PackLoader:240 - Cannot read IP mode file for RealThread.X-CUBE-RT-Thread_Nano.4.1.1
2026-03-13 12:29:59,906 [WARN] PackLoader:240 - Cannot read IP mode file for STMicroelectronics.FP-ATR-SIGFOX1.3.2.0
2026-03-13 12:29:59,909 [WARN] PackLoader:240 - Cannot read IP mode file for STMicroelectronics.X-CUBE-FREERTOS.1.5.0
2026-03-13 12:29:59,913 [WARN] PackLoader:240 - Cannot read IP mode file for ITTIA_DB.I-CUBE-ITTIADB.8.9.0
2026-03-13 12:29:59,917 [WARN] PackLoader:240 - Cannot read IP mode file for STMicroelectronics.X-CUBE-NFC6.3.2.0
2026-03-13 12:29:59,951 [WARN] PackLoader:240 - Cannot read IP mode file for SEGGER.I-CUBE-embOS.1.3.1
2026-03-13 12:29:59,988 [WARN] PackLoader:240 - Cannot read IP mode file for STMicroelectronics.X-CUBE-ALGOBUILD.1.4.0
2026-03-13 12:30:00,014 [WARN] PackLoader:240 - Cannot read IP mode file for STMicroelectronics.X-CUBE-MEMS1.11.3.0
2026-03-13 12:30:00,057 [WARN] PackLoader:240 - Cannot read IP mode file for STMicroelectronics.X-CUBE-PM33A1.1.0.0
2026-03-13 12:30:00,062 [WARN] PackLoader:240 - Cannot read IP mode file for STMicroelectronics.X-CUBE-AZRTOS-F4.1.1.0
2026-03-13 12:30:00,065 [WARN] PackLoader:240 - Cannot read IP mode file for STMicroelectronics.X-CUBE-ISPU.2.1.0
2026-03-13 12:30:00,070 [WARN] PackLoader:240 - Cannot read IP mode file for STMicroelectronics.X-CUBE-IPS.3.2.0
2026-03-13 12:30:00,074 [WARN] PackLoader:240 - Cannot read IP mode file for STMicroelectronics.X-CUBE-NFC12.1.0.0
2026-03-13 12:30:00,080 [WARN] PackLoader:240 - Cannot read IP mode file for STMicroelectronics.X-CUBE-AZRTOS-L5.2.0.0
2026-03-13 12:30:00,083 [WARN] PackLoader:240 - Cannot read IP mode file for STMicroelectronics.X-CUBE-NFC6.3.1.0
2026-03-13 12:30:00,085 [WARN] PackLoader:240 - Cannot read IP mode file for STMicroelectronics.X-CUBE-FREERTOS.1.3.1
2026-03-13 12:30:00,089 [WARN] PackLoader:240 - Cannot read IP mode file for STMicroelectronics.X-CUBE-TOUCHGFX.4.26.0
2026-03-13 12:30:00,091 [WARN] PackLoader:240 - Cannot read IP mode file for STMicroelectronics.X-CUBE-TOUCHGFX.4.26.1
2026-03-13 12:30:00,093 [WARN] PackLoader:240 - Cannot read IP mode file for STMicroelectronics.X-CUBE-DPower.1.3.0
2026-03-13 12:30:00,099 [WARN] ConditionMgr:438 - getConditionDescription Invalid condition id : LAN8742 Phy interface Condition cause : null
2026-03-13 12:30:00,099 [WARN] PackLoader:240 - Cannot read IP mode file for STMicroelectronics.X-CUBE-AZRTOS-L4.2.0.0
2026-03-13 12:30:00,100 [WARN] ConditionMgr:1044 - genDependencies : Invalid condition id : LAN8742 Phy interface Condition cause : null
2026-03-13 12:30:00,100 [WARN] ConditionMgr:1044 - genDependencies : Invalid condition id : LAN8742 Phy interface Condition cause : null
2026-03-13 12:30:00,100 [WARN] ConditionMgr:1044 - genDependencies : Invalid condition id : LAN8742 Phy interface Condition cause : null
2026-03-13 12:30:00,102 [WARN] PackLoader:240 - Cannot read IP mode file for STMicroelectronics.X-CUBE-SFXS2LP1.4.0.0
2026-03-13 12:30:00,105 [WARN] PackLoader:240 - Cannot read IP mode file for STMicroelectronics.X-CUBE-ST67W61.1.2.0
2026-03-13 12:30:00,113 [WARN] PackLoader:240 - Cannot read IP mode file for STMicroelectronics.X-CUBE-BLEMGR.4.1.0
2026-03-13 12:30:00,120 [WARN] ConditionMgr:438 - getConditionDescription Invalid condition id : UX DEVICE CLASS RTOS Condition cause : null
2026-03-13 12:30:00,120 [WARN] ConditionMgr:438 - getConditionDescription Invalid condition id : UX DEVICE CLASS RTOS Condition cause : null
2026-03-13 12:30:00,121 [WARN] PackLoader:240 - Cannot read IP mode file for STMicroelectronics.X-CUBE-AZRTOS-WB.2.0.0
2026-03-13 12:30:00,121 [WARN] ConditionMgr:1044 - genDependencies : Invalid condition id : UX DEVICE CLASS RTOS Condition cause : null
2026-03-13 12:30:00,121 [WARN] ConditionMgr:1044 - genDependencies : Invalid condition id : UX DEVICE CLASS RTOS Condition cause : null
2026-03-13 12:30:00,122 [WARN] ConditionMgr:1044 - genDependencies : Invalid condition id : UX DEVICE CLASS RTOS Condition cause : null
2026-03-13 12:30:00,122 [WARN] ConditionMgr:1044 - genDependencies : Invalid condition id : UX DEVICE CLASS RTOS Condition cause : null
2026-03-13 12:30:00,122 [WARN] ConditionMgr:1044 - genDependencies : Invalid condition id : UX DEVICE CLASS RTOS Condition cause : null
2026-03-13 12:30:00,125 [WARN] PackLoader:240 - Cannot read IP mode file for STMicroelectronics.X-CUBE-GNSS1.7.0.1
2026-03-13 12:30:00,127 [WARN] ConditionMgr:438 - getConditionDescription Invalid condition id : Cortex-A Device cause : null
2026-03-13 12:30:00,130 [WARN] ConditionMgr:1044 - genDependencies : Invalid condition id : Cortex-A Device cause : null
2026-03-13 12:30:00,130 [WARN] ConditionMgr:1044 - genDependencies : Invalid condition id : Cortex-A Device cause : null
2026-03-13 12:30:00,130 [WARN] ConditionMgr:1044 - genDependencies : Invalid condition id : Cortex-A Device cause : null
2026-03-13 12:30:00,133 [WARN] PackLoader:240 - Cannot read IP mode file for STMicroelectronics.X-CUBE-STSE01.2.0.0
2026-03-13 12:30:00,137 [WARN] PackLoader:240 - Cannot read IP mode file for STMicroelectronics.X-CUBE-SUBG2.5.0.0
2026-03-13 12:30:00,144 [WARN] PackLoader:240 - Cannot read IP mode file for STMicroelectronics.X-CUBE-AZRTOS-H7RS.1.1.0
2026-03-13 12:30:00,150 [WARN] PackLoader:240 - Cannot read IP mode file for STMicroelectronics.X-CUBE-AZRTOS-G4.2.0.0
2026-03-13 12:30:00,152 [WARN] PackLoader:240 - Cannot read IP mode file for wolfSSL.I-CUBE-wolfSSH.1.4.20
2026-03-13 12:30:00,154 [WARN] PackLoader:240 - Cannot read IP mode file for STMicroelectronics.X-CUBE-NFC7.2.0.0
2026-03-13 12:30:00,156 [WARN] PackLoader:240 - Cannot read IP mode file for STMicroelectronics.X-CUBE-ALS.1.0.2
2026-03-13 12:30:00,158 [WARN] PackLoader:240 - Cannot read IP mode file for STMicroelectronics.X-CUBE-STSE01.1.0.0
2026-03-13 12:30:00,162 [WARN] PackLoader:240 - Cannot read IP mode file for STMicroelectronics.X-CUBE-TOF1.3.4.3
2026-03-13 12:30:00,166 [INFO] ThirdParty:978 - Integrity check success = true
2026-03-13 12:30:00,166 [INFO] IntegrityCheckThread:100 - exiting critical section [integrity check]
2026-03-13 12:30:00,166 [INFO] IntegrityCheckThread:103 - End integrity checks thread
2026-03-13 13:21:47,968 [ERROR] LogOutputStream:75 - [STDERR_REDIRECT] SWT SessionManagerDBus: Failed to UnregisterClient: GDBus.Error:org.freedesktop.DBus.Error.NoReply: Message recipient disconnected from message bus without replying
